WIDTH=8;
DEPTH=76800;
ADDRESS_RADIX=UNS;
DATA_RADIX=HEX;
CONTENT BEGIN
  [0..9] : 80;
  10 : 50;
  11 : 1B;
  [12..13] : 1F;
  [14..15] : 20;
  16 : 1F;
  17 : 1D;
  [18..20] : 1E;
  21 : 1F;
  [22..25] : 1E;
  26 : 1D;
  27 : 1E;
  [28..29] : 20;
  30 : 1E;
  [31..34] : 1D;
  [35..37] : 1E;
  38 : 1F;
  39 : 1E;
  [40..41] : 1D;
  [42..44] : 1E;
  45 : 1F;
  46 : 1E;
  [47..49] : 1F;
  50 : 20;
  51 : 1F;
  52 : 20;
  53 : 1F;
  54 : 1E;
  55 : 1F;
  56 : 1D;
  57 : 1C;
  [58..60] : 1D;
  61 : 1C;
  62 : 1D;
  63 : 1C;
  64 : 1D;
  [65..66] : 1F;
  [67..69] : 1E;
  70 : 20;
  [71..72] : 1E;
  [73..75] : 1F;
  76 : 20;
  77 : 1F;
  78 : 20;
  [79..83] : 21;
  84 : 22;
  85 : 20;
  86 : 21;
  87 : 20;
  88 : 21;
  89 : 23;
  90 : 24;
  91 : 22;
  [92..94] : 21;
  95 : 20;
  [96..97] : 21;
  [98..99] : 22;
  100 : 23;
  101 : 24;
  102 : 25;
  103 : 26;
  104 : 25;
  105 : 24;
  [106..107] : 25;
  [108..109] : 26;
  [110..111] : 27;
  112 : 25;
  113 : 24;
  114 : 25;
  115 : 26;
  116 : 25;
  [117..118] : 26;
  119 : 27;
  [120..122] : 28;
  [123..125] : 26;
  126 : 27;
  [127..128] : 28;
  [129..130] : 29;
  131 : 2B;
  132 : 2C;
  [133..134] : 2B;
  135 : 2C;
  136 : 2B;
  137 : 2D;
  138 : 2B;
  139 : 2D;
  140 : 2F;
  [141..143] : 2E;
  [144..146] : 2C;
  147 : 2D;
  [148..149] : 2C;
  150 : 2D;
  [151..153] : 2C;
  [154..155] : 2D;
  156 : 2C;
  [157..159] : 2A;
  160 : 29;
  [161..162] : 2A;
  163 : 2B;
  164 : 29;
  [165..167] : 2A;
  168 : 2B;
  169 : 2C;
  170 : 2D;
  [171..172] : 2C;
  173 : 2D;
  174 : 2C;
  175 : 2B;
  [176..179] : 2A;
  180 : 2B;
  181 : 2A;
  [182..183] : 2B;
  184 : 2C;
  185 : 2B;
  186 : 2C;
  187 : 2B;
  [188..189] : 2C;
  190 : 2B;
  191 : 2A;
  192 : 2B;
  193 : 2A;
  194 : 29;
  [195..196] : 2A;
  [197..198] : 29;
  199 : 2A;
  200 : 29;
  201 : 28;
  202 : 27;
  [203..204] : 28;
  [205..206] : 27;
  [207..209] : 29;
  [210..213] : 28;
  [214..215] : 27;
  216 : 28;
  217 : 29;
  [218..221] : 28;
  [222..223] : 27;
  [224..225] : 28;
  226 : 29;
  227 : 28;
  [228..233] : 29;
  [234..235] : 28;
  [236..239] : 29;
  [240..243] : 28;
  244 : 29;
  [245..247] : 28;
  248 : 27;
  [249..250] : 28;
  251 : 27;
  [252..257] : 26;
  [258..259] : 25;
  260 : 26;
  261 : 25;
  [262..263] : 26;
  264 : 25;
  [265..266] : 27;
  [267..268] : 28;
  [269..270] : 29;
  271 : 28;
  [272..274] : 27;
  [275..277] : 26;
  [278..281] : 27;
  [282..283] : 26;
  284 : 25;
  [285..286] : 27;
  287 : 26;
  [288..290] : 25;
  [291..295] : 24;
  296 : 25;
  297 : 24;
  [298..299] : 25;
  [300..301] : 24;
  302 : 23;
  303 : 24;
  304 : 23;
  305 : 22;
  [306..307] : 23;
  [308..309] : 24;
  [310..329] : 80;
  330 : 51;
  331 : 20;
  [332..334] : 21;
  [335..337] : 1F;
  [338..339] : 1E;
  [340..341] : 20;
  [342..343] : 1F;
  [344..346] : 1E;
  [347..348] : 1D;
  349 : 1E;
  [350..352] : 1D;
  353 : 1C;
  [354..356] : 1D;
  357 : 1E;
  [358..360] : 1F;
  361 : 1E;
  362 : 1F;
  [363..364] : 1E;
  365 : 1F;
  366 : 1D;
  367 : 1E;
  368 : 21;
  [369..370] : 20;
  [371..380] : 1F;
  381 : 21;
  382 : 22;
  [383..384] : 1F;
  [385..386] : 20;
  387 : 1E;
  388 : 1D;
  389 : 1C;
  390 : 1E;
  [391..392] : 1D;
  [393..394] : 20;
  395 : 1E;
  [396..397] : 1F;
  [398..402] : 20;
  403 : 21;
  404 : 20;
  [405..406] : 1F;
  [407..408] : 20;
  409 : 21;
  410 : 23;
  411 : 24;
  412 : 23;
  413 : 21;
  414 : 22;
  415 : 21;
  416 : 22;
  417 : 20;
  418 : 22;
  419 : 23;
  420 : 27;
  [421..422] : 26;
  [423..424] : 27;
  [425..426] : 24;
  [427..430] : 27;
  431 : 26;
  432 : 27;
  433 : 26;
  [434..436] : 27;
  437 : 29;
  438 : 28;
  439 : 27;
  440 : 28;
  441 : 29;
  442 : 28;
  443 : 27;
  444 : 28;
  445 : 29;
  446 : 26;
  447 : 27;
  448 : 26;
  449 : 27;
  450 : 28;
  [451..455] : 29;
  456 : 28;
  [457..458] : 29;
  459 : 2A;
  [460..466] : 2D;
  [467..468] : 2B;
  469 : 2A;
  470 : 2C;
  [471..474] : 2D;
  475 : 2E;
  476 : 2D;
  477 : 2C;
  478 : 2B;
  479 : 2C;
  480 : 2B;
  481 : 2A;
  482 : 28;
  483 : 29;
  484 : 2A;
  [485..486] : 29;
  [487..488] : 2A;
  489 : 2B;
  490 : 2C;
  [491..492] : 2A;
  [493..495] : 2B;
  [496..498] : 2A;
  499 : 29;
  [500..503] : 2A;
  [504..506] : 2B;
  [507..508] : 2C;
  [509..510] : 2B;
  [511..514] : 29;
  515 : 2A;
  516 : 2B;
  [517..518] : 2A;
  [519..522] : 29;
  523 : 28;
  [524..529] : 2A;
  530 : 29;
  531 : 2A;
  532 : 28;
  [533..539] : 27;
  [540..543] : 28;
  544 : 27;
  [545..546] : 28;
  547 : 29;
  [548..549] : 28;
  550 : 29;
  [551..552] : 28;
  553 : 29;
  554 : 27;
  555 : 28;
  [556..557] : 29;
  558 : 28;
  559 : 27;
  [560..561] : 26;
  562 : 27;
  563 : 28;
  564 : 29;
  [565..567] : 28;
  [568..570] : 27;
  571 : 25;
  572 : 26;
  573 : 27;
  [574..576] : 26;
  577 : 25;
  578 : 24;
  579 : 25;
  580 : 26;
  [581..582] : 25;
  [583..585] : 26;
  [586..587] : 27;
  588 : 28;
  [589..590] : 29;
  [591..592] : 28;
  593 : 27;
  [594..595] : 26;
  [596..600] : 27;
  601 : 28;
  602 : 27;
  [603..604] : 26;
  605 : 28;
  606 : 27;
  [607..610] : 26;
  611 : 25;
  612 : 26;
  [613..614] : 25;
  615 : 26;
  [616..619] : 25;
  620 : 24;
  [621..622] : 23;
  623 : 22;
  624 : 23;
  625 : 22;
  [626..628] : 23;
  629 : 25;
  [630..649] : 80;
  650 : 50;
  651 : 1D;
  [652..653] : 20;
  [654..655] : 1F;
  656 : 1E;
  657 : 1F;
  658 : 1E;
  [659..660] : 1D;
  [661..662] : 1E;
  663 : 1F;
  664 : 1E;
  665 : 1D;
  [666..667] : 1E;
  [668..669] : 1D;
  [670..671] : 1B;
  672 : 1C;
  [673..674] : 1B;
  675 : 1C;
  676 : 1E;
  677 : 1F;
  678 : 20;
  679 : 22;
  [680..681] : 20;
  682 : 24;
  [683..684] : 23;
  685 : 24;
  686 : 25;
  687 : 27;
  688 : 24;
  [689..691] : 22;
  692 : 25;
  693 : 23;
  694 : 21;
  695 : 20;
  696 : 22;
  697 : 23;
  698 : 24;
  699 : 21;
  [700..701] : 22;
  702 : 21;
  703 : 23;
  [704..705] : 22;
  706 : 23;
  [707..708] : 21;
  [709..710] : 22;
  711 : 20;
  712 : 23;
  713 : 24;
  714 : 26;
  [715..716] : 22;
  717 : 23;
  718 : 1F;
  [719..721] : 21;
  722 : 20;
  723 : 21;
  [724..726] : 22;
  727 : 23;
  728 : 22;
  729 : 24;
  730 : 26;
  [731..732] : 24;
  733 : 23;
  [734..737] : 22;
  738 : 21;
  739 : 22;
  740 : 24;
  741 : 23;
  742 : 25;
  743 : 24;
  744 : 25;
  [745..746] : 23;
  747 : 27;
  748 : 25;
  [749..751] : 24;
  752 : 25;
  753 : 27;
  [754..755] : 24;
  756 : 25;
  757 : 26;
  758 : 28;
  [759..760] : 25;
  761 : 29;
  [762..764] : 27;
  765 : 28;
  766 : 29;
  767 : 28;
  [768..769] : 27;
  770 : 28;
  771 : 2A;
  772 : 2B;
  773 : 29;
  [774..779] : 2A;
  780 : 2B;
  [781..785] : 2C;
  [786..789] : 2B;
  790 : 2D;
  [791..792] : 2C;
  [793..794] : 2E;
  795 : 2D;
  [796..797] : 2C;
  798 : 2A;
  799 : 2B;
  800 : 2C;
  801 : 2A;
  [802..803] : 2B;
  804 : 2D;
  [805..806] : 2B;
  [807..810] : 2A;
  [811..812] : 2C;
  813 : 2A;
  [814..815] : 2B;
  816 : 29;
  817 : 2A;
  818 : 2B;
  [819..822] : 2A;
  [823..824] : 2B;
  [825..826] : 2C;
  [827..829] : 2B;
  [830..832] : 2A;
  833 : 29;
  [834..835] : 2A;
  836 : 29;
  [837..838] : 2A;
  839 : 29;
  [840..842] : 2A;
  843 : 29;
  [844..845] : 2A;
  [846..848] : 2B;
  [849..851] : 2A;
  [852..853] : 29;
  854 : 2A;
  855 : 29;
  [856..857] : 28;
  858 : 27;
  [859..860] : 28;
  [861..862] : 2A;
  [863..864] : 29;
  [865..866] : 28;
  [867..869] : 29;
  [870..871] : 28;
  [872..873] : 29;
  [874..880] : 28;
  881 : 27;
  882 : 28;
  [883..887] : 27;
  [888..889] : 26;
  890 : 27;
  891 : 25;
  [892..895] : 26;
  [896..898] : 25;
  899 : 24;
  [900..901] : 25;
  902 : 26;
  [903..909] : 27;
  910 : 28;
  [911..914] : 27;
  [915..917] : 26;
  918 : 27;
  919 : 28;
  920 : 27;
  921 : 28;
  922 : 27;
  923 : 26;
  [924..926] : 27;
  927 : 26;
  [928..929] : 25;
  930 : 26;
  931 : 24;
  [932..933] : 25;
  [934..936] : 24;
  937 : 25;
  [938..941] : 24;
  [942..943] : 23;
  [944..945] : 22;
  946 : 23;
  [947..948] : 24;
  949 : 25;
  [950..969] : 80;
  970 : 51;
  971 : 1E;
  [972..974] : 22;
  975 : 23;
  [976..978] : 22;
  [979..980] : 21;
  981 : 22;
  [982..983] : 20;
  984 : 22;
  [985..986] : 20;
  [987..988] : 21;
  989 : 20;
  [990..992] : 1F;
  993 : 21;
  [994..995] : 20;
  996 : 21;
  997 : 22;
  998 : 23;
  999 : 25;
  1000 : 22;
  1001 : 21;
  [1002..1003] : 24;
  1004 : 25;
  1005 : 26;
  1006 : 27;
  1007 : 26;
  1008 : 25;
  1009 : 24;
  1010 : 25;
  1011 : 23;
  1012 : 22;
  [1013..1014] : 1F;
  1015 : 20;
  [1016..1017] : 1F;
  [1018..1019] : 22;
  1020 : 24;
  [1021..1023] : 26;
  1024 : 25;
  [1025..1026] : 26;
  1027 : 25;
  1028 : 24;
  1029 : 25;
  1030 : 24;
  1031 : 23;
  [1032..1034] : 25;
  [1035..1036] : 24;
  1037 : 25;
  1038 : 23;
  1039 : 24;
  1040 : 27;
  [1041..1042] : 26;
  1043 : 22;
  1044 : 23;
  [1045..1047] : 24;
  1048 : 23;
  1049 : 25;
  [1050..1051] : 28;
  1052 : 26;
  1053 : 24;
  1054 : 23;
  1055 : 25;
  1056 : 29;
  1057 : 27;
  [1058..1059] : 25;
  1060 : 27;
  1061 : 2A;
  1062 : 2C;
  1063 : 2B;
  1064 : 28;
  [1065..1066] : 27;
  1067 : 29;
  1068 : 28;
  1069 : 29;
  1070 : 28;
  [1071..1072] : 27;
  [1073..1074] : 29;
  1075 : 2A;
  1076 : 27;
  1077 : 26;
  1078 : 27;
  [1079..1082] : 29;
  1083 : 28;
  1084 : 27;
  [1085..1086] : 28;
  [1087..1090] : 27;
  [1091..1095] : 28;
  1096 : 2A;
  1097 : 2C;
  1098 : 2B;
  1099 : 2C;
  1100 : 2D;
  1101 : 2A;
  [1102..1103] : 2C;
  1104 : 2B;
  1105 : 2C;
  [1106..1109] : 2B;
  1110 : 2C;
  [1111..1112] : 2B;
  1113 : 2C;
  [1114..1115] : 2D;
  1116 : 2C;
  1117 : 2B;
  1118 : 2C;
  1119 : 2A;
  [1120..1121] : 2C;
  1122 : 2A;
  1123 : 2B;
  1124 : 2A;
  1125 : 2B;
  1126 : 2C;
  [1127..1129] : 2B;
  [1130..1131] : 2A;
  1132 : 2B;
  1133 : 2A;
  1134 : 2B;
  1135 : 2A;
  [1136..1137] : 2B;
  1138 : 2A;
  1139 : 2B;
  [1140..1141] : 2A;
  1142 : 2C;
  1143 : 2B;
  1144 : 2A;
  1145 : 2C;
  [1146..1147] : 2B;
  1148 : 2A;
  1149 : 2B;
  1150 : 2A;
  [1151..1153] : 2B;
  1154 : 2A;
  [1155..1156] : 29;
  1157 : 28;
  [1158..1159] : 29;
  1160 : 28;
  [1161..1165] : 29;
  1166 : 2A;
  [1167..1172] : 29;
  [1173..1177] : 28;
  1178 : 27;
  1179 : 28;
  [1180..1182] : 29;
  [1183..1187] : 27;
  [1188..1189] : 28;
  1190 : 27;
  1191 : 28;
  [1192..1193] : 27;
  [1194..1198] : 26;
  [1199..1206] : 27;
  [1207..1214] : 26;
  [1215..1216] : 25;
  [1217..1219] : 24;
  [1220..1221] : 25;
  1222 : 26;
  1223 : 27;
  1224 : 26;
  1225 : 27;
  1226 : 28;
  [1227..1230] : 27;
  1231 : 26;
  1232 : 27;
  [1233..1234] : 26;
  1235 : 27;
  [1236..1239] : 26;
  [1240..1241] : 27;
  [1242..1243] : 26;
  [1244..1245] : 27;
  [1246..1247] : 26;
  1248 : 24;
  [1249..1250] : 25;
  [1251..1255] : 24;
  1256 : 23;
  [1257..1258] : 24;
  1259 : 23;
  1260 : 22;
  1261 : 23;
  [1262..1267] : 22;
  1268 : 23;
  1269 : 25;
  [1270..1289] : 80;
  1290 : 53;
  1291 : 23;
  1292 : 28;
  1293 : 23;
  1294 : 24;
  1295 : 27;
  1296 : 26;
  1297 : 23;
  1298 : 25;
  1299 : 24;
  1300 : 26;
  1301 : 25;
  1302 : 23;
  [1303..1304] : 24;
  [1305..1307] : 23;
  1308 : 25;
  1309 : 23;
  1310 : 22;
  1311 : 29;
  [1312..1315] : 28;
  1316 : 27;
  1317 : 28;
  1318 : 29;
  1319 : 2D;
  1320 : 2A;
  1321 : 29;
  1322 : 2A;
  1323 : 26;
  1324 : 27;
  1325 : 29;
  1326 : 2C;
  1327 : 2B;
  1328 : 27;
  1329 : 2C;
  1330 : 2B;
  1331 : 2D;
  1332 : 29;
  1333 : 26;
  1334 : 27;
  1335 : 25;
  [1336..1337] : 27;
  1338 : 25;
  1339 : 26;
  1340 : 24;
  1341 : 22;
  1342 : 24;
  1343 : 21;
  1344 : 24;
  1345 : 23;
  1346 : 21;
  1347 : 22;
  1348 : 23;
  1349 : 21;
  1350 : 22;
  1351 : 24;
  [1352..1353] : 26;
  1354 : 25;
  1355 : 23;
  1356 : 24;
  [1357..1358] : 23;
  1359 : 22;
  1360 : 24;
  1361 : 22;
  1362 : 25;
  [1363..1364] : 22;
  1365 : 23;
  1366 : 26;
  1367 : 28;
  1368 : 24;
  1369 : 22;
  1370 : 25;
  [1371..1372] : 28;
  1373 : 27;
  1374 : 26;
  1375 : 28;
  1376 : 29;
  [1377..1378] : 24;
  1379 : 22;
  1380 : 23;
  1381 : 27;
  [1382..1383] : 28;
  1384 : 27;
  [1385..1387] : 25;
  [1388..1390] : 26;
  [1391..1393] : 27;
  1394 : 29;
  1395 : 28;
  [1396..1397] : 26;
  1398 : 25;
  1399 : 27;
  1400 : 28;
  1401 : 29;
  1402 : 27;
  1403 : 29;
  1404 : 2B;
  1405 : 2A;
  1406 : 29;
  [1407..1408] : 27;
  1409 : 28;
  [1410..1412] : 29;
  [1413..1415] : 28;
  1416 : 29;
  1417 : 2C;
  [1418..1419] : 2B;
  [1420..1421] : 2D;
  1422 : 2C;
  1423 : 2A;
  1424 : 2B;
  [1425..1426] : 2C;
  1427 : 2B;
  1428 : 2D;
  1429 : 2C;
  1430 : 2D;
  [1431..1432] : 2C;
  1433 : 2B;
  1434 : 2C;
  1435 : 2B;
  1436 : 2C;
  1437 : 2B;
  1438 : 2C;
  1439 : 2A;
  1440 : 2C;
  [1441..1443] : 2D;
  1444 : 2C;
  [1445..1446] : 2B;
  1447 : 2A;
  1448 : 2B;
  1449 : 2A;
  1450 : 2B;
  [1451..1452] : 2A;
  1453 : 2B;
  [1454..1455] : 2A;
  1456 : 2C;
  [1457..1458] : 2B;
  1459 : 2C;
  1460 : 2B;
  1461 : 2A;
  1462 : 2B;
  1463 : 2C;
  1464 : 2E;
  1465 : 2D;
  [1466..1468] : 2C;
  [1469..1470] : 2B;
  1471 : 2C;
  [1472..1476] : 2A;
  [1477..1480] : 28;
  [1481..1482] : 29;
  1483 : 2A;
  1484 : 29;
  [1485..1486] : 2A;
  [1487..1490] : 29;
  1491 : 28;
  1492 : 29;
  [1493..1494] : 28;
  [1495..1497] : 29;
  1498 : 27;
  1499 : 28;
  1500 : 29;
  [1501..1502] : 2A;
  [1503..1504] : 28;
  [1505..1506] : 27;
  1507 : 26;
  1508 : 27;
  1509 : 28;
  [1510..1511] : 27;
  1512 : 28;
  [1513..1518] : 27;
  1519 : 28;
  [1520..1521] : 27;
  1522 : 26;
  1523 : 27;
  1524 : 26;
  1525 : 25;
  1526 : 26;
  1527 : 25;
  1528 : 26;
  [1529..1530] : 25;
  1531 : 26;
  [1532..1535] : 27;
  1536 : 25;
  1537 : 24;
  1538 : 25;
  1539 : 26;
  [1540..1541] : 25;
  1542 : 26;
  [1543..1554] : 27;
  1555 : 26;
  [1556..1557] : 27;
  [1558..1559] : 26;
  [1560..1562] : 27;
  1563 : 26;
  1564 : 25;
  [1565..1566] : 26;
  [1567..1568] : 25;
  1569 : 24;
  1570 : 23;
  [1571..1574] : 24;
  [1575..1577] : 25;
  1578 : 24;
  1579 : 23;
  [1580..1581] : 22;
  [1582..1583] : 23;
  1584 : 22;
  [1585..1588] : 23;
  1589 : 24;
  [1590..1609] : 80;
  1610 : 51;
  1611 : 1E;
  1612 : 22;
  [1613..1614] : 21;
  [1615..1616] : 20;
  [1617..1618] : 21;
  1619 : 20;
  1620 : 21;
  1621 : 1F;
  [1622..1623] : 20;
  1624 : 23;
  [1625..1626] : 24;
  1627 : 22;
  1628 : 20;
  1629 : 22;
  1630 : 23;
  1631 : 25;
  1632 : 28;
  1633 : 26;
  [1634..1635] : 24;
  1636 : 26;
  1637 : 28;
  1638 : 29;
  1639 : 28;
  1640 : 27;
  1641 : 28;
  1642 : 2A;
  [1643..1644] : 25;
  1645 : 24;
  1646 : 25;
  1647 : 23;
  1648 : 22;
  1649 : 25;
  1650 : 22;
  1651 : 21;
  [1652..1653] : 20;
  1654 : 21;
  [1655..1658] : 20;
  1659 : 21;
  [1660..1661] : 22;
  1662 : 23;
  [1663..1664] : 21;
  [1665..1666] : 22;
  1667 : 1F;
  [1668..1669] : 20;
  [1670..1672] : 22;
  1673 : 25;
  1674 : 24;
  1675 : 21;
  1676 : 1F;
  1677 : 20;
  1678 : 22;
  1679 : 1F;
  [1680..1681] : 20;
  1682 : 1F;
  [1683..1684] : 1E;
  1685 : 1F;
  [1686..1687] : 20;
  [1688..1689] : 22;
  1690 : 23;
  1691 : 26;
  1692 : 27;
  1693 : 25;
  1694 : 23;
  1695 : 24;
  1696 : 25;
  [1697..1700] : 21;
  1701 : 22;
  1702 : 25;
  [1703..1704] : 26;
  1705 : 25;
  [1706..1707] : 26;
  1708 : 27;
  [1709..1711] : 26;
  [1712..1714] : 27;
  1715 : 26;
  1716 : 28;
  1717 : 27;
  [1718..1719] : 26;
  1720 : 27;
  [1721..1722] : 28;
  [1723..1724] : 29;
  1725 : 2C;
  1726 : 2B;
  [1727..1728] : 2A;
  [1729..1730] : 29;
  1731 : 28;
  [1732..1733] : 29;
  1734 : 2A;
  1735 : 29;
  1736 : 2A;
  [1737..1738] : 2C;
  1739 : 2A;
  1740 : 2B;
  [1741..1742] : 2A;
  [1743..1744] : 2B;
  1745 : 2D;
  1746 : 2C;
  1747 : 2B;
  1748 : 2C;
  1749 : 2E;
  1750 : 2D;
  1751 : 2C;
  [1752..1753] : 2D;
  1754 : 2B;
  1755 : 2C;
  1756 : 2D;
  1757 : 2B;
  1758 : 2A;
  1759 : 2C;
  1760 : 2B;
  1761 : 2A;
  1762 : 2B;
  1763 : 2C;
  1764 : 2B;
  1765 : 2C;
  1766 : 2A;
  1767 : 29;
  [1768..1770] : 2A;
  [1771..1773] : 2B;
  [1774..1776] : 2A;
  [1777..1785] : 2B;
  1786 : 2A;
  1787 : 2B;
  [1788..1790] : 2C;
  1791 : 2B;
  1792 : 2C;
  1793 : 2B;
  1794 : 2A;
  1795 : 29;
  1796 : 28;
  [1797..1798] : 27;
  [1799..1800] : 28;
  1801 : 29;
  1802 : 28;
  [1803..1806] : 29;
  1807 : 28;
  1808 : 29;
  1809 : 2A;
  [1810..1814] : 29;
  1815 : 28;
  [1816..1817] : 29;
  1818 : 2A;
  1819 : 29;
  [1820..1821] : 2A;
  1822 : 29;
  1823 : 28;
  1824 : 27;
  [1825..1828] : 26;
  1829 : 25;
  [1830..1831] : 26;
  1832 : 27;
  1833 : 25;
  1834 : 26;
  [1835..1839] : 25;
  [1840..1842] : 26;
  1843 : 25;
  [1844..1848] : 24;
  [1849..1850] : 25;
  1851 : 24;
  1852 : 23;
  [1853..1858] : 25;
  1859 : 26;
  1860 : 25;
  [1861..1862] : 26;
  [1863..1864] : 27;
  1865 : 28;
  1866 : 27;
  [1867..1868] : 26;
  1869 : 25;
  [1870..1874] : 26;
  [1875..1876] : 27;
  [1877..1880] : 26;
  [1881..1882] : 27;
  1883 : 26;
  1884 : 25;
  1885 : 26;
  1886 : 25;
  [1887..1889] : 24;
  [1890..1896] : 23;
  [1897..1900] : 24;
  [1901..1905] : 23;
  1906 : 24;
  [1907..1908] : 23;
  1909 : 24;
  [1910..1929] : 80;
  1930 : 52;
  1931 : 1E;
  [1932..1933] : 21;
  1934 : 22;
  1935 : 21;
  [1936..1937] : 22;
  [1938..1939] : 21;
  1940 : 26;
  1941 : 28;
  1942 : 24;
  1943 : 21;
  1944 : 23;
  1945 : 25;
  1946 : 27;
  1947 : 26;
  1948 : 23;
  1949 : 26;
  1950 : 27;
  1951 : 25;
  1952 : 26;
  1953 : 23;
  1954 : 21;
  1955 : 20;
  1956 : 21;
  [1957..1958] : 24;
  1959 : 20;
  [1960..1961] : 1F;
  [1962..1964] : 21;
  [1965..1968] : 1F;
  1969 : 1E;
  [1970..1972] : 1D;
  [1973..1974] : 1E;
  [1975..1976] : 1F;
  [1977..1979] : 20;
  1980 : 22;
  [1981..1982] : 28;
  1983 : 23;
  1984 : 26;
  1985 : 28;
  1986 : 24;
  1987 : 23;
  1988 : 26;
  1989 : 25;
  1990 : 27;
  1991 : 28;
  [1992..1993] : 27;
  1994 : 26;
  1995 : 25;
  1996 : 2A;
  1997 : 25;
  1998 : 23;
  1999 : 1F;
  2000 : 1E;
  2001 : 21;
  2002 : 23;
  2003 : 24;
  2004 : 20;
  2005 : 1F;
  2006 : 21;
  2007 : 22;
  2008 : 25;
  2009 : 26;
  2010 : 28;
  2011 : 2A;
  [2012..2014] : 27;
  2015 : 2C;
  2016 : 28;
  2017 : 26;
  [2018..2019] : 25;
  2020 : 24;
  2021 : 25;
  [2022..2023] : 26;
  2024 : 27;
  [2025..2026] : 26;
  2027 : 27;
  [2028..2029] : 26;
  2030 : 25;
  2031 : 27;
  2032 : 28;
  2033 : 29;
  2034 : 28;
  2035 : 25;
  2036 : 26;
  2037 : 27;
  2038 : 26;
  2039 : 25;
  2040 : 27;
  [2041..2042] : 28;
  [2043..2044] : 27;
  2045 : 2A;
  2046 : 29;
  2047 : 28;
  2048 : 29;
  2049 : 2A;
  [2050..2051] : 29;
  [2052..2053] : 28;
  2054 : 29;
  2055 : 2B;
  2056 : 2A;
  2057 : 2C;
  2058 : 2D;
  [2059..2060] : 2E;
  2061 : 2D;
  2062 : 2C;
  2063 : 2D;
  2064 : 2F;
  2065 : 2D;
  2066 : 30;
  2067 : 2E;
  2068 : 2F;
  2069 : 2D;
  2070 : 2E;
  [2071..2072] : 2C;
  2073 : 2D;
  2074 : 2B;
  2075 : 2A;
  [2076..2077] : 2C;
  [2078..2079] : 2A;
  [2080..2083] : 2C;
  [2084..2085] : 2B;
  2086 : 2C;
  [2087..2089] : 2B;
  [2090..2091] : 2A;
  [2092..2093] : 2B;
  [2094..2095] : 2A;
  2096 : 29;
  2097 : 2A;
  2098 : 2D;
  [2099..2100] : 2C;
  [2101..2103] : 2D;
  2104 : 2C;
  [2105..2106] : 2D;
  [2107..2109] : 2E;
  2110 : 2D;
  2111 : 2B;
  2112 : 2C;
  [2113..2115] : 2B;
  2116 : 29;
  [2117..2118] : 28;
  [2119..2121] : 29;
  2122 : 28;
  2123 : 29;
  2124 : 2A;
  [2125..2128] : 28;
  2129 : 29;
  [2130..2137] : 28;
  [2138..2140] : 29;
  2141 : 28;
  [2142..2143] : 27;
  2144 : 26;
  2145 : 27;
  2146 : 26;
  [2147..2148] : 25;
  [2149..2150] : 24;
  [2151..2157] : 26;
  [2158..2160] : 25;
  [2161..2162] : 26;
  2163 : 25;
  2164 : 24;
  2165 : 23;
  2166 : 24;
  [2167..2169] : 25;
  [2170..2173] : 26;
  [2174..2175] : 25;
  2176 : 24;
  2177 : 25;
  2178 : 24;
  2179 : 23;
  2180 : 24;
  [2181..2183] : 25;
  [2184..2185] : 27;
  [2186..2188] : 26;
  [2189..2192] : 25;
  2193 : 24;
  [2194..2196] : 26;
  2197 : 27;
  [2198..2200] : 26;
  2201 : 27;
  2202 : 25;
  2203 : 26;
  [2204..2205] : 25;
  2206 : 26;
  2207 : 25;
  [2208..2210] : 24;
  2211 : 23;
  [2212..2213] : 22;
  [2214..2215] : 23;
  [2216..2217] : 22;
  [2218..2220] : 24;
  [2221..2223] : 25;
  [2224..2225] : 24;
  2226 : 23;
  [2227..2229] : 22;
  [2230..2249] : 80;
  2250 : 55;
  2251 : 21;
  2252 : 23;
  2253 : 25;
  2254 : 24;
  [2255..2256] : 21;
  [2257..2258] : 22;
  2259 : 21;
  [2260..2261] : 26;
  2262 : 23;
  2263 : 21;
  [2264..2267] : 22;
  2268 : 23;
  2269 : 20;
  2270 : 23;
  2271 : 27;
  2272 : 24;
  [2273..2274] : 21;
  2275 : 20;
  [2276..2277] : 21;
  2278 : 24;
  2279 : 22;
  [2280..2281] : 23;
  [2282..2283] : 20;
  2284 : 1F;
  [2285..2289] : 1E;
  2290 : 1D;
  [2291..2292] : 21;
  [2293..2299] : 1F;
  2300 : 22;
  2301 : 21;
  2302 : 20;
  2303 : 1F;
  [2304..2305] : 21;
  2306 : 20;
  [2307..2310] : 21;
  2311 : 23;
  2312 : 24;
  2313 : 23;
  2314 : 21;
  2315 : 20;
  2316 : 24;
  2317 : 25;
  2318 : 23;
  [2319..2320] : 21;
  2321 : 26;
  2322 : 25;
  2323 : 26;
  2324 : 24;
  2325 : 27;
  [2326..2327] : 25;
  [2328..2329] : 27;
  2330 : 29;
  2331 : 2B;
  2332 : 28;
  2333 : 29;
  [2334..2336] : 2B;
  2337 : 28;
  2338 : 29;
  [2339..2341] : 25;
  2342 : 28;
  2343 : 27;
  2344 : 29;
  2345 : 28;
  2346 : 29;
  2347 : 2B;
  2348 : 28;
  [2349..2350] : 2A;
  2351 : 29;
  [2352..2354] : 28;
  [2355..2357] : 27;
  2358 : 25;
  2359 : 27;
  2360 : 25;
  2361 : 26;
  [2362..2364] : 27;
  2365 : 28;
  [2366..2369] : 27;
  [2370..2371] : 29;
  2372 : 28;
  [2373..2374] : 29;
  2375 : 2B;
  2376 : 2A;
  2377 : 2B;
  2378 : 2C;
  2379 : 2B;
  [2380..2381] : 2C;
  [2382..2383] : 2B;
  2384 : 2D;
  2385 : 2C;
  2386 : 2E;
  [2387..2388] : 2F;
  [2389..2390] : 2D;
  2391 : 2C;
  [2392..2394] : 2B;
  [2395..2396] : 2A;
  2397 : 29;
  2398 : 28;
  2399 : 27;
  [2400..2401] : 2A;
  2402 : 2B;
  [2403..2404] : 2A;
  2405 : 2B;
  [2406..2407] : 2A;
  [2408..2409] : 2B;
  2410 : 2A;
  2411 : 2B;
  2412 : 2C;
  [2413..2415] : 2A;
  2416 : 29;
  [2417..2418] : 2A;
  2419 : 2B;
  2420 : 2A;
  2421 : 2B;
  2422 : 2A;
  2423 : 29;
  2424 : 2B;
  [2425..2426] : 2A;
  [2427..2429] : 2C;
  2430 : 2B;
  [2431..2432] : 2C;
  2433 : 2A;
  [2434..2436] : 29;
  2437 : 28;
  2438 : 27;
  2439 : 26;
  [2440..2447] : 27;
  [2448..2452] : 28;
  2453 : 27;
  [2454..2455] : 28;
  [2456..2459] : 27;
  [2460..2462] : 26;
  2463 : 25;
  [2464..2465] : 26;
  2466 : 25;
  [2467..2468] : 24;
  2469 : 25;
  2470 : 26;
  [2471..2472] : 27;
  2473 : 26;
  2474 : 27;
  2475 : 26;
  2476 : 25;
  [2477..2479] : 26;
  2480 : 25;
  2481 : 26;
  2482 : 25;
  [2483..2486] : 24;
  2487 : 25;
  [2488..2490] : 26;
  [2491..2495] : 27;
  [2496..2499] : 26;
  [2500..2501] : 25;
  [2502..2506] : 26;
  [2507..2509] : 25;
  [2510..2511] : 24;
  [2512..2514] : 26;
  2515 : 25;
  2516 : 26;
  2517 : 25;
  [2518..2519] : 24;
  2520 : 23;
  [2521..2523] : 24;
  [2524..2527] : 23;
  [2528..2537] : 22;
  [2538..2539] : 23;
  2540 : 24;
  [2541..2542] : 23;
  [2543..2544] : 24;
  [2545..2546] : 23;
  [2547..2549] : 21;
  [2550..2569] : 80;
  2570 : 5A;
  [2571..2572] : 29;
  2573 : 25;
  2574 : 27;
  2575 : 2A;
  2576 : 28;
  2577 : 25;
  2578 : 24;
  2579 : 25;
  2580 : 26;
  2581 : 25;
  2582 : 29;
  2583 : 27;
  [2584..2586] : 24;
  [2587..2588] : 22;
  2589 : 21;
  2590 : 22;
  2591 : 24;
  2592 : 23;
  [2593..2594] : 22;
  [2595..2600] : 23;
  [2601..2602] : 24;
  2603 : 23;
  2604 : 22;
  [2605..2607] : 21;
  2608 : 23;
  [2609..2613] : 22;
  2614 : 23;
  [2615..2616] : 20;
  [2617..2618] : 21;
  2619 : 1F;
  2620 : 22;
  2621 : 21;
  2622 : 1F;
  [2623..2625] : 22;
  2626 : 21;
  2627 : 22;
  2628 : 23;
  2629 : 22;
  2630 : 21;
  2631 : 22;
  2632 : 24;
  2633 : 28;
  2634 : 23;
  2635 : 21;
  2636 : 24;
  [2637..2642] : 26;
  2643 : 27;
  2644 : 2A;
  2645 : 28;
  [2646..2647] : 24;
  [2648..2649] : 28;
  2650 : 27;
  2651 : 26;
  2652 : 27;
  [2653..2656] : 23;
  2657 : 22;
  2658 : 25;
  [2659..2662] : 23;
  [2663..2664] : 22;
  2665 : 23;
  2666 : 25;
  [2667..2669] : 24;
  2670 : 27;
  2671 : 23;
  [2672..2673] : 22;
  [2674..2675] : 23;
  2676 : 22;
  2677 : 21;
  2678 : 22;
  2679 : 23;
  [2680..2681] : 22;
  2682 : 23;
  2683 : 24;
  [2684..2685] : 23;
  2686 : 24;
  2687 : 26;
  2688 : 25;
  [2689..2691] : 24;
  2692 : 25;
  [2693..2694] : 26;
  2695 : 27;
  2696 : 26;
  2697 : 27;
  2698 : 26;
  [2699..2700] : 25;
  2701 : 27;
  2702 : 28;
  2703 : 26;
  2704 : 27;
  2705 : 28;
  2706 : 2A;
  2707 : 28;
  2708 : 26;
  [2709..2710] : 25;
  2711 : 27;
  2712 : 25;
  [2713..2714] : 24;
  2715 : 25;
  2716 : 24;
  2717 : 23;
  2718 : 22;
  [2719..2720] : 21;
  2721 : 22;
  [2722..2723] : 23;
  [2724..2726] : 24;
  2727 : 25;
  2728 : 24;
  [2729..2730] : 25;
  2731 : 26;
  2732 : 24;
  2733 : 23;
  [2734..2735] : 22;
  [2736..2737] : 23;
  [2738..2739] : 22;
  2740 : 23;
  2741 : 24;
  2742 : 23;
  2743 : 21;
  2744 : 22;
  [2745..2747] : 23;
  2748 : 24;
  [2749..2750] : 23;
  2751 : 22;
  [2752..2753] : 21;
  2754 : 20;
  [2755..2756] : 21;
  2757 : 20;
  [2758..2759] : 1E;
  [2760..2761] : 1F;
  2762 : 1E;
  2763 : 1F;
  [2764..2765] : 1E;
  [2766..2767] : 1D;
  2768 : 1C;
  2769 : 1B;
  2770 : 1C;
  [2771..2773] : 1D;
  [2774..2776] : 1F;
  [2777..2778] : 1E;
  2779 : 1D;
  [2780..2781] : 1B;
  2782 : 1C;
  [2783..2784] : 1B;
  [2785..2786] : 1C;
  2787 : 1D;
  [2788..2789] : 1E;
  2790 : 1F;
  [2791..2793] : 1E;
  2794 : 1D;
  [2795..2798] : 1E;
  [2799..2801] : 1D;
  [2802..2803] : 1C;
  2804 : 1B;
  [2805..2806] : 1A;
  2807 : 1B;
  2808 : 1E;
  [2809..2810] : 1F;
  2811 : 20;
  [2812..2813] : 1F;
  2814 : 20;
  [2815..2816] : 1F;
  [2817..2820] : 1E;
  [2821..2822] : 1D;
  2823 : 1E;
  [2824..2827] : 1D;
  2828 : 1E;
  2829 : 1F;
  2830 : 1E;
  2831 : 1D;
  2832 : 1C;
  2833 : 1D;
  2834 : 1E;
  [2835..2836] : 1D;
  2837 : 1C;
  2838 : 1A;
  2839 : 1B;
  [2840..2842] : 1C;
  [2843..2844] : 1B;
  2845 : 1A;
  [2846..2847] : 19;
  2848 : 18;
  [2849..2850] : 19;
  [2851..2854] : 1A;
  2855 : 1B;
  2856 : 1C;
  2857 : 1B;
  [2858..2859] : 1A;
  2860 : 19;
  2861 : 18;
  [2862..2863] : 19;
  [2864..2866] : 1A;
  [2867..2868] : 1B;
  2869 : 1A;
  [2870..2889] : 80;
  2890 : 58;
  2891 : 2B;
  2892 : 2E;
  2893 : 2F;
  2894 : 32;
  2895 : 2F;
  2896 : 2E;
  2897 : 2D;
  2898 : 2A;
  2899 : 29;
  2900 : 2A;
  [2901..2903] : 29;
  [2904..2906] : 27;
  2907 : 25;
  2908 : 26;
  [2909..2910] : 25;
  [2911..2912] : 27;
  2913 : 25;
  [2914..2915] : 24;
  2916 : 25;
  [2917..2918] : 24;
  [2919..2920] : 27;
  [2921..2922] : 28;
  2923 : 27;
  2924 : 28;
  2925 : 27;
  2926 : 26;
  [2927..2929] : 24;
  [2930..2931] : 25;
  2932 : 24;
  [2933..2934] : 25;
  2935 : 23;
  2936 : 22;
  [2937..2940] : 21;
  2941 : 1E;
  2942 : 20;
  [2943..2945] : 22;
  2946 : 21;
  2947 : 20;
  2948 : 1F;
  2949 : 1E;
  2950 : 1F;
  [2951..2953] : 1E;
  [2954..2955] : 1D;
  2956 : 1C;
  [2957..2959] : 1B;
  [2960..2964] : 1A;
  2965 : 1B;
  2966 : 1A;
  [2967..2968] : 1B;
  [2969..2970] : 18;
  2971 : 19;
  2972 : 1C;
  2973 : 1A;
  2974 : 19;
  [2975..2976] : 17;
  [2977..2978] : 16;
  2979 : 17;
  2980 : 14;
  [2981..2982] : 13;
  2983 : 16;
  2984 : 18;
  [2985..2986] : 17;
  2987 : 16;
  [2988..2990] : 17;
  [2991..2993] : 15;
  [2994..2995] : 14;
  2996 : 13;
  [2997..3000] : 14;
  3001 : 15;
  3002 : 16;
  3003 : 15;
  3004 : 16;
  3005 : 17;
  3006 : 19;
  [3007..3008] : 1A;
  3009 : 15;
  3010 : 14;
  3011 : 15;
  3012 : 16;
  3013 : 17;
  3014 : 18;
  3015 : 16;
  [3016..3019] : 15;
  [3020..3021] : 13;
  [3022..3025] : 14;
  3026 : 18;
  3027 : 15;
  3028 : 14;
  [3029..3030] : 13;
  3031 : 14;
  3032 : 13;
  3033 : 12;
  [3034..3035] : 11;
  3036 : 10;
  3037 : 0F;
  3038 : 0E;
  [3039..3040] : 0D;
  3041 : 0C;
  3042 : 0D;
  3043 : 0E;
  [3044..3045] : 0F;
  [3046..3047] : 11;
  [3048..3050] : 10;
  3051 : 0F;
  3052 : 10;
  [3053..3054] : 0C;
  3055 : 0D;
  3056 : 0C;
  [3057..3058] : 0B;
  3059 : 0C;
  3060 : 0E;
  3061 : 10;
  [3062..3063] : 0D;
  [3064..3069] : 0E;
  [3070..3071] : 0D;
  3072 : 0C;
  [3073..3077] : 0B;
  3078 : 0D;
  3079 : 0C;
  [3080..3082] : 0A;
  3083 : 0B;
  [3084..3089] : 0A;
  3090 : 0B;
  [3091..3092] : 0A;
  [3093..3096] : 0B;
  3097 : 0C;
  [3098..3101] : 0B;
  3102 : 0D;
  3103 : 0B;
  3104 : 0A;
  [3105..3106] : 0B;
  [3107..3112] : 0C;
  3113 : 0D;
  3114 : 0C;
  3115 : 0D;
  3116 : 0E;
  3117 : 0D;
  [3118..3119] : 0C;
  [3120..3127] : 0B;
  3128 : 0C;
  3129 : 0D;
  3130 : 0F;
  [3131..3132] : 0E;
  3133 : 0F;
  3134 : 10;
  3135 : 11;
  3136 : 12;
  [3137..3139] : 13;
  3140 : 14;
  3141 : 13;
  3142 : 12;
  [3143..3144] : 11;
  [3145..3147] : 10;
  [3148..3150] : 0F;
  [3151..3153] : 0E;
  3154 : 0F;
  3155 : 10;
  3156 : 0F;
  3157 : 10;
  3158 : 13;
  3159 : 11;
  3160 : 10;
  3161 : 11;
  3162 : 12;
  [3163..3164] : 11;
  [3165..3166] : 14;
  3167 : 11;
  3168 : 10;
  3169 : 11;
  3170 : 12;
  [3171..3172] : 10;
  3173 : 12;
  [3174..3175] : 13;
  [3176..3178] : 11;
  3179 : 15;
  3180 : 12;
  3181 : 11;
  [3182..3186] : 10;
  3187 : 11;
  [3188..3189] : 0F;
  [3190..3209] : 80;
  3210 : 53;
  3211 : 21;
  3212 : 25;
  3213 : 24;
  3214 : 23;
  3215 : 24;
  [3216..3219] : 22;
  [3220..3221] : 21;
  [3222..3226] : 20;
  3227 : 1F;
  [3228..3230] : 20;
  [3231..3232] : 22;
  3233 : 20;
  [3234..3235] : 1F;
  3236 : 1E;
  [3237..3238] : 1F;
  3239 : 1E;
  [3240..3241] : 1F;
  [3242..3243] : 20;
  [3244..3245] : 21;
  [3246..3248] : 20;
  [3249..3250] : 21;
  3251 : 20;
  3252 : 1F;
  [3253..3254] : 21;
  3255 : 1F;
  [3256..3257] : 1D;
  3258 : 1C;
  3259 : 1D;
  3260 : 1B;
  3261 : 1A;
  3262 : 19;
  3263 : 1B;
  3264 : 1A;
  3265 : 19;
  3266 : 18;
  3267 : 1A;
  [3268..3270] : 18;
  [3271..3272] : 16;
  [3273..3275] : 15;
  3276 : 14;
  [3277..3278] : 13;
  3279 : 12;
  3280 : 11;
  3281 : 12;
  3282 : 13;
  [3283..3285] : 11;
  3286 : 10;
  [3287..3288] : 0F;
  3289 : 0E;
  3290 : 0D;
  3291 : 0E;
  3292 : 11;
  3293 : 0F;
  3294 : 0E;
  [3295..3298] : 0D;
  3299 : 0E;
  3300 : 0D;
  [3301..3302] : 0C;
  [3303..3304] : 10;
  3305 : 0E;
  [3306..3309] : 0D;
  3310 : 0B;
  3311 : 0A;
  3312 : 0B;
  3313 : 0C;
  [3314..3317] : 0A;
  [3318..3319] : 0B;
  [3320..3321] : 0A;
  3322 : 0B;
  [3323..3325] : 0A;
  [3326..3329] : 0B;
  3330 : 0A;
  [3331..3333] : 0B;
  [3334..3336] : 0C;
  3337 : 0B;
  3338 : 0C;
  [3339..3341] : 0B;
  3342 : 0D;
  3343 : 0C;
  [3344..3346] : 0B;
  3347 : 0C;
  3348 : 0B;
  3349 : 0A;
  3350 : 0B;
  3351 : 0C;
  3352 : 0B;
  [3353..3355] : 0A;
  3356 : 09;
  3357 : 08;
  3358 : 09;
  3359 : 0A;
  [3360..3361] : 09;
  [3362..3365] : 08;
  3366 : 0A;
  [3367..3368] : 09;
  [3369..3370] : 08;
  [3371..3372] : 07;
  [3373..3379] : 06;
  [3380..3382] : 08;
  3383 : 07;
  [3384..3385] : 08;
  3386 : 09;
  [3387..3391] : 08;
  [3392..3394] : 07;
  [3395..3399] : 06;
  [3400..3405] : 05;
  [3406..3411] : 06;
  [3412..3414] : 07;
  [3415..3417] : 08;
  [3418..3419] : 07;
  [3420..3422] : 06;
  3423 : 07;
  3424 : 06;
  3425 : 07;
  [3426..3429] : 08;
  [3430..3432] : 09;
  [3433..3436] : 08;
  [3437..3438] : 07;
  3439 : 08;
  [3440..3443] : 07;
  3444 : 08;
  [3445..3447] : 09;
  3448 : 0A;
  [3449..3450] : 09;
  [3451..3456] : 08;
  3457 : 09;
  3458 : 0A;
  3459 : 0B;
  3460 : 0C;
  3461 : 0B;
  3462 : 0A;
  [3463..3470] : 0B;
  3471 : 0A;
  3472 : 0B;
  3473 : 0A;
  3474 : 0B;
  [3475..3476] : 0C;
  [3477..3478] : 0D;
  [3479..3480] : 0E;
  3481 : 10;
  3482 : 11;
  [3483..3486] : 10;
  3487 : 0F;
  3488 : 0D;
  [3489..3494] : 0C;
  [3495..3496] : 0D;
  3497 : 0C;
  3498 : 0D;
  3499 : 0F;
  [3500..3502] : 10;
  3503 : 0F;
  3504 : 10;
  3505 : 11;
  3506 : 12;
  3507 : 10;
  3508 : 0D;
  3509 : 0E;
  [3510..3529] : 80;
  3530 : 4E;
  3531 : 15;
  3532 : 17;
  [3533..3535] : 15;
  [3536..3543] : 14;
  3544 : 15;
  3545 : 14;
  [3546..3549] : 13;
  3550 : 12;
  3551 : 13;
  [3552..3553] : 14;
  3554 : 12;
  [3555..3556] : 11;
  [3557..3559] : 12;
  3560 : 11;
  [3561..3563] : 12;
  3564 : 15;
  3565 : 13;
  3566 : 11;
  [3567..3569] : 12;
  3570 : 13;
  3571 : 14;
  3572 : 13;
  3573 : 12;
  3574 : 13;
  3575 : 12;
  [3576..3578] : 11;
  3579 : 12;
  [3580..3581] : 11;
  3582 : 12;
  [3583..3585] : 13;
  3586 : 14;
  3587 : 12;
  3588 : 10;
  [3589..3590] : 0F;
  [3591..3593] : 0E;
  [3594..3597] : 0D;
  [3598..3599] : 0C;
  [3600..3601] : 0D;
  3602 : 0C;
  [3603..3604] : 0A;
  [3605..3607] : 0B;
  3608 : 0A;
  [3609..3611] : 09;
  [3612..3614] : 0A;
  3615 : 09;
  3616 : 0A;
  3617 : 0B;
  3618 : 0C;
  3619 : 0D;
  [3620..3622] : 0F;
  3623 : 10;
  3624 : 0F;
  3625 : 10;
  [3626..3628] : 0E;
  3629 : 0B;
  3630 : 0A;
  [3631..3634] : 0C;
  3635 : 0B;
  [3636..3638] : 0C;
  3639 : 0E;
  3640 : 0B;
  3641 : 09;
  3642 : 0A;
  [3643..3644] : 0B;
  3645 : 0A;
  3646 : 09;
  [3647..3649] : 08;
  3650 : 07;
  3651 : 09;
  3652 : 08;
  3653 : 07;
  [3654..3658] : 08;
  3659 : 09;
  [3660..3661] : 08;
  3662 : 09;
  3663 : 08;
  [3664..3666] : 09;
  3667 : 08;
  [3668..3678] : 07;
  [3679..3680] : 06;
  [3681..3688] : 07;
  [3689..3692] : 06;
  [3693..3694] : 05;
  [3695..3696] : 06;
  [3697..3699] : 07;
  [3700..3702] : 08;
  [3703..3706] : 09;
  [3707..3708] : 0A;
  [3709..3712] : 09;
  3713 : 0A;
  [3714..3715] : 09;
  3716 : 0A;
  [3717..3718] : 09;
  3719 : 0A;
  [3720..3722] : 09;
  3723 : 08;
  3724 : 09;
  [3725..3726] : 08;
  [3727..3728] : 09;
  [3729..3733] : 08;
  [3734..3736] : 07;
  [3737..3742] : 08;
  [3743..3749] : 07;
  [3750..3751] : 08;
  [3752..3756] : 07;
  [3757..3758] : 06;
  [3759..3761] : 07;
  3762 : 06;
  [3763..3764] : 07;
  [3765..3766] : 08;
  [3767..3769] : 09;
  3770 : 08;
  [3771..3773] : 07;
  [3774..3775] : 06;
  3776 : 07;
  [3777..3781] : 08;
  3782 : 07;
  [3783..3784] : 06;
  3785 : 05;
  [3786..3790] : 06;
  3791 : 07;
  3792 : 08;
  [3793..3794] : 07;
  3795 : 08;
  3796 : 09;
  3797 : 08;
  3798 : 0A;
  [3799..3801] : 0B;
  [3802..3804] : 0C;
  3805 : 0B;
  3806 : 0A;
  3807 : 09;
  3808 : 08;
  [3809..3818] : 07;
  3819 : 08;
  3820 : 07;
  3821 : 06;
  3822 : 07;
  3823 : 06;
  3824 : 07;
  [3825..3829] : 08;
  [3830..3849] : 80;
  3850 : 47;
  3851 : 07;
  3852 : 0A;
  3853 : 08;
  3854 : 07;
  [3855..3856] : 06;
  3857 : 05;
  [3858..3860] : 04;
  3861 : 05;
  3862 : 07;
  3863 : 08;
  3864 : 0A;
  3865 : 09;
  3866 : 0A;
  3867 : 09;
  [3868..3871] : 08;
  [3872..3875] : 09;
  3876 : 08;
  3877 : 09;
  [3878..3879] : 08;
  [3880..3882] : 07;
  3883 : 08;
  3884 : 0A;
  3885 : 08;
  [3886..3887] : 07;
  [3888..3889] : 08;
  [3890..3891] : 07;
  3892 : 08;
  [3893..3898] : 07;
  3899 : 08;
  [3900..3902] : 09;
  3903 : 0A;
  3904 : 0B;
  3905 : 0C;
  3906 : 0D;
  3907 : 0C;
  3908 : 0A;
  3909 : 09;
  3910 : 08;
  [3911..3915] : 09;
  [3916..3919] : 08;
  3920 : 09;
  3921 : 08;
  3922 : 07;
  [3923..3924] : 06;
  [3925..3932] : 07;
  [3933..3934] : 06;
  [3935..3936] : 07;
  [3937..3938] : 08;
  [3939..3940] : 09;
  3941 : 0A;
  [3942..3943] : 0B;
  [3944..3946] : 0D;
  3947 : 0E;
  [3948..3949] : 0D;
  [3950..3956] : 0C;
  3957 : 0D;
  3958 : 0E;
  3959 : 0D;
  3960 : 0C;
  [3961..3962] : 0B;
  [3963..3964] : 0C;
  3965 : 0B;
  3966 : 09;
  3967 : 07;
  [3968..3969] : 08;
  3970 : 07;
  [3971..3978] : 08;
  3979 : 09;
  [3980..3981] : 08;
  [3982..3985] : 09;
  [3986..3991] : 08;
  [3992..3993] : 09;
  3994 : 0A;
  3995 : 0B;
  3996 : 0C;
  [3997..3999] : 0D;
  4000 : 0E;
  [4001..4002] : 0F;
  4003 : 0C;
  4004 : 0B;
  4005 : 09;
  4006 : 0B;
  4007 : 0C;
  4008 : 0A;
  4009 : 09;
  4010 : 0A;
  [4011..4012] : 0B;
  [4013..4014] : 0D;
  [4015..4016] : 0F;
  [4017..4018] : 0E;
  4019 : 0C;
  [4020..4023] : 0D;
  [4024..4030] : 0E;
  4031 : 0D;
  [4032..4033] : 0F;
  [4034..4035] : 0E;
  4036 : 0F;
  4037 : 0E;
  4038 : 0D;
  4039 : 0E;
  4040 : 0D;
  [4041..4043] : 0C;
  4044 : 0B;
  [4045..4047] : 0A;
  4048 : 09;
  [4049..4050] : 0A;
  [4051..4052] : 09;
  4053 : 08;
  [4054..4056] : 07;
  4057 : 06;
  [4058..4059] : 07;
  [4060..4061] : 06;
  [4062..4067] : 05;
  [4068..4069] : 06;
  4070 : 07;
  4071 : 05;
  [4072..4079] : 06;
  4080 : 05;
  [4081..4085] : 06;
  [4086..4089] : 07;
  4090 : 08;
  4091 : 07;
  4092 : 08;
  4093 : 09;
  [4094..4098] : 07;
  4099 : 09;
  [4100..4102] : 07;
  4103 : 05;
  4104 : 04;
  [4105..4110] : 05;
  4111 : 04;
  [4112..4117] : 05;
  [4118..4120] : 06;
  [4121..4122] : 07;
  4123 : 09;
  4124 : 08;
  [4125..4127] : 07;
  4128 : 08;
  4129 : 09;
  [4130..4136] : 0B;
  4137 : 09;
  [4138..4139] : 08;
  4140 : 07;
  [4141..4142] : 06;
  4143 : 05;
  4144 : 06;
  4145 : 08;
  4146 : 09;
  4147 : 08;
  4148 : 09;
  4149 : 0A;
  [4150..4169] : 80;
  4170 : 47;
  4171 : 0A;
  [4172..4173] : 0E;
  4174 : 11;
  4175 : 17;
  4176 : 19;
  4177 : 1A;
  4178 : 17;
  4179 : 18;
  4180 : 1D;
  4181 : 1E;
  4182 : 20;
  4183 : 1F;
  4184 : 1D;
  4185 : 1E;
  4186 : 22;
  [4187..4188] : 24;
  [4189..4190] : 23;
  4191 : 25;
  4192 : 26;
  4193 : 25;
  4194 : 22;
  [4195..4196] : 20;
  4197 : 22;
  4198 : 21;
  [4199..4200] : 1F;
  4201 : 1D;
  4202 : 1C;
  4203 : 1E;
  4204 : 1B;
  4205 : 19;
  4206 : 17;
  4207 : 14;
  4208 : 11;
  4209 : 12;
  4210 : 10;
  4211 : 0F;
  [4212..4213] : 10;
  4214 : 12;
  4215 : 13;
  [4216..4217] : 11;
  [4218..4220] : 12;
  [4221..4222] : 13;
  4223 : 14;
  4224 : 17;
  4225 : 19;
  [4226..4228] : 18;
  [4229..4230] : 16;
  4231 : 17;
  4232 : 18;
  4233 : 1A;
  4234 : 19;
  4235 : 1A;
  4236 : 19;
  4237 : 17;
  4238 : 15;
  4239 : 14;
  4240 : 13;
  4241 : 11;
  4242 : 0F;
  4243 : 12;
  4244 : 10;
  4245 : 11;
  4246 : 10;
  4247 : 0F;
  4248 : 0E;
  4249 : 10;
  4250 : 0E;
  4251 : 0C;
  [4252..4253] : 0A;
  [4254..4258] : 0B;
  [4259..4263] : 0A;
  4264 : 0C;
  4265 : 0B;
  [4266..4267] : 0C;
  4268 : 0D;
  [4269..4270] : 0E;
  4271 : 0F;
  4272 : 11;
  4273 : 12;
  4274 : 13;
  [4275..4276] : 14;
  [4277..4278] : 16;
  4279 : 15;
  [4280..4284] : 12;
  4285 : 13;
  [4286..4289] : 10;
  [4290..4291] : 11;
  4292 : 14;
  4293 : 13;
  [4294..4295] : 11;
  4296 : 10;
  4297 : 11;
  [4298..4299] : 10;
  [4300..4301] : 0F;
  [4302..4305] : 0D;
  4306 : 0C;
  4307 : 0E;
  [4308..4309] : 0D;
  4310 : 0E;
  4311 : 10;
  4312 : 12;
  4313 : 10;
  4314 : 16;
  4315 : 1A;
  4316 : 1D;
  [4317..4318] : 1E;
  4319 : 1F;
  4320 : 21;
  4321 : 23;
  4322 : 22;
  4323 : 20;
  [4324..4325] : 1F;
  [4326..4327] : 1E;
  4328 : 1B;
  [4329..4330] : 19;
  4331 : 1A;
  4332 : 1B;
  4333 : 19;
  4334 : 18;
  4335 : 17;
  4336 : 16;
  4337 : 13;
  4338 : 11;
  4339 : 0D;
  4340 : 0C;
  4341 : 0B;
  4342 : 0C;
  4343 : 0B;
  [4344..4345] : 0D;
  4346 : 0C;
  4347 : 0D;
  [4348..4353] : 0E;
  4354 : 0D;
  [4355..4356] : 0C;
  4357 : 0B;
  4358 : 0C;
  [4359..4361] : 0E;
  [4362..4363] : 0D;
  4364 : 0C;
  4365 : 0D;
  4366 : 11;
  4367 : 12;
  [4368..4370] : 13;
  4371 : 12;
  4372 : 10;
  4373 : 0C;
  4374 : 0A;
  4375 : 0B;
  [4376..4377] : 0A;
  [4378..4379] : 0B;
  [4380..4382] : 0C;
  4383 : 0B;
  [4384..4386] : 09;
  4387 : 0A;
  [4388..4392] : 08;
  [4393..4394] : 09;
  4395 : 0A;
  [4396..4399] : 09;
  4400 : 07;
  4401 : 06;
  [4402..4403] : 05;
  4404 : 04;
  [4405..4407] : 06;
  4408 : 07;
  4409 : 06;
  [4410..4411] : 05;
  [4412..4413] : 06;
  4414 : 07;
  [4415..4416] : 08;
  4417 : 07;
  [4418..4422] : 08;
  [4423..4424] : 07;
  [4425..4426] : 09;
  4427 : 0A;
  [4428..4431] : 0B;
  4432 : 0A;
  [4433..4434] : 09;
  [4435..4437] : 08;
  4438 : 0A;
  [4439..4440] : 0B;
  4441 : 0D;
  4442 : 0F;
  4443 : 12;
  4444 : 14;
  4445 : 13;
  [4446..4447] : 12;
  4448 : 11;
  4449 : 13;
  [4450..4451] : 15;
  [4452..4454] : 16;
  4455 : 14;
  4456 : 13;
  4457 : 12;
  [4458..4459] : 11;
  4460 : 12;
  4461 : 13;
  4462 : 12;
  4463 : 10;
  4464 : 12;
  4465 : 14;
  4466 : 16;
  4467 : 15;
  [4468..4469] : 16;
  [4470..4489] : 80;
  4490 : 54;
  4491 : 21;
  4492 : 26;
  4493 : 29;
  4494 : 2D;
  4495 : 33;
  [4496..4497] : 35;
  4498 : 32;
  4499 : 36;
  4500 : 38;
  4501 : 3A;
  4502 : 39;
  4503 : 36;
  4504 : 30;
  4505 : 2E;
  4506 : 2D;
  4507 : 2B;
  4508 : 2A;
  4509 : 26;
  4510 : 24;
  4511 : 23;
  4512 : 22;
  4513 : 20;
  4514 : 1D;
  [4515..4516] : 1B;
  [4517..4519] : 19;
  4520 : 1A;
  4521 : 1C;
  4522 : 1D;
  [4523..4524] : 1C;
  4525 : 1D;
  [4526..4527] : 1E;
  [4528..4529] : 1D;
  4530 : 1E;
  [4531..4533] : 20;
  4534 : 23;
  4535 : 25;
  4536 : 28;
  4537 : 2A;
  4538 : 2B;
  [4539..4541] : 2A;
  4542 : 26;
  4543 : 25;
  4544 : 22;
  4545 : 1E;
  4546 : 19;
  4547 : 15;
  4548 : 13;
  [4549..4550] : 10;
  [4551..4552] : 0F;
  [4553..4554] : 10;
  4555 : 0F;
  [4556..4557] : 0E;
  [4558..4560] : 0D;
  4561 : 0E;
  4562 : 0F;
  4563 : 10;
  [4564..4565] : 12;
  4566 : 13;
  4567 : 15;
  4568 : 16;
  4569 : 18;
  [4570..4572] : 1A;
  4573 : 1D;
  4574 : 20;
  [4575..4578] : 21;
  [4579..4581] : 20;
  4582 : 1F;
  [4583..4584] : 1E;
  4585 : 1F;
  4586 : 21;
  4587 : 22;
  4588 : 23;
  [4589..4590] : 24;
  4591 : 25;
  4592 : 26;
  4593 : 25;
  4594 : 24;
  [4595..4596] : 26;
  4597 : 27;
  4598 : 23;
  4599 : 1D;
  4600 : 1B;
  4601 : 19;
  4602 : 15;
  4603 : 11;
  4604 : 0D;
  [4605..4606] : 0B;
  4607 : 0A;
  [4608..4609] : 09;
  4610 : 0A;
  [4611..4615] : 09;
  4616 : 0B;
  4617 : 0E;
  4618 : 0F;
  4619 : 11;
  4620 : 13;
  [4621..4622] : 14;
  4623 : 15;
  4624 : 17;
  4625 : 19;
  4626 : 1B;
  4627 : 1D;
  4628 : 20;
  4629 : 22;
  4630 : 23;
  4631 : 22;
  4632 : 21;
  4633 : 1E;
  4634 : 1C;
  4635 : 1B;
  4636 : 19;
  4637 : 1A;
  4638 : 1E;
  4639 : 1D;
  4640 : 19;
  4641 : 15;
  4642 : 13;
  4643 : 11;
  [4644..4645] : 10;
  4646 : 0E;
  [4647..4649] : 0D;
  4650 : 0F;
  4651 : 11;
  4652 : 14;
  4653 : 17;
  4654 : 19;
  4655 : 1A;
  [4656..4659] : 1D;
  [4660..4661] : 1E;
  4662 : 1D;
  [4663..4666] : 1E;
  4667 : 1D;
  4668 : 1E;
  4669 : 20;
  4670 : 1F;
  4671 : 19;
  4672 : 12;
  [4673..4674] : 11;
  4675 : 0E;
  4676 : 08;
  4677 : 05;
  [4678..4680] : 06;
  4681 : 07;
  4682 : 06;
  4683 : 07;
  [4684..4685] : 08;
  4686 : 0C;
  4687 : 0F;
  4688 : 13;
  4689 : 17;
  4690 : 1B;
  [4691..4692] : 1E;
  4693 : 1D;
  4694 : 20;
  [4695..4696] : 1F;
  4697 : 1E;
  [4698..4699] : 20;
  4700 : 22;
  4701 : 24;
  4702 : 26;
  4703 : 27;
  4704 : 29;
  [4705..4706] : 27;
  [4707..4708] : 26;
  [4709..4710] : 29;
  4711 : 2A;
  4712 : 2C;
  4713 : 2D;
  4714 : 2E;
  [4715..4716] : 30;
  4717 : 2F;
  [4718..4719] : 2E;
  4720 : 2C;
  4721 : 29;
  4722 : 25;
  4723 : 21;
  4724 : 17;
  4725 : 0E;
  [4726..4727] : 0A;
  4728 : 0D;
  4729 : 0B;
  4730 : 07;
  4731 : 06;
  4732 : 05;
  [4733..4739] : 06;
  [4740..4741] : 07;
  4742 : 09;
  4743 : 0D;
  4744 : 13;
  4745 : 19;
  4746 : 1C;
  4747 : 1E;
  4748 : 21;
  [4749..4750] : 22;
  4751 : 24;
  [4752..4753] : 23;
  4754 : 25;
  4755 : 27;
  4756 : 29;
  4757 : 28;
  4758 : 29;
  4759 : 2C;
  4760 : 2D;
  4761 : 2E;
  4762 : 31;
  4763 : 2C;
  4764 : 21;
  4765 : 1C;
  [4766..4767] : 18;
  4768 : 16;
  4769 : 11;
  4770 : 0B;
  4771 : 0A;
  4772 : 09;
  4773 : 08;
  4774 : 07;
  [4775..4778] : 06;
  4779 : 07;
  4780 : 0A;
  4781 : 0E;
  4782 : 15;
  4783 : 1F;
  4784 : 27;
  4785 : 2C;
  [4786..4787] : 2D;
  4788 : 2B;
  4789 : 2A;
  [4790..4809] : 80;
  4810 : 62;
  4811 : 34;
  4812 : 37;
  [4813..4814] : 38;
  4815 : 3A;
  4816 : 39;
  4817 : 37;
  4818 : 30;
  4819 : 22;
  4820 : 17;
  4821 : 13;
  4822 : 12;
  4823 : 11;
  4824 : 0E;
  4825 : 0D;
  4826 : 0C;
  4827 : 0A;
  [4828..4829] : 09;
  [4830..4832] : 08;
  [4833..4835] : 09;
  4836 : 0A;
  [4837..4838] : 0B;
  4839 : 0C;
  4840 : 11;
  4841 : 17;
  4842 : 1F;
  4843 : 23;
  4844 : 25;
  4845 : 28;
  4846 : 2B;
  4847 : 2D;
  4848 : 2E;
  4849 : 30;
  4850 : 33;
  4851 : 34;
  4852 : 35;
  [4853..4854] : 36;
  4855 : 39;
  4856 : 3D;
  [4857..4858] : 3E;
  4859 : 3C;
  4860 : 36;
  4861 : 2C;
  4862 : 1C;
  4863 : 14;
  4864 : 15;
  4865 : 0D;
  4866 : 09;
  [4867..4872] : 07;
  [4873..4874] : 08;
  4875 : 09;
  4876 : 0A;
  4877 : 0C;
  4878 : 0E;
  4879 : 0F;
  4880 : 12;
  4881 : 15;
  4882 : 1B;
  4883 : 21;
  4884 : 25;
  4885 : 27;
  4886 : 2A;
  4887 : 2D;
  4888 : 2F;
  4889 : 30;
  4890 : 32;
  4891 : 34;
  4892 : 36;
  4893 : 39;
  4894 : 3B;
  4895 : 3C;
  [4896..4897] : 3D;
  4898 : 3E;
  4899 : 41;
  4900 : 40;
  4901 : 3F;
  4902 : 40;
  [4903..4904] : 41;
  4905 : 40;
  4906 : 41;
  4907 : 45;
  4908 : 46;
  4909 : 47;
  [4910..4911] : 46;
  4912 : 45;
  [4913..4914] : 44;
  4915 : 43;
  4916 : 3E;
  4917 : 35;
  4918 : 21;
  4919 : 13;
  4920 : 0F;
  4921 : 0D;
  4922 : 0B;
  4923 : 06;
  [4924..4925] : 05;
  [4926..4930] : 04;
  4931 : 05;
  4932 : 06;
  4933 : 07;
  4934 : 09;
  4935 : 0B;
  4936 : 0D;
  4937 : 13;
  4938 : 1B;
  4939 : 23;
  4940 : 26;
  4941 : 27;
  4942 : 2A;
  4943 : 2C;
  4944 : 2B;
  4945 : 2E;
  4946 : 31;
  4947 : 34;
  4948 : 38;
  [4949..4950] : 3B;
  4951 : 3C;
  4952 : 39;
  4953 : 37;
  4954 : 31;
  4955 : 25;
  4956 : 1B;
  4957 : 19;
  4958 : 1D;
  4959 : 17;
  4960 : 10;
  4961 : 0E;
  4962 : 0B;
  [4963..4964] : 09;
  [4965..4969] : 08;
  4970 : 0B;
  4971 : 0F;
  4972 : 0E;
  4973 : 13;
  4974 : 1A;
  4975 : 1F;
  4976 : 23;
  4977 : 25;
  4978 : 27;
  4979 : 2C;
  4980 : 2E;
  4981 : 31;
  [4982..4983] : 32;
  4984 : 31;
  4985 : 30;
  4986 : 31;
  4987 : 32;
  [4988..4989] : 31;
  4990 : 2B;
  4991 : 1C;
  4992 : 12;
  [4993..4994] : 0F;
  4995 : 0D;
  4996 : 06;
  [4997..4999] : 05;
  [5000..5001] : 04;
  5002 : 05;
  5003 : 04;
  5004 : 05;
  [5005..5006] : 06;
  5007 : 0A;
  5008 : 0D;
  5009 : 11;
  5010 : 18;
  5011 : 22;
  5012 : 28;
  5013 : 2C;
  5014 : 2F;
  5015 : 31;
  5016 : 33;
  5017 : 34;
  5018 : 35;
  5019 : 36;
  5020 : 37;
  [5021..5022] : 39;
  5023 : 3B;
  5024 : 3E;
  [5025..5026] : 40;
  5027 : 43;
  [5028..5029] : 42;
  5030 : 40;
  [5031..5034] : 42;
  [5035..5036] : 44;
  5037 : 43;
  5038 : 42;
  5039 : 3F;
  5040 : 41;
  5041 : 3F;
  5042 : 3A;
  5043 : 32;
  5044 : 23;
  5045 : 12;
  [5046..5048] : 0E;
  5049 : 0B;
  5050 : 08;
  5051 : 06;
  [5052..5054] : 05;
  5055 : 04;
  5056 : 05;
  [5057..5061] : 04;
  5062 : 06;
  5063 : 0B;
  5064 : 16;
  5065 : 21;
  5066 : 25;
  5067 : 29;
  [5068..5069] : 2B;
  5070 : 2D;
  5071 : 30;
  5072 : 31;
  5073 : 33;
  5074 : 35;
  5075 : 37;
  [5076..5077] : 38;
  5078 : 3C;
  5079 : 40;
  [5080..5081] : 43;
  5082 : 41;
  5083 : 35;
  5084 : 28;
  5085 : 1F;
  5086 : 14;
  5087 : 12;
  5088 : 15;
  5089 : 0F;
  5090 : 0A;
  5091 : 07;
  5092 : 05;
  [5093..5094] : 04;
  [5095..5096] : 03;
  [5097..5098] : 04;
  5099 : 05;
  5100 : 08;
  5101 : 0C;
  5102 : 14;
  5103 : 23;
  5104 : 30;
  5105 : 37;
  5106 : 36;
  5107 : 35;
  5108 : 31;
  5109 : 2D;
  [5110..5129] : 80;
  5130 : 6C;
  5131 : 41;
  5132 : 44;
  5133 : 42;
  5134 : 40;
  [5135..5136] : 41;
  5137 : 3E;
  5138 : 30;
  5139 : 19;
  5140 : 0E;
  5141 : 0A;
  5142 : 08;
  5143 : 06;
  5144 : 05;
  [5145..5146] : 04;
  [5147..5149] : 05;
  5150 : 04;
  5151 : 05;
  5152 : 06;
  5153 : 05;
  [5154..5155] : 06;
  5156 : 07;
  [5157..5158] : 09;
  5159 : 0B;
  5160 : 0F;
  5161 : 19;
  5162 : 21;
  5163 : 26;
  5164 : 29;
  5165 : 2C;
  5166 : 2F;
  5167 : 32;
  5168 : 33;
  5169 : 36;
  5170 : 38;
  5171 : 3B;
  5172 : 3D;
  5173 : 3E;
  5174 : 3F;
  5175 : 40;
  [5176..5178] : 41;
  5179 : 3E;
  5180 : 36;
  5181 : 24;
  5182 : 15;
  5183 : 10;
  5184 : 0F;
  5185 : 09;
  5186 : 08;
  5187 : 07;
  [5188..5190] : 06;
  [5191..5194] : 07;
  5195 : 08;
  5196 : 0B;
  5197 : 10;
  [5198..5199] : 14;
  5200 : 16;
  5201 : 1B;
  5202 : 21;
  5203 : 27;
  5204 : 2A;
  5205 : 2C;
  5206 : 2F;
  5207 : 31;
  5208 : 33;
  5209 : 34;
  5210 : 35;
  5211 : 37;
  5212 : 39;
  5213 : 3A;
  5214 : 39;
  5215 : 3A;
  5216 : 3D;
  [5217..5218] : 3E;
  5219 : 40;
  5220 : 3E;
  5221 : 3F;
  5222 : 40;
  5223 : 41;
  [5224..5225] : 40;
  5226 : 41;
  5227 : 42;
  5228 : 41;
  5229 : 42;
  [5230..5231] : 44;
  5232 : 42;
  5233 : 43;
  [5234..5235] : 42;
  5236 : 3E;
  5237 : 2F;
  5238 : 1B;
  5239 : 10;
  5240 : 0D;
  5241 : 0B;
  5242 : 07;
  5243 : 05;
  5244 : 03;
  [5245..5246] : 04;
  [5247..5249] : 03;
  [5250..5251] : 04;
  5252 : 05;
  5253 : 06;
  5254 : 09;
  5255 : 0C;
  5256 : 0E;
  5257 : 12;
  5258 : 1C;
  5259 : 24;
  5260 : 27;
  5261 : 2B;
  5262 : 2C;
  5263 : 2D;
  5264 : 2E;
  5265 : 30;
  5266 : 33;
  5267 : 35;
  5268 : 37;
  5269 : 39;
  5270 : 3A;
  [5271..5272] : 3C;
  5273 : 3B;
  5274 : 33;
  5275 : 23;
  5276 : 1A;
  5277 : 18;
  5278 : 16;
  5279 : 0E;
  5280 : 09;
  [5281..5282] : 08;
  [5283..5287] : 06;
  [5288..5289] : 07;
  5290 : 0B;
  5291 : 0F;
  5292 : 0E;
  5293 : 11;
  5294 : 1A;
  5295 : 22;
  5296 : 25;
  5297 : 26;
  5298 : 2A;
  5299 : 2E;
  5300 : 30;
  5301 : 32;
  [5302..5304] : 33;
  5305 : 32;
  5306 : 31;
  5307 : 32;
  5308 : 31;
  5309 : 2F;
  5310 : 28;
  5311 : 19;
  5312 : 11;
  5313 : 0E;
  5314 : 0D;
  5315 : 08;
  5316 : 05;
  [5317..5322] : 04;
  [5323..5324] : 03;
  [5325..5326] : 04;
  5327 : 07;
  5328 : 0B;
  5329 : 0D;
  5330 : 15;
  5331 : 20;
  5332 : 25;
  5333 : 29;
  5334 : 2C;
  5335 : 2E;
  5336 : 2F;
  5337 : 31;
  5338 : 32;
  5339 : 33;
  [5340..5342] : 34;
  5343 : 35;
  5344 : 37;
  [5345..5346] : 39;
  5347 : 3C;
  [5348..5349] : 3E;
  5350 : 3D;
  5351 : 3F;
  5352 : 3E;
  [5353..5355] : 3D;
  5356 : 3A;
  5357 : 39;
  5358 : 3A;
  [5359..5361] : 3B;
  5362 : 39;
  5363 : 32;
  5364 : 22;
  5365 : 12;
  5366 : 0F;
  5367 : 10;
  5368 : 11;
  5369 : 0D;
  5370 : 08;
  [5371..5372] : 05;
  5373 : 04;
  [5374..5381] : 03;
  5382 : 06;
  5383 : 0B;
  5384 : 18;
  5385 : 26;
  5386 : 2A;
  5387 : 2C;
  5388 : 2D;
  5389 : 2E;
  5390 : 30;
  5391 : 32;
  5392 : 33;
  5393 : 35;
  5394 : 36;
  5395 : 35;
  5396 : 37;
  5397 : 39;
  5398 : 3C;
  5399 : 3F;
  5400 : 42;
  5401 : 43;
  5402 : 40;
  5403 : 31;
  5404 : 1F;
  5405 : 11;
  5406 : 0D;
  5407 : 0F;
  5408 : 10;
  5409 : 0B;
  5410 : 06;
  5411 : 04;
  5412 : 03;
  [5413..5415] : 02;
  5416 : 03;
  5417 : 02;
  5418 : 03;
  5419 : 05;
  5420 : 09;
  5421 : 0F;
  5422 : 17;
  5423 : 25;
  5424 : 35;
  5425 : 38;
  5426 : 35;
  5427 : 30;
  5428 : 2C;
  5429 : 28;
  [5430..5449] : 80;
  5450 : 6E;
  5451 : 45;
  5452 : 47;
  5453 : 44;
  5454 : 42;
  5455 : 41;
  5456 : 3F;
  5457 : 3C;
  5458 : 2F;
  5459 : 17;
  5460 : 0D;
  5461 : 09;
  5462 : 07;
  5463 : 06;
  5464 : 05;
  [5465..5467] : 04;
  5468 : 03;
  [5469..5473] : 04;
  [5474..5475] : 05;
  5476 : 07;
  5477 : 08;
  5478 : 09;
  5479 : 0A;
  5480 : 0D;
  5481 : 17;
  5482 : 21;
  5483 : 26;
  5484 : 29;
  5485 : 2C;
  5486 : 30;
  5487 : 32;
  5488 : 35;
  5489 : 36;
  5490 : 39;
  [5491..5492] : 3C;
  5493 : 3D;
  5494 : 3E;
  5495 : 3F;
  [5496..5498] : 40;
  5499 : 3C;
  5500 : 34;
  5501 : 1F;
  5502 : 13;
  5503 : 0E;
  5504 : 0A;
  5505 : 07;
  [5506..5507] : 06;
  [5508..5514] : 05;
  5515 : 06;
  5516 : 08;
  5517 : 0E;
  5518 : 12;
  [5519..5520] : 14;
  5521 : 19;
  5522 : 22;
  5523 : 28;
  5524 : 29;
  5525 : 2C;
  5526 : 2E;
  5527 : 30;
  5528 : 32;
  5529 : 34;
  5530 : 33;
  5531 : 34;
  [5532..5534] : 36;
  [5535..5536] : 37;
  [5537..5538] : 38;
  5539 : 3A;
  5540 : 39;
  5541 : 3D;
  5542 : 3F;
  5543 : 40;
  [5544..5545] : 3F;
  5546 : 3E;
  [5547..5548] : 3F;
  5549 : 3C;
  5550 : 3D;
  [5551..5552] : 3C;
  [5553..5554] : 3D;
  [5555..5556] : 3E;
  5557 : 30;
  5558 : 1A;
  5559 : 0F;
  5560 : 0C;
  5561 : 0A;
  5562 : 07;
  5563 : 04;
  [5564..5568] : 03;
  5569 : 02;
  5570 : 03;
  [5571..5572] : 04;
  5573 : 05;
  5574 : 08;
  5575 : 0A;
  5576 : 0C;
  5577 : 10;
  5578 : 1B;
  5579 : 23;
  5580 : 2A;
  5581 : 2E;
  [5582..5583] : 2F;
  5584 : 30;
  5585 : 31;
  5586 : 33;
  5587 : 34;
  5588 : 35;
  5589 : 37;
  5590 : 38;
  5591 : 39;
  [5592..5593] : 3A;
  5594 : 33;
  5595 : 22;
  5596 : 18;
  5597 : 17;
  5598 : 10;
  5599 : 09;
  5600 : 06;
  5601 : 05;
  [5602..5604] : 03;
  5605 : 02;
  [5606..5607] : 03;
  5608 : 04;
  5609 : 05;
  5610 : 08;
  5611 : 0D;
  5612 : 0E;
  5613 : 13;
  5614 : 1D;
  5615 : 28;
  5616 : 2C;
  5617 : 2F;
  5618 : 33;
  5619 : 34;
  5620 : 35;
  5621 : 37;
  [5622..5624] : 34;
  [5625..5627] : 33;
  5628 : 31;
  5629 : 2D;
  5630 : 24;
  5631 : 14;
  [5632..5633] : 0D;
  5634 : 0C;
  5635 : 07;
  5636 : 05;
  5637 : 04;
  [5638..5641] : 03;
  [5642..5646] : 02;
  5647 : 04;
  5648 : 09;
  5649 : 0B;
  5650 : 11;
  5651 : 1D;
  5652 : 24;
  5653 : 26;
  5654 : 28;
  5655 : 2B;
  5656 : 2E;
  5657 : 2F;
  5658 : 31;
  [5659..5660] : 33;
  [5661..5662] : 34;
  [5663..5664] : 35;
  5665 : 36;
  5666 : 37;
  5667 : 39;
  5668 : 3C;
  5669 : 3F;
  5670 : 3E;
  5671 : 3C;
  5672 : 3E;
  5673 : 3C;
  5674 : 3B;
  [5675..5676] : 3A;
  5677 : 39;
  [5678..5679] : 3A;
  5680 : 3B;
  5681 : 3C;
  5682 : 3A;
  5683 : 35;
  5684 : 2A;
  5685 : 18;
  [5686..5687] : 12;
  5688 : 14;
  5689 : 10;
  5690 : 08;
  5691 : 05;
  5692 : 04;
  5693 : 03;
  [5694..5696] : 02;
  5697 : 03;
  [5698..5699] : 02;
  5700 : 03;
  5701 : 04;
  5702 : 07;
  5703 : 0E;
  5704 : 1F;
  5705 : 2C;
  [5706..5707] : 2E;
  5708 : 30;
  5709 : 2F;
  5710 : 31;
  5711 : 33;
  5712 : 35;
  [5713..5714] : 39;
  5715 : 38;
  5716 : 3A;
  5717 : 3B;
  5718 : 3C;
  5719 : 40;
  5720 : 43;
  5721 : 42;
  5722 : 3C;
  5723 : 26;
  5724 : 12;
  [5725..5726] : 0B;
  5727 : 0F;
  5728 : 0D;
  5729 : 06;
  5730 : 03;
  5731 : 02;
  5732 : 01;
  [5733..5737] : 02;
  5738 : 03;
  5739 : 04;
  5740 : 08;
  5741 : 0D;
  5742 : 14;
  5743 : 23;
  5744 : 36;
  5745 : 3A;
  5746 : 36;
  5747 : 31;
  5748 : 2C;
  5749 : 29;
  [5750..5769] : 80;
  5770 : 6E;
  5771 : 44;
  5772 : 46;
  5773 : 44;
  5774 : 41;
  5775 : 3E;
  5776 : 3C;
  5777 : 3A;
  5778 : 2C;
  5779 : 12;
  5780 : 08;
  [5781..5782] : 07;
  5783 : 06;
  5784 : 04;
  [5785..5787] : 03;
  5788 : 02;
  [5789..5790] : 03;
  5791 : 02;
  [5792..5794] : 03;
  5795 : 04;
  5796 : 05;
  5797 : 07;
  5798 : 08;
  5799 : 0A;
  5800 : 0D;
  5801 : 17;
  5802 : 22;
  5803 : 26;
  5804 : 28;
  5805 : 2C;
  5806 : 2F;
  5807 : 31;
  5808 : 34;
  5809 : 37;
  5810 : 3A;
  5811 : 3C;
  5812 : 3D;
  5813 : 3E;
  5814 : 3F;
  5815 : 40;
  5816 : 3F;
  [5817..5818] : 40;
  5819 : 3F;
  5820 : 33;
  5821 : 19;
  5822 : 0F;
  5823 : 0D;
  5824 : 08;
  5825 : 05;
  [5826..5828] : 04;
  [5829..5833] : 03;
  [5834..5835] : 04;
  5836 : 06;
  5837 : 0C;
  [5838..5839] : 0F;
  5840 : 12;
  5841 : 17;
  5842 : 23;
  5843 : 2C;
  [5844..5845] : 2F;
  5846 : 30;
  5847 : 32;
  5848 : 33;
  5849 : 34;
  [5850..5852] : 35;
  5853 : 34;
  5854 : 33;
  5855 : 34;
  5856 : 36;
  [5857..5859] : 37;
  5860 : 3A;
  [5861..5862] : 3F;
  5863 : 3E;
  5864 : 3D;
  [5865..5866] : 3B;
  [5867..5868] : 39;
  5869 : 3A;
  [5870..5872] : 39;
  5873 : 3A;
  5874 : 3D;
  5875 : 40;
  5876 : 41;
  5877 : 36;
  5878 : 1B;
  5879 : 0F;
  5880 : 0B;
  5881 : 09;
  5882 : 06;
  5883 : 03;
  [5884..5891] : 02;
  [5892..5893] : 03;
  5894 : 06;
  5895 : 09;
  5896 : 0A;
  5897 : 0E;
  5898 : 1A;
  5899 : 26;
  5900 : 2D;
  5901 : 30;
  5902 : 32;
  5903 : 34;
  [5904..5905] : 33;
  5906 : 35;
  5907 : 36;
  5908 : 35;
  5909 : 36;
  5910 : 37;
  [5911..5912] : 38;
  5913 : 3A;
  5914 : 31;
  5915 : 1D;
  5916 : 13;
  5917 : 11;
  5918 : 0A;
  5919 : 04;
  5920 : 02;
  [5921..5922] : 01;
  [5923..5926] : 00;
  5927 : 01;
  [5928..5929] : 02;
  5930 : 04;
  5931 : 07;
  5932 : 0C;
  5933 : 12;
  5934 : 20;
  5935 : 31;
  5936 : 37;
  [5937..5938] : 39;
  [5939..5940] : 3A;
  5941 : 3B;
  5942 : 3C;
  5943 : 3B;
  5944 : 39;
  5945 : 38;
  5946 : 37;
  5947 : 36;
  5948 : 38;
  5949 : 35;
  5950 : 25;
  5951 : 11;
  [5952..5953] : 0D;
  5954 : 0C;
  5955 : 07;
  5956 : 04;
  [5957..5958] : 03;
  [5959..5961] : 02;
  [5962..5964] : 01;
  [5965..5966] : 02;
  5967 : 04;
  5968 : 07;
  5969 : 09;
  5970 : 0F;
  5971 : 1D;
  5972 : 24;
  5973 : 26;
  5974 : 28;
  5975 : 2B;
  5976 : 2C;
  5977 : 2E;
  5978 : 2F;
  5979 : 31;
  5980 : 32;
  [5981..5983] : 33;
  5984 : 34;
  5985 : 35;
  5986 : 34;
  5987 : 35;
  5988 : 38;
  [5989..5990] : 3C;
  5991 : 3B;
  5992 : 3A;
  5993 : 39;
  5994 : 37;
  5995 : 36;
  5996 : 37;
  [5997..5999] : 36;
  [6000..6001] : 37;
  6002 : 39;
  6003 : 3A;
  6004 : 30;
  6005 : 1F;
  [6006..6008] : 18;
  6009 : 11;
  6010 : 0A;
  6011 : 06;
  6012 : 03;
  [6013..6020] : 02;
  6021 : 04;
  6022 : 07;
  6023 : 0F;
  6024 : 21;
  6025 : 2C;
  [6026..6028] : 2E;
  6029 : 30;
  6030 : 31;
  6031 : 33;
  6032 : 34;
  6033 : 36;
  [6034..6035] : 35;
  6036 : 36;
  6037 : 35;
  6038 : 37;
  6039 : 3A;
  6040 : 3F;
  6041 : 41;
  6042 : 37;
  6043 : 1D;
  6044 : 0E;
  6045 : 0A;
  6046 : 0B;
  6047 : 0E;
  6048 : 0A;
  6049 : 05;
  6050 : 02;
  [6051..6054] : 01;
  6055 : 00;
  [6056..6057] : 02;
  6058 : 03;
  6059 : 04;
  6060 : 07;
  6061 : 0C;
  6062 : 11;
  6063 : 21;
  6064 : 3B;
  6065 : 40;
  6066 : 3E;
  6067 : 38;
  6068 : 34;
  6069 : 31;
  [6070..6089] : 80;
  6090 : 67;
  6091 : 39;
  6092 : 3D;
  [6093..6094] : 3C;
  [6095..6096] : 3B;
  6097 : 3D;
  6098 : 30;
  6099 : 13;
  6100 : 09;
  [6101..6102] : 07;
  6103 : 06;
  6104 : 04;
  [6105..6107] : 03;
  [6108..6115] : 02;
  6116 : 04;
  6117 : 05;
  6118 : 08;
  6119 : 09;
  6120 : 0C;
  6121 : 17;
  6122 : 23;
  6123 : 25;
  6124 : 27;
  6125 : 29;
  6126 : 2A;
  6127 : 2D;
  6128 : 2E;
  6129 : 31;
  6130 : 35;
  [6131..6132] : 38;
  6133 : 3A;
  6134 : 3C;
  6135 : 3B;
  [6136..6137] : 3D;
  6138 : 3C;
  6139 : 3E;
  6140 : 35;
  6141 : 18;
  [6142..6143] : 0B;
  6144 : 08;
  6145 : 04;
  [6146..6149] : 03;
  [6150..6153] : 02;
  [6154..6155] : 03;
  6156 : 05;
  6157 : 0B;
  6158 : 0E;
  6159 : 0F;
  6160 : 11;
  6161 : 15;
  6162 : 20;
  6163 : 29;
  6164 : 2E;
  [6165..6166] : 30;
  [6167..6168] : 31;
  6169 : 2F;
  [6170..6171] : 2E;
  6172 : 2D;
  [6173..6174] : 2C;
  6175 : 2D;
  6176 : 2C;
  [6177..6178] : 2E;
  6179 : 2C;
  6180 : 32;
  6181 : 3B;
  6182 : 3D;
  6183 : 3B;
  6184 : 3A;
  6185 : 38;
  6186 : 37;
  6187 : 36;
  6188 : 35;
  6189 : 34;
  6190 : 36;
  [6191..6193] : 35;
  6194 : 38;
  6195 : 3C;
  6196 : 40;
  6197 : 37;
  6198 : 18;
  6199 : 0E;
  6200 : 0C;
  6201 : 09;
  6202 : 06;
  6203 : 03;
  [6204..6205] : 01;
  [6206..6207] : 02;
  [6208..6210] : 01;
  [6211..6212] : 02;
  6213 : 04;
  6214 : 06;
  6215 : 0A;
  6216 : 0C;
  6217 : 0E;
  6218 : 1B;
  6219 : 29;
  6220 : 2A;
  6221 : 2C;
  [6222..6224] : 2D;
  6225 : 30;
  6226 : 32;
  [6227..6229] : 33;
  6230 : 31;
  6231 : 2F;
  6232 : 31;
  6233 : 33;
  6234 : 2C;
  6235 : 19;
  [6236..6237] : 10;
  6238 : 0A;
  6239 : 03;
  6240 : 01;
  [6241..6244] : 00;
  [6245..6247] : 01;
  [6248..6249] : 02;
  6250 : 05;
  6251 : 0A;
  6252 : 0E;
  6253 : 13;
  6254 : 24;
  6255 : 36;
  6256 : 3B;
  6257 : 3C;
  6258 : 39;
  6259 : 38;
  [6260..6262] : 36;
  [6263..6264] : 38;
  6265 : 37;
  6266 : 39;
  6267 : 38;
  [6268..6269] : 39;
  6270 : 2D;
  6271 : 1C;
  6272 : 17;
  6273 : 16;
  6274 : 11;
  6275 : 08;
  6276 : 04;
  [6277..6279] : 02;
  [6280..6285] : 01;
  6286 : 02;
  6287 : 07;
  6288 : 0A;
  6289 : 0D;
  6290 : 13;
  6291 : 22;
  [6292..6293] : 28;
  [6294..6295] : 2A;
  6296 : 2B;
  6297 : 2D;
  6298 : 31;
  6299 : 34;
  6300 : 37;
  6301 : 38;
  6302 : 39;
  6303 : 38;
  6304 : 39;
  6305 : 3A;
  6306 : 37;
  6307 : 31;
  6308 : 34;
  6309 : 3A;
  [6310..6311] : 38;
  6312 : 37;
  [6313..6315] : 36;
  6316 : 37;
  6317 : 36;
  [6318..6319] : 35;
  6320 : 37;
  6321 : 38;
  6322 : 3A;
  6323 : 40;
  6324 : 3A;
  6325 : 2D;
  6326 : 29;
  6327 : 2A;
  6328 : 25;
  6329 : 1D;
  6330 : 0F;
  6331 : 06;
  6332 : 03;
  [6333..6339] : 02;
  6340 : 01;
  6341 : 04;
  6342 : 07;
  6343 : 0B;
  6344 : 1C;
  6345 : 28;
  6346 : 29;
  6347 : 2B;
  6348 : 2E;
  6349 : 31;
  6350 : 34;
  6351 : 36;
  6352 : 35;
  6353 : 34;
  6354 : 32;
  6355 : 30;
  6356 : 31;
  6357 : 2F;
  6358 : 31;
  6359 : 34;
  6360 : 3A;
  6361 : 41;
  6362 : 3B;
  6363 : 1C;
  [6364..6365] : 13;
  6366 : 11;
  6367 : 12;
  6368 : 10;
  6369 : 09;
  6370 : 03;
  6371 : 02;
  6372 : 01;
  6373 : 00;
  [6374..6376] : 01;
  [6377..6379] : 02;
  6380 : 05;
  6381 : 0D;
  6382 : 0F;
  6383 : 22;
  6384 : 4C;
  [6385..6386] : 52;
  6387 : 50;
  6388 : 48;
  6389 : 41;
  [6390..6409] : 80;
  6410 : 64;
  6411 : 33;
  6412 : 38;
  6413 : 39;
  6414 : 3A;
  6415 : 3E;
  6416 : 42;
  6417 : 45;
  6418 : 38;
  6419 : 15;
  [6420..6422] : 0B;
  6423 : 07;
  6424 : 04;
  [6425..6427] : 03;
  6428 : 04;
  [6429..6432] : 03;
  [6433..6434] : 02;
  [6435..6436] : 03;
  6437 : 04;
  6438 : 05;
  6439 : 07;
  6440 : 09;
  6441 : 17;
  6442 : 28;
  6443 : 29;
  6444 : 2A;
  6445 : 2C;
  6446 : 2E;
  6447 : 2F;
  6448 : 30;
  6449 : 35;
  6450 : 39;
  6451 : 3C;
  6452 : 41;
  6453 : 43;
  6454 : 48;
  6455 : 49;
  [6456..6457] : 4B;
  6458 : 49;
  6459 : 48;
  6460 : 40;
  6461 : 15;
  6462 : 08;
  6463 : 0A;
  6464 : 06;
  6465 : 02;
  [6466..6467] : 03;
  6468 : 04;
  6469 : 05;
  [6470..6471] : 06;
  6472 : 05;
  6473 : 04;
  6474 : 03;
  6475 : 04;
  6476 : 05;
  6477 : 08;
  6478 : 09;
  [6479..6480] : 08;
  6481 : 0C;
  6482 : 34;
  6483 : 4C;
  6484 : 56;
  6485 : 5B;
  [6486..6487] : 5F;
  6488 : 5E;
  6489 : 59;
  6490 : 58;
  6491 : 57;
  [6492..6493] : 58;
  6494 : 55;
  6495 : 56;
  6496 : 57;
  6497 : 5A;
  6498 : 5C;
  6499 : 5E;
  6500 : 4A;
  6501 : 58;
  6502 : 4E;
  [6503..6504] : 4A;
  6505 : 49;
  6506 : 4B;
  [6507..6508] : 49;
  6509 : 4A;
  6510 : 4C;
  6511 : 48;
  6512 : 4B;
  6513 : 49;
  6514 : 4C;
  6515 : 4D;
  6516 : 50;
  6517 : 3B;
  6518 : 0D;
  6519 : 09;
  6520 : 0C;
  6521 : 0E;
  [6522..6525] : 04;
  6526 : 03;
  [6527..6530] : 04;
  [6531..6532] : 03;
  6533 : 04;
  6534 : 08;
  6535 : 07;
  [6536..6537] : 09;
  6538 : 2D;
  6539 : 4D;
  6540 : 52;
  6541 : 56;
  6542 : 57;
  [6543..6544] : 59;
  6545 : 5C;
  6546 : 60;
  6547 : 67;
  6548 : 6A;
  6549 : 65;
  6550 : 66;
  6551 : 61;
  6552 : 5F;
  6553 : 60;
  6554 : 32;
  6555 : 07;
  6556 : 09;
  6557 : 10;
  6558 : 0A;
  6559 : 05;
  6560 : 04;
  [6561..6563] : 03;
  6564 : 04;
  [6565..6569] : 03;
  6570 : 07;
  6571 : 0C;
  6572 : 0D;
  6573 : 0C;
  6574 : 2A;
  6575 : 72;
  6576 : 76;
  [6577..6578] : 79;
  6579 : 7A;
  6580 : 78;
  6581 : 79;
  6582 : 75;
  6583 : 79;
  6584 : 7B;
  6585 : 80;
  [6586..6589] : 84;
  6590 : 57;
  6591 : 12;
  [6592..6593] : 18;
  6594 : 11;
  6595 : 04;
  6596 : 01;
  [6597..6598] : 02;
  6599 : 01;
  [6600..6604] : 02;
  6605 : 01;
  6606 : 02;
  6607 : 07;
  6608 : 09;
  6609 : 08;
  6610 : 12;
  6611 : 52;
  6612 : 67;
  6613 : 6F;
  6614 : 73;
  [6615..6616] : 77;
  6617 : 79;
  6618 : 7C;
  6619 : 7F;
  6620 : 82;
  6621 : 84;
  [6622..6623] : 87;
  6624 : 8A;
  6625 : 8D;
  6626 : 96;
  6627 : 38;
  6628 : 59;
  6629 : 87;
  6630 : 7C;
  6631 : 7D;
  6632 : 7B;
  6633 : 7C;
  6634 : 7B;
  6635 : 7C;
  [6636..6637] : 7F;
  6638 : 7E;
  6639 : 7A;
  [6640..6641] : 7D;
  6642 : 7C;
  6643 : 82;
  6644 : 40;
  6645 : 1A;
  6646 : 1F;
  6647 : 21;
  6648 : 20;
  6649 : 11;
  6650 : 05;
  6651 : 04;
  [6652..6654] : 05;
  6655 : 06;
  6656 : 05;
  [6657..6659] : 04;
  [6660..6661] : 02;
  6662 : 03;
  6663 : 05;
  6664 : 1B;
  6665 : 3F;
  6666 : 41;
  6667 : 45;
  6668 : 4C;
  6669 : 52;
  6670 : 59;
  6671 : 5D;
  6672 : 60;
  6673 : 5E;
  6674 : 5B;
  6675 : 56;
  [6676..6677] : 55;
  6678 : 58;
  6679 : 5D;
  6680 : 62;
  6681 : 68;
  6682 : 55;
  6683 : 0B;
  6684 : 0A;
  [6685..6686] : 0C;
  [6687..6688] : 0B;
  6689 : 04;
  [6690..6693] : 01;
  [6694..6695] : 02;
  [6696..6698] : 03;
  6699 : 01;
  6700 : 00;
  6701 : 04;
  6702 : 03;
  6703 : 29;
  6704 : 91;
  6705 : 98;
  6706 : 97;
  6707 : 98;
  6708 : 92;
  6709 : 85;
  [6710..6729] : 80;
  6730 : 8B;
  6731 : 69;
  6732 : 6E;
  6733 : 6F;
  6734 : 72;
  6735 : 75;
  6736 : 78;
  6737 : 7A;
  6738 : 4B;
  6739 : 0A;
  6740 : 04;
  6741 : 05;
  6742 : 0C;
  6743 : 0F;
  6744 : 15;
  6745 : 18;
  6746 : 17;
  6747 : 18;
  6748 : 19;
  6749 : 17;
  6750 : 16;
  6751 : 15;
  6752 : 13;
  6753 : 0D;
  6754 : 05;
  6755 : 02;
  [6756..6757] : 04;
  6758 : 03;
  6759 : 04;
  6760 : 03;
  6761 : 25;
  6762 : 4E;
  6763 : 4C;
  6764 : 51;
  6765 : 55;
  6766 : 58;
  6767 : 5B;
  6768 : 5E;
  6769 : 62;
  6770 : 66;
  6771 : 6B;
  6772 : 71;
  6773 : 76;
  6774 : 7C;
  6775 : 7E;
  6776 : 7F;
  6777 : 80;
  6778 : 81;
  6779 : 84;
  6780 : 6F;
  6781 : 12;
  6782 : 03;
  [6783..6784] : 09;
  6785 : 13;
  6786 : 16;
  6787 : 17;
  [6788..6789] : 19;
  [6790..6791] : 1A;
  6792 : 18;
  6793 : 15;
  6794 : 10;
  6795 : 05;
  6796 : 01;
  6797 : 02;
  6798 : 01;
  6799 : 00;
  6800 : 01;
  6801 : 05;
  6802 : 5A;
  6803 : 84;
  6804 : 94;
  6805 : 9D;
  6806 : A1;
  6807 : A4;
  6808 : A3;
  [6809..6810] : A1;
  6811 : A2;
  6812 : A1;
  6813 : A0;
  6814 : 9F;
  6815 : 9E;
  6816 : 9F;
  6817 : A1;
  6818 : A0;
  6819 : A5;
  6820 : 78;
  6821 : 96;
  6822 : 7A;
  [6823..6824] : 75;
  6825 : 74;
  [6826..6827] : 76;
  6828 : 77;
  6829 : 79;
  6830 : 7B;
  [6831..6832] : 7C;
  6833 : 7A;
  6834 : 79;
  6835 : 7A;
  6836 : 7E;
  6837 : 54;
  6838 : 00;
  6839 : 01;
  6840 : 03;
  [6841..6842] : 0A;
  6843 : 1E;
  6844 : 23;
  6845 : 21;
  [6846..6847] : 20;
  6848 : 21;
  6849 : 20;
  6850 : 1F;
  6851 : 1C;
  6852 : 15;
  [6853..6855] : 04;
  6856 : 03;
  6857 : 00;
  6858 : 40;
  6859 : 80;
  6860 : 89;
  6861 : 8F;
  6862 : 92;
  6863 : 94;
  6864 : 95;
  6865 : 97;
  6866 : 98;
  6867 : 9B;
  6868 : 9D;
  [6869..6870] : 9E;
  6871 : 9C;
  6872 : 98;
  6873 : 97;
  6874 : 40;
  6875 : 00;
  6876 : 02;
  [6877..6878] : 07;
  6879 : 11;
  6880 : 23;
  6881 : 24;
  6882 : 23;
  [6883..6884] : 24;
  6885 : 23;
  6886 : 24;
  [6887..6888] : 23;
  6889 : 15;
  [6890..6891] : 05;
  6892 : 03;
  6893 : 01;
  6894 : 25;
  6895 : 8F;
  6896 : 9C;
  6897 : A0;
  6898 : A4;
  6899 : A5;
  [6900..6901] : A6;
  [6902..6903] : A7;
  6904 : AA;
  6905 : AD;
  6906 : AE;
  [6907..6908] : B0;
  6909 : B5;
  6910 : 6F;
  6911 : 03;
  6912 : 06;
  6913 : 0B;
  6914 : 0D;
  6915 : 04;
  6916 : 17;
  6917 : 1F;
  6918 : 1E;
  [6919..6920] : 1D;
  6921 : 1F;
  6922 : 20;
  6923 : 1F;
  6924 : 1E;
  6925 : 19;
  6926 : 08;
  6927 : 00;
  6928 : 01;
  6929 : 00;
  6930 : 0D;
  6931 : 6D;
  6932 : 8E;
  6933 : 95;
  6934 : 9A;
  6935 : 9C;
  [6936..6937] : 9D;
  6938 : 9C;
  [6939..6940] : 9D;
  6941 : 9F;
  6942 : A0;
  6943 : A3;
  6944 : A5;
  6945 : A7;
  6946 : B1;
  6947 : 40;
  6948 : 6F;
  6949 : A5;
  [6950..6952] : 95;
  6953 : 94;
  6954 : 92;
  6955 : 93;
  6956 : 94;
  6957 : 95;
  6958 : 96;
  6959 : 95;
  [6960..6961] : 94;
  6962 : 95;
  6963 : 94;
  6964 : 38;
  [6965..6966] : 00;
  6967 : 07;
  6968 : 11;
  6969 : 05;
  6970 : 0C;
  6971 : 22;
  [6972..6975] : 24;
  6976 : 20;
  6977 : 1E;
  6978 : 1D;
  6979 : 1E;
  6980 : 18;
  6981 : 05;
  6982 : 04;
  6983 : 0A;
  6984 : 24;
  6985 : 55;
  6986 : 59;
  6987 : 5A;
  6988 : 5E;
  6989 : 67;
  6990 : 6D;
  6991 : 72;
  6992 : 75;
  [6993..6994] : 77;
  6995 : 75;
  6996 : 74;
  6997 : 76;
  6998 : 79;
  6999 : 7D;
  7000 : 80;
  7001 : 85;
  7002 : 68;
  7003 : 09;
  7004 : 03;
  [7005..7006] : 02;
  7007 : 09;
  7008 : 08;
  7009 : 00;
  7010 : 0C;
  7011 : 14;
  7012 : 15;
  7013 : 16;
  7014 : 17;
  [7015..7016] : 16;
  7017 : 14;
  7018 : 13;
  7019 : 10;
  7020 : 06;
  7021 : 01;
  7022 : 00;
  7023 : 29;
  7024 : 9C;
  [7025..7027] : AA;
  7028 : A4;
  7029 : 97;
  [7030..7049] : 80;
  7050 : A5;
  7051 : 8D;
  [7052..7054] : 8F;
  [7055..7057] : 8E;
  7058 : 50;
  7059 : 06;
  7060 : 01;
  7061 : 03;
  7062 : 16;
  7063 : 29;
  7064 : 27;
  [7065..7066] : 2A;
  7067 : 2B;
  [7068..7069] : 2A;
  7070 : 29;
  7071 : 27;
  7072 : 26;
  7073 : 24;
  7074 : 18;
  7075 : 00;
  7076 : 09;
  7077 : 08;
  [7078..7079] : 02;
  7080 : 01;
  7081 : 2E;
  7082 : 67;
  7083 : 6A;
  7084 : 70;
  7085 : 77;
  7086 : 7C;
  7087 : 7F;
  7088 : 84;
  7089 : 86;
  7090 : 89;
  7091 : 8B;
  7092 : 8E;
  7093 : 91;
  7094 : 94;
  7095 : 95;
  7096 : 94;
  7097 : 95;
  7098 : 96;
  7099 : 99;
  7100 : 7D;
  7101 : 13;
  7102 : 03;
  7103 : 11;
  7104 : 24;
  7105 : 21;
  [7106..7107] : 1F;
  7108 : 21;
  7109 : 1F;
  [7110..7111] : 1E;
  7112 : 1C;
  7113 : 1A;
  7114 : 1D;
  7115 : 19;
  7116 : 00;
  7117 : 0C;
  7118 : 0A;
  7119 : 04;
  7120 : 06;
  7121 : 09;
  7122 : 61;
  7123 : 8D;
  7124 : 9C;
  7125 : A4;
  7126 : A7;
  7127 : AA;
  7128 : AB;
  7129 : AD;
  7130 : AF;
  7131 : AE;
  7132 : AD;
  7133 : AE;
  [7134..7136] : AD;
  7137 : AC;
  7138 : AB;
  7139 : A7;
  7140 : 7C;
  7141 : A5;
  7142 : 8F;
  7143 : 8B;
  7144 : 8D;
  7145 : 8E;
  7146 : 8C;
  [7147..7148] : 8D;
  7149 : 8E;
  7150 : 8F;
  [7151..7152] : 91;
  [7153..7154] : 90;
  7155 : 91;
  7156 : 95;
  7157 : 62;
  7158 : 01;
  7159 : 02;
  7160 : 07;
  7161 : 14;
  7162 : 20;
  7163 : 2C;
  7164 : 2D;
  [7165..7167] : 2B;
  [7168..7169] : 2A;
  7170 : 28;
  7171 : 27;
  7172 : 2A;
  7173 : 10;
  7174 : 07;
  7175 : 0A;
  7176 : 03;
  7177 : 00;
  7178 : 39;
  7179 : 89;
  7180 : 96;
  7181 : A0;
  7182 : A5;
  7183 : A7;
  7184 : AA;
  [7185..7186] : AB;
  7187 : AD;
  7188 : AE;
  7189 : AF;
  [7190..7191] : AE;
  7192 : AD;
  7193 : AA;
  7194 : 44;
  7195 : 00;
  7196 : 01;
  7197 : 0E;
  7198 : 0D;
  7199 : 23;
  7200 : 2B;
  7201 : 2C;
  [7202..7204] : 2D;
  7205 : 2E;
  [7206..7207] : 2D;
  7208 : 2E;
  7209 : 2B;
  7210 : 0A;
  7211 : 08;
  7212 : 03;
  7213 : 01;
  7214 : 1B;
  7215 : 87;
  7216 : 9F;
  7217 : A6;
  7218 : AB;
  7219 : AE;
  7220 : AF;
  [7221..7222] : B0;
  [7223..7224] : B1;
  [7225..7226] : B2;
  [7227..7228] : B0;
  7229 : B3;
  7230 : 66;
  7231 : 00;
  7232 : 03;
  7233 : 13;
  7234 : 18;
  7235 : 12;
  [7236..7237] : 2B;
  7238 : 2A;
  [7239..7241] : 28;
  7242 : 29;
  7243 : 28;
  7244 : 27;
  7245 : 28;
  7246 : 1A;
  7247 : 04;
  7248 : 07;
  7249 : 01;
  7250 : 0B;
  7251 : 6C;
  7252 : 93;
  7253 : 98;
  7254 : 9E;
  7255 : A2;
  [7256..7257] : A3;
  [7258..7260] : A4;
  [7261..7262] : A5;
  7263 : A6;
  7264 : A7;
  7265 : A9;
  7266 : AF;
  7267 : 42;
  7268 : 76;
  7269 : B0;
  7270 : 9F;
  [7271..7272] : 9E;
  7273 : 9B;
  [7274..7278] : 9A;
  7279 : 9B;
  [7280..7282] : 9C;
  7283 : 99;
  7284 : 38;
  [7285..7286] : 00;
  7287 : 07;
  7288 : 19;
  7289 : 0B;
  7290 : 21;
  7291 : 30;
  7292 : 2E;
  7293 : 2F;
  7294 : 2E;
  7295 : 2C;
  7296 : 2A;
  7297 : 28;
  7298 : 26;
  [7299..7300] : 25;
  7301 : 0E;
  7302 : 08;
  7303 : 0A;
  7304 : 24;
  7305 : 61;
  7306 : 66;
  7307 : 69;
  7308 : 6E;
  7309 : 76;
  7310 : 7D;
  7311 : 82;
  7312 : 86;
  7313 : 88;
  7314 : 89;
  [7315..7316] : 8B;
  7317 : 8C;
  7318 : 8F;
  [7319..7320] : 91;
  7321 : 92;
  7322 : 6F;
  7323 : 08;
  7324 : 02;
  [7325..7326] : 00;
  [7327..7328] : 0D;
  7329 : 0B;
  7330 : 1D;
  [7331..7332] : 1C;
  7333 : 1D;
  7334 : 1C;
  [7335..7336] : 1B;
  7337 : 19;
  7338 : 18;
  7339 : 19;
  7340 : 12;
  7341 : 08;
  7342 : 09;
  7343 : 2B;
  7344 : 9F;
  7345 : AF;
  7346 : AE;
  7347 : AD;
  7348 : A7;
  7349 : 9B;
  [7350..7369] : 80;
  7370 : B5;
  [7371..7373] : A0;
  7374 : 9F;
  7375 : 9D;
  7376 : 9B;
  7377 : 9C;
  7378 : 5B;
  7379 : 08;
  7380 : 03;
  7381 : 05;
  7382 : 24;
  7383 : 35;
  7384 : 29;
  7385 : 2C;
  7386 : 2D;
  7387 : 2C;
  7388 : 2B;
  7389 : 2C;
  7390 : 2B;
  7391 : 2A;
  7392 : 2B;
  7393 : 29;
  7394 : 24;
  7395 : 03;
  7396 : 12;
  7397 : 0B;
  [7398..7399] : 02;
  7400 : 00;
  7401 : 30;
  7402 : 6E;
  7403 : 77;
  7404 : 81;
  7405 : 89;
  7406 : 91;
  7407 : 95;
  7408 : 99;
  7409 : 9B;
  [7410..7411] : 9D;
  7412 : A0;
  7413 : A1;
  7414 : A2;
  7415 : A3;
  7416 : A2;
  7417 : A0;
  7418 : 9F;
  7419 : A0;
  7420 : 81;
  7421 : 11;
  7422 : 02;
  7423 : 19;
  7424 : 3A;
  7425 : 1F;
  [7426..7428] : 20;
  [7429..7430] : 1D;
  7431 : 1B;
  7432 : 19;
  7433 : 18;
  7434 : 1C;
  7435 : 26;
  7436 : 04;
  7437 : 16;
  7438 : 0D;
  [7439..7440] : 07;
  7441 : 09;
  7442 : 60;
  7443 : 8C;
  7444 : 9C;
  7445 : A6;
  7446 : AB;
  7447 : AE;
  7448 : B1;
  7449 : B3;
  [7450..7451] : B4;
  [7452..7453] : B5;
  7454 : B4;
  7455 : B3;
  [7456..7457] : B2;
  7458 : AF;
  7459 : A6;
  7460 : 7F;
  7461 : B4;
  7462 : A1;
  [7463..7465] : 9F;
  [7466..7470] : 9D;
  7471 : 9F;
  [7472..7473] : A0;
  7474 : A1;
  7475 : A3;
  7476 : A8;
  7477 : 72;
  7478 : 06;
  7479 : 04;
  7480 : 0B;
  7481 : 20;
  7482 : 2A;
  7483 : 29;
  7484 : 2A;
  [7485..7488] : 29;
  7489 : 2A;
  7490 : 29;
  7491 : 28;
  7492 : 2C;
  7493 : 19;
  7494 : 0A;
  7495 : 0D;
  7496 : 02;
  7497 : 00;
  7498 : 36;
  7499 : 87;
  7500 : 98;
  7501 : A5;
  7502 : AC;
  7503 : B0;
  7504 : B2;
  7505 : B3;
  7506 : B5;
  7507 : B7;
  [7508..7509] : B8;
  7510 : B7;
  7511 : B5;
  7512 : B4;
  7513 : B1;
  7514 : 47;
  7515 : 00;
  7516 : 02;
  7517 : 13;
  7518 : 18;
  7519 : 27;
  [7520..7521] : 2A;
  7522 : 2B;
  7523 : 2C;
  7524 : 2D;
  [7525..7526] : 2C;
  7527 : 2B;
  7528 : 2D;
  7529 : 2E;
  7530 : 10;
  7531 : 0D;
  7532 : 04;
  7533 : 01;
  7534 : 19;
  7535 : 7F;
  7536 : 98;
  7537 : A5;
  7538 : AE;
  7539 : B2;
  [7540..7541] : B4;
  7542 : B5;
  [7543..7545] : B6;
  7546 : B5;
  7547 : B3;
  7548 : B2;
  7549 : B4;
  7550 : 67;
  7551 : 00;
  7552 : 03;
  7553 : 15;
  7554 : 1D;
  7555 : 22;
  [7556..7557] : 2C;
  7558 : 2B;
  [7559..7560] : 29;
  [7561..7563] : 28;
  [7564..7565] : 29;
  7566 : 21;
  7567 : 0B;
  7568 : 0E;
  7569 : 04;
  7570 : 0B;
  7571 : 65;
  7572 : 8D;
  7573 : 95;
  7574 : 9C;
  7575 : A3;
  [7576..7577] : A6;
  7578 : A7;
  7579 : A9;
  7580 : AA;
  [7581..7584] : AB;
  7585 : AC;
  7586 : AE;
  7587 : 3F;
  7588 : 7C;
  7589 : B9;
  7590 : A9;
  7591 : A7;
  7592 : A6;
  7593 : A4;
  [7594..7595] : A2;
  [7596..7599] : A1;
  7600 : A0;
  [7601..7602] : 9F;
  7603 : 9C;
  7604 : 3B;
  7605 : 00;
  7606 : 02;
  7607 : 08;
  7608 : 23;
  7609 : 14;
  7610 : 2A;
  [7611..7613] : 2E;
  [7614..7615] : 2C;
  7616 : 2B;
  7617 : 29;
  7618 : 27;
  7619 : 26;
  7620 : 25;
  7621 : 10;
  7622 : 09;
  7623 : 03;
  7624 : 21;
  7625 : 68;
  7626 : 70;
  7627 : 73;
  7628 : 7A;
  7629 : 80;
  7630 : 87;
  7631 : 8E;
  7632 : 92;
  7633 : 94;
  7634 : 95;
  7635 : 96;
  7636 : 98;
  [7637..7638] : 9B;
  7639 : 9A;
  7640 : 99;
  7641 : 9A;
  7642 : 78;
  7643 : 09;
  7644 : 02;
  [7645..7646] : 00;
  7647 : 12;
  7648 : 17;
  7649 : 16;
  7650 : 22;
  7651 : 1E;
  7652 : 1D;
  [7653..7654] : 1C;
  7655 : 1B;
  7656 : 1A;
  [7657..7659] : 1B;
  7660 : 17;
  7661 : 10;
  7662 : 0F;
  7663 : 2B;
  7664 : 9E;
  7665 : AD;
  [7666..7667] : AB;
  7668 : A5;
  7669 : 9B;
  [7670..7689] : 80;
  7690 : BD;
  7691 : A9;
  7692 : AB;
  7693 : AA;
  [7694..7695] : A8;
  7696 : A9;
  7697 : AC;
  7698 : 66;
  7699 : 0D;
  7700 : 05;
  7701 : 06;
  7702 : 2E;
  7703 : 39;
  7704 : 29;
  [7705..7706] : 2D;
  [7707..7708] : 2C;
  7709 : 2D;
  7710 : 2C;
  7711 : 2D;
  7712 : 2F;
  7713 : 2C;
  7714 : 27;
  7715 : 05;
  7716 : 17;
  7717 : 0B;
  [7718..7719] : 03;
  7720 : 00;
  7721 : 30;
  7722 : 6E;
  7723 : 7A;
  7724 : 86;
  7725 : 8F;
  7726 : 98;
  7727 : 9D;
  7728 : A0;
  7729 : A4;
  7730 : A6;
  7731 : A8;
  7732 : A9;
  [7733..7735] : AB;
  7736 : AA;
  7737 : A8;
  7738 : A6;
  7739 : A7;
  7740 : 8B;
  7741 : 15;
  7742 : 03;
  7743 : 21;
  7744 : 41;
  7745 : 20;
  7746 : 21;
  7747 : 20;
  7748 : 1F;
  7749 : 1D;
  7750 : 1C;
  7751 : 1A;
  7752 : 19;
  7753 : 18;
  7754 : 1E;
  7755 : 2B;
  7756 : 09;
  7757 : 1B;
  7758 : 0D;
  [7759..7760] : 05;
  7761 : 06;
  7762 : 5F;
  7763 : 8C;
  7764 : 9B;
  7765 : A7;
  7766 : AE;
  7767 : B2;
  7768 : B4;
  7769 : B5;
  7770 : B7;
  7771 : B9;
  7772 : BA;
  [7773..7774] : B9;
  [7775..7777] : B8;
  7778 : B3;
  7779 : A6;
  7780 : 81;
  7781 : BF;
  7782 : AF;
  7783 : AD;
  7784 : AC;
  7785 : AB;
  7786 : A9;
  [7787..7790] : A8;
  7791 : A9;
  7792 : AB;
  7793 : AD;
  [7794..7795] : AE;
  7796 : B4;
  7797 : 7A;
  7798 : 09;
  7799 : 05;
  7800 : 0D;
  7801 : 24;
  7802 : 2B;
  7803 : 28;
  7804 : 2A;
  [7805..7806] : 29;
  [7807..7809] : 2A;
  [7810..7811] : 29;
  7812 : 2C;
  7813 : 19;
  7814 : 0B;
  7815 : 0E;
  7816 : 02;
  7817 : 00;
  7818 : 3E;
  7819 : 8F;
  7820 : 9C;
  7821 : A7;
  7822 : AE;
  7823 : B2;
  7824 : B5;
  7825 : B7;
  7826 : B9;
  7827 : BA;
  [7828..7829] : BC;
  7830 : BB;
  7831 : B9;
  7832 : B7;
  7833 : B5;
  7834 : 4B;
  7835 : 00;
  7836 : 03;
  7837 : 16;
  7838 : 20;
  [7839..7840] : 2A;
  7841 : 2B;
  [7842..7843] : 2C;
  7844 : 2D;
  7845 : 2C;
  [7846..7847] : 2B;
  [7848..7849] : 2C;
  7850 : 10;
  7851 : 0F;
  7852 : 05;
  7853 : 01;
  7854 : 1D;
  7855 : 86;
  7856 : 97;
  7857 : 9F;
  7858 : AA;
  7859 : B1;
  7860 : B4;
  7861 : B6;
  7862 : B7;
  7863 : B9;
  [7864..7866] : B8;
  7867 : B7;
  7868 : B8;
  7869 : BC;
  7870 : 71;
  7871 : 02;
  7872 : 03;
  7873 : 14;
  7874 : 20;
  7875 : 27;
  [7876..7877] : 2C;
  7878 : 2A;
  7879 : 29;
  7880 : 28;
  7881 : 27;
  [7882..7884] : 28;
  7885 : 2A;
  7886 : 22;
  7887 : 0C;
  7888 : 0E;
  7889 : 03;
  7890 : 0A;
  7891 : 62;
  7892 : 88;
  7893 : 90;
  7894 : 99;
  7895 : A2;
  7896 : A7;
  7897 : AA;
  7898 : AC;
  7899 : AE;
  7900 : B0;
  7901 : B2;
  7902 : B3;
  [7903..7904] : B2;
  7905 : B3;
  7906 : AF;
  7907 : 3C;
  7908 : 81;
  7909 : BF;
  7910 : B2;
  [7911..7912] : B1;
  7913 : AF;
  7914 : AE;
  [7915..7916] : AD;
  7917 : AB;
  7918 : AA;
  7919 : A9;
  7920 : A7;
  7921 : A5;
  7922 : A3;
  7923 : A1;
  7924 : 3E;
  7925 : 00;
  7926 : 05;
  7927 : 0A;
  7928 : 29;
  7929 : 1A;
  [7930..7932] : 2D;
  7933 : 2C;
  7934 : 2B;
  [7935..7936] : 2C;
  7937 : 2A;
  7938 : 29;
  7939 : 28;
  7940 : 27;
  7941 : 12;
  7942 : 0A;
  7943 : 01;
  7944 : 20;
  7945 : 70;
  7946 : 7B;
  7947 : 82;
  7948 : 87;
  7949 : 8D;
  7950 : 93;
  7951 : 99;
  7952 : 9D;
  7953 : 9F;
  7954 : A2;
  7955 : A3;
  7956 : A4;
  [7957..7958] : A5;
  7959 : A3;
  7960 : A2;
  7961 : A4;
  7962 : 85;
  7963 : 0B;
  7964 : 03;
  7965 : 02;
  7966 : 04;
  7967 : 17;
  7968 : 1E;
  7969 : 1B;
  7970 : 22;
  7971 : 1D;
  7972 : 1C;
  7973 : 1B;
  [7974..7975] : 1C;
  [7976..7977] : 1B;
  7978 : 1D;
  7979 : 1C;
  7980 : 18;
  7981 : 11;
  7982 : 10;
  7983 : 27;
  7984 : 9C;
  7985 : AE;
  7986 : AB;
  7987 : AC;
  7988 : A9;
  7989 : A2;
  [7990..8009] : 80;
  8010 : C4;
  [8011..8012] : B2;
  8013 : B1;
  8014 : B0;
  8015 : B1;
  8016 : B2;
  8017 : B6;
  8018 : 6B;
  8019 : 0D;
  8020 : 05;
  8021 : 06;
  8022 : 33;
  8023 : 37;
  8024 : 29;
  [8025..8027] : 2D;
  8028 : 2C;
  8029 : 2E;
  8030 : 2D;
  [8031..8032] : 2E;
  8033 : 2D;
  8034 : 26;
  8035 : 05;
  8036 : 1B;
  8037 : 0C;
  [8038..8039] : 04;
  8040 : 00;
  8041 : 37;
  8042 : 77;
  8043 : 81;
  8044 : 8B;
  8045 : 96;
  8046 : 9E;
  8047 : A4;
  8048 : A8;
  8049 : AB;
  8050 : AD;
  8051 : AF;
  8052 : B1;
  8053 : B3;
  8054 : B4;
  8055 : B3;
  8056 : B2;
  8057 : B0;
  8058 : AD;
  8059 : AF;
  8060 : 96;
  8061 : 1B;
  8062 : 06;
  8063 : 27;
  8064 : 43;
  8065 : 1F;
  [8066..8067] : 20;
  8068 : 1F;
  8069 : 1D;
  8070 : 1C;
  [8071..8073] : 1B;
  8074 : 1F;
  8075 : 2B;
  8076 : 0B;
  8077 : 1B;
  8078 : 0B;
  8079 : 03;
  8080 : 02;
  8081 : 06;
  8082 : 63;
  8083 : 91;
  8084 : 9E;
  8085 : AA;
  8086 : B0;
  8087 : B4;
  8088 : B7;
  8089 : B8;
  8090 : BB;
  8091 : BC;
  [8092..8093] : BD;
  [8094..8097] : BE;
  8098 : B9;
  8099 : AA;
  8100 : 84;
  8101 : C5;
  8102 : B8;
  8103 : B6;
  [8104..8106] : B5;
  [8107..8109] : B3;
  8110 : B2;
  8111 : B4;
  [8112..8113] : B5;
  [8114..8115] : B6;
  8116 : BB;
  8117 : 7F;
  8118 : 08;
  8119 : 03;
  8120 : 0D;
  8121 : 29;
  8122 : 2D;
  8123 : 28;
  8124 : 2A;
  [8125..8126] : 29;
  [8127..8128] : 2A;
  [8129..8130] : 29;
  8131 : 28;
  8132 : 2A;
  8133 : 18;
  8134 : 0C;
  8135 : 0F;
  8136 : 03;
  8137 : 00;
  8138 : 47;
  8139 : A7;
  8140 : AC;
  8141 : B3;
  8142 : B6;
  8143 : B9;
  8144 : BC;
  8145 : BE;
  8146 : C0;
  [8147..8148] : C1;
  8149 : C2;
  8150 : C1;
  8151 : C0;
  8152 : BE;
  8153 : BF;
  8154 : 55;
  8155 : 00;
  8156 : 03;
  8157 : 17;
  8158 : 24;
  [8159..8160] : 2B;
  [8161..8164] : 2C;
  [8165..8167] : 2A;
  8168 : 2B;
  8169 : 2A;
  8170 : 0F;
  8171 : 10;
  8172 : 05;
  8173 : 02;
  8174 : 21;
  8175 : 9B;
  8176 : AC;
  8177 : AD;
  8178 : B1;
  8179 : B5;
  8180 : B8;
  8181 : BB;
  8182 : BC;
  [8183..8184] : BD;
  [8185..8186] : BE;
  8187 : BF;
  8188 : C0;
  8189 : C3;
  8190 : 77;
  8191 : 02;
  8192 : 04;
  8193 : 14;
  8194 : 22;
  8195 : 2A;
  8196 : 2D;
  8197 : 2B;
  8198 : 2A;
  [8199..8200] : 28;
  [8201..8205] : 27;
  8206 : 20;
  8207 : 0B;
  8208 : 0F;
  8209 : 02;
  8210 : 08;
  8211 : 6D;
  8212 : 98;
  8213 : 9A;
  8214 : A2;
  8215 : AA;
  8216 : AE;
  8217 : B2;
  8218 : B4;
  8219 : B6;
  8220 : B7;
  8221 : B9;
  [8222..8224] : BA;
  8225 : BC;
  8226 : B5;
  8227 : 3D;
  8228 : 84;
  8229 : C4;
  [8230..8231] : BA;
  8232 : B9;
  8233 : B8;
  8234 : B7;
  8235 : B6;
  8236 : B5;
  [8237..8238] : B4;
  8239 : B2;
  8240 : B0;
  8241 : AE;
  8242 : AA;
  8243 : A9;
  8244 : 43;
  8245 : 00;
  8246 : 05;
  8247 : 0A;
  8248 : 2B;
  8249 : 1E;
  [8250..8251] : 2E;
  8252 : 2D;
  [8253..8256] : 2C;
  [8257..8258] : 2B;
  8259 : 2A;
  8260 : 28;
  8261 : 14;
  8262 : 0D;
  8263 : 03;
  8264 : 24;
  8265 : 85;
  8266 : 8F;
  8267 : 96;
  8268 : 9A;
  8269 : A0;
  8270 : A6;
  8271 : AA;
  8272 : AF;
  8273 : B0;
  [8274..8275] : B2;
  8276 : B3;
  [8277..8278] : B2;
  8279 : B0;
  8280 : AF;
  8281 : B1;
  8282 : 91;
  8283 : 0E;
  8284 : 04;
  8285 : 05;
  8286 : 06;
  8287 : 17;
  8288 : 20;
  8289 : 1C;
  8290 : 22;
  8291 : 1D;
  [8292..8293] : 1C;
  8294 : 1B;
  8295 : 1C;
  8296 : 1B;
  [8297..8299] : 1C;
  8300 : 19;
  8301 : 11;
  8302 : 0F;
  8303 : 21;
  8304 : 9F;
  8305 : B6;
  [8306..8307] : B4;
  8308 : B2;
  8309 : A8;
  [8310..8329] : 80;
  8330 : CB;
  [8331..8332] : BC;
  8333 : BB;
  8334 : BA;
  8335 : BB;
  8336 : BA;
  8337 : BB;
  8338 : 6D;
  8339 : 0D;
  8340 : 05;
  8341 : 07;
  8342 : 37;
  8343 : 36;
  8344 : 29;
  [8345..8346] : 2F;
  8347 : 2E;
  8348 : 2D;
  [8349..8350] : 2E;
  8351 : 2F;
  8352 : 30;
  8353 : 2C;
  8354 : 24;
  8355 : 05;
  8356 : 1E;
  8357 : 0C;
  [8358..8359] : 04;
  8360 : 00;
  8361 : 42;
  8362 : 92;
  8363 : 95;
  8364 : 9D;
  8365 : A4;
  8366 : AB;
  8367 : AF;
  8368 : B3;
  8369 : B6;
  8370 : B7;
  8371 : B9;
  8372 : BB;
  8373 : BC;
  8374 : BD;
  8375 : BE;
  8376 : BD;
  8377 : BC;
  8378 : BB;
  8379 : BC;
  8380 : A4;
  8381 : 20;
  8382 : 06;
  8383 : 2B;
  8384 : 43;
  8385 : 1D;
  [8386..8388] : 20;
  8389 : 1D;
  [8390..8393] : 1C;
  8394 : 1F;
  8395 : 2A;
  8396 : 0A;
  8397 : 1B;
  8398 : 09;
  8399 : 01;
  8400 : 00;
  8401 : 05;
  8402 : 6E;
  8403 : 9E;
  8404 : A6;
  8405 : B0;
  8406 : B5;
  8407 : B8;
  8408 : BB;
  8409 : BD;
  8410 : BF;
  8411 : C0;
  [8412..8413] : C1;
  8414 : C3;
  8415 : C4;
  8416 : C5;
  8417 : C6;
  8418 : C2;
  8419 : AE;
  8420 : 86;
  8421 : CC;
  8422 : BD;
  [8423..8426] : BB;
  [8427..8428] : BC;
  [8429..8430] : BB;
  [8431..8434] : BC;
  8435 : BB;
  8436 : BE;
  8437 : 82;
  8438 : 08;
  8439 : 03;
  8440 : 0D;
  8441 : 2E;
  8442 : 30;
  8443 : 28;
  8444 : 2A;
  [8445..8447] : 29;
  8448 : 2A;
  [8449..8450] : 29;
  8451 : 28;
  8452 : 2A;
  8453 : 1A;
  8454 : 0E;
  8455 : 10;
  8456 : 03;
  8457 : 00;
  8458 : 47;
  8459 : A9;
  8460 : AE;
  8461 : B3;
  8462 : B8;
  8463 : BB;
  8464 : BD;
  8465 : C1;
  8466 : C2;
  8467 : C3;
  [8468..8471] : C4;
  8472 : C3;
  8473 : C7;
  8474 : 60;
  8475 : 01;
  8476 : 04;
  8477 : 18;
  8478 : 29;
  8479 : 2C;
  [8480..8484] : 2B;
  [8485..8486] : 29;
  [8487..8488] : 2A;
  8489 : 29;
  8490 : 10;
  8491 : 11;
  8492 : 06;
  8493 : 02;
  8494 : 20;
  8495 : 9E;
  8496 : B1;
  8497 : B3;
  8498 : B4;
  8499 : B7;
  8500 : BA;
  8501 : BD;
  8502 : BE;
  8503 : BF;
  8504 : C0;
  [8505..8508] : C1;
  8509 : C4;
  8510 : 79;
  8511 : 02;
  8512 : 04;
  8513 : 14;
  8514 : 24;
  8515 : 31;
  8516 : 2C;
  8517 : 2B;
  8518 : 29;
  [8519..8521] : 28;
  8522 : 27;
  8523 : 26;
  8524 : 25;
  8525 : 26;
  8526 : 20;
  8527 : 0C;
  8528 : 10;
  8529 : 02;
  8530 : 09;
  8531 : 74;
  8532 : 9F;
  8533 : A1;
  8534 : A8;
  8535 : AE;
  8536 : B2;
  8537 : B4;
  8538 : B6;
  8539 : B9;
  8540 : BA;
  8541 : BB;
  8542 : BC;
  8543 : BF;
  8544 : C0;
  8545 : C3;
  8546 : BD;
  8547 : 42;
  8548 : 8A;
  8549 : CA;
  [8550..8552] : BF;
  [8553..8554] : BD;
  8555 : BC;
  [8556..8558] : BB;
  8559 : BA;
  8560 : B9;
  8561 : B7;
  8562 : B4;
  8563 : B3;
  8564 : 49;
  8565 : 00;
  8566 : 02;
  8567 : 08;
  8568 : 2C;
  8569 : 21;
  8570 : 30;
  8571 : 2E;
  [8572..8573] : 2D;
  8574 : 2C;
  8575 : 2D;
  8576 : 2C;
  [8577..8578] : 2B;
  8579 : 2A;
  8580 : 28;
  8581 : 15;
  8582 : 0E;
  8583 : 04;
  8584 : 27;
  8585 : 8D;
  8586 : 95;
  8587 : 9A;
  8588 : A0;
  8589 : A5;
  8590 : AA;
  8591 : AE;
  8592 : B3;
  8593 : B6;
  [8594..8595] : B7;
  8596 : B8;
  8597 : B9;
  8598 : BA;
  [8599..8600] : B8;
  8601 : BB;
  8602 : 9C;
  8603 : 12;
  [8604..8605] : 04;
  8606 : 05;
  8607 : 16;
  8608 : 21;
  8609 : 20;
  8610 : 23;
  8611 : 1D;
  [8612..8613] : 1C;
  8614 : 1B;
  [8615..8616] : 1C;
  8617 : 1D;
  [8618..8619] : 1C;
  8620 : 1A;
  [8621..8622] : 11;
  8623 : 20;
  8624 : A4;
  8625 : BD;
  [8626..8627] : BA;
  8628 : B6;
  8629 : AB;
  [8630..8649] : 80;
  8650 : CF;
  [8651..8653] : C2;
  8654 : C1;
  8655 : C0;
  8656 : BF;
  8657 : C1;
  8658 : 70;
  8659 : 0D;
  8660 : 05;
  8661 : 08;
  8662 : 3A;
  8663 : 36;
  8664 : 28;
  8665 : 2E;
  [8666..8667] : 2F;
  8668 : 2E;
  8669 : 2F;
  8670 : 2E;
  8671 : 2F;
  8672 : 30;
  8673 : 2C;
  8674 : 23;
  8675 : 05;
  8676 : 1F;
  8677 : 0C;
  [8678..8679] : 04;
  8680 : 00;
  8681 : 46;
  8682 : 98;
  8683 : 9A;
  8684 : A2;
  8685 : A8;
  8686 : AE;
  8687 : B2;
  8688 : B6;
  8689 : B9;
  8690 : BB;
  8691 : BD;
  8692 : BE;
  8693 : C0;
  8694 : C1;
  [8695..8697] : C2;
  8698 : C0;
  8699 : C1;
  8700 : A8;
  8701 : 22;
  8702 : 06;
  8703 : 2B;
  8704 : 44;
  8705 : 1B;
  8706 : 20;
  [8707..8708] : 1F;
  8709 : 1E;
  8710 : 1C;
  8711 : 1D;
  [8712..8713] : 1C;
  8714 : 1F;
  8715 : 2A;
  8716 : 0A;
  8717 : 1B;
  8718 : 09;
  8719 : 02;
  8720 : 01;
  8721 : 05;
  8722 : 71;
  8723 : A2;
  8724 : A7;
  8725 : AF;
  8726 : B5;
  8727 : B9;
  8728 : BC;
  8729 : BE;
  8730 : C0;
  8731 : C2;
  8732 : C3;
  8733 : C4;
  8734 : C6;
  8735 : C7;
  8736 : C8;
  8737 : CA;
  8738 : C6;
  8739 : B1;
  8740 : 85;
  8741 : D3;
  8742 : C3;
  [8743..8747] : C2;
  [8748..8749] : C3;
  8750 : C4;
  8751 : C3;
  8752 : C4;
  8753 : C3;
  8754 : C2;
  8755 : C0;
  8756 : C3;
  8757 : 87;
  8758 : 08;
  8759 : 03;
  8760 : 0E;
  8761 : 33;
  8762 : 31;
  8763 : 26;
  [8764..8767] : 29;
  8768 : 2A;
  8769 : 29;
  8770 : 2A;
  8771 : 28;
  8772 : 2B;
  8773 : 1A;
  8774 : 0F;
  8775 : 10;
  8776 : 03;
  8777 : 00;
  8778 : 46;
  8779 : A4;
  8780 : A9;
  8781 : AF;
  8782 : B5;
  8783 : B9;
  8784 : BD;
  8785 : C0;
  8786 : C2;
  8787 : C4;
  8788 : C5;
  [8789..8791] : C6;
  8792 : C5;
  8793 : CA;
  8794 : 66;
  8795 : 02;
  8796 : 03;
  8797 : 19;
  8798 : 2E;
  8799 : 2C;
  [8800..8802] : 2A;
  [8803..8806] : 29;
  [8807..8809] : 2A;
  [8810..8811] : 11;
  8812 : 06;
  8813 : 02;
  8814 : 22;
  8815 : 9C;
  8816 : AF;
  8817 : B2;
  8818 : B4;
  8819 : B7;
  8820 : BA;
  8821 : BD;
  8822 : BF;
  8823 : C0;
  8824 : C1;
  8825 : C2;
  8826 : C1;
  8827 : C2;
  8828 : C1;
  8829 : C4;
  8830 : 7A;
  8831 : 01;
  8832 : 04;
  8833 : 15;
  8834 : 27;
  8835 : 36;
  [8836..8837] : 2B;
  8838 : 28;
  8839 : 27;
  [8840..8842] : 26;
  8843 : 25;
  [8844..8845] : 26;
  8846 : 21;
  8847 : 0E;
  8848 : 10;
  8849 : 01;
  8850 : 09;
  8851 : 76;
  8852 : A1;
  8853 : A2;
  8854 : A7;
  8855 : AE;
  8856 : B3;
  8857 : B6;
  8858 : B8;
  8859 : BA;
  8860 : BB;
  8861 : BD;
  8862 : BF;
  8863 : C2;
  8864 : C4;
  8865 : C7;
  8866 : C1;
  8867 : 43;
  8868 : 8D;
  8869 : D0;
  [8870..8871] : C3;
  8872 : C2;
  [8873..8874] : C1;
  [8875..8877] : C0;
  8878 : BF;
  8879 : C0;
  8880 : BF;
  8881 : BC;
  [8882..8883] : B9;
  8884 : 4D;
  8885 : 00;
  8886 : 01;
  8887 : 06;
  8888 : 2B;
  8889 : 24;
  8890 : 32;
  [8891..8893] : 2E;
  8894 : 2D;
  8895 : 2C;
  8896 : 2B;
  8897 : 2A;
  8898 : 29;
  8899 : 28;
  8900 : 27;
  8901 : 16;
  8902 : 10;
  8903 : 03;
  8904 : 27;
  8905 : 8D;
  8906 : 96;
  8907 : 9B;
  8908 : A0;
  8909 : A5;
  8910 : AB;
  8911 : AF;
  8912 : B4;
  8913 : B8;
  8914 : BA;
  8915 : BB;
  [8916..8917] : BC;
  8918 : BE;
  [8919..8920] : BD;
  8921 : C0;
  8922 : A2;
  8923 : 13;
  [8924..8926] : 03;
  8927 : 15;
  8928 : 22;
  8929 : 27;
  8930 : 25;
  8931 : 1D;
  [8932..8934] : 1C;
  [8935..8939] : 1D;
  8940 : 1A;
  8941 : 11;
  8942 : 15;
  8943 : 21;
  8944 : A5;
  8945 : BD;
  [8946..8947] : BA;
  8948 : B5;
  8949 : AC;
  [8950..8969] : 80;
  8970 : D1;
  [8971..8974] : C4;
  8975 : C2;
  8976 : C1;
  8977 : C4;
  8978 : 71;
  8979 : 0E;
  8980 : 06;
  8981 : 08;
  8982 : 3E;
  8983 : 36;
  8984 : 28;
  8985 : 2E;
  [8986..8990] : 2F;
  8991 : 2E;
  8992 : 2F;
  8993 : 2B;
  8994 : 22;
  8995 : 06;
  8996 : 20;
  8997 : 0C;
  [8998..8999] : 04;
  9000 : 00;
  9001 : 49;
  9002 : 99;
  9003 : 9D;
  9004 : A3;
  9005 : A9;
  9006 : AF;
  9007 : B4;
  9008 : B7;
  9009 : BA;
  9010 : BE;
  9011 : C0;
  9012 : C1;
  9013 : C2;
  [9014..9017] : C4;
  9018 : C3;
  9019 : C5;
  9020 : AB;
  9021 : 22;
  9022 : 06;
  9023 : 2B;
  9024 : 46;
  9025 : 1A;
  [9026..9029] : 1E;
  [9030..9031] : 1D;
  [9032..9033] : 1C;
  9034 : 20;
  9035 : 2B;
  9036 : 0A;
  9037 : 1C;
  9038 : 09;
  9039 : 02;
  9040 : 01;
  9041 : 06;
  9042 : 71;
  9043 : A2;
  9044 : A6;
  9045 : AE;
  9046 : B4;
  9047 : B8;
  9048 : BC;
  9049 : C0;
  9050 : C2;
  9051 : C4;
  9052 : C5;
  9053 : C6;
  9054 : C8;
  9055 : C9;
  9056 : CA;
  9057 : CB;
  9058 : C7;
  9059 : B1;
  9060 : 83;
  9061 : D7;
  9062 : C9;
  9063 : C8;
  [9064..9071] : C7;
  [9072..9073] : C6;
  9074 : C5;
  9075 : C4;
  9076 : C7;
  9077 : 8C;
  9078 : 0A;
  9079 : 03;
  9080 : 0F;
  9081 : 3A;
  9082 : 34;
  9083 : 25;
  9084 : 29;
  [9085..9087] : 28;
  [9088..9090] : 29;
  9091 : 27;
  9092 : 2B;
  9093 : 1A;
  9094 : 0F;
  9095 : 10;
  9096 : 02;
  9097 : 00;
  9098 : 45;
  9099 : A0;
  9100 : A5;
  9101 : AD;
  9102 : B3;
  9103 : B8;
  9104 : BC;
  9105 : BF;
  9106 : C2;
  9107 : C4;
  [9108..9109] : C6;
  [9110..9111] : C7;
  9112 : C5;
  9113 : CA;
  9114 : 69;
  9115 : 02;
  9116 : 03;
  9117 : 19;
  9118 : 33;
  9119 : 2E;
  [9120..9121] : 29;
  [9122..9123] : 2A;
  [9124..9125] : 29;
  [9126..9129] : 2A;
  [9130..9131] : 12;
  9132 : 06;
  9133 : 02;
  9134 : 23;
  9135 : 9C;
  9136 : AF;
  9137 : B1;
  9138 : B3;
  9139 : B6;
  9140 : B8;
  9141 : BD;
  9142 : BF;
  9143 : C0;
  9144 : C1;
  [9145..9147] : C2;
  9148 : C3;
  9149 : C6;
  9150 : 7E;
  9151 : 02;
  9152 : 04;
  9153 : 15;
  9154 : 27;
  9155 : 3A;
  9156 : 2A;
  9157 : 29;
  9158 : 27;
  [9159..9162] : 26;
  [9163..9164] : 25;
  9165 : 26;
  9166 : 21;
  9167 : 0F;
  9168 : 11;
  9169 : 02;
  9170 : 0A;
  9171 : 75;
  [9172..9173] : A1;
  9174 : A6;
  9175 : AD;
  9176 : B3;
  9177 : B7;
  9178 : BA;
  9179 : BB;
  9180 : BE;
  9181 : BF;
  9182 : C1;
  9183 : C3;
  9184 : C6;
  9185 : C8;
  9186 : C0;
  9187 : 41;
  9188 : 8E;
  9189 : D2;
  9190 : C6;
  9191 : C7;
  9192 : C6;
  [9193..9194] : C5;
  [9195..9196] : C4;
  9197 : C3;
  9198 : C2;
  9199 : C3;
  9200 : C2;
  9201 : C0;
  9202 : BE;
  9203 : BD;
  9204 : 51;
  9205 : 00;
  9206 : 01;
  9207 : 07;
  9208 : 2B;
  9209 : 24;
  9210 : 31;
  [9211..9212] : 2E;
  9213 : 2D;
  9214 : 2C;
  9215 : 2B;
  9216 : 2A;
  9217 : 28;
  9218 : 27;
  9219 : 26;
  9220 : 25;
  9221 : 17;
  9222 : 12;
  9223 : 04;
  9224 : 27;
  9225 : 8D;
  9226 : 98;
  9227 : 9C;
  9228 : A1;
  9229 : A5;
  9230 : AB;
  9231 : B0;
  9232 : B5;
  9233 : B8;
  9234 : BB;
  [9235..9236] : BD;
  9237 : BF;
  9238 : C0;
  [9239..9240] : BF;
  9241 : C1;
  9242 : A6;
  9243 : 14;
  [9244..9245] : 03;
  9246 : 04;
  9247 : 15;
  9248 : 24;
  9249 : 2A;
  9250 : 27;
  [9251..9255] : 1D;
  [9256..9257] : 1E;
  [9258..9259] : 1D;
  9260 : 1B;
  9261 : 13;
  9262 : 16;
  9263 : 20;
  9264 : A2;
  9265 : BC;
  9266 : BA;
  9267 : B9;
  9268 : B5;
  9269 : AB;
  [9270..9289] : 80;
  9290 : D2;
  [9291..9292] : C6;
  [9293..9294] : C5;
  9295 : C4;
  9296 : C3;
  9297 : C5;
  9298 : 71;
  9299 : 0F;
  9300 : 07;
  9301 : 0A;
  9302 : 42;
  9303 : 34;
  9304 : 27;
  [9305..9306] : 2E;
  [9307..9308] : 2F;
  [9309..9310] : 30;
  9311 : 2F;
  9312 : 30;
  9313 : 2A;
  9314 : 22;
  9315 : 07;
  9316 : 21;
  9317 : 0C;
  [9318..9319] : 04;
  9320 : 00;
  9321 : 4A;
  9322 : 98;
  9323 : 9D;
  9324 : A3;
  9325 : A8;
  9326 : AF;
  9327 : B4;
  9328 : B8;
  9329 : BC;
  9330 : C0;
  9331 : C2;
  9332 : C3;
  [9333..9334] : C5;
  9335 : C6;
  9336 : C7;
  9337 : C6;
  9338 : C5;
  9339 : C7;
  9340 : AD;
  9341 : 23;
  9342 : 06;
  9343 : 2D;
  9344 : 48;
  9345 : 1A;
  9346 : 1E;
  9347 : 1F;
  [9348..9349] : 1E;
  [9350..9351] : 1D;
  [9352..9353] : 1C;
  9354 : 21;
  9355 : 2B;
  9356 : 0B;
  9357 : 1D;
  9358 : 09;
  9359 : 02;
  9360 : 01;
  9361 : 06;
  9362 : 72;
  9363 : A2;
  9364 : A6;
  9365 : AC;
  9366 : B3;
  9367 : B8;
  9368 : BD;
  9369 : C1;
  9370 : C4;
  9371 : C5;
  9372 : C7;
  9373 : C8;
  9374 : C9;
  9375 : CA;
  9376 : CB;
  9377 : CC;
  9378 : C8;
  9379 : AF;
  9380 : 7F;
  9381 : DA;
  [9382..9384] : CC;
  [9385..9389] : CB;
  [9390..9392] : CA;
  9393 : C9;
  9394 : C8;
  9395 : C7;
  9396 : CA;
  9397 : 8F;
  9398 : 0A;
  9399 : 03;
  9400 : 10;
  9401 : 40;
  9402 : 36;
  9403 : 24;
  [9404..9405] : 28;
  [9406..9408] : 29;
  [9409..9411] : 28;
  9412 : 2A;
  9413 : 1A;
  9414 : 0F;
  9415 : 10;
  9416 : 02;
  9417 : 00;
  9418 : 47;
  9419 : 9E;
  9420 : A4;
  9421 : AC;
  9422 : B3;
  9423 : B6;
  9424 : BB;
  9425 : BE;
  9426 : C2;
  9427 : C4;
  9428 : C6;
  [9429..9431] : C7;
  9432 : C6;
  9433 : CB;
  9434 : 6C;
  9435 : 02;
  9436 : 04;
  9437 : 1A;
  9438 : 34;
  9439 : 2D;
  [9440..9442] : 2A;
  [9443..9445] : 29;
  [9446..9448] : 2A;
  9449 : 2B;
  [9450..9451] : 13;
  9452 : 06;
  9453 : 02;
  9454 : 24;
  9455 : 9C;
  9456 : AE;
  9457 : B0;
  9458 : B3;
  9459 : B5;
  9460 : B8;
  9461 : BC;
  9462 : BF;
  9463 : C0;
  9464 : C1;
  [9465..9466] : C2;
  9467 : C4;
  9468 : C3;
  9469 : C8;
  9470 : 81;
  9471 : 03;
  9472 : 04;
  9473 : 15;
  9474 : 28;
  9475 : 3F;
  [9476..9477] : 29;
  9478 : 27;
  [9479..9482] : 25;
  9483 : 24;
  9484 : 25;
  9485 : 27;
  9486 : 21;
  9487 : 0F;
  9488 : 11;
  9489 : 02;
  9490 : 09;
  9491 : 75;
  9492 : A1;
  9493 : A2;
  9494 : A7;
  9495 : AD;
  9496 : B3;
  9497 : B8;
  9498 : BB;
  9499 : BC;
  9500 : BF;
  9501 : C1;
  9502 : C3;
  9503 : C4;
  9504 : C6;
  9505 : C9;
  9506 : BF;
  9507 : 3C;
  9508 : 8D;
  9509 : D5;
  9510 : C9;
  9511 : CA;
  9512 : C9;
  [9513..9514] : C8;
  9515 : C7;
  9516 : C6;
  [9517..9518] : C5;
  9519 : C4;
  9520 : C3;
  9521 : C2;
  [9522..9523] : BF;
  9524 : 55;
  9525 : 00;
  9526 : 02;
  9527 : 07;
  9528 : 2B;
  9529 : 26;
  9530 : 33;
  9531 : 2C;
  [9532..9533] : 2D;
  9534 : 2A;
  9535 : 29;
  9536 : 28;
  9537 : 26;
  [9538..9539] : 25;
  9540 : 24;
  9541 : 17;
  9542 : 12;
  9543 : 04;
  9544 : 28;
  9545 : 8E;
  9546 : 99;
  9547 : 9D;
  9548 : A2;
  9549 : A7;
  9550 : AC;
  9551 : B1;
  9552 : B6;
  9553 : BA;
  9554 : BD;
  9555 : BE;
  9556 : BF;
  9557 : C0;
  9558 : C1;
  [9559..9560] : C0;
  9561 : C1;
  9562 : A9;
  9563 : 16;
  9564 : 03;
  9565 : 02;
  9566 : 03;
  9567 : 15;
  9568 : 27;
  9569 : 2F;
  9570 : 29;
  [9571..9573] : 1D;
  9574 : 1E;
  9575 : 1D;
  [9576..9577] : 1E;
  [9578..9579] : 1D;
  9580 : 1B;
  9581 : 13;
  9582 : 17;
  9583 : 1D;
  9584 : 9F;
  9585 : BB;
  [9586..9587] : B9;
  9588 : B4;
  9589 : AC;
  [9590..9609] : 80;
  9610 : D3;
  [9611..9612] : C8;
  9613 : C7;
  9614 : C6;
  9615 : C5;
  9616 : C3;
  9617 : C6;
  9618 : 6F;
  9619 : 0F;
  9620 : 05;
  9621 : 0B;
  9622 : 49;
  9623 : 34;
  9624 : 26;
  [9625..9626] : 2D;
  [9627..9629] : 2F;
  9630 : 30;
  [9631..9632] : 2F;
  9633 : 2B;
  9634 : 21;
  9635 : 07;
  9636 : 22;
  9637 : 0B;
  [9638..9639] : 04;
  9640 : 00;
  9641 : 4D;
  9642 : 98;
  9643 : 9D;
  9644 : A3;
  9645 : A8;
  9646 : AF;
  9647 : B4;
  9648 : BA;
  9649 : BE;
  9650 : C2;
  9651 : C4;
  9652 : C5;
  [9653..9655] : C7;
  9656 : C8;
  9657 : C7;
  9658 : C6;
  9659 : C7;
  9660 : B0;
  9661 : 25;
  9662 : 06;
  9663 : 31;
  9664 : 4A;
  9665 : 19;
  [9666..9669] : 1E;
  9670 : 1D;
  [9671..9673] : 1C;
  9674 : 22;
  9675 : 2B;
  9676 : 0B;
  9677 : 1E;
  9678 : 09;
  [9679..9680] : 02;
  9681 : 07;
  9682 : 75;
  9683 : A2;
  9684 : A5;
  9685 : AB;
  9686 : B2;
  9687 : B8;
  9688 : BD;
  9689 : C1;
  9690 : C4;
  9691 : C5;
  9692 : C7;
  9693 : C9;
  9694 : CA;
  [9695..9696] : CB;
  9697 : CD;
  9698 : C8;
  9699 : AE;
  9700 : 7C;
  9701 : DC;
  [9702..9707] : CE;
  [9708..9710] : CD;
  [9711..9712] : CC;
  9713 : CB;
  9714 : CA;
  9715 : C8;
  9716 : CC;
  9717 : 93;
  9718 : 0C;
  9719 : 03;
  9720 : 13;
  9721 : 44;
  9722 : 37;
  9723 : 24;
  [9724..9725] : 27;
  9726 : 29;
  [9727..9728] : 28;
  9729 : 27;
  [9730..9731] : 26;
  9732 : 29;
  9733 : 1A;
  [9734..9735] : 11;
  9736 : 03;
  9737 : 00;
  9738 : 4A;
  9739 : 9E;
  9740 : A3;
  9741 : AA;
  9742 : B1;
  9743 : B6;
  9744 : B9;
  9745 : BE;
  9746 : C1;
  9747 : C3;
  9748 : C5;
  [9749..9750] : C6;
  9751 : C7;
  9752 : C6;
  9753 : CB;
  9754 : 6E;
  9755 : 02;
  9756 : 04;
  9757 : 1A;
  9758 : 37;
  9759 : 2D;
  9760 : 29;
  9761 : 2A;
  9762 : 2B;
  9763 : 29;
  [9764..9766] : 2A;
  [9767..9769] : 2B;
  9770 : 13;
  9771 : 14;
  9772 : 06;
  9773 : 02;
  9774 : 25;
  9775 : 9C;
  9776 : AC;
  9777 : B0;
  9778 : B2;
  9779 : B5;
  9780 : B8;
  9781 : BB;
  9782 : BE;
  9783 : C0;
  9784 : C1;
  9785 : C2;
  9786 : C3;
  [9787..9788] : C4;
  9789 : C8;
  9790 : 84;
  9791 : 03;
  9792 : 04;
  9793 : 15;
  9794 : 2A;
  9795 : 47;
  [9796..9797] : 28;
  9798 : 26;
  [9799..9805] : 25;
  9806 : 20;
  9807 : 10;
  9808 : 12;
  9809 : 02;
  9810 : 09;
  9811 : 77;
  9812 : A2;
  9813 : A3;
  9814 : A8;
  9815 : AD;
  9816 : B4;
  9817 : BA;
  9818 : BC;
  9819 : BE;
  9820 : C0;
  9821 : C2;
  9822 : C4;
  9823 : C5;
  9824 : C7;
  9825 : C9;
  9826 : BF;
  9827 : 39;
  9828 : 8C;
  9829 : D7;
  [9830..9832] : CB;
  9833 : CA;
  [9834..9835] : C9;
  [9836..9838] : C7;
  9839 : C6;
  9840 : C4;
  9841 : C3;
  [9842..9843] : C1;
  9844 : 58;
  9845 : 00;
  9846 : 02;
  9847 : 07;
  9848 : 2B;
  9849 : 2A;
  9850 : 38;
  [9851..9852] : 2B;
  9853 : 2A;
  9854 : 28;
  [9855..9856] : 27;
  9857 : 26;
  9858 : 25;
  [9859..9860] : 23;
  9861 : 18;
  9862 : 13;
  9863 : 04;
  9864 : 28;
  9865 : 8F;
  9866 : 9A;
  9867 : 9E;
  9868 : A4;
  9869 : A8;
  9870 : AD;
  9871 : B2;
  9872 : B6;
  9873 : BA;
  9874 : BD;
  9875 : BF;
  [9876..9877] : C0;
  [9878..9879] : C1;
  9880 : C0;
  9881 : C1;
  9882 : AC;
  9883 : 17;
  [9884..9885] : 03;
  9886 : 04;
  9887 : 15;
  9888 : 28;
  9889 : 33;
  9890 : 2C;
  [9891..9892] : 1C;
  9893 : 1D;
  9894 : 1E;
  9895 : 1D;
  [9896..9899] : 1E;
  9900 : 1C;
  9901 : 12;
  9902 : 17;
  9903 : 1A;
  9904 : 9E;
  9905 : BC;
  9906 : B8;
  9907 : B9;
  9908 : B5;
  9909 : AC;
  [9910..9929] : 80;
  9930 : D4;
  9931 : C8;
  9932 : C9;
  9933 : C8;
  9934 : C7;
  9935 : C5;
  9936 : C4;
  9937 : C7;
  9938 : 6E;
  9939 : 0F;
  9940 : 05;
  9941 : 0C;
  9942 : 4D;
  9943 : 32;
  9944 : 24;
  9945 : 2C;
  9946 : 2D;
  9947 : 2E;
  9948 : 2F;
  [9949..9950] : 30;
  [9951..9952] : 2F;
  9953 : 2B;
  9954 : 22;
  9955 : 07;
  9956 : 23;
  9957 : 0A;
  [9958..9959] : 04;
  9960 : 00;
  9961 : 4F;
  9962 : 99;
  9963 : 9E;
  9964 : A3;
  9965 : A8;
  9966 : AF;
  9967 : B5;
  9968 : BA;
  9969 : BF;
  9970 : C2;
  9971 : C4;
  9972 : C6;
  9973 : C7;
  9974 : C8;
  [9975..9976] : C9;
  [9977..9979] : C8;
  9980 : B2;
  9981 : 26;
  9982 : 06;
  9983 : 35;
  9984 : 4E;
  9985 : 19;
  9986 : 1E;
  9987 : 1D;
  9988 : 1E;
  9989 : 1F;
  9990 : 1C;
  9991 : 1A;
  9992 : 1B;
  9993 : 1C;
  9994 : 22;
  9995 : 2A;
  9996 : 0B;
  9997 : 1F;
  9998 : 09;
  9999 : 03;
  10000 : 01;
  10001 : 07;
  10002 : 78;
  10003 : A4;
  10004 : A6;
  10005 : AC;
  10006 : B2;
  10007 : B8;
  10008 : BD;
  10009 : C1;
  10010 : C4;
  10011 : C6;
  10012 : C8;
  10013 : C9;
  10014 : CB;
  [10015..10016] : CD;
  10017 : CE;
  10018 : C9;
  10019 : AE;
  10020 : 7A;
  10021 : DD;
  10022 : CF;
  10023 : D0;
  10024 : CF;
  10025 : D0;
  [10026..10028] : CF;
  [10029..10031] : CE;
  [10032..10033] : CD;
  10034 : CC;
  10035 : CA;
  10036 : CE;
  10037 : 97;
  10038 : 0D;
  10039 : 03;
  10040 : 14;
  10041 : 49;
  10042 : 38;
  10043 : 22;
  [10044..10045] : 26;
  10046 : 28;
  [10047..10050] : 26;
  10051 : 25;
  10052 : 29;
  10053 : 1A;
  10054 : 12;
  10055 : 11;
  10056 : 03;
  10057 : 00;
  10058 : 4C;
  10059 : 9D;
  10060 : A2;
  10061 : A9;
  10062 : AF;
  10063 : B4;
  10064 : B8;
  10065 : BC;
  10066 : BF;
  10067 : C2;
  10068 : C4;
  [10069..10070] : C5;
  [10071..10072] : C6;
  10073 : CB;
  10074 : 71;
  10075 : 02;
  10076 : 03;
  10077 : 1C;
  10078 : 39;
  10079 : 2D;
  10080 : 29;
  10081 : 2B;
  10082 : 2A;
  [10083..10085] : 29;
  10086 : 2A;
  [10087..10089] : 2B;
  10090 : 13;
  10091 : 15;
  10092 : 06;
  10093 : 02;
  10094 : 26;
  10095 : 9C;
  10096 : AC;
  10097 : AF;
  10098 : B2;
  10099 : B5;
  10100 : B8;
  10101 : BB;
  10102 : BE;
  10103 : C0;
  10104 : C1;
  10105 : C3;
  10106 : C4;
  10107 : C3;
  10108 : C4;
  10109 : C9;
  10110 : 87;
  [10111..10112] : 04;
  10113 : 15;
  10114 : 2B;
  10115 : 4A;
  10116 : 27;
  10117 : 29;
  10118 : 27;
  10119 : 26;
  [10120..10121] : 25;
  10122 : 24;
  [10123..10125] : 25;
  10126 : 21;
  10127 : 11;
  10128 : 13;
  10129 : 01;
  10130 : 0A;
  10131 : 78;
  10132 : A3;
  10133 : A4;
  10134 : AA;
  10135 : AE;
  10136 : B4;
  10137 : BA;
  10138 : BD;
  10139 : BF;
  10140 : C0;
  10141 : C2;
  10142 : C5;
  10143 : C6;
  10144 : C7;
  10145 : CA;
  10146 : C1;
  10147 : 38;
  10148 : 8C;
  10149 : D9;
  [10150..10152] : CC;
  [10153..10154] : CB;
  10155 : CA;
  [10156..10157] : C9;
  [10158..10159] : C8;
  10160 : C5;
  10161 : C4;
  10162 : C2;
  10163 : C3;
  10164 : 5C;
  10165 : 00;
  10166 : 02;
  10167 : 08;
  10168 : 2D;
  10169 : 2B;
  10170 : 36;
  [10171..10172] : 2A;
  10173 : 28;
  [10174..10175] : 26;
  [10176..10177] : 25;
  10178 : 24;
  [10179..10180] : 23;
  10181 : 17;
  10182 : 14;
  10183 : 05;
  10184 : 28;
  10185 : 90;
  10186 : 9C;
  10187 : A0;
  10188 : A4;
  10189 : A9;
  10190 : AE;
  10191 : B3;
  10192 : B6;
  10193 : BB;
  10194 : BE;
  [10195..10196] : BF;
  10197 : C0;
  10198 : C2;
  10199 : C1;
  10200 : C0;
  10201 : C2;
  10202 : AF;
  10203 : 19;
  10204 : 03;
  10205 : 04;
  10206 : 05;
  10207 : 15;
  10208 : 28;
  10209 : 34;
  10210 : 2E;
  10211 : 1D;
  10212 : 1C;
  [10213..10214] : 1D;
  [10215..10216] : 1E;
  [10217..10218] : 1D;
  10219 : 1E;
  10220 : 1C;
  10221 : 12;
  10222 : 16;
  10223 : 18;
  10224 : 9C;
  10225 : BE;
  10226 : B9;
  10227 : B8;
  10228 : B4;
  10229 : AC;
  [10230..10249] : 80;
  10250 : D5;
  10251 : C9;
  [10252..10253] : CA;
  10254 : C9;
  10255 : C7;
  10256 : C5;
  10257 : C8;
  10258 : 71;
  10259 : 11;
  10260 : 06;
  10261 : 0C;
  10262 : 52;
  10263 : 34;
  10264 : 23;
  10265 : 2B;
  10266 : 2C;
  10267 : 2E;
  10268 : 2F;
  10269 : 30;
  10270 : 2F;
  10271 : 30;
  10272 : 2F;
  10273 : 2B;
  10274 : 22;
  10275 : 08;
  10276 : 23;
  10277 : 0A;
  [10278..10279] : 04;
  10280 : 00;
  10281 : 52;
  10282 : 9B;
  10283 : 9F;
  10284 : A5;
  10285 : A9;
  10286 : AF;
  10287 : B6;
  10288 : BB;
  10289 : BF;
  10290 : C2;
  10291 : C5;
  10292 : C6;
  10293 : C8;
  10294 : C9;
  [10295..10297] : CA;
  10298 : C9;
  10299 : CA;
  10300 : B4;
  10301 : 26;
  10302 : 06;
  10303 : 39;
  10304 : 52;
  10305 : 18;
  10306 : 1D;
  [10307..10308] : 1E;
  10309 : 1D;
  [10310..10312] : 1B;
  10313 : 1C;
  10314 : 24;
  10315 : 2A;
  10316 : 0B;
  10317 : 20;
  10318 : 09;
  10319 : 03;
  10320 : 02;
  10321 : 08;
  10322 : 7A;
  10323 : A5;
  10324 : A7;
  10325 : AD;
  10326 : B2;
  10327 : B8;
  10328 : BC;
  10329 : C1;
  10330 : C4;
  10331 : C6;
  10332 : C8;
  10333 : CA;
  10334 : CC;
  10335 : CD;
  10336 : CE;
  10337 : CF;
  10338 : CC;
  10339 : AC;
  10340 : 76;
  10341 : DF;
  10342 : D1;
  [10343..10344] : D0;
  [10345..10347] : D1;
  [10348..10351] : D0;
  10352 : CF;
  10353 : CE;
  10354 : CD;
  10355 : CC;
  10356 : CF;
  10357 : 99;
  10358 : 0D;
  10359 : 03;
  10360 : 16;
  10361 : 4D;
  10362 : 39;
  10363 : 21;
  [10364..10365] : 26;
  10366 : 27;
  [10367..10369] : 26;
  [10370..10371] : 25;
  10372 : 29;
  10373 : 1A;
  10374 : 13;
  10375 : 12;
  10376 : 03;
  10377 : 00;
  10378 : 4C;
  10379 : 9D;
  10380 : A1;
  10381 : A7;
  10382 : AD;
  10383 : B1;
  10384 : B7;
  10385 : BB;
  10386 : BF;
  10387 : C1;
  10388 : C3;
  10389 : C4;
  10390 : C5;
  10391 : C6;
  10392 : C5;
  10393 : CC;
  10394 : 74;
  [10395..10396] : 03;
  10397 : 1D;
  10398 : 3F;
  10399 : 2E;
  10400 : 29;
  [10401..10402] : 2A;
  [10403..10406] : 29;
  [10407..10408] : 2A;
  10409 : 2B;
  10410 : 13;
  10411 : 16;
  10412 : 06;
  10413 : 02;
  10414 : 28;
  10415 : 9C;
  10416 : AA;
  10417 : B0;
  10418 : B3;
  10419 : B5;
  10420 : B8;
  10421 : BB;
  10422 : BE;
  10423 : BF;
  10424 : C0;
  10425 : C3;
  [10426..10428] : C4;
  10429 : C9;
  10430 : 88;
  10431 : 04;
  10432 : 05;
  10433 : 17;
  10434 : 2D;
  10435 : 52;
  10436 : 26;
  10437 : 28;
  [10438..10439] : 26;
  [10440..10444] : 25;
  10445 : 26;
  10446 : 22;
  10447 : 12;
  10448 : 15;
  10449 : 01;
  10450 : 0A;
  10451 : 7A;
  [10452..10453] : A4;
  10454 : AA;
  10455 : AF;
  10456 : B5;
  10457 : BA;
  10458 : BD;
  10459 : BF;
  10460 : C1;
  10461 : C3;
  10462 : C5;
  10463 : C7;
  10464 : C8;
  10465 : CA;
  10466 : C2;
  10467 : 39;
  10468 : 8D;
  10469 : D9;
  10470 : CC;
  [10471..10472] : CD;
  10473 : CC;
  10474 : CB;
  [10475..10478] : CA;
  10479 : C9;
  10480 : C7;
  10481 : C5;
  10482 : C4;
  10483 : C5;
  10484 : 5E;
  10485 : 00;
  10486 : 02;
  10487 : 08;
  10488 : 2D;
  10489 : 2F;
  10490 : 3B;
  10491 : 29;
  10492 : 28;
  10493 : 27;
  [10494..10495] : 26;
  [10496..10498] : 24;
  10499 : 23;
  10500 : 22;
  10501 : 18;
  10502 : 14;
  10503 : 06;
  10504 : 2A;
  10505 : 92;
  10506 : 9E;
  10507 : A2;
  10508 : A6;
  10509 : AA;
  10510 : AF;
  10511 : B4;
  10512 : B7;
  10513 : BB;
  10514 : BE;
  10515 : BF;
  10516 : C0;
  10517 : C1;
  [10518..10519] : C2;
  10520 : C1;
  10521 : C3;
  10522 : B2;
  10523 : 1B;
  10524 : 03;
  10525 : 04;
  10526 : 05;
  10527 : 15;
  10528 : 29;
  10529 : 3B;
  10530 : 31;
  10531 : 1C;
  [10532..10533] : 1D;
  10534 : 1E;
  10535 : 1D;
  [10536..10537] : 1E;
  10538 : 1D;
  10539 : 1E;
  10540 : 1C;
  10541 : 13;
  10542 : 17;
  10543 : 16;
  10544 : 99;
  10545 : BC;
  [10546..10547] : B7;
  10548 : B4;
  10549 : AC;
  [10550..10569] : 80;
  10570 : D6;
  10571 : CA;
  [10572..10573] : CB;
  10574 : CA;
  10575 : C9;
  10576 : C7;
  10577 : C9;
  10578 : 74;
  10579 : 13;
  10580 : 07;
  10581 : 0C;
  10582 : 55;
  10583 : 33;
  10584 : 22;
  10585 : 29;
  10586 : 2A;
  10587 : 2D;
  [10588..10589] : 2F;
  [10590..10592] : 30;
  10593 : 2C;
  10594 : 21;
  10595 : 08;
  10596 : 22;
  10597 : 0A;
  10598 : 03;
  10599 : 04;
  10600 : 00;
  10601 : 54;
  10602 : 9B;
  10603 : 9F;
  10604 : A5;
  10605 : AA;
  10606 : B0;
  10607 : B6;
  10608 : BB;
  10609 : BF;
  10610 : C2;
  10611 : C5;
  10612 : C6;
  10613 : C8;
  10614 : C9;
  [10615..10616] : CA;
  10617 : CB;
  10618 : C9;
  10619 : CB;
  10620 : B5;
  10621 : 28;
  10622 : 07;
  10623 : 3D;
  10624 : 54;
  10625 : 17;
  10626 : 1C;
  [10627..10629] : 1D;
  10630 : 1C;
  [10631..10632] : 1B;
  10633 : 1C;
  10634 : 24;
  10635 : 29;
  10636 : 0C;
  10637 : 1F;
  10638 : 0A;
  10639 : 03;
  10640 : 01;
  10641 : 09;
  10642 : 7C;
  10643 : A5;
  10644 : A8;
  10645 : AD;
  10646 : B2;
  10647 : B8;
  10648 : BC;
  10649 : C1;
  10650 : C4;
  10651 : C7;
  10652 : C9;
  10653 : CB;
  10654 : CC;
  10655 : CE;
  [10656..10657] : CF;
  10658 : CC;
  10659 : AA;
  10660 : 71;
  10661 : E1;
  10662 : D3;
  10663 : D2;
  10664 : D1;
  [10665..10666] : D2;
  [10667..10668] : D1;
  10669 : D2;
  [10670..10671] : D1;
  10672 : CF;
  [10673..10674] : CE;
  10675 : CD;
  10676 : D0;
  10677 : 9B;
  10678 : 0E;
  10679 : 03;
  10680 : 16;
  10681 : 4F;
  10682 : 3A;
  10683 : 20;
  10684 : 26;
  10685 : 25;
  10686 : 26;
  10687 : 25;
  10688 : 26;
  10689 : 25;
  10690 : 26;
  10691 : 25;
  10692 : 28;
  10693 : 1A;
  10694 : 13;
  10695 : 12;
  10696 : 03;
  10697 : 00;
  10698 : 4D;
  10699 : 9C;
  10700 : A0;
  10701 : A7;
  10702 : AB;
  10703 : B0;
  10704 : B5;
  10705 : BA;
  10706 : BE;
  10707 : C0;
  10708 : C2;
  10709 : C3;
  [10710..10712] : C5;
  10713 : CB;
  10714 : 78;
  [10715..10716] : 03;
  10717 : 1E;
  10718 : 45;
  10719 : 2E;
  10720 : 29;
  [10721..10722] : 2A;
  [10723..10729] : 29;
  10730 : 14;
  10731 : 16;
  10732 : 06;
  10733 : 01;
  10734 : 28;
  10735 : 9B;
  10736 : A9;
  10737 : AF;
  10738 : B2;
  10739 : B4;
  10740 : B7;
  10741 : BB;
  10742 : BD;
  10743 : BF;
  10744 : C0;
  10745 : C2;
  10746 : C3;
  [10747..10748] : C4;
  10749 : CA;
  10750 : 89;
  10751 : 04;
  10752 : 05;
  10753 : 16;
  10754 : 2D;
  10755 : 55;
  10756 : 26;
  10757 : 28;
  10758 : 26;
  [10759..10763] : 25;
  [10764..10765] : 26;
  10766 : 23;
  10767 : 12;
  10768 : 16;
  10769 : 02;
  10770 : 0A;
  10771 : 7B;
  10772 : A4;
  10773 : A5;
  10774 : AA;
  10775 : AF;
  10776 : B4;
  10777 : B9;
  10778 : BD;
  10779 : BF;
  10780 : C2;
  10781 : C4;
  10782 : C5;
  10783 : C7;
  10784 : C9;
  10785 : CB;
  10786 : C3;
  10787 : 3B;
  10788 : 8D;
  10789 : DA;
  [10790..10791] : CE;
  [10792..10793] : CD;
  [10794..10795] : CC;
  10796 : CB;
  10797 : CC;
  10798 : CB;
  [10799..10800] : C9;
  10801 : C7;
  10802 : C5;
  10803 : C7;
  10804 : 62;
  10805 : 00;
  10806 : 02;
  10807 : 07;
  10808 : 2E;
  10809 : 33;
  10810 : 3E;
  10811 : 27;
  10812 : 26;
  [10813..10814] : 25;
  [10815..10816] : 24;
  [10817..10820] : 23;
  10821 : 18;
  10822 : 16;
  10823 : 07;
  10824 : 2B;
  10825 : 94;
  10826 : 9F;
  10827 : A4;
  10828 : A8;
  10829 : AB;
  10830 : B0;
  10831 : B4;
  10832 : B7;
  10833 : BB;
  10834 : BE;
  10835 : BF;
  10836 : C0;
  10837 : C2;
  [10838..10839] : C3;
  10840 : C2;
  10841 : C3;
  10842 : B4;
  10843 : 1D;
  10844 : 02;
  10845 : 04;
  10846 : 05;
  10847 : 15;
  10848 : 2A;
  10849 : 3E;
  10850 : 34;
  10851 : 1B;
  [10852..10855] : 1D;
  10856 : 1F;
  10857 : 1E;
  [10858..10859] : 1D;
  10860 : 1C;
  10861 : 12;
  10862 : 18;
  10863 : 13;
  10864 : 92;
  10865 : B9;
  [10866..10867] : B5;
  10868 : B3;
  10869 : AC;
  [10870..10889] : 80;
  10890 : D7;
  10891 : CB;
  10892 : CC;
  10893 : CD;
  10894 : CB;
  10895 : C9;
  10896 : C8;
  10897 : CA;
  10898 : 75;
  10899 : 15;
  10900 : 07;
  10901 : 0D;
  10902 : 5D;
  10903 : 31;
  10904 : 21;
  [10905..10906] : 29;
  10907 : 2C;
  10908 : 2F;
  10909 : 30;
  10910 : 2F;
  10911 : 30;
  10912 : 31;
  10913 : 2C;
  10914 : 21;
  10915 : 09;
  10916 : 23;
  10917 : 0A;
  10918 : 03;
  10919 : 04;
  10920 : 01;
  10921 : 57;
  10922 : 9D;
  10923 : A1;
  10924 : A6;
  10925 : AC;
  10926 : B1;
  10927 : B7;
  10928 : BB;
  10929 : BF;
  10930 : C2;
  10931 : C5;
  10932 : C7;
  10933 : C8;
  10934 : C9;
  10935 : CA;
  [10936..10937] : CB;
  10938 : CA;
  10939 : CB;
  10940 : B7;
  10941 : 2A;
  10942 : 0A;
  10943 : 40;
  10944 : 54;
  10945 : 17;
  [10946..10947] : 1C;
  [10948..10949] : 1D;
  [10950..10952] : 1B;
  10953 : 1C;
  10954 : 26;
  10955 : 2A;
  10956 : 0D;
  10957 : 21;
  10958 : 09;
  10959 : 03;
  10960 : 02;
  10961 : 0A;
  10962 : 7F;
  10963 : A5;
  10964 : A9;
  10965 : AF;
  10966 : B3;
  10967 : B8;
  10968 : BD;
  10969 : C2;
  10970 : C5;
  10971 : C7;
  10972 : CA;
  10973 : CC;
  10974 : CD;
  [10975..10976] : CF;
  10977 : D0;
  10978 : CD;
  10979 : A6;
  10980 : 67;
  10981 : E4;
  [10982..10983] : D4;
  [10984..10987] : D3;
  [10988..10991] : D2;
  10992 : D1;
  10993 : D0;
  10994 : CF;
  10995 : CE;
  10996 : D1;
  10997 : 9C;
  10998 : 0F;
  10999 : 03;
  11000 : 16;
  11001 : 52;
  11002 : 3B;
  11003 : 20;
  [11004..11005] : 24;
  [11006..11010] : 25;
  11011 : 26;
  11012 : 29;
  11013 : 1B;
  11014 : 14;
  11015 : 13;
  11016 : 03;
  11017 : 01;
  11018 : 4E;
  11019 : 9D;
  11020 : A0;
  11021 : A6;
  11022 : AB;
  11023 : AF;
  11024 : B5;
  11025 : B9;
  11026 : BD;
  11027 : C0;
  11028 : C2;
  11029 : C3;
  11030 : C4;
  [11031..11032] : C5;
  11033 : CB;
  11034 : 7C;
  11035 : 04;
  11036 : 03;
  11037 : 20;
  11038 : 49;
  11039 : 2F;
  [11040..11043] : 29;
  11044 : 28;
  11045 : 29;
  11046 : 28;
  11047 : 27;
  11048 : 28;
  11049 : 29;
  11050 : 14;
  11051 : 17;
  11052 : 07;
  11053 : 01;
  11054 : 29;
  11055 : 9B;
  11056 : A8;
  11057 : AD;
  11058 : B1;
  11059 : B3;
  11060 : B6;
  11061 : B9;
  11062 : BC;
  11063 : BE;
  11064 : C0;
  11065 : C2;
  11066 : C3;
  [11067..11068] : C4;
  11069 : CA;
  11070 : 8C;
  [11071..11072] : 04;
  11073 : 16;
  11074 : 2D;
  11075 : 59;
  [11076..11078] : 26;
  11079 : 24;
  [11080..11084] : 25;
  11085 : 27;
  11086 : 23;
  11087 : 13;
  11088 : 16;
  11089 : 02;
  11090 : 0B;
  11091 : 7C;
  11092 : A5;
  11093 : A6;
  11094 : AB;
  11095 : B0;
  11096 : B4;
  11097 : B9;
  11098 : BD;
  11099 : BF;
  11100 : C3;
  11101 : C5;
  11102 : C6;
  11103 : C8;
  11104 : CA;
  11105 : CC;
  11106 : C4;
  11107 : 39;
  11108 : 8E;
  11109 : DB;
  [11110..11113] : CF;
  [11114..11117] : CE;
  11118 : CC;
  [11119..11120] : CB;
  11121 : C9;
  11122 : C6;
  11123 : CA;
  11124 : 65;
  11125 : 00;
  11126 : 02;
  11127 : 07;
  11128 : 2F;
  11129 : 35;
  11130 : 40;
  [11131..11133] : 25;
  11134 : 24;
  [11135..11138] : 23;
  11139 : 22;
  11140 : 23;
  11141 : 19;
  11142 : 17;
  11143 : 08;
  11144 : 2B;
  11145 : 95;
  11146 : A0;
  11147 : A5;
  11148 : A9;
  11149 : AC;
  11150 : B0;
  11151 : B3;
  11152 : B6;
  11153 : BB;
  11154 : BE;
  [11155..11156] : C0;
  11157 : C1;
  11158 : C3;
  11159 : C2;
  11160 : C3;
  11161 : C4;
  11162 : B5;
  11163 : 1E;
  11164 : 02;
  11165 : 04;
  11166 : 05;
  11167 : 15;
  11168 : 2B;
  11169 : 3F;
  11170 : 38;
  11171 : 1C;
  [11172..11173] : 1D;
  11174 : 1E;
  11175 : 1F;
  [11176..11178] : 1E;
  11179 : 1D;
  11180 : 1C;
  11181 : 12;
  11182 : 19;
  11183 : 11;
  11184 : 8B;
  11185 : B5;
  11186 : B2;
  11187 : B3;
  11188 : B1;
  11189 : AC;
  [11190..11209] : 80;
  11210 : D7;
  11211 : CC;
  [11212..11213] : CD;
  11214 : CB;
  11215 : CA;
  11216 : C9;
  11217 : CB;
  11218 : 74;
  11219 : 16;
  11220 : 07;
  11221 : 10;
  11222 : 68;
  11223 : 30;
  11224 : 20;
  11225 : 27;
  11226 : 29;
  11227 : 2C;
  [11228..11230] : 2E;
  11231 : 30;
  11232 : 31;
  11233 : 2D;
  11234 : 20;
  11235 : 0A;
  11236 : 24;
  11237 : 0A;
  11238 : 03;
  11239 : 04;
  11240 : 02;
  11241 : 5B;
  11242 : 9E;
  11243 : A2;
  11244 : A6;
  11245 : AB;
  11246 : B1;
  11247 : B6;
  11248 : BB;
  11249 : BF;
  11250 : C2;
  11251 : C5;
  11252 : C7;
  11253 : C8;
  11254 : C9;
  11255 : CA;
  11256 : CB;
  11257 : CC;
  11258 : CB;
  11259 : CC;
  11260 : B8;
  11261 : 2B;
  11262 : 0C;
  11263 : 44;
  11264 : 55;
  11265 : 16;
  11266 : 1B;
  11267 : 1C;
  11268 : 1B;
  11269 : 1C;
  11270 : 1B;
  [11271..11272] : 1A;
  11273 : 1C;
  11274 : 26;
  11275 : 29;
  11276 : 0D;
  11277 : 21;
  11278 : 09;
  11279 : 03;
  11280 : 02;
  11281 : 0B;
  11282 : 81;
  11283 : A6;
  11284 : A9;
  11285 : AF;
  11286 : B4;
  11287 : B9;
  11288 : BD;
  11289 : C3;
  11290 : C6;
  11291 : C8;
  11292 : CA;
  11293 : CC;
  11294 : CE;
  11295 : CF;
  11296 : D0;
  11297 : D1;
  11298 : CF;
  11299 : 9F;
  11300 : 5E;
  11301 : E6;
  [11302..11303] : D5;
  [11304..11307] : D4;
  [11308..11311] : D3;
  [11312..11313] : D2;
  11314 : D1;
  11315 : CF;
  11316 : D2;
  11317 : 9E;
  11318 : 10;
  11319 : 03;
  11320 : 18;
  11321 : 55;
  11322 : 3B;
  11323 : 1F;
  11324 : 24;
  11325 : 23;
  [11326..11327] : 25;
  11328 : 24;
  11329 : 25;
  [11330..11331] : 26;
  11332 : 29;
  11333 : 1B;
  11334 : 14;
  11335 : 13;
  11336 : 03;
  11337 : 01;
  11338 : 50;
  11339 : 9E;
  11340 : A0;
  11341 : A6;
  11342 : AB;
  11343 : AF;
  11344 : B4;
  11345 : B9;
  11346 : BD;
  11347 : C0;
  11348 : C1;
  11349 : C3;
  11350 : C4;
  11351 : C5;
  11352 : C6;
  11353 : CC;
  11354 : 7E;
  11355 : 04;
  11356 : 03;
  11357 : 22;
  11358 : 4D;
  11359 : 2F;
  11360 : 27;
  [11361..11362] : 29;
  [11363..11365] : 28;
  [11366..11368] : 27;
  11369 : 29;
  11370 : 15;
  11371 : 18;
  11372 : 07;
  11373 : 02;
  11374 : 29;
  11375 : 9A;
  11376 : A6;
  11377 : AB;
  11378 : AF;
  11379 : B2;
  11380 : B4;
  11381 : B8;
  11382 : BC;
  11383 : BE;
  11384 : C0;
  11385 : C2;
  11386 : C3;
  11387 : C4;
  11388 : C5;
  11389 : CA;
  11390 : 8F;
  [11391..11392] : 05;
  11393 : 16;
  11394 : 2F;
  11395 : 5F;
  11396 : 25;
  11397 : 26;
  11398 : 25;
  [11399..11403] : 24;
  11404 : 26;
  11405 : 27;
  11406 : 24;
  11407 : 13;
  11408 : 16;
  11409 : 01;
  11410 : 0B;
  11411 : 7E;
  11412 : A6;
  11413 : A7;
  11414 : AC;
  11415 : B1;
  11416 : B5;
  11417 : B9;
  11418 : BD;
  11419 : C0;
  11420 : C3;
  11421 : C6;
  11422 : C8;
  11423 : CA;
  11424 : CB;
  11425 : CE;
  11426 : C5;
  11427 : 37;
  11428 : 8E;
  11429 : DD;
  11430 : D0;
  11431 : D1;
  [11432..11433] : D0;
  [11434..11435] : CF;
  [11436..11438] : CE;
  11439 : CD;
  [11440..11441] : CB;
  11442 : C8;
  11443 : CB;
  11444 : 68;
  11445 : 00;
  11446 : 02;
  11447 : 08;
  11448 : 30;
  11449 : 39;
  11450 : 49;
  [11451..11455] : 23;
  [11456..11457] : 22;
  11458 : 23;
  [11459..11460] : 22;
  11461 : 19;
  11462 : 18;
  11463 : 09;
  11464 : 2B;
  11465 : 95;
  11466 : A1;
  11467 : A6;
  11468 : A9;
  11469 : AD;
  11470 : B1;
  11471 : B4;
  11472 : B6;
  11473 : BB;
  11474 : BE;
  11475 : C0;
  11476 : C1;
  11477 : C2;
  11478 : C3;
  11479 : C4;
  11480 : C3;
  11481 : C4;
  11482 : B6;
  11483 : 1F;
  11484 : 02;
  11485 : 04;
  11486 : 06;
  11487 : 14;
  11488 : 2B;
  11489 : 40;
  11490 : 3B;
  11491 : 1C;
  11492 : 1E;
  [11493..11494] : 1D;
  [11495..11497] : 1E;
  [11498..11499] : 1D;
  11500 : 1C;
  11501 : 12;
  11502 : 19;
  11503 : 0E;
  11504 : 86;
  11505 : B2;
  11506 : B0;
  11507 : B1;
  11508 : B0;
  11509 : AC;
  [11510..11529] : 80;
  11530 : D8;
  11531 : CD;
  11532 : CE;
  11533 : CD;
  11534 : CC;
  11535 : CB;
  11536 : CA;
  11537 : CC;
  11538 : 74;
  11539 : 16;
  11540 : 07;
  11541 : 13;
  11542 : 6C;
  11543 : 2C;
  11544 : 1C;
  11545 : 25;
  11546 : 28;
  11547 : 2B;
  11548 : 2C;
  11549 : 2E;
  11550 : 2F;
  11551 : 31;
  11552 : 32;
  11553 : 2E;
  11554 : 1F;
  11555 : 0A;
  11556 : 24;
  11557 : 0A;
  [11558..11559] : 03;
  11560 : 02;
  11561 : 5F;
  11562 : 9F;
  11563 : A2;
  11564 : A7;
  11565 : AC;
  11566 : B1;
  11567 : B7;
  11568 : BB;
  11569 : BF;
  11570 : C2;
  11571 : C5;
  11572 : C7;
  11573 : C8;
  11574 : C9;
  11575 : CB;
  11576 : CC;
  11577 : CD;
  11578 : CC;
  11579 : CD;
  11580 : BB;
  11581 : 2C;
  11582 : 0D;
  11583 : 49;
  11584 : 54;
  11585 : 15;
  [11586..11588] : 1B;
  [11589..11590] : 1C;
  [11591..11592] : 1A;
  11593 : 1B;
  11594 : 25;
  11595 : 28;
  11596 : 0E;
  11597 : 21;
  11598 : 09;
  11599 : 03;
  11600 : 01;
  11601 : 0C;
  11602 : 83;
  11603 : A6;
  11604 : AA;
  11605 : B0;
  11606 : B5;
  11607 : BA;
  11608 : BE;
  11609 : C3;
  11610 : C6;
  11611 : C9;
  11612 : CB;
  11613 : CD;
  11614 : CF;
  11615 : D0;
  11616 : D1;
  11617 : D2;
  11618 : D1;
  11619 : 9B;
  11620 : 5A;
  11621 : E8;
  [11622..11623] : D6;
  [11624..11628] : D5;
  [11629..11630] : D4;
  [11631..11633] : D3;
  11634 : D2;
  11635 : D1;
  11636 : D4;
  11637 : A1;
  11638 : 10;
  11639 : 03;
  11640 : 19;
  11641 : 58;
  11642 : 3C;
  11643 : 1E;
  [11644..11645] : 23;
  [11646..11649] : 24;
  11650 : 25;
  11651 : 26;
  11652 : 29;
  11653 : 1B;
  11654 : 16;
  11655 : 13;
  11656 : 03;
  11657 : 01;
  11658 : 52;
  11659 : 9F;
  11660 : A1;
  11661 : A6;
  11662 : AA;
  11663 : AF;
  11664 : B4;
  11665 : B9;
  11666 : BD;
  11667 : BF;
  11668 : C2;
  11669 : C3;
  11670 : C5;
  11671 : C6;
  11672 : C7;
  11673 : CD;
  11674 : 7E;
  11675 : 04;
  11676 : 03;
  11677 : 23;
  11678 : 52;
  11679 : 2F;
  11680 : 27;
  [11681..11684] : 28;
  11685 : 27;
  [11686..11687] : 26;
  11688 : 27;
  11689 : 29;
  11690 : 16;
  11691 : 19;
  11692 : 07;
  11693 : 02;
  11694 : 2B;
  11695 : 9A;
  11696 : A4;
  11697 : A9;
  11698 : AD;
  11699 : B1;
  11700 : B3;
  11701 : B8;
  11702 : BC;
  11703 : BE;
  11704 : C1;
  11705 : C3;
  11706 : C4;
  11707 : C5;
  11708 : C6;
  11709 : CB;
  11710 : 91;
  11711 : 06;
  11712 : 05;
  11713 : 16;
  11714 : 30;
  11715 : 60;
  11716 : 24;
  11717 : 25;
  [11718..11719] : 24;
  11720 : 23;
  [11721..11722] : 24;
  11723 : 25;
  11724 : 26;
  11725 : 27;
  11726 : 24;
  11727 : 13;
  11728 : 16;
  11729 : 01;
  11730 : 0C;
  11731 : 7E;
  [11732..11733] : A7;
  11734 : AC;
  11735 : B1;
  11736 : B6;
  11737 : BA;
  11738 : BE;
  11739 : C1;
  11740 : C4;
  11741 : C6;
  11742 : C8;
  11743 : CA;
  11744 : CC;
  11745 : CF;
  11746 : C6;
  11747 : 34;
  11748 : 8E;
  11749 : E0;
  [11750..11753] : D2;
  11754 : D1;
  11755 : D0;
  [11756..11758] : CF;
  11759 : CE;
  11760 : CD;
  11761 : CC;
  11762 : CA;
  11763 : CD;
  11764 : 6C;
  11765 : 00;
  11766 : 02;
  11767 : 07;
  11768 : 2F;
  11769 : 3B;
  11770 : 4C;
  11771 : 21;
  [11772..11779] : 22;
  11780 : 23;
  11781 : 1A;
  11782 : 18;
  11783 : 0A;
  11784 : 2A;
  11785 : 96;
  11786 : A1;
  11787 : A6;
  11788 : AA;
  11789 : AE;
  11790 : B1;
  11791 : B4;
  11792 : B7;
  11793 : BC;
  11794 : BE;
  11795 : C0;
  11796 : C2;
  [11797..11800] : C3;
  11801 : C5;
  11802 : B7;
  11803 : 20;
  11804 : 02;
  11805 : 04;
  11806 : 06;
  11807 : 13;
  11808 : 2C;
  11809 : 41;
  11810 : 3D;
  11811 : 1B;
  [11812..11813] : 1D;
  [11814..11817] : 1E;
  [11818..11820] : 1D;
  11821 : 13;
  11822 : 18;
  11823 : 0D;
  11824 : 81;
  11825 : B0;
  11826 : AF;
  11827 : B1;
  11828 : B0;
  11829 : AC;
  [11830..11849] : 80;
  11850 : D9;
  [11851..11853] : CE;
  11854 : CC;
  11855 : CB;
  11856 : CA;
  11857 : CD;
  11858 : 75;
  11859 : 17;
  11860 : 07;
  11861 : 15;
  11862 : 6B;
  11863 : 2A;
  11864 : 1B;
  11865 : 22;
  11866 : 26;
  11867 : 29;
  11868 : 2C;
  11869 : 2D;
  11870 : 2E;
  11871 : 31;
  11872 : 32;
  11873 : 2E;
  11874 : 1F;
  11875 : 0B;
  11876 : 25;
  11877 : 0A;
  11878 : 03;
  11879 : 04;
  11880 : 02;
  11881 : 62;
  11882 : A0;
  11883 : A2;
  11884 : A8;
  11885 : AC;
  11886 : B0;
  11887 : B6;
  11888 : BC;
  11889 : C0;
  11890 : C2;
  11891 : C5;
  11892 : C7;
  11893 : C9;
  11894 : CB;
  11895 : CC;
  11896 : CD;
  11897 : CE;
  11898 : CD;
  11899 : CE;
  11900 : BB;
  11901 : 2C;
  11902 : 0C;
  11903 : 4C;
  11904 : 56;
  11905 : 14;
  [11906..11907] : 1A;
  [11908..11909] : 1C;
  11910 : 1B;
  [11911..11912] : 1A;
  11913 : 1B;
  11914 : 26;
  11915 : 27;
  11916 : 0F;
  11917 : 21;
  11918 : 08;
  11919 : 03;
  11920 : 01;
  11921 : 0D;
  11922 : 86;
  11923 : A8;
  11924 : AB;
  11925 : B1;
  11926 : B6;
  11927 : BB;
  11928 : BF;
  11929 : C3;
  11930 : C6;
  11931 : C9;
  11932 : CC;
  11933 : CD;
  11934 : CF;
  11935 : D0;
  11936 : D1;
  11937 : D2;
  11938 : D1;
  11939 : 98;
  11940 : 56;
  11941 : E8;
  [11942..11944] : D6;
  11945 : D5;
  [11946..11948] : D6;
  [11949..11953] : D5;
  11954 : D4;
  11955 : D3;
  11956 : D6;
  11957 : A3;
  11958 : 10;
  11959 : 03;
  11960 : 19;
  11961 : 5A;
  11962 : 3D;
  11963 : 1E;
  11964 : 23;
  11965 : 22;
  11966 : 23;
  [11967..11969] : 24;
  11970 : 25;
  11971 : 26;
  11972 : 29;
  11973 : 1C;
  11974 : 16;
  11975 : 13;
  11976 : 03;
  11977 : 01;
  11978 : 52;
  11979 : 9E;
  11980 : A1;
  11981 : A5;
  11982 : AA;
  11983 : AE;
  11984 : B4;
  11985 : B9;
  11986 : BD;
  11987 : BF;
  11988 : C2;
  11989 : C3;
  11990 : C5;
  11991 : C7;
  11992 : C8;
  11993 : CE;
  11994 : 80;
  11995 : 04;
  11996 : 03;
  11997 : 25;
  11998 : 57;
  11999 : 2E;
  12000 : 26;
  [12001..12002] : 28;
  [12003..12004] : 27;
  [12005..12008] : 26;
  12009 : 28;
  12010 : 16;
  12011 : 1A;
  12012 : 07;
  12013 : 01;
  12014 : 2A;
  12015 : 9B;
  12016 : A3;
  12017 : A8;
  12018 : AC;
  12019 : B0;
  12020 : B3;
  12021 : B7;
  12022 : BB;
  12023 : BE;
  12024 : C1;
  12025 : C3;
  12026 : C4;
  12027 : C5;
  12028 : C6;
  12029 : CB;
  12030 : 92;
  12031 : 06;
  12032 : 05;
  12033 : 17;
  12034 : 30;
  12035 : 62;
  12036 : 24;
  12037 : 25;
  [12038..12042] : 24;
  [12043..12044] : 26;
  12045 : 27;
  12046 : 24;
  12047 : 13;
  12048 : 17;
  12049 : 01;
  12050 : 0C;
  12051 : 7E;
  12052 : A8;
  12053 : A7;
  12054 : AC;
  12055 : B1;
  12056 : B6;
  12057 : BA;
  12058 : BD;
  12059 : C1;
  12060 : C4;
  12061 : C7;
  12062 : C9;
  12063 : CB;
  12064 : CD;
  12065 : D0;
  12066 : C7;
  12067 : 34;
  12068 : 8D;
  12069 : E2;
  12070 : D3;
  12071 : D4;
  [12072..12074] : D2;
  12075 : D1;
  [12076..12078] : D0;
  12079 : CF;
  12080 : CE;
  12081 : CD;
  12082 : CA;
  12083 : CE;
  12084 : 70;
  12085 : 00;
  12086 : 02;
  12087 : 06;
  12088 : 30;
  12089 : 3C;
  12090 : 4D;
  12091 : 20;
  [12092..12095] : 22;
  12096 : 21;
  [12097..12100] : 22;
  12101 : 1A;
  12102 : 17;
  12103 : 09;
  12104 : 29;
  12105 : 96;
  12106 : A2;
  12107 : A5;
  12108 : A9;
  12109 : AE;
  12110 : B2;
  12111 : B4;
  12112 : B7;
  12113 : BB;
  12114 : BD;
  12115 : C0;
  12116 : C2;
  12117 : C3;
  [12118..12120] : C4;
  12121 : C5;
  12122 : BA;
  12123 : 23;
  12124 : 01;
  12125 : 04;
  12126 : 06;
  12127 : 14;
  12128 : 2E;
  12129 : 43;
  12130 : 42;
  12131 : 1B;
  [12132..12133] : 1D;
  [12134..12138] : 1E;
  12139 : 1D;
  12140 : 1C;
  12141 : 12;
  12142 : 19;
  12143 : 0D;
  12144 : 7D;
  [12145..12146] : AE;
  12147 : B0;
  12148 : AF;
  12149 : AC;
  [12150..12169] : 80;
  12170 : DA;
  [12171..12173] : CF;
  12174 : CE;
  12175 : CC;
  12176 : CB;
  12177 : CE;
  12178 : 76;
  12179 : 1A;
  12180 : 08;
  12181 : 17;
  12182 : 6C;
  12183 : 28;
  12184 : 1A;
  12185 : 21;
  12186 : 25;
  12187 : 28;
  12188 : 2C;
  12189 : 2D;
  12190 : 2E;
  12191 : 31;
  12192 : 32;
  12193 : 2D;
  12194 : 1E;
  12195 : 0D;
  12196 : 25;
  12197 : 09;
  12198 : 03;
  12199 : 04;
  12200 : 03;
  12201 : 65;
  12202 : A0;
  12203 : A2;
  12204 : A7;
  12205 : AD;
  12206 : B1;
  12207 : B6;
  12208 : BB;
  12209 : BF;
  12210 : C2;
  12211 : C5;
  12212 : C7;
  12213 : CA;
  12214 : CB;
  12215 : CD;
  12216 : CF;
  [12217..12218] : CE;
  12219 : D0;
  12220 : BB;
  12221 : 2C;
  12222 : 0D;
  12223 : 4E;
  12224 : 56;
  12225 : 13;
  12226 : 1A;
  [12227..12229] : 1B;
  [12230..12232] : 1A;
  12233 : 1C;
  [12234..12235] : 27;
  12236 : 10;
  12237 : 22;
  12238 : 07;
  12239 : 03;
  12240 : 01;
  12241 : 0E;
  12242 : 89;
  12243 : A9;
  12244 : AB;
  12245 : B2;
  12246 : B7;
  12247 : BB;
  12248 : BF;
  12249 : C3;
  12250 : C7;
  12251 : CA;
  12252 : CC;
  12253 : CE;
  12254 : D0;
  12255 : D1;
  12256 : D2;
  12257 : D3;
  12258 : D2;
  12259 : 93;
  12260 : 52;
  12261 : E9;
  12262 : D7;
  12263 : D6;
  [12264..12266] : D7;
  12267 : D6;
  12268 : D7;
  [12269..12273] : D6;
  12274 : D5;
  12275 : D4;
  12276 : D7;
  12277 : A4;
  12278 : 11;
  12279 : 03;
  12280 : 19;
  12281 : 5B;
  12282 : 3E;
  12283 : 1E;
  12284 : 23;
  12285 : 22;
  [12286..12287] : 23;
  12288 : 24;
  12289 : 23;
  [12290..12291] : 25;
  12292 : 28;
  12293 : 1B;
  12294 : 17;
  12295 : 15;
  12296 : 03;
  12297 : 01;
  12298 : 52;
  12299 : 9E;
  12300 : A0;
  12301 : A5;
  12302 : AA;
  12303 : AE;
  12304 : B3;
  12305 : B9;
  12306 : BD;
  12307 : BF;
  12308 : C2;
  12309 : C4;
  12310 : C5;
  12311 : C7;
  12312 : C8;
  12313 : CF;
  12314 : 84;
  12315 : 04;
  12316 : 03;
  12317 : 24;
  12318 : 5A;
  12319 : 2E;
  12320 : 25;
  [12321..12322] : 28;
  12323 : 26;
  12324 : 27;
  [12325..12328] : 26;
  12329 : 28;
  12330 : 16;
  12331 : 1A;
  12332 : 07;
  12333 : 02;
  12334 : 2A;
  12335 : 9B;
  12336 : A3;
  12337 : A7;
  12338 : AC;
  12339 : AF;
  12340 : B3;
  12341 : B8;
  12342 : BB;
  12343 : BE;
  12344 : C1;
  12345 : C2;
  12346 : C4;
  12347 : C5;
  12348 : C6;
  12349 : CB;
  12350 : 93;
  12351 : 07;
  12352 : 05;
  12353 : 18;
  12354 : 30;
  12355 : 66;
  [12356..12357] : 24;
  12358 : 23;
  [12359..12362] : 24;
  12363 : 25;
  12364 : 26;
  12365 : 27;
  12366 : 24;
  12367 : 13;
  12368 : 18;
  12369 : 01;
  12370 : 0C;
  12371 : 7F;
  [12372..12373] : A8;
  12374 : AC;
  12375 : B2;
  12376 : B7;
  12377 : BA;
  12378 : BD;
  12379 : C1;
  12380 : C4;
  12381 : C7;
  12382 : C9;
  12383 : CB;
  12384 : CD;
  12385 : D1;
  12386 : C8;
  12387 : 35;
  12388 : 8D;
  12389 : E2;
  12390 : D3;
  [12391..12392] : D4;
  12393 : D3;
  [12394..12395] : D2;
  [12396..12398] : D1;
  12399 : D0;
  12400 : CF;
  12401 : CE;
  12402 : CA;
  12403 : CE;
  12404 : 72;
  12405 : 00;
  12406 : 02;
  12407 : 07;
  12408 : 30;
  12409 : 3C;
  12410 : 4F;
  12411 : 1F;
  12412 : 22;
  [12413..12415] : 21;
  [12416..12418] : 22;
  12419 : 21;
  12420 : 22;
  12421 : 1A;
  12422 : 17;
  12423 : 09;
  12424 : 28;
  12425 : 94;
  12426 : A0;
  12427 : A4;
  12428 : A9;
  12429 : AE;
  12430 : B1;
  12431 : B4;
  12432 : B7;
  12433 : BB;
  12434 : BE;
  12435 : C0;
  12436 : C2;
  12437 : C3;
  12438 : C4;
  12439 : C5;
  12440 : C4;
  12441 : C5;
  12442 : BB;
  12443 : 25;
  12444 : 01;
  12445 : 04;
  12446 : 06;
  12447 : 14;
  12448 : 30;
  12449 : 43;
  12450 : 46;
  12451 : 1A;
  [12452..12458] : 1E;
  [12459..12460] : 1C;
  12461 : 13;
  12462 : 1C;
  12463 : 0D;
  12464 : 7B;
  [12465..12466] : AD;
  [12467..12468] : AF;
  12469 : AC;
  [12470..12489] : 80;
  12490 : DA;
  [12491..12493] : CF;
  12494 : CE;
  12495 : CD;
  12496 : CC;
  12497 : CF;
  12498 : 7A;
  12499 : 1C;
  12500 : 09;
  12501 : 1A;
  12502 : 6D;
  12503 : 25;
  12504 : 19;
  12505 : 1F;
  12506 : 21;
  12507 : 27;
  12508 : 2A;
  12509 : 2C;
  12510 : 2F;
  [12511..12512] : 31;
  12513 : 2C;
  12514 : 1D;
  12515 : 0E;
  12516 : 25;
  12517 : 0A;
  [12518..12520] : 04;
  12521 : 67;
  12522 : A1;
  12523 : A3;
  12524 : A7;
  12525 : AD;
  12526 : B1;
  12527 : B6;
  12528 : BB;
  12529 : BF;
  12530 : C2;
  12531 : C5;
  12532 : C8;
  12533 : CB;
  12534 : CC;
  12535 : CD;
  [12536..12538] : CF;
  12539 : D0;
  12540 : BB;
  12541 : 2D;
  12542 : 0D;
  12543 : 50;
  12544 : 56;
  12545 : 13;
  12546 : 19;
  [12547..12548] : 1A;
  12549 : 1B;
  12550 : 1A;
  12551 : 19;
  12552 : 1A;
  12553 : 1C;
  12554 : 29;
  12555 : 28;
  12556 : 11;
  12557 : 22;
  12558 : 08;
  12559 : 03;
  12560 : 01;
  12561 : 0F;
  12562 : 89;
  12563 : AA;
  12564 : AC;
  12565 : B2;
  12566 : B7;
  12567 : BB;
  12568 : BF;
  12569 : C3;
  12570 : C7;
  12571 : C9;
  12572 : CC;
  12573 : CE;
  12574 : D0;
  12575 : D1;
  12576 : D2;
  [12577..12578] : D3;
  12579 : 91;
  12580 : 51;
  12581 : EA;
  [12582..12583] : D8;
  [12584..12593] : D7;
  [12594..12595] : D6;
  12596 : D8;
  12597 : A5;
  12598 : 10;
  12599 : 03;
  12600 : 18;
  12601 : 5D;
  12602 : 3F;
  12603 : 1D;
  [12604..12605] : 22;
  12606 : 23;
  [12607..12608] : 24;
  12609 : 23;
  12610 : 24;
  12611 : 25;
  12612 : 28;
  12613 : 1B;
  12614 : 19;
  12615 : 16;
  12616 : 03;
  12617 : 01;
  12618 : 51;
  12619 : 9E;
  12620 : A0;
  12621 : A5;
  12622 : AA;
  12623 : AE;
  12624 : B4;
  12625 : B9;
  12626 : BD;
  12627 : C0;
  12628 : C2;
  12629 : C4;
  12630 : C5;
  12631 : C6;
  12632 : C8;
  12633 : CF;
  12634 : 87;
  12635 : 05;
  12636 : 03;
  12637 : 25;
  12638 : 5C;
  12639 : 30;
  12640 : 25;
  [12641..12642] : 27;
  [12643..12645] : 26;
  [12646..12647] : 25;
  12648 : 26;
  12649 : 28;
  12650 : 17;
  12651 : 1A;
  12652 : 07;
  12653 : 02;
  12654 : 2A;
  12655 : 9B;
  12656 : A3;
  12657 : A7;
  12658 : AC;
  12659 : B0;
  12660 : B4;
  12661 : B7;
  12662 : BB;
  12663 : BE;
  12664 : C1;
  12665 : C3;
  12666 : C5;
  12667 : C6;
  12668 : C8;
  12669 : CC;
  12670 : 96;
  12671 : 07;
  12672 : 05;
  12673 : 19;
  12674 : 30;
  12675 : 67;
  12676 : 26;
  12677 : 24;
  12678 : 23;
  [12679..12680] : 24;
  [12681..12682] : 25;
  [12683..12684] : 26;
  12685 : 27;
  12686 : 24;
  12687 : 14;
  12688 : 18;
  12689 : 01;
  12690 : 0B;
  12691 : 7F;
  [12692..12693] : A9;
  12694 : AD;
  12695 : B2;
  12696 : B7;
  12697 : BA;
  12698 : BD;
  12699 : C0;
  12700 : C5;
  12701 : C7;
  12702 : C9;
  12703 : CC;
  12704 : CE;
  12705 : D0;
  12706 : C8;
  12707 : 36;
  12708 : 8C;
  12709 : E2;
  12710 : D4;
  [12711..12712] : D5;
  12713 : D4;
  [12714..12715] : D3;
  12716 : D2;
  12717 : D1;
  12718 : D2;
  12719 : D0;
  12720 : CF;
  12721 : CE;
  12722 : CC;
  12723 : D0;
  12724 : 73;
  12725 : 00;
  12726 : 02;
  12727 : 08;
  12728 : 30;
  12729 : 3C;
  12730 : 51;
  12731 : 1E;
  12732 : 21;
  12733 : 20;
  12734 : 21;
  12735 : 20;
  [12736..12739] : 21;
  12740 : 22;
  12741 : 1A;
  12742 : 17;
  12743 : 09;
  12744 : 26;
  12745 : 94;
  12746 : A0;
  12747 : A4;
  12748 : AA;
  12749 : AF;
  12750 : B3;
  12751 : B5;
  12752 : B7;
  12753 : BA;
  12754 : BE;
  12755 : C0;
  12756 : C2;
  12757 : C3;
  12758 : C4;
  [12759..12761] : C5;
  12762 : BC;
  12763 : 28;
  12764 : 01;
  12765 : 04;
  12766 : 07;
  12767 : 15;
  12768 : 32;
  12769 : 42;
  12770 : 4B;
  12771 : 1A;
  [12772..12774] : 1E;
  12775 : 1F;
  [12776..12778] : 1E;
  12779 : 1D;
  12780 : 1B;
  12781 : 12;
  12782 : 1D;
  12783 : 0D;
  12784 : 78;
  12785 : AD;
  12786 : AC;
  [12787..12788] : AE;
  12789 : AB;
  [12790..12809] : 80;
  12810 : DB;
  [12811..12813] : D0;
  12814 : CF;
  12815 : CD;
  12816 : CC;
  12817 : CF;
  12818 : 7A;
  12819 : 1E;
  12820 : 09;
  12821 : 1C;
  12822 : 6E;
  12823 : 23;
  12824 : 18;
  12825 : 1C;
  12826 : 1F;
  12827 : 26;
  12828 : 29;
  12829 : 2B;
  12830 : 2C;
  [12831..12832] : 31;
  12833 : 2B;
  12834 : 1D;
  12835 : 10;
  12836 : 25;
  12837 : 0A;
  [12838..12840] : 04;
  12841 : 6B;
  12842 : A1;
  12843 : A3;
  12844 : A8;
  12845 : AC;
  12846 : B1;
  12847 : B6;
  12848 : BB;
  12849 : BF;
  12850 : C2;
  12851 : C6;
  12852 : C9;
  12853 : CB;
  12854 : CD;
  12855 : CE;
  [12856..12858] : D0;
  12859 : D1;
  12860 : BC;
  12861 : 2E;
  12862 : 0E;
  12863 : 52;
  12864 : 55;
  12865 : 13;
  12866 : 19;
  12867 : 18;
  [12868..12869] : 1A;
  12870 : 19;
  12871 : 18;
  12872 : 1A;
  12873 : 1B;
  12874 : 29;
  12875 : 27;
  12876 : 12;
  12877 : 23;
  12878 : 08;
  12879 : 03;
  12880 : 01;
  12881 : 10;
  12882 : 8A;
  12883 : AB;
  12884 : AD;
  12885 : B2;
  12886 : B7;
  12887 : BB;
  12888 : BF;
  12889 : C3;
  12890 : C6;
  12891 : C9;
  12892 : CC;
  12893 : CE;
  12894 : D0;
  12895 : D1;
  12896 : D3;
  12897 : D5;
  12898 : D4;
  12899 : 91;
  12900 : 51;
  12901 : EA;
  [12902..12903] : D9;
  [12904..12913] : D8;
  12914 : D7;
  12915 : D5;
  12916 : D9;
  12917 : A8;
  12918 : 11;
  12919 : 03;
  12920 : 1A;
  12921 : 5F;
  12922 : 40;
  12923 : 1D;
  12924 : 21;
  [12925..12926] : 22;
  [12927..12928] : 23;
  [12929..12930] : 24;
  12931 : 25;
  12932 : 28;
  12933 : 1A;
  12934 : 19;
  12935 : 16;
  12936 : 03;
  12937 : 01;
  12938 : 55;
  12939 : A0;
  12940 : A1;
  12941 : A5;
  12942 : AA;
  12943 : AE;
  12944 : B4;
  12945 : B9;
  12946 : BE;
  12947 : C0;
  12948 : C2;
  12949 : C4;
  12950 : C6;
  12951 : C7;
  12952 : C8;
  12953 : CF;
  12954 : 89;
  12955 : 06;
  12956 : 03;
  12957 : 26;
  12958 : 5F;
  12959 : 30;
  12960 : 24;
  [12961..12963] : 26;
  12964 : 27;
  12965 : 26;
  [12966..12967] : 25;
  12968 : 26;
  12969 : 27;
  12970 : 16;
  12971 : 1B;
  12972 : 07;
  12973 : 02;
  12974 : 2A;
  12975 : 9B;
  12976 : A4;
  12977 : A7;
  12978 : AC;
  12979 : B0;
  12980 : B3;
  12981 : B7;
  12982 : BB;
  12983 : BE;
  12984 : C1;
  12985 : C3;
  12986 : C5;
  12987 : C6;
  12988 : C7;
  12989 : CC;
  12990 : 99;
  12991 : 08;
  12992 : 05;
  12993 : 1C;
  12994 : 32;
  12995 : 67;
  12996 : 25;
  [12997..12998] : 24;
  12999 : 25;
  13000 : 24;
  13001 : 25;
  [13002..13004] : 26;
  13005 : 27;
  13006 : 23;
  13007 : 14;
  13008 : 19;
  13009 : 01;
  13010 : 0B;
  13011 : 7F;
  [13012..13013] : A9;
  13014 : AE;
  13015 : B3;
  13016 : B7;
  13017 : BA;
  13018 : BE;
  13019 : C1;
  13020 : C4;
  13021 : C8;
  13022 : CA;
  13023 : CD;
  13024 : CF;
  13025 : D2;
  13026 : C9;
  13027 : 36;
  13028 : 8B;
  13029 : E2;
  13030 : D4;
  [13031..13033] : D5;
  13034 : D4;
  [13035..13036] : D3;
  [13037..13038] : D2;
  13039 : D1;
  13040 : D0;
  13041 : CF;
  13042 : CC;
  13043 : D0;
  13044 : 76;
  13045 : 00;
  13046 : 02;
  13047 : 07;
  13048 : 30;
  13049 : 3D;
  13050 : 54;
  13051 : 1D;
  [13052..13055] : 20;
  [13056..13057] : 21;
  13058 : 22;
  [13059..13060] : 21;
  13061 : 1A;
  13062 : 17;
  13063 : 0A;
  13064 : 25;
  13065 : 94;
  13066 : A0;
  13067 : A3;
  13068 : A9;
  13069 : AF;
  13070 : B3;
  13071 : B5;
  13072 : B7;
  13073 : BA;
  13074 : BE;
  13075 : C0;
  13076 : C2;
  13077 : C3;
  13078 : C4;
  13079 : C6;
  13080 : C5;
  13081 : C6;
  13082 : BE;
  13083 : 29;
  13084 : 01;
  13085 : 04;
  13086 : 07;
  13087 : 14;
  13088 : 32;
  13089 : 40;
  13090 : 4E;
  13091 : 1A;
  [13092..13093] : 1D;
  [13094..13098] : 1E;
  13099 : 1D;
  13100 : 1C;
  13101 : 12;
  13102 : 1C;
  13103 : 0C;
  13104 : 73;
  13105 : AC;
  13106 : AA;
  13107 : AD;
  13108 : AE;
  13109 : AC;
  [13110..13129] : 80;
  13130 : DC;
  13131 : D1;
  [13132..13134] : D0;
  13135 : CE;
  13136 : CD;
  13137 : D0;
  13138 : 7C;
  13139 : 1E;
  13140 : 09;
  13141 : 1E;
  13142 : 6F;
  13143 : 21;
  13144 : 17;
  13145 : 1B;
  13146 : 1D;
  13147 : 23;
  13148 : 28;
  13149 : 29;
  13150 : 2B;
  [13151..13152] : 30;
  13153 : 2A;
  13154 : 1B;
  13155 : 11;
  13156 : 25;
  13157 : 09;
  [13158..13159] : 03;
  13160 : 05;
  13161 : 6E;
  13162 : A0;
  13163 : A3;
  13164 : A9;
  13165 : AD;
  13166 : B1;
  13167 : B6;
  13168 : BB;
  13169 : BF;
  13170 : C2;
  13171 : C6;
  13172 : C9;
  13173 : CC;
  13174 : CE;
  13175 : CF;
  [13176..13177] : D1;
  13178 : D0;
  13179 : D1;
  13180 : BE;
  13181 : 2E;
  13182 : 0F;
  13183 : 57;
  13184 : 52;
  13185 : 13;
  [13186..13188] : 18;
  13189 : 1A;
  [13190..13192] : 18;
  13193 : 1A;
  13194 : 28;
  13195 : 26;
  13196 : 12;
  13197 : 22;
  13198 : 07;
  13199 : 03;
  13200 : 01;
  13201 : 11;
  13202 : 8B;
  13203 : AB;
  13204 : AD;
  13205 : B2;
  13206 : B8;
  13207 : BC;
  13208 : BE;
  13209 : C2;
  13210 : C7;
  13211 : CA;
  13212 : CC;
  13213 : CE;
  13214 : D1;
  13215 : D2;
  13216 : D4;
  13217 : D5;
  13218 : D3;
  13219 : 8E;
  13220 : 52;
  13221 : EB;
  [13222..13223] : D9;
  13224 : D8;
  [13225..13229] : D9;
  13230 : DA;
  [13231..13233] : D9;
  13234 : D7;
  13235 : D6;
  13236 : DA;
  13237 : AA;
  13238 : 11;
  13239 : 03;
  13240 : 1B;
  13241 : 64;
  13242 : 43;
  13243 : 1B;
  13244 : 21;
  13245 : 22;
  13246 : 23;
  13247 : 24;
  [13248..13249] : 23;
  [13250..13251] : 25;
  13252 : 27;
  13253 : 1B;
  13254 : 18;
  13255 : 16;
  13256 : 03;
  13257 : 02;
  13258 : 58;
  13259 : A0;
  13260 : A1;
  13261 : A6;
  13262 : AA;
  13263 : AF;
  13264 : B4;
  13265 : B9;
  13266 : BD;
  13267 : C0;
  13268 : C3;
  13269 : C4;
  13270 : C6;
  13271 : C7;
  13272 : C8;
  13273 : D0;
  13274 : 8B;
  13275 : 07;
  13276 : 03;
  13277 : 26;
  13278 : 62;
  13279 : 30;
  13280 : 24;
  [13281..13284] : 26;
  [13285..13286] : 25;
  13287 : 24;
  13288 : 25;
  13289 : 27;
  13290 : 17;
  13291 : 1C;
  13292 : 07;
  13293 : 02;
  13294 : 2A;
  13295 : 9B;
  13296 : A4;
  13297 : A7;
  13298 : AC;
  13299 : B0;
  13300 : B3;
  13301 : B7;
  13302 : BB;
  13303 : BF;
  13304 : C1;
  13305 : C3;
  13306 : C6;
  13307 : C7;
  13308 : C8;
  13309 : CC;
  13310 : 9B;
  13311 : 09;
  13312 : 05;
  13313 : 1E;
  13314 : 35;
  13315 : 67;
  [13316..13317] : 24;
  [13318..13321] : 25;
  [13322..13324] : 26;
  13325 : 27;
  13326 : 24;
  13327 : 15;
  13328 : 1A;
  13329 : 01;
  13330 : 0B;
  13331 : 80;
  [13332..13333] : A9;
  13334 : AE;
  13335 : B4;
  13336 : B7;
  13337 : BB;
  13338 : BE;
  13339 : C2;
  13340 : C5;
  13341 : C8;
  13342 : CA;
  13343 : CD;
  13344 : CF;
  13345 : D2;
  13346 : C8;
  13347 : 34;
  13348 : 8A;
  13349 : E3;
  13350 : D5;
  [13351..13353] : D6;
  13354 : D5;
  13355 : D4;
  [13356..13357] : D3;
  [13358..13359] : D2;
  13360 : D1;
  13361 : D0;
  13362 : CE;
  13363 : D1;
  13364 : 79;
  13365 : 00;
  13366 : 02;
  13367 : 07;
  13368 : 2F;
  13369 : 3E;
  13370 : 56;
  13371 : 1D;
  [13372..13376] : 20;
  [13377..13379] : 21;
  13380 : 22;
  13381 : 1B;
  13382 : 18;
  13383 : 0B;
  13384 : 24;
  13385 : 93;
  13386 : A0;
  13387 : A4;
  13388 : AA;
  13389 : AF;
  13390 : B3;
  13391 : B5;
  13392 : B8;
  13393 : BB;
  13394 : BD;
  13395 : C0;
  13396 : C3;
  13397 : C4;
  13398 : C5;
  [13399..13401] : C6;
  13402 : C0;
  13403 : 2C;
  13404 : 00;
  13405 : 04;
  13406 : 06;
  13407 : 13;
  13408 : 33;
  13409 : 3E;
  13410 : 4E;
  13411 : 19;
  [13412..13413] : 1D;
  [13414..13418] : 1E;
  13419 : 1D;
  13420 : 1C;
  13421 : 13;
  13422 : 1C;
  13423 : 0B;
  13424 : 70;
  13425 : AC;
  13426 : AA;
  13427 : AC;
  13428 : AD;
  13429 : AB;
  [13430..13449] : 80;
  13450 : DC;
  [13451..13452] : D1;
  [13453..13454] : D0;
  13455 : CE;
  13456 : CD;
  13457 : D0;
  13458 : 7E;
  13459 : 1E;
  13460 : 08;
  13461 : 22;
  13462 : 6E;
  13463 : 1F;
  13464 : 17;
  13465 : 1A;
  13466 : 1D;
  13467 : 22;
  13468 : 25;
  13469 : 28;
  13470 : 2A;
  13471 : 2E;
  13472 : 2F;
  13473 : 2A;
  13474 : 1A;
  13475 : 11;
  13476 : 24;
  13477 : 09;
  13478 : 04;
  13479 : 03;
  13480 : 06;
  13481 : 71;
  13482 : A0;
  13483 : A4;
  13484 : A8;
  13485 : AD;
  13486 : B1;
  13487 : B6;
  13488 : BB;
  13489 : C0;
  13490 : C2;
  13491 : C6;
  13492 : C9;
  13493 : CC;
  13494 : CE;
  13495 : D0;
  [13496..13498] : D1;
  13499 : D2;
  13500 : BF;
  13501 : 30;
  13502 : 11;
  13503 : 5B;
  13504 : 52;
  13505 : 12;
  13506 : 17;
  13507 : 18;
  13508 : 17;
  13509 : 18;
  13510 : 17;
  [13511..13512] : 18;
  13513 : 1B;
  13514 : 28;
  13515 : 24;
  13516 : 12;
  13517 : 21;
  13518 : 08;
  13519 : 03;
  13520 : 01;
  13521 : 12;
  13522 : 8D;
  13523 : AB;
  13524 : AE;
  13525 : B2;
  13526 : B7;
  13527 : BB;
  13528 : BF;
  13529 : C2;
  13530 : C7;
  13531 : C9;
  13532 : CC;
  13533 : CE;
  13534 : D0;
  13535 : D2;
  13536 : D4;
  13537 : D5;
  13538 : D3;
  13539 : 8D;
  13540 : 51;
  13541 : EC;
  13542 : D9;
  13543 : DA;
  [13544..13545] : D9;
  [13546..13547] : DA;
  13548 : D9;
  [13549..13550] : DA;
  13551 : D9;
  [13552..13553] : D8;
  13554 : D7;
  13555 : D6;
  13556 : D9;
  13557 : AB;
  13558 : 14;
  13559 : 03;
  13560 : 1D;
  13561 : 67;
  13562 : 44;
  13563 : 1A;
  13564 : 20;
  13565 : 21;
  [13566..13569] : 23;
  [13570..13571] : 25;
  13572 : 28;
  13573 : 1B;
  13574 : 18;
  13575 : 16;
  13576 : 03;
  13577 : 02;
  13578 : 59;
  [13579..13580] : A3;
  13581 : A7;
  13582 : AB;
  13583 : AF;
  13584 : B5;
  13585 : B9;
  13586 : BD;
  13587 : BF;
  13588 : C2;
  [13589..13590] : C6;
  13591 : C7;
  13592 : C9;
  13593 : D1;
  13594 : 8E;
  13595 : 08;
  13596 : 04;
  13597 : 27;
  13598 : 65;
  13599 : 31;
  13600 : 24;
  [13601..13603] : 25;
  [13604..13607] : 24;
  13608 : 25;
  13609 : 27;
  13610 : 17;
  13611 : 1D;
  13612 : 07;
  13613 : 02;
  13614 : 2B;
  13615 : 9C;
  13616 : A4;
  13617 : A7;
  13618 : AC;
  13619 : B0;
  13620 : B3;
  13621 : B7;
  13622 : BB;
  13623 : BE;
  13624 : C1;
  13625 : C4;
  13626 : C5;
  13627 : C7;
  13628 : C9;
  13629 : CD;
  13630 : 9E;
  13631 : 09;
  13632 : 05;
  13633 : 1E;
  13634 : 37;
  13635 : 68;
  [13636..13639] : 24;
  [13640..13641] : 25;
  13642 : 26;
  [13643..13644] : 27;
  13645 : 28;
  13646 : 24;
  13647 : 15;
  13648 : 1A;
  13649 : 01;
  13650 : 0B;
  13651 : 7F;
  [13652..13653] : AA;
  13654 : AF;
  13655 : B4;
  13656 : B8;
  13657 : BB;
  13658 : BF;
  13659 : C3;
  13660 : C6;
  13661 : C9;
  13662 : CB;
  13663 : CE;
  13664 : D0;
  13665 : D2;
  13666 : C8;
  13667 : 35;
  13668 : 89;
  13669 : E4;
  [13670..13674] : D6;
  [13675..13676] : D5;
  13677 : D4;
  13678 : D3;
  13679 : D2;
  [13680..13681] : D1;
  13682 : CE;
  13683 : D3;
  13684 : 7E;
  13685 : 00;
  13686 : 03;
  13687 : 07;
  13688 : 31;
  13689 : 3F;
  13690 : 58;
  13691 : 1D;
  [13692..13694] : 20;
  13695 : 21;
  13696 : 20;
  [13697..13699] : 21;
  13700 : 22;
  13701 : 1B;
  13702 : 18;
  13703 : 0B;
  13704 : 24;
  13705 : 94;
  13706 : A1;
  13707 : A4;
  13708 : AA;
  13709 : B0;
  13710 : B3;
  13711 : B6;
  13712 : B9;
  13713 : BC;
  13714 : BE;
  13715 : C1;
  13716 : C3;
  13717 : C4;
  13718 : C6;
  13719 : C7;
  [13720..13721] : C6;
  13722 : C1;
  13723 : 2E;
  13724 : 00;
  13725 : 04;
  13726 : 06;
  13727 : 13;
  13728 : 33;
  13729 : 3C;
  13730 : 50;
  13731 : 19;
  [13732..13734] : 1D;
  [13735..13737] : 1E;
  [13738..13740] : 1D;
  13741 : 14;
  13742 : 1D;
  13743 : 0A;
  13744 : 6E;
  13745 : AC;
  13746 : AA;
  13747 : AC;
  13748 : AD;
  13749 : AB;
  [13750..13769] : 80;
  13770 : DC;
  [13771..13772] : D2;
  13773 : D1;
  13774 : D0;
  13775 : CF;
  13776 : CE;
  13777 : D1;
  13778 : 80;
  13779 : 1F;
  13780 : 07;
  13781 : 27;
  13782 : 72;
  13783 : 1F;
  13784 : 16;
  13785 : 19;
  13786 : 1C;
  13787 : 20;
  13788 : 24;
  13789 : 27;
  13790 : 29;
  [13791..13792] : 2D;
  13793 : 29;
  13794 : 1A;
  13795 : 13;
  13796 : 23;
  13797 : 09;
  13798 : 04;
  13799 : 03;
  13800 : 07;
  13801 : 73;
  13802 : A0;
  13803 : A4;
  13804 : A8;
  13805 : AC;
  13806 : B1;
  13807 : B6;
  13808 : BB;
  13809 : BF;
  13810 : C2;
  13811 : C6;
  13812 : C9;
  13813 : CC;
  13814 : CE;
  13815 : D0;
  13816 : D2;
  [13817..13818] : D1;
  13819 : D3;
  13820 : BF;
  13821 : 30;
  13822 : 11;
  13823 : 5D;
  13824 : 51;
  13825 : 11;
  13826 : 17;
  [13827..13829] : 18;
  [13830..13831] : 17;
  13832 : 18;
  13833 : 1B;
  13834 : 28;
  13835 : 24;
  13836 : 11;
  13837 : 21;
  13838 : 08;
  13839 : 03;
  13840 : 01;
  13841 : 13;
  13842 : 8D;
  13843 : AB;
  13844 : AE;
  13845 : B4;
  13846 : B8;
  13847 : BC;
  13848 : BF;
  13849 : C3;
  13850 : C7;
  13851 : C9;
  13852 : CC;
  13853 : CF;
  13854 : D1;
  13855 : D2;
  13856 : D4;
  13857 : D6;
  13858 : D3;
  13859 : 8A;
  13860 : 50;
  13861 : ED;
  [13862..13867] : DA;
  13868 : D9;
  [13869..13870] : DA;
  [13871..13873] : D9;
  13874 : D8;
  13875 : D7;
  13876 : DB;
  13877 : AB;
  13878 : 15;
  13879 : 03;
  13880 : 1E;
  13881 : 66;
  13882 : 43;
  13883 : 1A;
  13884 : 20;
  13885 : 21;
  [13886..13889] : 23;
  13890 : 24;
  13891 : 25;
  13892 : 28;
  13893 : 1A;
  13894 : 19;
  13895 : 17;
  13896 : 04;
  13897 : 01;
  13898 : 59;
  [13899..13900] : A3;
  13901 : A7;
  13902 : AC;
  13903 : B0;
  13904 : B5;
  13905 : BA;
  13906 : BD;
  13907 : BF;
  13908 : C2;
  13909 : C5;
  13910 : C6;
  13911 : C8;
  13912 : C9;
  13913 : D0;
  13914 : 8F;
  13915 : 09;
  13916 : 05;
  13917 : 2A;
  13918 : 69;
  13919 : 30;
  13920 : 22;
  13921 : 24;
  13922 : 25;
  [13923..13925] : 24;
  13926 : 23;
  13927 : 24;
  13928 : 25;
  13929 : 27;
  13930 : 17;
  13931 : 1D;
  13932 : 07;
  13933 : 02;
  13934 : 2B;
  13935 : 9C;
  13936 : A4;
  13937 : A7;
  13938 : AC;
  13939 : AF;
  13940 : B3;
  13941 : B7;
  13942 : BC;
  13943 : BF;
  13944 : C1;
  13945 : C4;
  13946 : C6;
  [13947..13948] : C8;
  13949 : CE;
  13950 : 9F;
  13951 : 0A;
  13952 : 05;
  13953 : 1F;
  13954 : 38;
  13955 : 69;
  13956 : 25;
  [13957..13958] : 23;
  [13959..13960] : 24;
  13961 : 25;
  13962 : 26;
  13963 : 27;
  13964 : 26;
  13965 : 27;
  13966 : 24;
  13967 : 14;
  13968 : 1A;
  13969 : 01;
  13970 : 0C;
  13971 : 7F;
  13972 : A9;
  13973 : AA;
  13974 : AF;
  13975 : B4;
  13976 : B9;
  13977 : BC;
  13978 : C0;
  13979 : C3;
  13980 : C6;
  13981 : C9;
  13982 : CB;
  13983 : CE;
  13984 : D0;
  13985 : D2;
  13986 : C9;
  13987 : 36;
  13988 : 88;
  13989 : E3;
  13990 : D5;
  13991 : D6;
  [13992..13993] : D7;
  13994 : D6;
  [13995..13997] : D5;
  13998 : D4;
  13999 : D3;
  [14000..14001] : D2;
  14002 : CF;
  14003 : D3;
  14004 : 80;
  14005 : 00;
  14006 : 03;
  14007 : 07;
  14008 : 31;
  14009 : 40;
  14010 : 5B;
  14011 : 1D;
  14012 : 21;
  [14013..14014] : 20;
  14015 : 21;
  [14016..14017] : 20;
  14018 : 21;
  14019 : 20;
  14020 : 21;
  14021 : 1B;
  14022 : 19;
  14023 : 0C;
  14024 : 24;
  14025 : 94;
  14026 : A1;
  14027 : A6;
  14028 : AB;
  14029 : B0;
  14030 : B3;
  14031 : B6;
  14032 : B9;
  14033 : BC;
  14034 : BF;
  14035 : C1;
  14036 : C3;
  14037 : C5;
  14038 : C6;
  [14039..14041] : C7;
  14042 : C3;
  14043 : 30;
  14044 : 00;
  14045 : 04;
  14046 : 07;
  14047 : 13;
  14048 : 34;
  14049 : 3B;
  14050 : 53;
  14051 : 19;
  [14052..14059] : 1D;
  14060 : 1E;
  14061 : 15;
  14062 : 1E;
  14063 : 0A;
  14064 : 6C;
  14065 : AC;
  14066 : A9;
  14067 : AC;
  14068 : AD;
  14069 : AC;
  [14070..14089] : 80;
  14090 : DD;
  [14091..14092] : D3;
  14093 : D2;
  14094 : D1;
  [14095..14096] : CF;
  14097 : D2;
  14098 : 81;
  14099 : 1F;
  14100 : 06;
  14101 : 2B;
  14102 : 76;
  14103 : 1F;
  14104 : 16;
  14105 : 18;
  14106 : 1B;
  14107 : 1E;
  14108 : 22;
  14109 : 26;
  14110 : 29;
  [14111..14112] : 2B;
  14113 : 29;
  14114 : 19;
  14115 : 14;
  14116 : 23;
  14117 : 09;
  14118 : 04;
  14119 : 02;
  14120 : 08;
  14121 : 75;
  14122 : A0;
  14123 : A3;
  14124 : A8;
  14125 : AD;
  14126 : B1;
  14127 : B6;
  14128 : BB;
  14129 : BF;
  14130 : C2;
  14131 : C6;
  14132 : C9;
  14133 : CC;
  14134 : CE;
  14135 : D0;
  [14136..14138] : D1;
  14139 : D3;
  14140 : BE;
  14141 : 2F;
  14142 : 13;
  14143 : 5E;
  14144 : 51;
  14145 : 12;
  14146 : 18;
  [14147..14149] : 17;
  14150 : 16;
  [14151..14152] : 17;
  14153 : 1A;
  14154 : 26;
  14155 : 22;
  14156 : 12;
  14157 : 21;
  14158 : 09;
  14159 : 03;
  14160 : 01;
  14161 : 14;
  14162 : 8F;
  14163 : AC;
  14164 : AE;
  14165 : B3;
  14166 : B8;
  14167 : BB;
  14168 : BF;
  14169 : C3;
  14170 : C7;
  14171 : CA;
  14172 : CC;
  14173 : CE;
  14174 : D1;
  14175 : D3;
  14176 : D4;
  14177 : D6;
  14178 : D4;
  14179 : 87;
  14180 : 4F;
  14181 : ED;
  14182 : DA;
  14183 : DB;
  14184 : DA;
  14185 : D9;
  [14186..14192] : DA;
  14193 : D9;
  14194 : D8;
  14195 : D7;
  14196 : DB;
  14197 : AB;
  14198 : 14;
  14199 : 04;
  14200 : 1F;
  14201 : 65;
  14202 : 43;
  14203 : 1A;
  14204 : 20;
  14205 : 21;
  14206 : 23;
  [14207..14208] : 22;
  [14209..14210] : 24;
  14211 : 25;
  14212 : 28;
  14213 : 1A;
  14214 : 19;
  14215 : 17;
  14216 : 04;
  14217 : 02;
  14218 : 59;
  [14219..14220] : A2;
  14221 : A7;
  14222 : AC;
  14223 : B0;
  14224 : B5;
  14225 : BA;
  14226 : BD;
  14227 : C0;
  14228 : C2;
  14229 : C5;
  14230 : C7;
  14231 : C8;
  14232 : C9;
  14233 : D1;
  14234 : 91;
  14235 : 0B;
  14236 : 06;
  14237 : 2C;
  14238 : 68;
  14239 : 30;
  14240 : 21;
  [14241..14248] : 24;
  14249 : 26;
  14250 : 16;
  14251 : 1C;
  14252 : 07;
  14253 : 02;
  14254 : 2B;
  14255 : 9D;
  14256 : A5;
  14257 : A8;
  14258 : AD;
  14259 : B0;
  14260 : B3;
  14261 : B8;
  14262 : BC;
  14263 : BF;
  14264 : C2;
  14265 : C4;
  14266 : C6;
  14267 : C8;
  14268 : C9;
  14269 : CE;
  14270 : A1;
  14271 : 0A;
  14272 : 05;
  14273 : 1F;
  14274 : 39;
  14275 : 69;
  14276 : 25;
  [14277..14278] : 23;
  [14279..14280] : 24;
  14281 : 25;
  14282 : 26;
  14283 : 27;
  14284 : 26;
  14285 : 27;
  14286 : 25;
  14287 : 14;
  14288 : 1A;
  14289 : 01;
  14290 : 0B;
  14291 : 7E;
  14292 : A9;
  14293 : AB;
  14294 : B0;
  14295 : B5;
  14296 : BA;
  14297 : BC;
  14298 : C0;
  14299 : C3;
  14300 : C6;
  14301 : C9;
  14302 : CC;
  14303 : CF;
  14304 : D0;
  14305 : D2;
  14306 : CA;
  14307 : 37;
  14308 : 88;
  14309 : E3;
  14310 : D6;
  [14311..14314] : D7;
  14315 : D6;
  [14316..14318] : D5;
  14319 : D4;
  14320 : D3;
  14321 : D2;
  14322 : D0;
  14323 : D5;
  14324 : 82;
  14325 : 00;
  14326 : 03;
  14327 : 07;
  14328 : 31;
  14329 : 41;
  14330 : 5B;
  14331 : 1D;
  [14332..14340] : 20;
  14341 : 1C;
  14342 : 1A;
  14343 : 0D;
  14344 : 24;
  14345 : 95;
  14346 : A2;
  14347 : A6;
  14348 : AB;
  14349 : B0;
  14350 : B4;
  14351 : B7;
  14352 : B9;
  14353 : BC;
  14354 : BF;
  14355 : C2;
  14356 : C3;
  14357 : C5;
  14358 : C6;
  14359 : C8;
  [14360..14361] : C9;
  14362 : C5;
  14363 : 32;
  14364 : 00;
  14365 : 04;
  14366 : 07;
  14367 : 13;
  14368 : 34;
  14369 : 39;
  14370 : 55;
  14371 : 19;
  [14372..14380] : 1D;
  14381 : 15;
  14382 : 1D;
  14383 : 09;
  14384 : 69;
  14385 : AB;
  14386 : A9;
  14387 : AC;
  14388 : AD;
  14389 : AB;
  [14390..14409] : 80;
  14410 : DE;
  [14411..14412] : D3;
  14413 : D2;
  14414 : D1;
  14415 : D0;
  14416 : CF;
  14417 : D2;
  14418 : 7F;
  14419 : 1F;
  14420 : 06;
  14421 : 2B;
  14422 : 75;
  14423 : 1E;
  14424 : 16;
  [14425..14426] : 19;
  14427 : 1B;
  14428 : 21;
  14429 : 24;
  14430 : 27;
  14431 : 2B;
  14432 : 2A;
  14433 : 28;
  14434 : 18;
  14435 : 15;
  14436 : 23;
  14437 : 09;
  14438 : 04;
  14439 : 02;
  14440 : 09;
  14441 : 76;
  14442 : A1;
  14443 : A4;
  14444 : A9;
  14445 : AD;
  14446 : B2;
  14447 : B6;
  14448 : BA;
  14449 : BE;
  14450 : C2;
  14451 : C6;
  14452 : C9;
  14453 : CC;
  14454 : CE;
  14455 : CF;
  14456 : D1;
  14457 : D2;
  14458 : D1;
  14459 : D3;
  14460 : BE;
  14461 : 2E;
  14462 : 13;
  14463 : 61;
  14464 : 50;
  14465 : 12;
  14466 : 17;
  14467 : 18;
  [14468..14470] : 17;
  14471 : 16;
  14472 : 17;
  14473 : 1A;
  14474 : 26;
  14475 : 21;
  14476 : 12;
  14477 : 20;
  14478 : 09;
  14479 : 03;
  14480 : 01;
  14481 : 16;
  14482 : 90;
  14483 : AB;
  14484 : AE;
  14485 : B4;
  14486 : B8;
  14487 : BC;
  14488 : BF;
  14489 : C2;
  14490 : C7;
  14491 : CA;
  14492 : CC;
  14493 : CF;
  14494 : D1;
  14495 : D2;
  14496 : D4;
  14497 : D6;
  14498 : D3;
  14499 : 85;
  14500 : 50;
  14501 : ED;
  14502 : DA;
  14503 : DB;
  [14504..14508] : DA;
  [14509..14510] : DB;
  [14511..14512] : DA;
  14513 : D9;
  14514 : D8;
  14515 : D7;
  14516 : DB;
  14517 : AD;
  14518 : 16;
  14519 : 04;
  14520 : 20;
  14521 : 66;
  14522 : 43;
  14523 : 1A;
  [14524..14525] : 1F;
  14526 : 21;
  [14527..14528] : 22;
  [14529..14530] : 24;
  14531 : 25;
  14532 : 28;
  14533 : 1A;
  14534 : 19;
  14535 : 16;
  14536 : 03;
  14537 : 02;
  14538 : 5A;
  14539 : A2;
  14540 : A3;
  14541 : A7;
  14542 : AC;
  14543 : B1;
  14544 : B5;
  14545 : BA;
  14546 : BD;
  14547 : C0;
  14548 : C3;
  14549 : C5;
  14550 : C7;
  14551 : C8;
  14552 : C9;
  14553 : D2;
  14554 : 92;
  14555 : 0C;
  14556 : 06;
  14557 : 2B;
  14558 : 68;
  14559 : 31;
  14560 : 21;
  14561 : 23;
  14562 : 22;
  [14563..14566] : 23;
  14567 : 24;
  14568 : 25;
  14569 : 26;
  14570 : 17;
  14571 : 1C;
  14572 : 07;
  14573 : 02;
  14574 : 2B;
  14575 : 9D;
  14576 : A5;
  14577 : A9;
  14578 : AD;
  14579 : B0;
  14580 : B4;
  14581 : B8;
  14582 : BC;
  14583 : BF;
  14584 : C2;
  14585 : C5;
  14586 : C7;
  14587 : C8;
  14588 : C9;
  14589 : CE;
  14590 : A2;
  14591 : 0A;
  14592 : 05;
  14593 : 1F;
  14594 : 38;
  14595 : 68;
  14596 : 26;
  [14597..14598] : 23;
  [14599..14600] : 24;
  14601 : 25;
  14602 : 26;
  14603 : 25;
  14604 : 26;
  14605 : 27;
  14606 : 24;
  14607 : 14;
  14608 : 19;
  14609 : 01;
  14610 : 0B;
  14611 : 7D;
  14612 : AB;
  14613 : AC;
  14614 : B1;
  14615 : B6;
  14616 : BA;
  14617 : BD;
  14618 : C1;
  14619 : C4;
  14620 : C6;
  14621 : C9;
  14622 : CC;
  14623 : CF;
  14624 : D0;
  14625 : D3;
  14626 : CA;
  14627 : 38;
  14628 : 88;
  14629 : E3;
  14630 : D6;
  14631 : D8;
  [14632..14634] : D7;
  [14635..14636] : D6;
  [14637..14638] : D5;
  [14639..14640] : D4;
  14641 : D3;
  14642 : D2;
  14643 : D6;
  14644 : 83;
  14645 : 00;
  14646 : 03;
  14647 : 08;
  14648 : 31;
  14649 : 42;
  14650 : 5D;
  14651 : 1D;
  14652 : 20;
  [14653..14659] : 1F;
  14660 : 20;
  14661 : 1C;
  14662 : 19;
  14663 : 0D;
  14664 : 22;
  14665 : 94;
  14666 : A3;
  14667 : A8;
  14668 : AD;
  14669 : B2;
  14670 : B5;
  14671 : B7;
  14672 : B9;
  14673 : BC;
  14674 : C0;
  14675 : C1;
  14676 : C3;
  14677 : C5;
  14678 : C7;
  14679 : C8;
  14680 : C9;
  14681 : CA;
  14682 : C6;
  14683 : 35;
  14684 : 00;
  14685 : 04;
  14686 : 06;
  14687 : 15;
  14688 : 35;
  14689 : 36;
  14690 : 56;
  14691 : 19;
  14692 : 1C;
  [14693..14695] : 1D;
  14696 : 1C;
  [14697..14700] : 1D;
  14701 : 15;
  14702 : 1D;
  14703 : 0A;
  14704 : 65;
  [14705..14706] : A9;
  14707 : AB;
  [14708..14709] : AC;
  [14710..14729] : 80;
  14730 : DE;
  [14731..14732] : D4;
  14733 : D3;
  14734 : D2;
  14735 : D1;
  14736 : D0;
  14737 : D3;
  14738 : 7D;
  14739 : 1F;
  14740 : 05;
  14741 : 2B;
  14742 : 73;
  14743 : 1C;
  14744 : 16;
  [14745..14746] : 19;
  14747 : 1B;
  14748 : 1F;
  14749 : 21;
  14750 : 25;
  [14751..14752] : 29;
  14753 : 27;
  [14754..14755] : 17;
  14756 : 24;
  14757 : 09;
  14758 : 04;
  14759 : 02;
  14760 : 09;
  14761 : 78;
  14762 : A1;
  14763 : A5;
  14764 : AA;
  14765 : AE;
  14766 : B3;
  14767 : B7;
  14768 : BA;
  14769 : BE;
  14770 : C2;
  14771 : C6;
  14772 : C9;
  14773 : CC;
  14774 : CF;
  14775 : D0;
  [14776..14778] : D2;
  14779 : D4;
  14780 : C0;
  14781 : 2E;
  14782 : 15;
  14783 : 62;
  14784 : 4F;
  14785 : 13;
  14786 : 18;
  14787 : 17;
  14788 : 16;
  14789 : 17;
  14790 : 16;
  [14791..14792] : 17;
  14793 : 19;
  14794 : 25;
  14795 : 21;
  14796 : 12;
  14797 : 21;
  14798 : 08;
  14799 : 03;
  14800 : 01;
  14801 : 17;
  14802 : 92;
  14803 : AB;
  14804 : AF;
  14805 : B4;
  14806 : B9;
  14807 : BD;
  14808 : BF;
  14809 : C2;
  14810 : C7;
  14811 : CA;
  14812 : CC;
  14813 : CF;
  14814 : D1;
  14815 : D3;
  14816 : D4;
  14817 : D6;
  14818 : D4;
  14819 : 84;
  14820 : 50;
  14821 : EE;
  [14822..14824] : DB;
  [14825..14826] : DA;
  [14827..14830] : DB;
  [14831..14832] : DA;
  14833 : D9;
  [14834..14835] : D8;
  14836 : DC;
  14837 : B0;
  14838 : 17;
  14839 : 04;
  14840 : 20;
  14841 : 68;
  14842 : 44;
  14843 : 1A;
  14844 : 1F;
  14845 : 20;
  14846 : 21;
  [14847..14848] : 22;
  14849 : 23;
  14850 : 24;
  14851 : 25;
  14852 : 28;
  [14853..14854] : 19;
  14855 : 15;
  14856 : 03;
  14857 : 02;
  14858 : 5B;
  14859 : A1;
  14860 : A3;
  14861 : A7;
  14862 : AC;
  14863 : B1;
  14864 : B5;
  14865 : BA;
  14866 : BD;
  14867 : C0;
  14868 : C3;
  14869 : C5;
  14870 : C7;
  14871 : C8;
  14872 : C9;
  14873 : D2;
  14874 : 94;
  14875 : 0C;
  14876 : 06;
  14877 : 2A;
  14878 : 6B;
  14879 : 31;
  14880 : 21;
  [14881..14886] : 23;
  14887 : 24;
  14888 : 26;
  14889 : 27;
  14890 : 16;
  14891 : 1C;
  14892 : 07;
  14893 : 02;
  14894 : 2B;
  14895 : 9E;
  14896 : A5;
  14897 : A8;
  14898 : AD;
  14899 : B0;
  14900 : B5;
  14901 : B8;
  14902 : BC;
  14903 : C0;
  14904 : C2;
  14905 : C5;
  14906 : C7;
  14907 : C8;
  14908 : CA;
  14909 : CF;
  14910 : A1;
  14911 : 0A;
  14912 : 05;
  14913 : 1F;
  14914 : 38;
  14915 : 6A;
  14916 : 26;
  14917 : 23;
  [14918..14920] : 24;
  14921 : 25;
  14922 : 26;
  14923 : 25;
  14924 : 26;
  14925 : 27;
  14926 : 24;
  14927 : 15;
  14928 : 1A;
  14929 : 01;
  14930 : 0B;
  14931 : 7D;
  14932 : AB;
  14933 : AC;
  14934 : B1;
  14935 : B7;
  14936 : BA;
  14937 : BD;
  14938 : C0;
  14939 : C4;
  14940 : C7;
  14941 : CA;
  14942 : CD;
  14943 : CE;
  14944 : D0;
  14945 : D3;
  14946 : CB;
  14947 : 39;
  14948 : 88;
  14949 : E4;
  14950 : D7;
  14951 : D8;
  14952 : D7;
  14953 : D8;
  [14954..14955] : D7;
  [14956..14959] : D6;
  14960 : D5;
  14961 : D3;
  14962 : D1;
  14963 : D5;
  14964 : 84;
  14965 : 00;
  14966 : 03;
  14967 : 0A;
  14968 : 34;
  14969 : 44;
  14970 : 60;
  14971 : 1E;
  14972 : 20;
  14973 : 1F;
  14974 : 1E;
  [14975..14976] : 1F;
  14977 : 1E;
  [14978..14979] : 1F;
  14980 : 20;
  14981 : 1B;
  14982 : 19;
  14983 : 0E;
  14984 : 21;
  14985 : 93;
  14986 : A4;
  14987 : A9;
  14988 : AE;
  14989 : B2;
  14990 : B4;
  14991 : B7;
  14992 : BA;
  14993 : BD;
  14994 : BF;
  14995 : C1;
  14996 : C4;
  14997 : C6;
  14998 : C8;
  14999 : C9;
  [15000..15001] : CA;
  15002 : C8;
  15003 : 37;
  15004 : 00;
  15005 : 04;
  15006 : 07;
  15007 : 17;
  15008 : 37;
  15009 : 35;
  15010 : 57;
  15011 : 19;
  [15012..15013] : 1D;
  [15014..15015] : 1C;
  [15016..15019] : 1D;
  15020 : 1E;
  15021 : 15;
  15022 : 1C;
  15023 : 09;
  15024 : 62;
  15025 : A8;
  15026 : A7;
  15027 : AA;
  [15028..15029] : AC;
  [15030..15049] : 80;
  15050 : DF;
  [15051..15052] : D4;
  15053 : D3;
  [15054..15055] : D1;
  15056 : D0;
  15057 : D2;
  15058 : 7D;
  15059 : 1E;
  15060 : 05;
  15061 : 2B;
  15062 : 72;
  15063 : 1B;
  15064 : 16;
  [15065..15066] : 18;
  15067 : 1A;
  15068 : 1D;
  15069 : 20;
  15070 : 24;
  15071 : 26;
  [15072..15073] : 27;
  15074 : 17;
  15075 : 18;
  15076 : 24;
  15077 : 09;
  15078 : 04;
  15079 : 02;
  15080 : 0A;
  15081 : 7A;
  15082 : A3;
  15083 : A5;
  15084 : AB;
  15085 : AF;
  15086 : B3;
  15087 : B7;
  15088 : BB;
  15089 : BF;
  15090 : C2;
  15091 : C6;
  15092 : C9;
  15093 : CD;
  15094 : CF;
  15095 : D0;
  [15096..15097] : D3;
  15098 : D2;
  15099 : D5;
  15100 : C2;
  15101 : 2E;
  15102 : 15;
  15103 : 64;
  15104 : 4D;
  15105 : 12;
  15106 : 17;
  [15107..15111] : 16;
  15112 : 17;
  15113 : 19;
  15114 : 25;
  15115 : 20;
  15116 : 14;
  15117 : 22;
  15118 : 09;
  15119 : 03;
  15120 : 01;
  15121 : 18;
  15122 : 94;
  15123 : AB;
  15124 : AF;
  15125 : B4;
  15126 : B9;
  15127 : BD;
  15128 : BF;
  15129 : C3;
  15130 : C7;
  15131 : CA;
  15132 : CD;
  15133 : CF;
  15134 : D1;
  15135 : D3;
  15136 : D5;
  15137 : D7;
  15138 : D4;
  15139 : 84;
  15140 : 51;
  15141 : EF;
  15142 : DB;
  15143 : DC;
  [15144..15150] : DB;
  15151 : DA;
  [15152..15153] : D9;
  15154 : D8;
  15155 : D7;
  15156 : DC;
  15157 : B2;
  15158 : 18;
  15159 : 04;
  15160 : 20;
  15161 : 69;
  15162 : 45;
  15163 : 1A;
  [15164..15165] : 1E;
  15166 : 20;
  [15167..15168] : 22;
  [15169..15170] : 23;
  15171 : 25;
  15172 : 28;
  [15173..15174] : 19;
  15175 : 16;
  15176 : 04;
  15177 : 02;
  15178 : 5D;
  [15179..15180] : A2;
  15181 : A7;
  15182 : AC;
  15183 : B1;
  15184 : B6;
  15185 : BA;
  15186 : BD;
  15187 : C0;
  15188 : C3;
  15189 : C5;
  15190 : C7;
  15191 : C8;
  15192 : CA;
  15193 : D1;
  15194 : 99;
  15195 : 0E;
  15196 : 04;
  15197 : 2B;
  15198 : 6C;
  15199 : 30;
  15200 : 20;
  15201 : 23;
  15202 : 24;
  [15203..15204] : 23;
  [15205..15207] : 24;
  15208 : 25;
  15209 : 27;
  15210 : 16;
  15211 : 1C;
  15212 : 07;
  15213 : 02;
  15214 : 2B;
  15215 : 9E;
  15216 : A6;
  15217 : A8;
  15218 : AD;
  15219 : B0;
  15220 : B5;
  15221 : B9;
  15222 : BD;
  15223 : C0;
  15224 : C3;
  [15225..15226] : C6;
  15227 : C8;
  15228 : C9;
  15229 : CE;
  15230 : A4;
  15231 : 0B;
  15232 : 05;
  15233 : 1F;
  15234 : 39;
  15235 : 6B;
  15236 : 27;
  [15237..15241] : 24;
  [15242..15243] : 25;
  15244 : 26;
  15245 : 27;
  15246 : 23;
  15247 : 15;
  15248 : 1A;
  15249 : 01;
  15250 : 0B;
  15251 : 7C;
  [15252..15253] : AC;
  15254 : B2;
  15255 : B7;
  15256 : BB;
  15257 : BD;
  15258 : C1;
  15259 : C4;
  15260 : C6;
  15261 : C9;
  15262 : CC;
  15263 : CE;
  15264 : D0;
  15265 : D2;
  15266 : CB;
  15267 : 39;
  15268 : 88;
  15269 : E4;
  [15270..15275] : D7;
  [15276..15279] : D6;
  15280 : D5;
  15281 : D3;
  15282 : D1;
  15283 : D5;
  15284 : 86;
  15285 : 00;
  15286 : 04;
  15287 : 0B;
  15288 : 38;
  15289 : 47;
  15290 : 62;
  15291 : 1D;
  15292 : 20;
  15293 : 1F;
  15294 : 1E;
  [15295..15299] : 1F;
  15300 : 20;
  15301 : 1B;
  15302 : 19;
  15303 : 0E;
  15304 : 20;
  15305 : 93;
  15306 : A4;
  15307 : AA;
  15308 : AE;
  15309 : B2;
  15310 : B5;
  15311 : B8;
  15312 : BA;
  15313 : BC;
  15314 : BF;
  15315 : C2;
  15316 : C4;
  15317 : C6;
  15318 : C8;
  15319 : CA;
  [15320..15321] : CB;
  15322 : CA;
  15323 : 3A;
  15324 : 00;
  15325 : 03;
  15326 : 07;
  15327 : 18;
  15328 : 38;
  15329 : 35;
  15330 : 5A;
  15331 : 18;
  15332 : 1D;
  15333 : 1E;
  [15334..15335] : 1C;
  [15336..15337] : 1D;
  15338 : 1C;
  [15339..15340] : 1D;
  15341 : 15;
  15342 : 1C;
  15343 : 0A;
  15344 : 5F;
  [15345..15346] : A7;
  15347 : A9;
  15348 : AC;
  15349 : AB;
  [15350..15369] : 80;
  15370 : DE;
  [15371..15372] : D4;
  15373 : D3;
  15374 : D2;
  15375 : D1;
  15376 : D0;
  15377 : D2;
  15378 : 7D;
  15379 : 1E;
  15380 : 06;
  15381 : 2D;
  15382 : 73;
  15383 : 1A;
  15384 : 16;
  15385 : 17;
  15386 : 18;
  15387 : 1A;
  15388 : 1C;
  15389 : 1F;
  15390 : 22;
  15391 : 24;
  [15392..15393] : 27;
  15394 : 17;
  15395 : 19;
  15396 : 24;
  15397 : 09;
  15398 : 04;
  15399 : 02;
  15400 : 0B;
  15401 : 7B;
  15402 : A3;
  15403 : A4;
  15404 : AA;
  15405 : AF;
  15406 : B3;
  15407 : B8;
  15408 : BB;
  15409 : BE;
  15410 : C2;
  15411 : C6;
  15412 : CA;
  15413 : CD;
  15414 : CF;
  15415 : D1;
  15416 : D3;
  [15417..15418] : D4;
  15419 : D6;
  15420 : C1;
  15421 : 2D;
  15422 : 16;
  15423 : 66;
  15424 : 4C;
  15425 : 12;
  15426 : 17;
  15427 : 16;
  15428 : 15;
  [15429..15430] : 16;
  [15431..15432] : 17;
  15433 : 18;
  15434 : 25;
  15435 : 20;
  15436 : 14;
  15437 : 23;
  15438 : 09;
  15439 : 03;
  15440 : 01;
  15441 : 19;
  15442 : 96;
  15443 : AB;
  15444 : AF;
  15445 : B4;
  15446 : B9;
  15447 : BD;
  15448 : C0;
  15449 : C3;
  15450 : C6;
  15451 : C9;
  15452 : CC;
  15453 : CF;
  [15454..15455] : D2;
  15456 : D5;
  15457 : D7;
  15458 : D4;
  15459 : 82;
  15460 : 50;
  15461 : EF;
  [15462..15466] : DB;
  15467 : DC;
  [15468..15471] : DB;
  15472 : DA;
  15473 : D9;
  15474 : D8;
  15475 : D7;
  15476 : DD;
  15477 : B3;
  15478 : 18;
  15479 : 04;
  15480 : 22;
  15481 : 6B;
  15482 : 45;
  15483 : 19;
  15484 : 1E;
  15485 : 1F;
  15486 : 20;
  [15487..15488] : 22;
  [15489..15490] : 23;
  15491 : 24;
  15492 : 28;
  [15493..15494] : 19;
  15495 : 16;
  15496 : 03;
  15497 : 02;
  15498 : 5E;
  [15499..15500] : A3;
  15501 : A7;
  15502 : AC;
  15503 : B1;
  15504 : B6;
  15505 : BA;
  15506 : BD;
  15507 : C0;
  15508 : C2;
  15509 : C5;
  15510 : C6;
  15511 : C8;
  15512 : C9;
  15513 : D1;
  15514 : 99;
  15515 : 11;
  15516 : 04;
  15517 : 2D;
  15518 : 6C;
  15519 : 2F;
  15520 : 21;
  [15521..15523] : 23;
  [15524..15525] : 24;
  15526 : 25;
  15527 : 24;
  15528 : 25;
  15529 : 27;
  15530 : 17;
  15531 : 1D;
  15532 : 07;
  15533 : 02;
  15534 : 2B;
  15535 : 9E;
  15536 : A6;
  15537 : A8;
  15538 : AD;
  15539 : B1;
  15540 : B5;
  15541 : B9;
  15542 : BD;
  15543 : C0;
  15544 : C2;
  15545 : C4;
  15546 : C6;
  15547 : C8;
  15548 : C9;
  15549 : CD;
  15550 : A5;
  15551 : 0C;
  15552 : 05;
  15553 : 21;
  15554 : 3A;
  15555 : 6C;
  15556 : 27;
  [15557..15561] : 24;
  [15562..15563] : 25;
  15564 : 26;
  15565 : 27;
  15566 : 24;
  15567 : 16;
  15568 : 1A;
  15569 : 01;
  15570 : 0B;
  15571 : 7B;
  15572 : AC;
  15573 : AD;
  15574 : B3;
  15575 : B7;
  15576 : BA;
  15577 : BD;
  15578 : C1;
  15579 : C4;
  15580 : C6;
  15581 : C9;
  15582 : CC;
  15583 : CE;
  15584 : D0;
  15585 : D2;
  15586 : CA;
  15587 : 38;
  15588 : 88;
  15589 : E4;
  [15590..15592] : D7;
  15593 : D8;
  [15594..15598] : D7;
  15599 : D6;
  15600 : D5;
  15601 : D4;
  15602 : D2;
  15603 : D5;
  15604 : 89;
  15605 : 00;
  15606 : 04;
  15607 : 0B;
  15608 : 38;
  15609 : 47;
  15610 : 63;
  15611 : 1D;
  15612 : 20;
  [15613..15615] : 1E;
  [15616..15620] : 1F;
  15621 : 1B;
  15622 : 18;
  15623 : 0E;
  15624 : 1E;
  15625 : 92;
  15626 : A4;
  15627 : AB;
  15628 : B0;
  15629 : B3;
  15630 : B6;
  15631 : B8;
  15632 : B9;
  15633 : BC;
  15634 : C0;
  15635 : C3;
  15636 : C5;
  15637 : C7;
  15638 : C8;
  15639 : CA;
  [15640..15642] : CB;
  15643 : 3D;
  15644 : 00;
  15645 : 04;
  15646 : 08;
  15647 : 17;
  15648 : 39;
  15649 : 35;
  15650 : 5D;
  15651 : 19;
  15652 : 1C;
  [15653..15654] : 1D;
  [15655..15656] : 1C;
  [15657..15658] : 1D;
  15659 : 1C;
  15660 : 1D;
  15661 : 15;
  15662 : 1B;
  15663 : 0A;
  15664 : 5C;
  [15665..15666] : A7;
  15667 : A9;
  15668 : AD;
  15669 : AB;
  [15670..15689] : 80;
  15690 : DE;
  [15691..15693] : D4;
  15694 : D2;
  15695 : D1;
  15696 : D0;
  15697 : D2;
  15698 : 7E;
  15699 : 20;
  15700 : 07;
  15701 : 30;
  15702 : 77;
  15703 : 1A;
  15704 : 16;
  15705 : 17;
  15706 : 18;
  15707 : 19;
  15708 : 1B;
  15709 : 1D;
  15710 : 22;
  15711 : 23;
  15712 : 25;
  15713 : 26;
  15714 : 16;
  15715 : 1B;
  15716 : 25;
  15717 : 09;
  15718 : 04;
  15719 : 02;
  15720 : 0B;
  15721 : 7C;
  15722 : A1;
  15723 : A3;
  15724 : A9;
  15725 : AF;
  15726 : B4;
  15727 : B7;
  15728 : BB;
  15729 : BF;
  15730 : C3;
  15731 : C7;
  15732 : CB;
  15733 : CD;
  15734 : D0;
  15735 : D2;
  [15736..15738] : D4;
  15739 : D6;
  15740 : C1;
  15741 : 2C;
  15742 : 16;
  15743 : 66;
  15744 : 4B;
  15745 : 13;
  15746 : 17;
  15747 : 16;
  15748 : 15;
  15749 : 16;
  [15750..15752] : 17;
  15753 : 18;
  15754 : 26;
  15755 : 20;
  15756 : 14;
  15757 : 24;
  15758 : 09;
  15759 : 04;
  15760 : 01;
  15761 : 1A;
  15762 : 97;
  15763 : AC;
  15764 : B0;
  15765 : B5;
  15766 : B9;
  15767 : BC;
  15768 : BF;
  15769 : C2;
  15770 : C6;
  15771 : C9;
  15772 : CD;
  15773 : CF;
  15774 : D1;
  15775 : D3;
  15776 : D6;
  15777 : D7;
  15778 : D4;
  15779 : 7F;
  15780 : 52;
  15781 : F0;
  15782 : DB;
  15783 : DC;
  [15784..15785] : DB;
  [15786..15788] : DA;
  [15789..15791] : DB;
  15792 : DA;
  15793 : D9;
  [15794..15795] : D8;
  15796 : DD;
  15797 : B0;
  15798 : 18;
  15799 : 04;
  15800 : 22;
  15801 : 6B;
  15802 : 46;
  15803 : 19;
  [15804..15805] : 1F;
  15806 : 20;
  [15807..15809] : 22;
  15810 : 23;
  15811 : 24;
  15812 : 27;
  15813 : 18;
  15814 : 1A;
  15815 : 16;
  [15816..15817] : 03;
  15818 : 5E;
  [15819..15820] : A3;
  15821 : A7;
  15822 : AD;
  15823 : B2;
  15824 : B6;
  15825 : BA;
  15826 : BD;
  15827 : BF;
  15828 : C1;
  15829 : C3;
  15830 : C6;
  15831 : C8;
  15832 : CA;
  15833 : D2;
  15834 : 99;
  15835 : 14;
  15836 : 05;
  15837 : 30;
  15838 : 6C;
  15839 : 30;
  15840 : 21;
  [15841..15842] : 23;
  [15843..15846] : 24;
  [15847..15848] : 25;
  15849 : 27;
  15850 : 16;
  15851 : 1C;
  15852 : 07;
  15853 : 02;
  15854 : 2B;
  15855 : 9D;
  15856 : A6;
  15857 : A8;
  15858 : AD;
  15859 : B1;
  15860 : B4;
  15861 : B8;
  15862 : BC;
  15863 : BF;
  15864 : C2;
  15865 : C4;
  15866 : C6;
  15867 : C7;
  15868 : C9;
  15869 : CD;
  15870 : A5;
  15871 : 0C;
  15872 : 05;
  15873 : 22;
  15874 : 3B;
  15875 : 6E;
  15876 : 28;
  15877 : 24;
  15878 : 25;
  [15879..15880] : 24;
  [15881..15882] : 25;
  15883 : 26;
  [15884..15885] : 27;
  15886 : 24;
  15887 : 15;
  15888 : 1B;
  15889 : 01;
  15890 : 0B;
  15891 : 7B;
  [15892..15893] : AC;
  15894 : B2;
  15895 : B8;
  15896 : BB;
  15897 : BD;
  15898 : C1;
  15899 : C4;
  15900 : C6;
  15901 : C8;
  15902 : CC;
  15903 : CD;
  15904 : CF;
  15905 : D2;
  15906 : CB;
  15907 : 39;
  15908 : 87;
  15909 : E4;
  [15910..15911] : D7;
  15912 : D8;
  15913 : D7;
  15914 : D8;
  [15915..15917] : D7;
  [15918..15920] : D6;
  15921 : D5;
  15922 : D2;
  15923 : D6;
  15924 : 8D;
  15925 : 00;
  15926 : 03;
  15927 : 0C;
  15928 : 36;
  15929 : 45;
  15930 : 62;
  15931 : 1D;
  15932 : 1F;
  [15933..15939] : 1E;
  15940 : 1F;
  15941 : 1B;
  15942 : 17;
  15943 : 0D;
  15944 : 1D;
  15945 : 93;
  15946 : A5;
  15947 : AB;
  15948 : B0;
  15949 : B4;
  15950 : B7;
  15951 : B8;
  15952 : BA;
  15953 : BD;
  15954 : C0;
  15955 : C3;
  15956 : C5;
  15957 : C7;
  15958 : C9;
  15959 : CB;
  [15960..15961] : CC;
  15962 : CD;
  15963 : 40;
  15964 : 00;
  15965 : 05;
  15966 : 09;
  15967 : 17;
  15968 : 39;
  15969 : 35;
  15970 : 60;
  15971 : 19;
  15972 : 1C;
  [15973..15974] : 1D;
  [15975..15976] : 1C;
  [15977..15978] : 1D;
  15979 : 1C;
  15980 : 1D;
  15981 : 15;
  15982 : 1C;
  15983 : 0B;
  15984 : 5A;
  15985 : A8;
  15986 : A6;
  15987 : AA;
  15988 : AD;
  15989 : AC;
  [15990..16009] : 80;
  16010 : DE;
  [16011..16013] : D4;
  16014 : D2;
  16015 : D1;
  16016 : D0;
  16017 : D2;
  16018 : 7E;
  16019 : 21;
  16020 : 07;
  16021 : 36;
  16022 : 79;
  16023 : 19;
  [16024..16026] : 16;
  16027 : 18;
  16028 : 1B;
  16029 : 1D;
  16030 : 21;
  16031 : 24;
  [16032..16033] : 25;
  16034 : 16;
  16035 : 1D;
  16036 : 24;
  16037 : 09;
  16038 : 05;
  16039 : 02;
  16040 : 0B;
  16041 : 7B;
  16042 : A0;
  16043 : A3;
  16044 : A8;
  16045 : AE;
  16046 : B3;
  16047 : B7;
  16048 : BB;
  16049 : BF;
  16050 : C2;
  16051 : C7;
  16052 : CA;
  16053 : CE;
  16054 : D0;
  16055 : D1;
  16056 : D4;
  [16057..16058] : D5;
  16059 : D7;
  16060 : C0;
  16061 : 2A;
  16062 : 16;
  16063 : 69;
  16064 : 4B;
  16065 : 13;
  [16066..16071] : 16;
  16072 : 17;
  16073 : 18;
  16074 : 25;
  16075 : 1F;
  16076 : 15;
  16077 : 24;
  16078 : 09;
  16079 : 03;
  16080 : 01;
  16081 : 1C;
  16082 : 98;
  16083 : AB;
  16084 : AF;
  16085 : B5;
  16086 : B9;
  16087 : BD;
  16088 : BF;
  16089 : C2;
  16090 : C6;
  16091 : CA;
  16092 : CD;
  16093 : CF;
  16094 : D2;
  16095 : D3;
  16096 : D6;
  16097 : D8;
  16098 : D4;
  16099 : 7D;
  16100 : 53;
  16101 : EF;
  [16102..16103] : DC;
  [16104..16108] : DB;
  [16109..16113] : DA;
  16114 : D9;
  16115 : D8;
  16116 : DD;
  16117 : AF;
  16118 : 19;
  16119 : 05;
  16120 : 22;
  16121 : 6B;
  16122 : 45;
  16123 : 1A;
  16124 : 1E;
  16125 : 1F;
  16126 : 20;
  [16127..16130] : 22;
  16131 : 23;
  16132 : 26;
  16133 : 17;
  16134 : 1A;
  16135 : 16;
  16136 : 03;
  16137 : 02;
  16138 : 5F;
  [16139..16140] : A4;
  16141 : A8;
  16142 : AD;
  16143 : B2;
  16144 : B6;
  16145 : BA;
  16146 : BC;
  16147 : BE;
  16148 : C0;
  16149 : C4;
  16150 : C6;
  16151 : C8;
  16152 : C9;
  16153 : D2;
  16154 : 99;
  16155 : 18;
  16156 : 07;
  16157 : 33;
  16158 : 6A;
  16159 : 30;
  16160 : 21;
  [16161..16163] : 23;
  [16164..16166] : 24;
  [16167..16168] : 25;
  16169 : 27;
  16170 : 16;
  16171 : 1C;
  16172 : 07;
  16173 : 02;
  16174 : 2A;
  16175 : 9C;
  16176 : A5;
  16177 : A8;
  16178 : AC;
  16179 : B0;
  16180 : B4;
  16181 : B8;
  16182 : BC;
  16183 : BF;
  16184 : C1;
  16185 : C4;
  16186 : C6;
  16187 : C7;
  16188 : C9;
  16189 : CD;
  16190 : A6;
  16191 : 0C;
  16192 : 05;
  16193 : 22;
  16194 : 3C;
  16195 : 6F;
  16196 : 28;
  [16197..16200] : 24;
  16201 : 25;
  16202 : 26;
  16203 : 27;
  16204 : 26;
  16205 : 27;
  16206 : 24;
  16207 : 15;
  16208 : 1B;
  16209 : 01;
  16210 : 0B;
  16211 : 7B;
  [16212..16213] : AC;
  16214 : B2;
  16215 : B7;
  16216 : BB;
  16217 : BE;
  16218 : C1;
  16219 : C4;
  16220 : C6;
  16221 : C8;
  16222 : CB;
  16223 : CD;
  16224 : CF;
  16225 : D1;
  16226 : CC;
  16227 : 3B;
  16228 : 85;
  16229 : E3;
  16230 : D6;
  [16231..16233] : D8;
  [16234..16239] : D7;
  16240 : D6;
  16241 : D4;
  16242 : D3;
  16243 : D7;
  16244 : 8E;
  16245 : 00;
  16246 : 03;
  16247 : 0B;
  16248 : 35;
  16249 : 43;
  16250 : 61;
  16251 : 1D;
  16252 : 1F;
  [16253..16255] : 1E;
  [16256..16257] : 1F;
  [16258..16259] : 1E;
  16260 : 1F;
  16261 : 1B;
  16262 : 17;
  16263 : 0E;
  16264 : 1C;
  16265 : 93;
  16266 : A6;
  16267 : AB;
  16268 : B0;
  16269 : B4;
  16270 : B7;
  16271 : B8;
  16272 : BA;
  16273 : BC;
  16274 : C0;
  16275 : C3;
  16276 : C5;
  16277 : C7;
  16278 : C9;
  16279 : CA;
  16280 : CB;
  16281 : CC;
  16282 : CD;
  16283 : 42;
  16284 : 00;
  16285 : 05;
  16286 : 09;
  16287 : 17;
  16288 : 3A;
  16289 : 34;
  16290 : 60;
  16291 : 18;
  [16292..16293] : 1C;
  [16294..16295] : 1B;
  [16296..16297] : 1C;
  16298 : 1D;
  [16299..16300] : 1C;
  16301 : 15;
  16302 : 1C;
  16303 : 0C;
  16304 : 58;
  16305 : A9;
  16306 : A7;
  16307 : AA;
  [16308..16309] : AD;
  [16310..16329] : 80;
  16330 : DE;
  16331 : D4;
  16332 : D5;
  16333 : D4;
  [16334..16335] : D2;
  16336 : D1;
  16337 : D2;
  16338 : 7E;
  16339 : 21;
  16340 : 07;
  16341 : 38;
  16342 : 77;
  16343 : 18;
  16344 : 17;
  [16345..16346] : 16;
  16347 : 18;
  16348 : 1A;
  16349 : 1C;
  16350 : 21;
  16351 : 25;
  [16352..16353] : 26;
  16354 : 15;
  16355 : 1D;
  16356 : 24;
  16357 : 09;
  16358 : 04;
  16359 : 01;
  16360 : 0C;
  16361 : 7C;
  16362 : 9F;
  16363 : A3;
  16364 : A9;
  16365 : AD;
  16366 : B2;
  16367 : B6;
  16368 : BB;
  16369 : BF;
  16370 : C2;
  16371 : C6;
  16372 : CA;
  16373 : CD;
  16374 : D0;
  16375 : D2;
  16376 : D4;
  [16377..16378] : D5;
  16379 : D7;
  16380 : BD;
  16381 : 28;
  16382 : 17;
  16383 : 6B;
  16384 : 49;
  16385 : 12;
  16386 : 17;
  [16387..16390] : 16;
  16391 : 17;
  16392 : 18;
  16393 : 17;
  16394 : 24;
  16395 : 1E;
  16396 : 13;
  16397 : 22;
  16398 : 09;
  16399 : 04;
  16400 : 01;
  16401 : 1C;
  16402 : 97;
  16403 : AA;
  16404 : AE;
  16405 : B5;
  16406 : B9;
  16407 : BD;
  16408 : C0;
  16409 : C2;
  16410 : C6;
  16411 : C9;
  16412 : CC;
  16413 : D0;
  16414 : D2;
  16415 : D3;
  16416 : D5;
  16417 : D7;
  16418 : D3;
  16419 : 7A;
  16420 : 54;
  16421 : EF;
  [16422..16423] : DC;
  [16424..16430] : DB;
  [16431..16433] : DA;
  16434 : D9;
  16435 : D8;
  16436 : DD;
  16437 : B0;
  16438 : 1A;
  16439 : 05;
  16440 : 23;
  16441 : 6B;
  16442 : 43;
  16443 : 1A;
  [16444..16445] : 1F;
  16446 : 20;
  [16447..16448] : 21;
  [16449..16450] : 22;
  16451 : 23;
  16452 : 26;
  16453 : 18;
  16454 : 19;
  16455 : 14;
  [16456..16457] : 03;
  16458 : 62;
  [16459..16460] : A4;
  16461 : A8;
  16462 : AD;
  16463 : B1;
  16464 : B6;
  16465 : B9;
  16466 : BC;
  16467 : BE;
  16468 : C1;
  16469 : C4;
  16470 : C6;
  16471 : C8;
  16472 : C9;
  16473 : D1;
  16474 : 99;
  16475 : 1B;
  16476 : 09;
  16477 : 33;
  16478 : 6D;
  16479 : 31;
  16480 : 22;
  [16481..16482] : 23;
  [16483..16486] : 24;
  [16487..16488] : 25;
  16489 : 27;
  16490 : 16;
  16491 : 1C;
  16492 : 07;
  16493 : 02;
  16494 : 2A;
  16495 : 9D;
  16496 : A5;
  16497 : A7;
  16498 : AD;
  16499 : B1;
  16500 : B4;
  16501 : B8;
  16502 : BC;
  16503 : BF;
  16504 : C1;
  16505 : C4;
  16506 : C6;
  16507 : C7;
  16508 : C9;
  16509 : CD;
  16510 : A7;
  16511 : 0C;
  16512 : 05;
  16513 : 25;
  16514 : 3E;
  16515 : 6F;
  16516 : 27;
  [16517..16520] : 24;
  16521 : 25;
  [16522..16523] : 26;
  [16524..16525] : 27;
  16526 : 24;
  16527 : 16;
  16528 : 1B;
  16529 : 01;
  16530 : 0A;
  16531 : 7A;
  [16532..16533] : AC;
  16534 : B2;
  16535 : B7;
  16536 : BB;
  16537 : BD;
  16538 : C0;
  16539 : C3;
  16540 : C5;
  16541 : C8;
  16542 : CB;
  16543 : CE;
  16544 : CF;
  16545 : D1;
  16546 : CD;
  16547 : 3C;
  16548 : 83;
  16549 : E3;
  16550 : D6;
  [16551..16552] : D7;
  [16553..16554] : D8;
  [16555..16558] : D7;
  [16559..16560] : D6;
  16561 : D5;
  16562 : D4;
  16563 : D7;
  16564 : 91;
  16565 : 00;
  16566 : 03;
  16567 : 0A;
  16568 : 33;
  16569 : 44;
  16570 : 65;
  16571 : 1E;
  [16572..16576] : 1F;
  [16577..16580] : 1E;
  16581 : 1B;
  16582 : 18;
  16583 : 0E;
  16584 : 1B;
  16585 : 93;
  16586 : A6;
  16587 : AC;
  16588 : B1;
  16589 : B4;
  16590 : B6;
  16591 : B9;
  16592 : BA;
  16593 : BC;
  16594 : C0;
  16595 : C3;
  16596 : C5;
  16597 : C7;
  16598 : C9;
  16599 : CA;
  16600 : CB;
  16601 : CC;
  16602 : CD;
  16603 : 44;
  16604 : 00;
  16605 : 05;
  16606 : 0A;
  16607 : 17;
  16608 : 3B;
  16609 : 33;
  16610 : 5F;
  16611 : 19;
  16612 : 1C;
  [16613..16618] : 1B;
  16619 : 1C;
  16620 : 1D;
  16621 : 16;
  16622 : 1C;
  16623 : 0D;
  16624 : 57;
  16625 : A9;
  16626 : A8;
  16627 : AA;
  16628 : AD;
  16629 : AE;
  [16630..16649] : 80;
  16650 : DF;
  [16651..16652] : D5;
  16653 : D4;
  16654 : D3;
  16655 : D2;
  16656 : D1;
  16657 : D2;
  16658 : 7D;
  16659 : 22;
  16660 : 08;
  16661 : 37;
  16662 : 77;
  16663 : 18;
  [16664..16665] : 16;
  16666 : 17;
  16667 : 18;
  16668 : 19;
  16669 : 1C;
  16670 : 20;
  16671 : 25;
  16672 : 27;
  16673 : 25;
  16674 : 14;
  16675 : 1E;
  16676 : 23;
  16677 : 09;
  16678 : 04;
  16679 : 01;
  16680 : 0C;
  16681 : 7D;
  16682 : 9F;
  16683 : A3;
  16684 : A9;
  16685 : AD;
  16686 : B2;
  16687 : B6;
  16688 : BA;
  16689 : BE;
  16690 : C2;
  16691 : C7;
  16692 : CB;
  16693 : CE;
  16694 : D0;
  16695 : D2;
  16696 : D4;
  [16697..16698] : D5;
  16699 : D7;
  16700 : BD;
  16701 : 28;
  16702 : 19;
  16703 : 6D;
  16704 : 49;
  16705 : 13;
  16706 : 17;
  16707 : 16;
  16708 : 17;
  16709 : 16;
  16710 : 17;
  [16711..16713] : 18;
  16714 : 25;
  16715 : 1D;
  16716 : 13;
  16717 : 21;
  16718 : 08;
  16719 : 04;
  16720 : 01;
  16721 : 1C;
  16722 : 97;
  16723 : AB;
  16724 : AF;
  16725 : B5;
  16726 : BA;
  16727 : BD;
  16728 : BF;
  16729 : C2;
  16730 : C6;
  16731 : CA;
  16732 : CD;
  16733 : D0;
  16734 : D2;
  16735 : D3;
  16736 : D6;
  16737 : D8;
  16738 : D2;
  16739 : 78;
  16740 : 55;
  16741 : EF;
  [16742..16743] : DC;
  16744 : DB;
  [16745..16749] : DC;
  16750 : DB;
  [16751..16752] : DA;
  16753 : DB;
  16754 : D9;
  16755 : D8;
  16756 : DE;
  16757 : B1;
  16758 : 1A;
  16759 : 05;
  16760 : 25;
  16761 : 6C;
  16762 : 43;
  16763 : 19;
  [16764..16765] : 1F;
  16766 : 20;
  [16767..16768] : 21;
  [16769..16770] : 22;
  16771 : 23;
  16772 : 26;
  16773 : 18;
  16774 : 19;
  16775 : 14;
  16776 : 03;
  16777 : 04;
  16778 : 65;
  [16779..16780] : A4;
  16781 : A9;
  16782 : AE;
  16783 : B2;
  16784 : B6;
  16785 : B9;
  16786 : BC;
  16787 : BF;
  16788 : C1;
  16789 : C4;
  16790 : C7;
  16791 : C9;
  16792 : CA;
  16793 : D2;
  16794 : 9B;
  16795 : 1E;
  16796 : 0A;
  16797 : 34;
  16798 : 70;
  16799 : 33;
  16800 : 22;
  [16801..16803] : 23;
  16804 : 24;
  16805 : 23;
  [16806..16808] : 24;
  16809 : 25;
  16810 : 16;
  16811 : 1C;
  16812 : 07;
  16813 : 02;
  16814 : 2B;
  16815 : 9D;
  16816 : A5;
  16817 : A8;
  16818 : AD;
  16819 : B1;
  16820 : B4;
  16821 : B8;
  16822 : BC;
  16823 : BF;
  16824 : C0;
  16825 : C4;
  [16826..16827] : C7;
  16828 : C9;
  16829 : CD;
  16830 : A8;
  16831 : 0D;
  16832 : 05;
  16833 : 26;
  16834 : 40;
  16835 : 6E;
  16836 : 28;
  [16837..16839] : 24;
  [16840..16841] : 25;
  16842 : 26;
  16843 : 25;
  [16844..16845] : 26;
  16846 : 24;
  16847 : 16;
  16848 : 1B;
  16849 : 01;
  16850 : 0B;
  16851 : 7A;
  [16852..16853] : AC;
  16854 : B2;
  16855 : B7;
  16856 : BC;
  16857 : BD;
  16858 : C0;
  16859 : C3;
  16860 : C5;
  16861 : C8;
  16862 : CB;
  16863 : CE;
  16864 : D0;
  16865 : D2;
  16866 : CE;
  16867 : 3D;
  16868 : 80;
  16869 : E3;
  16870 : D6;
  16871 : D7;
  [16872..16878] : D8;
  16879 : D7;
  16880 : D6;
  16881 : D5;
  16882 : D4;
  16883 : D8;
  16884 : 93;
  16885 : 00;
  16886 : 03;
  16887 : 0A;
  16888 : 33;
  16889 : 46;
  16890 : 68;
  16891 : 1F;
  [16892..16893] : 1E;
  [16894..16895] : 1F;
  16896 : 1E;
  16897 : 1F;
  [16898..16899] : 1E;
  16900 : 1F;
  16901 : 1A;
  16902 : 17;
  16903 : 0F;
  16904 : 1B;
  16905 : 94;
  16906 : A6;
  16907 : AC;
  16908 : B2;
  16909 : B5;
  16910 : B7;
  16911 : B9;
  16912 : BA;
  16913 : BD;
  16914 : C0;
  16915 : C3;
  16916 : C5;
  16917 : C7;
  16918 : C9;
  16919 : CB;
  16920 : CC;
  16921 : CB;
  16922 : CD;
  16923 : 47;
  16924 : 00;
  16925 : 05;
  16926 : 08;
  16927 : 17;
  16928 : 3B;
  16929 : 33;
  16930 : 5F;
  16931 : 19;
  [16932..16938] : 1B;
  16939 : 1C;
  16940 : 1D;
  16941 : 17;
  16942 : 1D;
  16943 : 0E;
  16944 : 56;
  16945 : A9;
  16946 : A8;
  16947 : AA;
  [16948..16949] : AD;
  [16950..16969] : 80;
  16970 : E0;
  16971 : D6;
  16972 : D5;
  16973 : D4;
  16974 : D3;
  16975 : D2;
  16976 : D1;
  16977 : D2;
  16978 : 7D;
  16979 : 22;
  16980 : 08;
  16981 : 3A;
  16982 : 77;
  16983 : 17;
  16984 : 16;
  16985 : 17;
  16986 : 16;
  16987 : 17;
  16988 : 19;
  16989 : 1B;
  16990 : 20;
  16991 : 25;
  16992 : 27;
  16993 : 25;
  16994 : 14;
  16995 : 1F;
  16996 : 22;
  16997 : 09;
  16998 : 04;
  16999 : 01;
  17000 : 0D;
  17001 : 7E;
  17002 : 9F;
  17003 : A3;
  17004 : A9;
  17005 : AD;
  17006 : B1;
  17007 : B6;
  17008 : BA;
  17009 : BE;
  17010 : C2;
  17011 : C7;
  17012 : CB;
  17013 : CE;
  17014 : D0;
  17015 : D2;
  17016 : D4;
  [17017..17018] : D5;
  17019 : D8;
  17020 : BC;
  17021 : 26;
  17022 : 19;
  17023 : 6F;
  17024 : 49;
  17025 : 13;
  [17026..17027] : 17;
  17028 : 16;
  [17029..17030] : 17;
  [17031..17033] : 18;
  17034 : 25;
  17035 : 1C;
  17036 : 13;
  17037 : 21;
  17038 : 07;
  17039 : 03;
  17040 : 01;
  17041 : 1B;
  17042 : 96;
  17043 : AB;
  17044 : B0;
  17045 : B5;
  17046 : BA;
  17047 : BD;
  17048 : BF;
  17049 : C2;
  17050 : C6;
  17051 : CB;
  17052 : CE;
  17053 : D0;
  17054 : D2;
  17055 : D4;
  17056 : D5;
  17057 : D8;
  17058 : D2;
  17059 : 77;
  17060 : 55;
  17061 : EE;
  17062 : DB;
  17063 : DC;
  17064 : DB;
  [17065..17069] : DC;
  [17070..17073] : DB;
  17074 : DA;
  17075 : D9;
  17076 : DE;
  17077 : B1;
  17078 : 1B;
  17079 : 06;
  17080 : 27;
  17081 : 6C;
  17082 : 42;
  17083 : 19;
  17084 : 1E;
  17085 : 1F;
  [17086..17088] : 21;
  [17089..17091] : 22;
  17092 : 26;
  17093 : 17;
  17094 : 19;
  17095 : 14;
  17096 : 03;
  17097 : 04;
  17098 : 66;
  [17099..17100] : A4;
  17101 : A9;
  17102 : AE;
  17103 : B2;
  17104 : B6;
  17105 : BA;
  17106 : BC;
  17107 : BE;
  17108 : C0;
  17109 : C4;
  17110 : C7;
  17111 : C9;
  17112 : CA;
  17113 : D3;
  17114 : 9C;
  17115 : 20;
  17116 : 09;
  17117 : 36;
  17118 : 71;
  17119 : 33;
  17120 : 22;
  [17121..17123] : 23;
  [17124..17125] : 24;
  17126 : 23;
  17127 : 24;
  17128 : 25;
  17129 : 26;
  17130 : 16;
  17131 : 1C;
  17132 : 07;
  17133 : 02;
  17134 : 2C;
  17135 : 9D;
  17136 : A5;
  17137 : A8;
  17138 : AC;
  17139 : B1;
  17140 : B4;
  17141 : B8;
  17142 : BB;
  17143 : BF;
  17144 : C1;
  17145 : C4;
  17146 : C6;
  17147 : C7;
  17148 : C9;
  17149 : CE;
  17150 : A9;
  17151 : 0E;
  17152 : 05;
  17153 : 27;
  17154 : 41;
  17155 : 6E;
  17156 : 27;
  17157 : 23;
  [17158..17159] : 24;
  [17160..17164] : 25;
  17165 : 26;
  17166 : 23;
  17167 : 16;
  17168 : 1C;
  17169 : 01;
  17170 : 0B;
  17171 : 7A;
  17172 : AD;
  17173 : AC;
  17174 : B2;
  17175 : B7;
  17176 : BB;
  17177 : BE;
  17178 : C0;
  17179 : C3;
  17180 : C5;
  17181 : C8;
  17182 : CB;
  17183 : CD;
  17184 : CF;
  17185 : D3;
  17186 : CF;
  17187 : 3D;
  17188 : 7D;
  17189 : E3;
  17190 : D6;
  [17191..17192] : D7;
  [17193..17198] : D8;
  17199 : D7;
  17200 : D6;
  17201 : D5;
  17202 : D4;
  17203 : D8;
  17204 : 96;
  17205 : 01;
  17206 : 03;
  17207 : 0A;
  17208 : 32;
  17209 : 46;
  17210 : 69;
  [17211..17212] : 1F;
  [17213..17215] : 1E;
  [17216..17218] : 1F;
  [17219..17220] : 1E;
  17221 : 1B;
  17222 : 17;
  17223 : 0F;
  17224 : 19;
  17225 : 92;
  17226 : A7;
  17227 : AC;
  17228 : B1;
  17229 : B5;
  17230 : B8;
  17231 : BA;
  17232 : BB;
  17233 : BD;
  17234 : C0;
  17235 : C3;
  17236 : C5;
  17237 : C6;
  17238 : C9;
  17239 : CB;
  [17240..17241] : CC;
  17242 : CF;
  17243 : 4A;
  17244 : 00;
  17245 : 05;
  17246 : 09;
  17247 : 17;
  17248 : 3B;
  17249 : 31;
  17250 : 61;
  17251 : 19;
  [17252..17253] : 1B;
  [17254..17255] : 1A;
  [17256..17258] : 1B;
  17259 : 1C;
  17260 : 1E;
  17261 : 17;
  17262 : 1C;
  17263 : 0D;
  17264 : 53;
  17265 : A9;
  17266 : A8;
  17267 : AA;
  [17268..17269] : AD;
  [17270..17289] : 80;
  17290 : E0;
  [17291..17292] : D6;
  17293 : D4;
  17294 : D3;
  17295 : D2;
  17296 : D1;
  17297 : D2;
  17298 : 7B;
  17299 : 22;
  17300 : 09;
  17301 : 3E;
  17302 : 77;
  17303 : 17;
  17304 : 16;
  [17305..17307] : 17;
  17308 : 18;
  17309 : 1C;
  17310 : 20;
  17311 : 24;
  [17312..17313] : 25;
  17314 : 14;
  17315 : 1F;
  17316 : 22;
  17317 : 09;
  17318 : 04;
  17319 : 01;
  17320 : 0E;
  17321 : 7F;
  17322 : 9F;
  17323 : A2;
  17324 : A7;
  17325 : AD;
  17326 : B2;
  17327 : B6;
  17328 : BA;
  17329 : BE;
  17330 : C2;
  17331 : C6;
  17332 : CA;
  17333 : CD;
  17334 : D0;
  17335 : D2;
  [17336..17337] : D4;
  17338 : D5;
  17339 : D8;
  17340 : BC;
  17341 : 25;
  17342 : 19;
  17343 : 71;
  17344 : 49;
  17345 : 13;
  17346 : 18;
  [17347..17351] : 17;
  17352 : 18;
  17353 : 17;
  17354 : 25;
  17355 : 1C;
  17356 : 15;
  17357 : 21;
  17358 : 08;
  17359 : 03;
  17360 : 01;
  17361 : 1C;
  17362 : 98;
  17363 : AB;
  17364 : AF;
  17365 : B5;
  17366 : BA;
  17367 : BD;
  17368 : C0;
  17369 : C3;
  17370 : C7;
  17371 : CB;
  17372 : CE;
  17373 : D0;
  17374 : D2;
  17375 : D3;
  17376 : D5;
  17377 : D7;
  17378 : D2;
  17379 : 76;
  17380 : 54;
  17381 : ED;
  17382 : DB;
  [17383..17390] : DC;
  17391 : DA;
  [17392..17393] : DB;
  17394 : DA;
  17395 : D9;
  17396 : DE;
  17397 : AF;
  17398 : 1A;
  17399 : 06;
  17400 : 28;
  17401 : 6B;
  17402 : 43;
  17403 : 19;
  [17404..17405] : 1F;
  [17406..17407] : 20;
  [17408..17409] : 21;
  [17410..17411] : 22;
  17412 : 26;
  17413 : 17;
  17414 : 1A;
  17415 : 14;
  17416 : 03;
  17417 : 04;
  17418 : 68;
  17419 : A5;
  17420 : A4;
  17421 : A9;
  17422 : AF;
  17423 : B2;
  17424 : B6;
  17425 : B9;
  17426 : BC;
  17427 : BF;
  17428 : C1;
  17429 : C4;
  17430 : C8;
  17431 : CA;
  17432 : CB;
  17433 : D3;
  17434 : 9C;
  17435 : 21;
  17436 : 0B;
  17437 : 38;
  17438 : 70;
  17439 : 33;
  17440 : 21;
  [17441..17442] : 22;
  [17443..17447] : 24;
  17448 : 25;
  17449 : 26;
  17450 : 16;
  17451 : 1C;
  17452 : 07;
  17453 : 02;
  17454 : 2D;
  17455 : 9E;
  17456 : A6;
  17457 : A8;
  17458 : AC;
  17459 : B0;
  17460 : B3;
  17461 : B8;
  17462 : BC;
  17463 : BE;
  17464 : C1;
  17465 : C4;
  17466 : C6;
  17467 : C8;
  17468 : CA;
  17469 : CE;
  17470 : AA;
  17471 : 0F;
  17472 : 05;
  17473 : 28;
  17474 : 41;
  17475 : 6D;
  17476 : 27;
  [17477..17480] : 24;
  17481 : 25;
  17482 : 26;
  [17483..17485] : 25;
  17486 : 22;
  17487 : 15;
  17488 : 1D;
  17489 : 01;
  17490 : 0A;
  17491 : 79;
  [17492..17493] : AC;
  17494 : B2;
  17495 : B7;
  17496 : BB;
  17497 : BE;
  17498 : C0;
  17499 : C3;
  17500 : C6;
  17501 : C8;
  17502 : CB;
  17503 : CE;
  17504 : D0;
  17505 : D2;
  17506 : CF;
  17507 : 3F;
  17508 : 7C;
  17509 : E4;
  17510 : D6;
  17511 : D7;
  17512 : D8;
  17513 : D7;
  [17514..17517] : D8;
  [17518..17519] : D7;
  [17520..17521] : D6;
  17522 : D4;
  17523 : D8;
  17524 : 97;
  17525 : 01;
  17526 : 03;
  17527 : 09;
  17528 : 31;
  17529 : 46;
  17530 : 67;
  17531 : 20;
  [17532..17535] : 1E;
  [17536..17538] : 1F;
  [17539..17540] : 1E;
  17541 : 1B;
  17542 : 16;
  17543 : 0F;
  17544 : 18;
  17545 : 90;
  17546 : A6;
  17547 : AB;
  17548 : B1;
  17549 : B5;
  17550 : B8;
  17551 : BA;
  17552 : BB;
  17553 : BD;
  17554 : C0;
  17555 : C3;
  17556 : C5;
  17557 : C7;
  17558 : CA;
  17559 : CB;
  [17560..17561] : CC;
  17562 : CF;
  17563 : 4B;
  17564 : 00;
  17565 : 04;
  17566 : 09;
  17567 : 17;
  17568 : 3B;
  17569 : 2E;
  17570 : 62;
  17571 : 1A;
  [17572..17574] : 1B;
  [17575..17576] : 1A;
  17577 : 1B;
  17578 : 1A;
  17579 : 1C;
  17580 : 1E;
  17581 : 17;
  17582 : 1B;
  17583 : 0D;
  17584 : 52;
  [17585..17586] : A9;
  17587 : AA;
  17588 : AD;
  17589 : AF;
  [17590..17609] : 80;
  17610 : E0;
  [17611..17612] : D6;
  [17613..17614] : D4;
  17615 : D3;
  [17616..17617] : D2;
  17618 : 78;
  17619 : 22;
  17620 : 0A;
  17621 : 3F;
  17622 : 76;
  [17623..17625] : 16;
  17626 : 17;
  17627 : 18;
  17628 : 19;
  17629 : 1B;
  17630 : 20;
  [17631..17632] : 25;
  17633 : 24;
  17634 : 13;
  17635 : 1F;
  17636 : 20;
  17637 : 09;
  17638 : 04;
  17639 : 01;
  17640 : 0F;
  17641 : 80;
  17642 : 9F;
  17643 : A3;
  17644 : A8;
  17645 : AD;
  17646 : B2;
  17647 : B6;
  17648 : BA;
  17649 : BE;
  17650 : C2;
  17651 : C6;
  17652 : CA;
  17653 : CD;
  17654 : CF;
  17655 : D1;
  [17656..17657] : D4;
  17658 : D5;
  17659 : D8;
  17660 : B9;
  17661 : 23;
  17662 : 19;
  17663 : 73;
  17664 : 48;
  17665 : 14;
  [17666..17667] : 18;
  17668 : 17;
  17669 : 16;
  [17670..17672] : 18;
  17673 : 17;
  17674 : 26;
  17675 : 1C;
  17676 : 15;
  17677 : 21;
  17678 : 08;
  17679 : 04;
  17680 : 01;
  17681 : 1D;
  17682 : 98;
  17683 : AB;
  17684 : B0;
  17685 : B6;
  17686 : BA;
  17687 : BE;
  17688 : C2;
  17689 : C5;
  17690 : C8;
  17691 : CB;
  17692 : CD;
  17693 : D0;
  17694 : D2;
  17695 : D4;
  17696 : D5;
  17697 : D8;
  17698 : D2;
  17699 : 74;
  17700 : 55;
  17701 : EE;
  17702 : DB;
  17703 : DC;
  17704 : DD;
  17705 : DC;
  [17706..17707] : DD;
  17708 : DC;
  17709 : DB;
  17710 : DC;
  [17711..17713] : DB;
  17714 : DA;
  17715 : D9;
  17716 : DD;
  17717 : AF;
  17718 : 1C;
  17719 : 07;
  17720 : 27;
  17721 : 6D;
  17722 : 43;
  17723 : 18;
  [17724..17725] : 1E;
  17726 : 1F;
  [17727..17728] : 20;
  17729 : 21;
  [17730..17731] : 23;
  17732 : 26;
  17733 : 17;
  17734 : 1A;
  17735 : 15;
  17736 : 03;
  17737 : 04;
  17738 : 6A;
  17739 : A5;
  17740 : A4;
  17741 : A9;
  17742 : AE;
  17743 : B2;
  17744 : B6;
  17745 : B9;
  17746 : BD;
  17747 : BF;
  17748 : C2;
  17749 : C5;
  17750 : C9;
  17751 : CA;
  17752 : CB;
  17753 : D3;
  17754 : 9B;
  17755 : 22;
  17756 : 0C;
  17757 : 39;
  17758 : 6D;
  17759 : 32;
  17760 : 20;
  [17761..17762] : 22;
  17763 : 23;
  [17764..17768] : 24;
  17769 : 26;
  17770 : 17;
  17771 : 1D;
  17772 : 07;
  17773 : 02;
  17774 : 2D;
  17775 : 9E;
  17776 : A6;
  17777 : A8;
  17778 : AC;
  17779 : B0;
  17780 : B4;
  17781 : B9;
  17782 : BC;
  17783 : BF;
  17784 : C1;
  17785 : C4;
  17786 : C6;
  17787 : C7;
  17788 : CA;
  17789 : CF;
  17790 : AB;
  17791 : 0F;
  17792 : 05;
  17793 : 28;
  17794 : 40;
  17795 : 6D;
  17796 : 28;
  [17797..17800] : 24;
  [17801..17805] : 25;
  17806 : 23;
  17807 : 16;
  17808 : 1C;
  17809 : 01;
  17810 : 09;
  17811 : 77;
  [17812..17813] : AB;
  17814 : B1;
  17815 : B7;
  17816 : BB;
  17817 : BD;
  17818 : C1;
  17819 : C4;
  17820 : C6;
  17821 : C8;
  17822 : CB;
  17823 : CE;
  17824 : D0;
  17825 : D2;
  17826 : D0;
  17827 : 40;
  17828 : 7B;
  17829 : E4;
  17830 : D6;
  17831 : D7;
  [17832..17837] : D8;
  [17838..17839] : D7;
  [17840..17841] : D6;
  17842 : D4;
  17843 : D9;
  17844 : 97;
  17845 : 01;
  17846 : 03;
  17847 : 09;
  17848 : 31;
  17849 : 46;
  17850 : 67;
  17851 : 21;
  [17852..17854] : 1E;
  [17855..17857] : 1F;
  [17858..17860] : 1E;
  17861 : 1B;
  17862 : 17;
  17863 : 10;
  17864 : 15;
  17865 : 8C;
  17866 : A6;
  17867 : AC;
  17868 : B1;
  17869 : B5;
  17870 : B8;
  17871 : B9;
  17872 : BB;
  17873 : BD;
  17874 : C0;
  17875 : C4;
  17876 : C6;
  17877 : C7;
  17878 : CA;
  [17879..17881] : CC;
  17882 : CE;
  17883 : 4B;
  17884 : 00;
  17885 : 05;
  17886 : 09;
  17887 : 16;
  17888 : 3B;
  17889 : 2E;
  17890 : 62;
  [17891..17893] : 1B;
  [17894..17898] : 1A;
  17899 : 1B;
  17900 : 1D;
  17901 : 17;
  17902 : 1B;
  17903 : 0E;
  17904 : 4F;
  [17905..17906] : A9;
  17907 : AA;
  17908 : AD;
  17909 : AE;
  [17910..17929] : 80;
  17930 : DF;
  17931 : D6;
  17932 : D7;
  [17933..17934] : D5;
  17935 : D4;
  17936 : D3;
  17937 : D4;
  17938 : 76;
  17939 : 21;
  17940 : 0B;
  17941 : 42;
  17942 : 76;
  [17943..17945] : 16;
  [17946..17947] : 17;
  17948 : 19;
  17949 : 1A;
  17950 : 1F;
  17951 : 24;
  17952 : 25;
  17953 : 23;
  17954 : 12;
  17955 : 1F;
  17956 : 20;
  17957 : 08;
  17958 : 04;
  17959 : 01;
  17960 : 12;
  17961 : 83;
  17962 : 9F;
  17963 : A3;
  17964 : A8;
  17965 : AE;
  17966 : B3;
  17967 : B8;
  17968 : BB;
  17969 : BF;
  17970 : C3;
  17971 : C6;
  17972 : CA;
  17973 : CD;
  17974 : CF;
  17975 : D1;
  17976 : D3;
  [17977..17978] : D4;
  17979 : D8;
  17980 : B8;
  17981 : 23;
  17982 : 19;
  17983 : 75;
  17984 : 47;
  17985 : 14;
  17986 : 18;
  [17987..17989] : 17;
  17990 : 18;
  17991 : 19;
  [17992..17993] : 18;
  17994 : 26;
  17995 : 1B;
  17996 : 16;
  17997 : 21;
  17998 : 08;
  17999 : 04;
  18000 : 01;
  18001 : 20;
  18002 : 9A;
  18003 : AB;
  18004 : B1;
  18005 : B6;
  18006 : BB;
  18007 : BE;
  18008 : C1;
  18009 : C5;
  18010 : C8;
  18011 : CB;
  18012 : CD;
  18013 : D0;
  18014 : D2;
  18015 : D3;
  18016 : D5;
  18017 : D7;
  18018 : D2;
  18019 : 74;
  18020 : 56;
  18021 : EE;
  18022 : DB;
  [18023..18024] : DC;
  [18025..18026] : DD;
  18027 : DC;
  18028 : DB;
  18029 : DC;
  [18030..18033] : DB;
  [18034..18035] : DA;
  18036 : DE;
  18037 : B0;
  18038 : 1E;
  18039 : 08;
  18040 : 25;
  18041 : 6C;
  18042 : 41;
  18043 : 19;
  [18044..18045] : 1E;
  18046 : 1F;
  18047 : 20;
  18048 : 1F;
  18049 : 21;
  18050 : 22;
  18051 : 23;
  18052 : 26;
  18053 : 17;
  18054 : 1B;
  18055 : 15;
  18056 : 03;
  18057 : 04;
  18058 : 6B;
  18059 : A5;
  18060 : A4;
  18061 : A9;
  18062 : AE;
  18063 : B2;
  18064 : B6;
  18065 : BA;
  18066 : BD;
  18067 : C0;
  18068 : C3;
  18069 : C5;
  18070 : C9;
  18071 : CB;
  18072 : CC;
  18073 : D3;
  18074 : 9C;
  18075 : 23;
  18076 : 0C;
  18077 : 39;
  18078 : 6C;
  18079 : 31;
  18080 : 20;
  [18081..18082] : 22;
  [18083..18084] : 23;
  [18085..18088] : 24;
  18089 : 25;
  18090 : 17;
  18091 : 1D;
  18092 : 08;
  18093 : 02;
  18094 : 2B;
  18095 : 9C;
  18096 : A5;
  18097 : A7;
  18098 : AB;
  18099 : B0;
  18100 : B5;
  18101 : B9;
  18102 : BC;
  18103 : BF;
  18104 : C1;
  18105 : C3;
  18106 : C7;
  18107 : C8;
  18108 : C9;
  18109 : CF;
  18110 : AA;
  18111 : 0F;
  18112 : 05;
  18113 : 26;
  18114 : 40;
  18115 : 70;
  18116 : 28;
  [18117..18124] : 24;
  18125 : 25;
  18126 : 22;
  18127 : 16;
  18128 : 1B;
  18129 : 01;
  18130 : 0A;
  18131 : 75;
  18132 : AC;
  18133 : AB;
  18134 : B1;
  18135 : B6;
  18136 : BA;
  18137 : BE;
  18138 : C0;
  18139 : C4;
  18140 : C6;
  18141 : C8;
  18142 : CB;
  18143 : CF;
  18144 : D0;
  18145 : D2;
  18146 : D0;
  18147 : 41;
  18148 : 7B;
  18149 : E4;
  18150 : D6;
  18151 : D7;
  [18152..18157] : D8;
  [18158..18159] : D7;
  [18160..18161] : D6;
  18162 : D5;
  18163 : D8;
  18164 : 97;
  18165 : 01;
  18166 : 03;
  18167 : 0A;
  18168 : 30;
  18169 : 46;
  18170 : 68;
  18171 : 22;
  [18172..18175] : 1E;
  18176 : 1F;
  [18177..18178] : 1E;
  18179 : 1F;
  18180 : 1E;
  18181 : 1B;
  18182 : 17;
  18183 : 10;
  18184 : 14;
  18185 : 8A;
  18186 : A5;
  18187 : AB;
  18188 : B0;
  18189 : B4;
  18190 : B7;
  18191 : B9;
  18192 : BB;
  18193 : BD;
  18194 : C1;
  18195 : C4;
  18196 : C6;
  18197 : C8;
  18198 : CA;
  18199 : CB;
  [18200..18201] : CC;
  18202 : CE;
  18203 : 4C;
  18204 : 00;
  18205 : 04;
  18206 : 08;
  18207 : 16;
  18208 : 3B;
  18209 : 2F;
  18210 : 64;
  [18211..18213] : 1C;
  [18214..18215] : 1B;
  [18216..18218] : 1A;
  18219 : 1B;
  18220 : 1C;
  18221 : 17;
  18222 : 1A;
  18223 : 0E;
  18224 : 4E;
  [18225..18226] : A9;
  18227 : AA;
  18228 : AD;
  18229 : AE;
  [18230..18249] : 80;
  18250 : E0;
  [18251..18253] : D6;
  [18254..18255] : D5;
  18256 : D4;
  18257 : D5;
  18258 : 77;
  18259 : 20;
  18260 : 0B;
  18261 : 44;
  18262 : 75;
  18263 : 15;
  [18264..18265] : 16;
  [18266..18267] : 17;
  18268 : 19;
  18269 : 1A;
  18270 : 1F;
  18271 : 25;
  18272 : 24;
  18273 : 23;
  18274 : 10;
  [18275..18276] : 1F;
  18277 : 08;
  18278 : 04;
  18279 : 01;
  18280 : 13;
  18281 : 87;
  18282 : A0;
  18283 : A3;
  18284 : A9;
  18285 : AE;
  18286 : B4;
  18287 : B9;
  18288 : BC;
  18289 : BF;
  18290 : C3;
  18291 : C7;
  18292 : CA;
  18293 : CD;
  18294 : CF;
  18295 : D1;
  18296 : D3;
  [18297..18298] : D4;
  18299 : D8;
  18300 : B6;
  18301 : 21;
  18302 : 19;
  18303 : 75;
  18304 : 46;
  18305 : 14;
  18306 : 19;
  18307 : 18;
  [18308..18309] : 17;
  18310 : 18;
  [18311..18312] : 19;
  18313 : 18;
  18314 : 26;
  18315 : 1B;
  18316 : 17;
  18317 : 22;
  18318 : 08;
  18319 : 04;
  18320 : 01;
  18321 : 22;
  18322 : 9E;
  18323 : AC;
  18324 : B0;
  18325 : B6;
  18326 : BB;
  18327 : BF;
  18328 : C1;
  18329 : C5;
  18330 : C8;
  18331 : CA;
  18332 : CE;
  18333 : D0;
  18334 : D2;
  18335 : D3;
  18336 : D5;
  18337 : D7;
  18338 : D1;
  18339 : 73;
  18340 : 58;
  18341 : EF;
  18342 : DA;
  [18343..18348] : DC;
  [18349..18353] : DB;
  [18354..18355] : DA;
  18356 : DE;
  18357 : B2;
  18358 : 1D;
  18359 : 07;
  18360 : 24;
  18361 : 69;
  18362 : 3E;
  18363 : 19;
  18364 : 1E;
  18365 : 1D;
  [18366..18368] : 1F;
  [18369..18370] : 21;
  18371 : 22;
  18372 : 25;
  18373 : 17;
  18374 : 1C;
  18375 : 16;
  18376 : 03;
  18377 : 04;
  18378 : 6C;
  [18379..18380] : A4;
  18381 : A9;
  18382 : AE;
  18383 : B2;
  18384 : B6;
  18385 : BA;
  18386 : BD;
  18387 : C1;
  18388 : C2;
  18389 : C6;
  18390 : C9;
  18391 : CB;
  18392 : CC;
  18393 : D3;
  18394 : 9D;
  18395 : 29;
  18396 : 0C;
  18397 : 3A;
  18398 : 71;
  18399 : 31;
  18400 : 20;
  [18401..18403] : 23;
  [18404..18408] : 24;
  18409 : 26;
  18410 : 17;
  18411 : 1D;
  18412 : 07;
  18413 : 02;
  18414 : 2A;
  18415 : 9B;
  18416 : A4;
  18417 : A7;
  18418 : AC;
  18419 : B0;
  18420 : B5;
  18421 : B8;
  18422 : BC;
  18423 : BF;
  18424 : C1;
  18425 : C4;
  18426 : C6;
  18427 : C8;
  18428 : CA;
  18429 : CF;
  18430 : AB;
  18431 : 0F;
  18432 : 05;
  18433 : 24;
  18434 : 40;
  18435 : 72;
  18436 : 29;
  18437 : 23;
  [18438..18443] : 24;
  [18444..18445] : 25;
  18446 : 22;
  18447 : 15;
  18448 : 1B;
  18449 : 01;
  18450 : 09;
  18451 : 73;
  [18452..18453] : AB;
  18454 : B1;
  18455 : B6;
  18456 : BA;
  18457 : BD;
  18458 : BF;
  18459 : C3;
  18460 : C5;
  18461 : C8;
  18462 : CB;
  18463 : CE;
  18464 : D0;
  18465 : D3;
  18466 : D0;
  18467 : 40;
  18468 : 7B;
  18469 : E6;
  18470 : D7;
  18471 : D8;
  [18472..18473] : D9;
  [18474..18475] : D8;
  [18476..18479] : D7;
  18480 : D6;
  18481 : D5;
  18482 : D4;
  18483 : D7;
  18484 : 98;
  18485 : 02;
  18486 : 04;
  18487 : 0A;
  18488 : 31;
  18489 : 47;
  18490 : 68;
  18491 : 23;
  [18492..18495] : 1E;
  [18496..18498] : 1F;
  18499 : 1E;
  18500 : 1D;
  18501 : 1B;
  18502 : 17;
  18503 : 10;
  18504 : 14;
  18505 : 88;
  18506 : A6;
  18507 : AA;
  18508 : B0;
  18509 : B4;
  18510 : B7;
  18511 : B9;
  18512 : BB;
  18513 : BE;
  18514 : C1;
  18515 : C4;
  18516 : C5;
  18517 : C8;
  18518 : CA;
  18519 : CB;
  [18520..18521] : CC;
  18522 : CE;
  18523 : 4D;
  18524 : 00;
  18525 : 04;
  18526 : 09;
  18527 : 17;
  18528 : 3B;
  18529 : 2F;
  18530 : 65;
  18531 : 1D;
  [18532..18540] : 1B;
  18541 : 16;
  18542 : 1B;
  18543 : 0F;
  18544 : 4B;
  18545 : A7;
  18546 : A9;
  18547 : AB;
  18548 : AE;
  18549 : AF;
  [18550..18569] : 80;
  18570 : E0;
  [18571..18572] : D7;
  [18573..18574] : D6;
  18575 : D5;
  18576 : D4;
  18577 : D6;
  18578 : 78;
  18579 : 1F;
  18580 : 0B;
  18581 : 46;
  18582 : 75;
  18583 : 15;
  [18584..18586] : 17;
  18587 : 18;
  18588 : 19;
  18589 : 1B;
  18590 : 1E;
  18591 : 23;
  [18592..18593] : 24;
  18594 : 11;
  18595 : 1F;
  18596 : 1E;
  18597 : 09;
  18598 : 04;
  18599 : 00;
  18600 : 15;
  18601 : 89;
  18602 : A0;
  18603 : A3;
  18604 : A9;
  18605 : AE;
  18606 : B4;
  18607 : B9;
  18608 : BD;
  18609 : C0;
  18610 : C4;
  18611 : C7;
  18612 : CA;
  18613 : CD;
  18614 : CF;
  18615 : D1;
  18616 : D3;
  [18617..18618] : D4;
  18619 : D8;
  18620 : B4;
  18621 : 20;
  18622 : 1A;
  18623 : 76;
  18624 : 46;
  18625 : 15;
  [18626..18628] : 19;
  [18629..18630] : 18;
  18631 : 1A;
  [18632..18633] : 19;
  18634 : 27;
  18635 : 1B;
  18636 : 17;
  18637 : 23;
  18638 : 08;
  18639 : 04;
  18640 : 01;
  18641 : 24;
  18642 : 9F;
  18643 : AB;
  18644 : B0;
  18645 : B6;
  18646 : BB;
  18647 : BF;
  18648 : C2;
  18649 : C5;
  18650 : C8;
  18651 : CB;
  18652 : CE;
  18653 : D0;
  18654 : D2;
  18655 : D4;
  18656 : D5;
  18657 : D7;
  18658 : D2;
  18659 : 73;
  18660 : 58;
  18661 : EE;
  18662 : DA;
  [18663..18664] : DB;
  [18665..18667] : DC;
  [18668..18669] : DB;
  18670 : DC;
  [18671..18672] : DB;
  [18673..18674] : DA;
  18675 : D9;
  18676 : DE;
  18677 : B2;
  18678 : 1D;
  18679 : 07;
  18680 : 23;
  18681 : 66;
  18682 : 3D;
  18683 : 19;
  [18684..18685] : 1D;
  18686 : 1E;
  [18687..18688] : 1F;
  18689 : 20;
  18690 : 22;
  18691 : 23;
  18692 : 26;
  18693 : 17;
  18694 : 1C;
  18695 : 16;
  18696 : 04;
  18697 : 05;
  18698 : 6D;
  18699 : A4;
  18700 : A5;
  18701 : A9;
  18702 : AE;
  18703 : B3;
  18704 : B6;
  18705 : BA;
  18706 : BE;
  18707 : C1;
  18708 : C3;
  18709 : C6;
  18710 : C9;
  [18711..18712] : CB;
  18713 : D3;
  18714 : 9C;
  18715 : 2E;
  18716 : 0C;
  18717 : 3B;
  18718 : 74;
  18719 : 33;
  18720 : 20;
  [18721..18722] : 22;
  [18723..18724] : 23;
  [18725..18727] : 24;
  18728 : 23;
  18729 : 25;
  18730 : 17;
  18731 : 1D;
  18732 : 07;
  18733 : 02;
  18734 : 2A;
  18735 : 99;
  18736 : A2;
  18737 : A6;
  18738 : AC;
  18739 : B1;
  18740 : B4;
  18741 : B9;
  18742 : BC;
  18743 : BF;
  18744 : C1;
  18745 : C4;
  18746 : C6;
  18747 : C8;
  18748 : CA;
  18749 : CF;
  18750 : AD;
  18751 : 0F;
  18752 : 05;
  18753 : 23;
  18754 : 3F;
  18755 : 71;
  18756 : 28;
  18757 : 23;
  18758 : 24;
  [18759..18760] : 23;
  [18761..18764] : 24;
  18765 : 25;
  18766 : 21;
  18767 : 14;
  18768 : 1B;
  18769 : 01;
  18770 : 09;
  18771 : 72;
  18772 : AC;
  18773 : AB;
  18774 : B0;
  18775 : B6;
  18776 : BA;
  18777 : BC;
  18778 : BE;
  18779 : C2;
  18780 : C5;
  18781 : C8;
  18782 : CB;
  18783 : CD;
  18784 : D0;
  18785 : D3;
  18786 : D0;
  18787 : 3F;
  18788 : 7A;
  18789 : E7;
  18790 : D7;
  18791 : D9;
  18792 : D8;
  18793 : D9;
  18794 : D8;
  [18795..18799] : D7;
  18800 : D6;
  18801 : D5;
  18802 : D3;
  18803 : D7;
  18804 : 9A;
  18805 : 03;
  18806 : 04;
  18807 : 0A;
  18808 : 31;
  18809 : 48;
  18810 : 65;
  18811 : 23;
  [18812..18816] : 1E;
  [18817..18818] : 1F;
  [18819..18820] : 1E;
  18821 : 1B;
  18822 : 16;
  18823 : 10;
  18824 : 13;
  18825 : 88;
  18826 : A6;
  18827 : AA;
  18828 : B0;
  18829 : B4;
  18830 : B7;
  18831 : BA;
  18832 : BB;
  18833 : BE;
  18834 : C1;
  18835 : C3;
  18836 : C6;
  18837 : C7;
  18838 : C9;
  [18839..18841] : CB;
  18842 : CE;
  18843 : 4F;
  18844 : 00;
  18845 : 05;
  18846 : 0A;
  18847 : 16;
  18848 : 3B;
  18849 : 2F;
  18850 : 65;
  18851 : 1E;
  18852 : 1C;
  [18853..18854] : 1B;
  18855 : 1C;
  [18856..18860] : 1B;
  18861 : 16;
  18862 : 1A;
  18863 : 11;
  18864 : 49;
  18865 : A6;
  [18866..18867] : AA;
  18868 : AE;
  18869 : AF;
  [18870..18889] : 80;
  18890 : E1;
  [18891..18892] : D8;
  18893 : D7;
  18894 : D6;
  [18895..18896] : D5;
  18897 : D6;
  18898 : 76;
  18899 : 20;
  18900 : 0C;
  18901 : 46;
  18902 : 73;
  18903 : 15;
  18904 : 17;
  18905 : 16;
  [18906..18907] : 17;
  18908 : 18;
  18909 : 1B;
  18910 : 1F;
  18911 : 23;
  18912 : 24;
  18913 : 22;
  18914 : 10;
  18915 : 20;
  18916 : 1D;
  18917 : 08;
  18918 : 04;
  18919 : 00;
  18920 : 16;
  18921 : 8A;
  18922 : A0;
  18923 : A4;
  18924 : AA;
  18925 : AF;
  18926 : B4;
  18927 : B9;
  18928 : BC;
  18929 : C0;
  18930 : C3;
  18931 : C6;
  18932 : C9;
  18933 : CC;
  18934 : CF;
  18935 : D1;
  [18936..18938] : D3;
  18939 : D7;
  18940 : B3;
  18941 : 20;
  18942 : 19;
  18943 : 77;
  18944 : 45;
  18945 : 14;
  18946 : 1A;
  18947 : 19;
  [18948..18949] : 18;
  [18950..18953] : 19;
  18954 : 27;
  18955 : 1B;
  18956 : 17;
  18957 : 24;
  18958 : 08;
  18959 : 04;
  18960 : 01;
  18961 : 25;
  18962 : A0;
  18963 : AB;
  18964 : B0;
  18965 : B6;
  18966 : BB;
  18967 : BF;
  18968 : C2;
  18969 : C5;
  18970 : C8;
  18971 : CA;
  18972 : CD;
  18973 : D0;
  18974 : D2;
  18975 : D3;
  18976 : D5;
  18977 : D7;
  18978 : D3;
  18979 : 71;
  18980 : 58;
  18981 : EE;
  18982 : DA;
  [18983..18984] : DC;
  18985 : DB;
  [18986..18990] : DC;
  [18991..18992] : DB;
  [18993..18995] : DA;
  18996 : DE;
  18997 : B2;
  18998 : 1D;
  18999 : 06;
  19000 : 24;
  19001 : 67;
  19002 : 3E;
  19003 : 1A;
  [19004..19005] : 1E;
  [19006..19007] : 1F;
  [19008..19010] : 21;
  19011 : 22;
  19012 : 25;
  19013 : 17;
  19014 : 1D;
  19015 : 17;
  19016 : 04;
  19017 : 05;
  19018 : 6D;
  [19019..19020] : A4;
  19021 : A9;
  19022 : AF;
  19023 : B2;
  19024 : B7;
  19025 : BB;
  19026 : BE;
  19027 : C1;
  19028 : C3;
  19029 : C6;
  19030 : C9;
  19031 : CA;
  19032 : CC;
  19033 : D3;
  19034 : 9A;
  19035 : 2E;
  19036 : 0C;
  19037 : 3D;
  19038 : 77;
  19039 : 34;
  19040 : 20;
  19041 : 22;
  [19042..19044] : 23;
  19045 : 24;
  19046 : 23;
  [19047..19048] : 24;
  19049 : 25;
  19050 : 16;
  19051 : 1C;
  19052 : 07;
  19053 : 02;
  19054 : 2A;
  19055 : 99;
  19056 : A2;
  19057 : A7;
  19058 : AC;
  19059 : B2;
  19060 : B5;
  19061 : B9;
  19062 : BC;
  19063 : BF;
  19064 : C0;
  19065 : C4;
  19066 : C6;
  19067 : C9;
  19068 : CA;
  19069 : CF;
  19070 : AF;
  19071 : 10;
  19072 : 05;
  19073 : 23;
  19074 : 3E;
  19075 : 6F;
  19076 : 29;
  [19077..19080] : 23;
  [19081..19085] : 24;
  19086 : 22;
  19087 : 15;
  19088 : 1C;
  19089 : 01;
  19090 : 09;
  19091 : 72;
  19092 : AB;
  19093 : AA;
  19094 : B0;
  19095 : B6;
  19096 : B9;
  19097 : BC;
  19098 : BF;
  19099 : C2;
  19100 : C5;
  19101 : C8;
  19102 : CB;
  19103 : CD;
  19104 : D0;
  19105 : D2;
  19106 : D0;
  19107 : 3F;
  19108 : 78;
  19109 : E8;
  [19110..19111] : D8;
  [19112..19113] : D9;
  19114 : D8;
  [19115..19118] : D7;
  [19119..19120] : D6;
  19121 : D5;
  19122 : D3;
  19123 : D8;
  19124 : 9C;
  [19125..19126] : 03;
  19127 : 0A;
  19128 : 32;
  19129 : 49;
  19130 : 64;
  19131 : 24;
  [19132..19136] : 1E;
  [19137..19138] : 1F;
  [19139..19140] : 1E;
  19141 : 1B;
  19142 : 15;
  19143 : 11;
  19144 : 13;
  19145 : 88;
  19146 : A6;
  19147 : A9;
  19148 : AF;
  19149 : B3;
  19150 : B6;
  19151 : B8;
  19152 : BB;
  19153 : BE;
  19154 : C1;
  19155 : C3;
  19156 : C5;
  19157 : C7;
  19158 : C9;
  [19159..19160] : CA;
  19161 : CB;
  19162 : CF;
  19163 : 52;
  19164 : 00;
  19165 : 04;
  19166 : 09;
  19167 : 16;
  19168 : 3B;
  19169 : 2F;
  19170 : 65;
  19171 : 20;
  19172 : 1C;
  19173 : 1B;
  19174 : 1C;
  [19175..19176] : 1B;
  19177 : 1C;
  [19178..19180] : 1B;
  19181 : 17;
  19182 : 1B;
  19183 : 11;
  19184 : 47;
  19185 : A4;
  19186 : A9;
  19187 : AB;
  19188 : AE;
  19189 : AF;
  [19190..19209] : 80;
  19210 : E1;
  [19211..19212] : D8;
  [19213..19214] : D7;
  19215 : D6;
  19216 : D5;
  19217 : D6;
  19218 : 74;
  19219 : 1F;
  19220 : 0C;
  19221 : 44;
  19222 : 6F;
  19223 : 15;
  19224 : 18;
  19225 : 17;
  19226 : 18;
  19227 : 17;
  19228 : 18;
  19229 : 1C;
  19230 : 1F;
  19231 : 23;
  19232 : 25;
  19233 : 24;
  19234 : 10;
  19235 : 21;
  19236 : 1E;
  19237 : 09;
  19238 : 05;
  19239 : 00;
  19240 : 17;
  19241 : 8A;
  19242 : A0;
  19243 : A5;
  19244 : AA;
  19245 : AF;
  19246 : B4;
  19247 : B9;
  19248 : BC;
  19249 : BF;
  19250 : C2;
  19251 : C6;
  19252 : C9;
  19253 : CD;
  19254 : CF;
  19255 : D1;
  [19256..19258] : D3;
  19259 : D8;
  19260 : B1;
  19261 : 1F;
  19262 : 1A;
  19263 : 77;
  19264 : 43;
  19265 : 14;
  [19266..19270] : 18;
  [19271..19273] : 19;
  19274 : 28;
  19275 : 1A;
  19276 : 18;
  19277 : 24;
  19278 : 09;
  19279 : 05;
  19280 : 01;
  19281 : 26;
  19282 : A1;
  19283 : AB;
  19284 : B0;
  19285 : B6;
  19286 : BB;
  19287 : BF;
  19288 : C1;
  19289 : C5;
  19290 : C8;
  19291 : CB;
  19292 : CD;
  19293 : D0;
  19294 : D2;
  19295 : D3;
  19296 : D6;
  19297 : D8;
  19298 : D3;
  19299 : 70;
  19300 : 56;
  19301 : EE;
  19302 : DB;
  19303 : DC;
  [19304..19305] : DB;
  [19306..19310] : DC;
  [19311..19312] : DB;
  [19313..19314] : DA;
  19315 : D9;
  19316 : DE;
  19317 : B3;
  19318 : 1F;
  19319 : 07;
  19320 : 25;
  19321 : 6C;
  19322 : 41;
  19323 : 1B;
  19324 : 1F;
  19325 : 1D;
  19326 : 1E;
  19327 : 1F;
  19328 : 20;
  [19329..19330] : 21;
  19331 : 22;
  19332 : 25;
  19333 : 17;
  19334 : 1E;
  19335 : 17;
  19336 : 03;
  19337 : 05;
  19338 : 6D;
  19339 : A3;
  19340 : A5;
  19341 : AA;
  19342 : AF;
  19343 : B3;
  19344 : B6;
  19345 : BB;
  19346 : BE;
  19347 : C1;
  19348 : C3;
  19349 : C5;
  19350 : C9;
  19351 : CA;
  19352 : CB;
  19353 : D3;
  19354 : 9A;
  19355 : 2E;
  19356 : 0C;
  19357 : 3B;
  19358 : 76;
  19359 : 34;
  19360 : 21;
  19361 : 22;
  [19362..19364] : 23;
  [19365..19367] : 24;
  19368 : 23;
  19369 : 25;
  19370 : 17;
  19371 : 1C;
  19372 : 07;
  19373 : 02;
  19374 : 2A;
  19375 : 99;
  19376 : A2;
  19377 : A7;
  19378 : AD;
  19379 : B2;
  19380 : B5;
  19381 : B9;
  19382 : BD;
  19383 : BE;
  19384 : C1;
  19385 : C4;
  19386 : C7;
  19387 : C8;
  19388 : CA;
  19389 : CE;
  19390 : AE;
  19391 : 10;
  19392 : 05;
  19393 : 25;
  19394 : 3E;
  19395 : 6C;
  19396 : 29;
  [19397..19398] : 23;
  19399 : 24;
  19400 : 23;
  [19401..19404] : 24;
  19405 : 25;
  19406 : 22;
  19407 : 16;
  19408 : 1C;
  19409 : 01;
  19410 : 0A;
  19411 : 73;
  19412 : AB;
  19413 : AA;
  19414 : B0;
  19415 : B5;
  19416 : B9;
  19417 : BC;
  19418 : BF;
  19419 : C3;
  19420 : C5;
  19421 : C8;
  19422 : CB;
  19423 : CE;
  19424 : CF;
  19425 : D1;
  19426 : CF;
  19427 : 3E;
  19428 : 75;
  19429 : E8;
  19430 : D7;
  19431 : D8;
  [19432..19433] : D9;
  19434 : D8;
  19435 : D7;
  19436 : D8;
  19437 : D7;
  [19438..19441] : D6;
  19442 : D4;
  19443 : D8;
  19444 : 9E;
  19445 : 05;
  19446 : 04;
  19447 : 0B;
  19448 : 32;
  19449 : 49;
  19450 : 64;
  19451 : 25;
  19452 : 1D;
  [19453..19456] : 1E;
  19457 : 1F;
  [19458..19460] : 1E;
  19461 : 1B;
  19462 : 16;
  19463 : 12;
  19464 : 13;
  19465 : 88;
  19466 : A7;
  19467 : A9;
  19468 : AF;
  19469 : B4;
  19470 : B7;
  19471 : B9;
  19472 : BB;
  19473 : BE;
  19474 : C1;
  19475 : C3;
  19476 : C5;
  19477 : C7;
  19478 : C9;
  [19479..19480] : CA;
  19481 : CB;
  19482 : CF;
  19483 : 57;
  19484 : 00;
  19485 : 05;
  19486 : 08;
  19487 : 16;
  19488 : 3B;
  19489 : 2F;
  19490 : 66;
  19491 : 21;
  [19492..19499] : 1C;
  19500 : 1B;
  19501 : 17;
  19502 : 1A;
  19503 : 12;
  19504 : 45;
  19505 : A4;
  19506 : AA;
  19507 : AC;
  19508 : AE;
  19509 : AF;
  [19510..19529] : 80;
  19530 : E1;
  [19531..19533] : D8;
  [19534..19535] : D7;
  [19536..19537] : D6;
  19538 : 72;
  19539 : 1E;
  19540 : 0B;
  19541 : 44;
  19542 : 6D;
  19543 : 15;
  [19544..19545] : 18;
  19546 : 17;
  19547 : 18;
  19548 : 19;
  19549 : 1B;
  19550 : 1E;
  19551 : 23;
  19552 : 24;
  19553 : 23;
  19554 : 10;
  19555 : 21;
  19556 : 1D;
  19557 : 08;
  19558 : 04;
  19559 : 00;
  19560 : 18;
  19561 : 8B;
  19562 : A1;
  19563 : A5;
  19564 : AA;
  19565 : AF;
  19566 : B4;
  19567 : B9;
  19568 : BC;
  19569 : BF;
  19570 : C3;
  19571 : C6;
  19572 : C9;
  19573 : CD;
  19574 : CE;
  19575 : D0;
  19576 : D2;
  [19577..19578] : D3;
  19579 : D8;
  19580 : AF;
  19581 : 20;
  19582 : 1A;
  19583 : 75;
  19584 : 40;
  19585 : 14;
  [19586..19587] : 19;
  [19588..19589] : 18;
  [19590..19592] : 19;
  19593 : 18;
  19594 : 27;
  19595 : 19;
  19596 : 18;
  19597 : 22;
  19598 : 09;
  19599 : 05;
  19600 : 01;
  19601 : 27;
  19602 : A2;
  19603 : AB;
  19604 : B1;
  19605 : B7;
  19606 : BC;
  19607 : BF;
  19608 : C1;
  19609 : C5;
  19610 : C8;
  19611 : CB;
  19612 : CE;
  19613 : D0;
  19614 : D2;
  19615 : D3;
  19616 : D5;
  19617 : D8;
  19618 : D3;
  19619 : 6F;
  19620 : 56;
  19621 : EE;
  19622 : DB;
  [19623..19628] : DC;
  19629 : DB;
  19630 : DC;
  [19631..19632] : DB;
  19633 : DA;
  [19634..19635] : D9;
  19636 : DE;
  19637 : B5;
  19638 : 20;
  19639 : 08;
  19640 : 25;
  19641 : 6D;
  19642 : 41;
  19643 : 1B;
  19644 : 1F;
  [19645..19647] : 1E;
  [19648..19651] : 21;
  19652 : 25;
  19653 : 16;
  19654 : 1F;
  19655 : 17;
  19656 : 03;
  19657 : 05;
  19658 : 6E;
  19659 : A3;
  19660 : A5;
  19661 : AA;
  19662 : AE;
  19663 : B3;
  19664 : B7;
  19665 : BA;
  19666 : BE;
  19667 : C1;
  19668 : C3;
  19669 : C6;
  19670 : C9;
  19671 : CB;
  19672 : CC;
  19673 : D3;
  19674 : 9A;
  19675 : 2E;
  19676 : 0C;
  19677 : 3B;
  19678 : 76;
  19679 : 34;
  19680 : 20;
  [19681..19684] : 22;
  [19685..19687] : 23;
  19688 : 24;
  19689 : 25;
  19690 : 17;
  19691 : 1D;
  19692 : 07;
  19693 : 02;
  19694 : 29;
  19695 : 99;
  19696 : A2;
  19697 : A8;
  19698 : AD;
  19699 : B2;
  19700 : B5;
  19701 : B9;
  19702 : BD;
  19703 : BF;
  19704 : C1;
  19705 : C4;
  19706 : C7;
  19707 : C8;
  19708 : CA;
  19709 : CE;
  19710 : AF;
  19711 : 11;
  19712 : 05;
  19713 : 23;
  19714 : 3E;
  19715 : 69;
  19716 : 29;
  19717 : 22;
  [19718..19720] : 23;
  [19721..19723] : 24;
  [19724..19725] : 25;
  19726 : 22;
  19727 : 16;
  19728 : 1C;
  19729 : 00;
  19730 : 0A;
  19731 : 72;
  19732 : AC;
  19733 : AB;
  19734 : B1;
  19735 : B5;
  19736 : B9;
  19737 : BC;
  19738 : C0;
  19739 : C3;
  19740 : C5;
  19741 : C8;
  19742 : CB;
  19743 : CD;
  19744 : CF;
  19745 : D1;
  19746 : CE;
  19747 : 3E;
  19748 : 73;
  19749 : E8;
  19750 : D7;
  19751 : D8;
  [19752..19753] : D9;
  [19754..19755] : D8;
  [19756..19759] : D7;
  19760 : D6;
  19761 : D5;
  19762 : D4;
  19763 : D8;
  19764 : 9E;
  19765 : 05;
  19766 : 04;
  19767 : 0C;
  19768 : 32;
  19769 : 49;
  19770 : 63;
  19771 : 25;
  [19772..19778] : 1E;
  19779 : 1D;
  19780 : 1E;
  19781 : 1B;
  19782 : 16;
  19783 : 13;
  19784 : 12;
  19785 : 87;
  19786 : A7;
  19787 : AA;
  19788 : AF;
  19789 : B3;
  19790 : B7;
  19791 : B9;
  19792 : BB;
  19793 : BE;
  19794 : C1;
  19795 : C3;
  19796 : C5;
  19797 : C7;
  19798 : C8;
  19799 : CA;
  19800 : CB;
  19801 : CC;
  19802 : CF;
  19803 : 5C;
  19804 : 00;
  19805 : 04;
  19806 : 08;
  19807 : 16;
  19808 : 39;
  19809 : 2F;
  19810 : 66;
  19811 : 23;
  [19812..19813] : 1D;
  19814 : 1C;
  [19815..19816] : 1D;
  [19817..19818] : 1C;
  [19819..19820] : 1B;
  19821 : 16;
  19822 : 19;
  19823 : 12;
  19824 : 42;
  19825 : A3;
  19826 : A9;
  19827 : AB;
  19828 : AF;
  19829 : B0;
  [19830..19849] : 80;
  19850 : E2;
  19851 : D8;
  19852 : D9;
  19853 : D8;
  19854 : D7;
  [19855..19857] : D6;
  19858 : 6F;
  19859 : 1D;
  19860 : 0C;
  19861 : 47;
  19862 : 6B;
  19863 : 15;
  19864 : 19;
  [19865..19867] : 18;
  19868 : 19;
  19869 : 1B;
  19870 : 1E;
  19871 : 23;
  19872 : 24;
  19873 : 21;
  19874 : 10;
  19875 : 22;
  19876 : 1D;
  19877 : 08;
  19878 : 04;
  19879 : 00;
  19880 : 19;
  19881 : 8C;
  19882 : A3;
  19883 : A6;
  19884 : AC;
  19885 : B0;
  19886 : B5;
  19887 : B9;
  19888 : BC;
  19889 : BE;
  19890 : C3;
  19891 : C6;
  19892 : C9;
  19893 : CD;
  19894 : CF;
  19895 : D1;
  [19896..19897] : D2;
  19898 : D3;
  19899 : D7;
  19900 : AD;
  19901 : 20;
  19902 : 1B;
  19903 : 74;
  19904 : 3E;
  19905 : 15;
  19906 : 19;
  19907 : 18;
  19908 : 19;
  [19909..19910] : 18;
  [19911..19912] : 19;
  19913 : 18;
  19914 : 26;
  [19915..19916] : 18;
  19917 : 20;
  19918 : 08;
  19919 : 04;
  19920 : 01;
  19921 : 28;
  19922 : A2;
  19923 : AC;
  19924 : B1;
  19925 : B7;
  19926 : BC;
  19927 : BF;
  19928 : C2;
  19929 : C5;
  19930 : C9;
  19931 : CB;
  19932 : CD;
  19933 : CF;
  19934 : D2;
  19935 : D4;
  19936 : D6;
  19937 : D8;
  19938 : D3;
  19939 : 6F;
  19940 : 58;
  19941 : EE;
  19942 : DB;
  [19943..19946] : DC;
  19947 : DD;
  [19948..19949] : DC;
  19950 : DD;
  19951 : DC;
  19952 : DB;
  19953 : DA;
  [19954..19955] : D9;
  19956 : DE;
  19957 : B3;
  19958 : 1F;
  19959 : 07;
  19960 : 25;
  19961 : 6B;
  19962 : 3F;
  19963 : 1A;
  19964 : 1F;
  [19965..19966] : 1E;
  19967 : 1F;
  [19968..19969] : 20;
  [19970..19971] : 21;
  19972 : 25;
  19973 : 17;
  19974 : 1E;
  19975 : 16;
  19976 : 03;
  19977 : 05;
  19978 : 6D;
  19979 : A3;
  19980 : A5;
  19981 : AA;
  19982 : AE;
  19983 : B3;
  19984 : B7;
  19985 : BA;
  19986 : BD;
  19987 : C0;
  19988 : C3;
  19989 : C5;
  19990 : C9;
  19991 : CB;
  19992 : CC;
  19993 : D4;
  19994 : 9B;
  19995 : 2E;
  19996 : 0C;
  19997 : 3C;
  19998 : 76;
  19999 : 32;
  20000 : 1F;
  [20001..20004] : 22;
  [20005..20007] : 23;
  [20008..20009] : 24;
  20010 : 16;
  20011 : 1C;
  20012 : 07;
  20013 : 02;
  20014 : 29;
  20015 : 9A;
  20016 : A3;
  20017 : A8;
  20018 : AD;
  20019 : B3;
  20020 : B6;
  20021 : BA;
  20022 : BC;
  20023 : BF;
  20024 : C1;
  20025 : C4;
  20026 : C6;
  20027 : C8;
  20028 : CA;
  20029 : CF;
  20030 : AF;
  20031 : 11;
  20032 : 05;
  20033 : 23;
  20034 : 3F;
  20035 : 6A;
  20036 : 29;
  20037 : 22;
  [20038..20041] : 23;
  20042 : 24;
  [20043..20045] : 25;
  20046 : 23;
  20047 : 18;
  20048 : 1D;
  20049 : 00;
  20050 : 0A;
  20051 : 72;
  [20052..20053] : AC;
  20054 : B1;
  20055 : B5;
  20056 : B9;
  20057 : BD;
  20058 : C0;
  20059 : C3;
  20060 : C6;
  20061 : C8;
  20062 : CA;
  20063 : CD;
  20064 : CF;
  20065 : D1;
  20066 : CE;
  20067 : 3E;
  20068 : 73;
  20069 : E7;
  20070 : D8;
  20071 : D9;
  [20072..20077] : D8;
  [20078..20080] : D7;
  20081 : D5;
  20082 : D4;
  20083 : D8;
  20084 : 9F;
  20085 : 05;
  20086 : 03;
  20087 : 0C;
  20088 : 31;
  20089 : 4A;
  20090 : 62;
  20091 : 26;
  [20092..20093] : 1D;
  [20094..20095] : 1E;
  [20096..20097] : 1F;
  20098 : 1E;
  [20099..20100] : 1D;
  20101 : 1B;
  20102 : 15;
  20103 : 13;
  20104 : 10;
  20105 : 84;
  20106 : A7;
  20107 : AA;
  20108 : AF;
  20109 : B3;
  20110 : B7;
  20111 : BA;
  20112 : BC;
  20113 : BE;
  20114 : C1;
  20115 : C4;
  20116 : C6;
  20117 : C7;
  20118 : C9;
  [20119..20120] : CB;
  20121 : CC;
  20122 : D0;
  20123 : 5D;
  20124 : 00;
  20125 : 03;
  20126 : 08;
  20127 : 15;
  20128 : 37;
  20129 : 31;
  20130 : 68;
  20131 : 25;
  20132 : 1C;
  20133 : 1D;
  [20134..20138] : 1C;
  [20139..20140] : 1B;
  20141 : 18;
  20142 : 19;
  20143 : 12;
  20144 : 40;
  20145 : A1;
  20146 : A9;
  20147 : AB;
  20148 : AF;
  20149 : B1;
  [20150..20169] : 80;
  20170 : E1;
  20171 : D7;
  [20172..20173] : D8;
  20174 : D7;
  [20175..20177] : D6;
  20178 : 6F;
  20179 : 1C;
  20180 : 0B;
  20181 : 4C;
  20182 : 6D;
  20183 : 16;
  20184 : 19;
  20185 : 18;
  [20186..20187] : 19;
  20188 : 1A;
  20189 : 1B;
  20190 : 1F;
  20191 : 23;
  20192 : 24;
  20193 : 21;
  20194 : 0F;
  20195 : 22;
  20196 : 1D;
  20197 : 09;
  20198 : 04;
  20199 : 00;
  20200 : 1A;
  20201 : 8F;
  20202 : A4;
  20203 : A8;
  20204 : AD;
  20205 : B1;
  20206 : B5;
  20207 : B9;
  20208 : BC;
  20209 : BF;
  20210 : C2;
  20211 : C5;
  20212 : C8;
  20213 : CC;
  20214 : CF;
  20215 : D1;
  20216 : D2;
  [20217..20218] : D3;
  20219 : D7;
  20220 : AB;
  20221 : 20;
  20222 : 1B;
  20223 : 71;
  20224 : 3B;
  20225 : 15;
  20226 : 18;
  [20227..20228] : 19;
  20229 : 18;
  [20230..20232] : 19;
  20233 : 18;
  20234 : 24;
  [20235..20236] : 18;
  20237 : 1F;
  20238 : 08;
  20239 : 04;
  20240 : 01;
  20241 : 29;
  20242 : A3;
  20243 : AC;
  20244 : B2;
  20245 : B8;
  20246 : BC;
  20247 : BF;
  20248 : C2;
  20249 : C6;
  20250 : C8;
  20251 : CA;
  20252 : CD;
  20253 : D0;
  20254 : D2;
  20255 : D3;
  20256 : D5;
  20257 : D8;
  20258 : D3;
  20259 : 6F;
  20260 : 5A;
  20261 : ED;
  [20262..20263] : DB;
  [20264..20266] : DC;
  20267 : DD;
  [20268..20271] : DC;
  20272 : DB;
  20273 : DA;
  [20274..20275] : D9;
  20276 : DE;
  20277 : B0;
  20278 : 1D;
  20279 : 07;
  20280 : 24;
  20281 : 6A;
  20282 : 3B;
  20283 : 1A;
  20284 : 1E;
  20285 : 1D;
  20286 : 1E;
  [20287..20288] : 1F;
  20289 : 20;
  [20290..20291] : 21;
  20292 : 25;
  20293 : 17;
  20294 : 1E;
  20295 : 17;
  20296 : 04;
  20297 : 05;
  20298 : 6E;
  20299 : A3;
  20300 : A4;
  20301 : A9;
  20302 : AE;
  20303 : B2;
  20304 : B6;
  20305 : B9;
  20306 : BE;
  20307 : C1;
  20308 : C3;
  20309 : C6;
  20310 : C9;
  20311 : CB;
  20312 : CC;
  20313 : D4;
  20314 : 9D;
  20315 : 2D;
  20316 : 0B;
  20317 : 3E;
  20318 : 7A;
  20319 : 32;
  20320 : 1F;
  [20321..20324] : 22;
  20325 : 24;
  [20326..20328] : 23;
  20329 : 24;
  20330 : 16;
  20331 : 1D;
  20332 : 07;
  20333 : 02;
  20334 : 27;
  20335 : 99;
  20336 : A4;
  20337 : A7;
  20338 : AC;
  20339 : B2;
  20340 : B6;
  20341 : BA;
  20342 : BC;
  20343 : BF;
  20344 : C1;
  20345 : C3;
  20346 : C7;
  20347 : C9;
  20348 : CB;
  20349 : CF;
  20350 : AE;
  20351 : 12;
  20352 : 05;
  20353 : 23;
  20354 : 3F;
  20355 : 6A;
  20356 : 29;
  [20357..20360] : 23;
  [20361..20364] : 24;
  20365 : 25;
  20366 : 24;
  20367 : 17;
  20368 : 1E;
  20369 : 01;
  20370 : 0A;
  20371 : 72;
  [20372..20373] : AD;
  20374 : B1;
  20375 : B5;
  20376 : BA;
  20377 : BD;
  20378 : C0;
  20379 : C3;
  20380 : C5;
  20381 : C8;
  20382 : CA;
  20383 : CD;
  20384 : CF;
  20385 : D1;
  20386 : CF;
  20387 : 40;
  20388 : 74;
  20389 : E8;
  20390 : D8;
  [20391..20395] : D9;
  [20396..20399] : D8;
  20400 : D7;
  20401 : D6;
  20402 : D4;
  20403 : D8;
  20404 : 9F;
  20405 : 05;
  20406 : 03;
  20407 : 0C;
  20408 : 33;
  20409 : 4B;
  20410 : 60;
  20411 : 26;
  [20412..20419] : 1E;
  20420 : 1D;
  20421 : 1B;
  20422 : 15;
  20423 : 14;
  20424 : 0E;
  20425 : 82;
  20426 : A7;
  20427 : A9;
  20428 : AF;
  20429 : B4;
  20430 : B7;
  20431 : B9;
  20432 : BB;
  20433 : BE;
  20434 : C2;
  20435 : C4;
  20436 : C6;
  20437 : C7;
  20438 : C8;
  20439 : CA;
  20440 : CB;
  20441 : CC;
  20442 : D0;
  20443 : 5F;
  20444 : 00;
  20445 : 03;
  20446 : 07;
  20447 : 13;
  20448 : 37;
  20449 : 33;
  20450 : 6A;
  20451 : 26;
  [20452..20455] : 1C;
  20456 : 1D;
  [20457..20460] : 1C;
  20461 : 17;
  20462 : 18;
  20463 : 12;
  20464 : 3F;
  20465 : A0;
  20466 : A9;
  20467 : AB;
  20468 : AF;
  20469 : B1;
  [20470..20489] : 80;
  20490 : E1;
  [20491..20493] : D8;
  20494 : D7;
  [20495..20496] : D6;
  20497 : D5;
  20498 : 6E;
  20499 : 1C;
  20500 : 0D;
  20501 : 51;
  20502 : 6E;
  20503 : 15;
  20504 : 19;
  20505 : 18;
  [20506..20507] : 19;
  20508 : 1A;
  20509 : 1B;
  20510 : 20;
  20511 : 22;
  20512 : 23;
  20513 : 20;
  20514 : 0F;
  20515 : 23;
  20516 : 1E;
  20517 : 09;
  20518 : 04;
  20519 : 00;
  20520 : 1B;
  20521 : 92;
  20522 : A5;
  20523 : A8;
  20524 : AD;
  20525 : B2;
  20526 : B6;
  20527 : B9;
  20528 : BC;
  20529 : BF;
  20530 : C2;
  20531 : C5;
  20532 : C8;
  20533 : CC;
  20534 : CF;
  20535 : D1;
  20536 : D2;
  [20537..20538] : D3;
  20539 : D7;
  20540 : A9;
  20541 : 1F;
  20542 : 1C;
  20543 : 71;
  20544 : 3A;
  20545 : 15;
  20546 : 18;
  20547 : 1A;
  [20548..20550] : 19;
  [20551..20552] : 1A;
  20553 : 19;
  20554 : 24;
  20555 : 17;
  20556 : 18;
  20557 : 1F;
  20558 : 08;
  20559 : 04;
  20560 : 01;
  20561 : 2B;
  20562 : A4;
  20563 : AE;
  20564 : B2;
  20565 : B8;
  20566 : BC;
  20567 : BF;
  20568 : C1;
  20569 : C5;
  20570 : C8;
  20571 : CA;
  20572 : CD;
  20573 : D0;
  20574 : D2;
  20575 : D3;
  20576 : D5;
  20577 : D8;
  20578 : D3;
  20579 : 6E;
  20580 : 5B;
  20581 : EE;
  20582 : DB;
  [20583..20589] : DC;
  20590 : DD;
  20591 : DC;
  20592 : DB;
  [20593..20595] : DA;
  20596 : DE;
  20597 : AF;
  20598 : 1D;
  20599 : 07;
  20600 : 24;
  20601 : 6A;
  20602 : 3A;
  20603 : 1B;
  [20604..20606] : 1E;
  [20607..20608] : 1F;
  [20609..20610] : 20;
  20611 : 21;
  20612 : 25;
  20613 : 16;
  20614 : 1F;
  20615 : 18;
  20616 : 04;
  20617 : 06;
  20618 : 6F;
  [20619..20620] : A4;
  20621 : A9;
  20622 : AE;
  20623 : B3;
  20624 : B7;
  20625 : BA;
  20626 : BE;
  20627 : C1;
  20628 : C4;
  20629 : C6;
  20630 : C9;
  20631 : CB;
  20632 : CC;
  20633 : D5;
  20634 : 9C;
  20635 : 2C;
  20636 : 0B;
  20637 : 41;
  20638 : 7B;
  20639 : 31;
  20640 : 1F;
  [20641..20642] : 22;
  [20643..20644] : 23;
  20645 : 24;
  [20646..20648] : 23;
  20649 : 25;
  20650 : 16;
  20651 : 1C;
  20652 : 07;
  20653 : 02;
  20654 : 27;
  20655 : 98;
  20656 : A3;
  20657 : A7;
  20658 : AD;
  20659 : B2;
  20660 : B5;
  20661 : BA;
  20662 : BD;
  20663 : C0;
  20664 : C1;
  20665 : C4;
  20666 : C6;
  20667 : C9;
  20668 : CB;
  20669 : CF;
  20670 : AE;
  20671 : 13;
  20672 : 05;
  20673 : 23;
  20674 : 3F;
  20675 : 6A;
  20676 : 2B;
  20677 : 22;
  [20678..20682] : 23;
  20683 : 24;
  [20684..20685] : 25;
  20686 : 23;
  20687 : 16;
  20688 : 1F;
  20689 : 00;
  20690 : 0A;
  20691 : 72;
  [20692..20693] : AD;
  20694 : B2;
  20695 : B6;
  20696 : BA;
  20697 : BD;
  20698 : C0;
  20699 : C3;
  20700 : C5;
  20701 : C8;
  20702 : CB;
  20703 : CD;
  20704 : CF;
  20705 : D1;
  20706 : CF;
  20707 : 43;
  20708 : 74;
  20709 : E8;
  20710 : D8;
  [20711..20715] : D9;
  [20716..20719] : D8;
  20720 : D7;
  20721 : D6;
  20722 : D4;
  20723 : D8;
  20724 : A0;
  20725 : 05;
  20726 : 04;
  20727 : 0C;
  20728 : 33;
  20729 : 4C;
  20730 : 5F;
  20731 : 27;
  20732 : 1D;
  [20733..20734] : 1E;
  20735 : 1D;
  20736 : 1E;
  20737 : 1D;
  [20738..20739] : 1E;
  20740 : 1D;
  20741 : 1B;
  20742 : 15;
  20743 : 14;
  20744 : 0D;
  20745 : 80;
  20746 : A7;
  20747 : A9;
  20748 : AF;
  20749 : B4;
  20750 : B8;
  20751 : BA;
  20752 : BB;
  20753 : BE;
  20754 : C2;
  20755 : C4;
  20756 : C6;
  20757 : C7;
  20758 : C9;
  20759 : CA;
  [20760..20761] : CB;
  20762 : D0;
  20763 : 62;
  20764 : 00;
  20765 : 02;
  20766 : 07;
  20767 : 12;
  20768 : 38;
  20769 : 34;
  20770 : 6D;
  20771 : 27;
  20772 : 1B;
  20773 : 1D;
  [20774..20780] : 1C;
  20781 : 17;
  20782 : 18;
  20783 : 15;
  20784 : 3C;
  20785 : 9F;
  20786 : A8;
  20787 : AB;
  20788 : AF;
  20789 : B1;
  [20790..20809] : 80;
  20810 : E0;
  [20811..20813] : D8;
  20814 : D7;
  20815 : D6;
  [20816..20817] : D5;
  20818 : 6B;
  20819 : 1B;
  20820 : 0D;
  20821 : 50;
  20822 : 6A;
  20823 : 16;
  20824 : 19;
  20825 : 18;
  [20826..20827] : 19;
  20828 : 1A;
  20829 : 1B;
  20830 : 1F;
  20831 : 23;
  20832 : 24;
  20833 : 20;
  20834 : 10;
  20835 : 24;
  20836 : 1D;
  20837 : 09;
  20838 : 05;
  20839 : 00;
  20840 : 1D;
  20841 : 94;
  20842 : A7;
  20843 : AA;
  20844 : AD;
  20845 : B1;
  20846 : B6;
  20847 : BA;
  20848 : BC;
  20849 : BE;
  20850 : C2;
  20851 : C5;
  20852 : C9;
  20853 : CC;
  20854 : CE;
  20855 : D0;
  20856 : D2;
  20857 : D3;
  20858 : D4;
  20859 : D8;
  20860 : A9;
  20861 : 20;
  20862 : 1E;
  20863 : 73;
  20864 : 39;
  20865 : 16;
  [20866..20867] : 19;
  20868 : 18;
  [20869..20870] : 19;
  20871 : 1A;
  20872 : 19;
  20873 : 18;
  20874 : 23;
  20875 : 16;
  20876 : 19;
  20877 : 20;
  20878 : 08;
  20879 : 05;
  20880 : 01;
  20881 : 2D;
  20882 : A6;
  20883 : AE;
  20884 : B3;
  20885 : B8;
  20886 : BC;
  20887 : BE;
  20888 : C2;
  20889 : C6;
  20890 : C8;
  20891 : CB;
  20892 : CD;
  20893 : D0;
  20894 : D1;
  20895 : D3;
  20896 : D5;
  20897 : D8;
  20898 : D3;
  20899 : 6D;
  20900 : 5C;
  20901 : EE;
  20902 : DB;
  20903 : DC;
  20904 : DD;
  [20905..20906] : DC;
  20907 : DD;
  20908 : DC;
  [20909..20910] : DD;
  [20911..20912] : DC;
  [20913..20915] : DA;
  20916 : DE;
  20917 : AE;
  20918 : 1E;
  20919 : 08;
  20920 : 25;
  20921 : 6B;
  20922 : 3A;
  20923 : 1B;
  [20924..20927] : 1E;
  20928 : 1F;
  [20929..20930] : 20;
  20931 : 22;
  20932 : 26;
  20933 : 15;
  20934 : 1F;
  20935 : 18;
  20936 : 04;
  20937 : 05;
  20938 : 71;
  [20939..20940] : A4;
  20941 : A9;
  20942 : AF;
  20943 : B3;
  20944 : B7;
  20945 : BA;
  20946 : BE;
  20947 : C1;
  20948 : C3;
  20949 : C6;
  20950 : C8;
  20951 : CB;
  20952 : CC;
  20953 : D4;
  20954 : 9B;
  20955 : 2C;
  20956 : 0A;
  20957 : 40;
  20958 : 79;
  20959 : 33;
  20960 : 20;
  20961 : 22;
  20962 : 23;
  [20963..20965] : 24;
  [20966..20968] : 23;
  20969 : 25;
  20970 : 16;
  20971 : 1D;
  20972 : 07;
  20973 : 02;
  20974 : 27;
  20975 : 99;
  20976 : A3;
  20977 : A7;
  20978 : AC;
  20979 : B2;
  20980 : B6;
  20981 : BA;
  20982 : BD;
  20983 : C0;
  20984 : C2;
  20985 : C4;
  20986 : C7;
  20987 : CA;
  20988 : CB;
  20989 : D0;
  20990 : B0;
  20991 : 13;
  20992 : 05;
  20993 : 24;
  20994 : 40;
  20995 : 6B;
  20996 : 2B;
  20997 : 22;
  [20998..21000] : 23;
  [21001..21002] : 24;
  21003 : 25;
  21004 : 24;
  21005 : 25;
  21006 : 23;
  21007 : 17;
  21008 : 1F;
  21009 : 01;
  21010 : 0A;
  21011 : 72;
  21012 : AE;
  21013 : AD;
  21014 : B2;
  21015 : B6;
  21016 : BA;
  21017 : BD;
  21018 : C0;
  21019 : C3;
  21020 : C5;
  21021 : C8;
  21022 : CB;
  21023 : CD;
  21024 : CF;
  [21025..21026] : D1;
  21027 : 45;
  21028 : 75;
  21029 : E8;
  21030 : D8;
  21031 : D9;
  21032 : DA;
  [21033..21035] : D9;
  21036 : D8;
  [21037..21038] : D9;
  [21039..21040] : D8;
  21041 : D6;
  21042 : D4;
  21043 : D8;
  21044 : A2;
  21045 : 06;
  21046 : 04;
  21047 : 0B;
  21048 : 32;
  21049 : 4D;
  21050 : 60;
  21051 : 28;
  21052 : 1D;
  [21053..21060] : 1E;
  21061 : 1B;
  21062 : 16;
  21063 : 15;
  21064 : 0C;
  21065 : 7F;
  21066 : A7;
  21067 : A9;
  21068 : AF;
  21069 : B3;
  21070 : B7;
  21071 : BA;
  21072 : BC;
  21073 : BF;
  21074 : C2;
  21075 : C4;
  21076 : C6;
  21077 : C8;
  [21078..21079] : CA;
  21080 : CC;
  21081 : CB;
  21082 : D0;
  21083 : 66;
  21084 : 00;
  21085 : 03;
  21086 : 07;
  21087 : 13;
  21088 : 39;
  21089 : 34;
  21090 : 6F;
  21091 : 2A;
  21092 : 1B;
  [21093..21094] : 1D;
  [21095..21096] : 1B;
  [21097..21100] : 1C;
  [21101..21102] : 18;
  21103 : 16;
  21104 : 3A;
  21105 : 9D;
  21106 : A8;
  21107 : AB;
  21108 : AF;
  21109 : B1;
  [21110..21129] : 80;
  21130 : E0;
  [21131..21133] : D8;
  21134 : D7;
  [21135..21136] : D6;
  21137 : D4;
  21138 : 69;
  21139 : 1A;
  21140 : 0E;
  21141 : 50;
  21142 : 66;
  21143 : 17;
  21144 : 1B;
  [21145..21146] : 19;
  [21147..21148] : 1A;
  21149 : 1C;
  21150 : 1F;
  [21151..21152] : 22;
  21153 : 1F;
  21154 : 0F;
  21155 : 26;
  21156 : 1E;
  21157 : 0A;
  21158 : 05;
  21159 : 00;
  21160 : 1E;
  21161 : 95;
  21162 : A8;
  21163 : AB;
  21164 : AE;
  21165 : B2;
  21166 : B6;
  21167 : B9;
  21168 : BC;
  21169 : BF;
  21170 : C2;
  21171 : C4;
  21172 : C8;
  21173 : CC;
  21174 : CF;
  21175 : D1;
  [21176..21178] : D3;
  21179 : D8;
  21180 : A8;
  21181 : 20;
  21182 : 1E;
  21183 : 75;
  21184 : 38;
  21185 : 16;
  21186 : 19;
  [21187..21188] : 18;
  [21189..21193] : 19;
  21194 : 23;
  21195 : 16;
  21196 : 1A;
  21197 : 1E;
  21198 : 08;
  21199 : 05;
  21200 : 00;
  21201 : 2E;
  21202 : A7;
  21203 : AE;
  21204 : B3;
  21205 : B8;
  21206 : BC;
  21207 : BF;
  21208 : C1;
  21209 : C5;
  21210 : C8;
  21211 : CA;
  21212 : CD;
  21213 : CF;
  21214 : D1;
  21215 : D3;
  21216 : D5;
  21217 : D7;
  21218 : D2;
  21219 : 6C;
  21220 : 5E;
  21221 : EF;
  21222 : DC;
  21223 : DD;
  [21224..21226] : DC;
  [21227..21229] : DD;
  [21230..21232] : DC;
  21233 : DB;
  21234 : DA;
  21235 : D9;
  21236 : DE;
  21237 : AE;
  21238 : 1E;
  21239 : 08;
  21240 : 24;
  21241 : 6B;
  21242 : 3A;
  21243 : 1B;
  [21244..21245] : 1F;
  [21246..21247] : 1E;
  21248 : 1F;
  [21249..21250] : 20;
  21251 : 21;
  21252 : 26;
  21253 : 16;
  21254 : 1F;
  21255 : 18;
  21256 : 03;
  21257 : 06;
  21258 : 71;
  [21259..21260] : A4;
  21261 : AA;
  21262 : AF;
  21263 : B4;
  21264 : B8;
  21265 : BB;
  21266 : BE;
  21267 : C0;
  21268 : C2;
  21269 : C6;
  21270 : C9;
  21271 : CB;
  21272 : CC;
  21273 : D3;
  21274 : 99;
  21275 : 2C;
  21276 : 0A;
  21277 : 41;
  21278 : 77;
  21279 : 33;
  21280 : 21;
  [21281..21288] : 24;
  21289 : 25;
  21290 : 17;
  21291 : 1D;
  21292 : 07;
  21293 : 02;
  21294 : 27;
  21295 : 9A;
  21296 : A3;
  21297 : A6;
  21298 : AB;
  21299 : B1;
  21300 : B6;
  21301 : BA;
  21302 : BD;
  21303 : C0;
  21304 : C1;
  21305 : C4;
  21306 : C7;
  21307 : C9;
  21308 : CB;
  21309 : D0;
  21310 : B0;
  21311 : 13;
  21312 : 05;
  21313 : 23;
  21314 : 41;
  21315 : 6A;
  21316 : 2C;
  [21317..21318] : 22;
  [21319..21320] : 23;
  [21321..21323] : 24;
  [21324..21325] : 25;
  21326 : 23;
  21327 : 17;
  21328 : 1F;
  21329 : 01;
  21330 : 0A;
  21331 : 71;
  [21332..21333] : AD;
  21334 : B1;
  21335 : B6;
  21336 : BA;
  21337 : BD;
  21338 : C0;
  21339 : C2;
  21340 : C5;
  21341 : C8;
  21342 : CB;
  21343 : CD;
  21344 : CF;
  [21345..21346] : D2;
  21347 : 47;
  21348 : 74;
  21349 : E8;
  21350 : D8;
  [21351..21355] : D9;
  21356 : D8;
  [21357..21359] : D9;
  21360 : D8;
  21361 : D7;
  21362 : D5;
  21363 : D9;
  21364 : A3;
  21365 : 06;
  21366 : 03;
  21367 : 0E;
  21368 : 31;
  21369 : 4D;
  21370 : 5E;
  21371 : 29;
  [21372..21378] : 1E;
  [21379..21380] : 1D;
  21381 : 1C;
  21382 : 15;
  21383 : 16;
  21384 : 0C;
  21385 : 7D;
  21386 : A7;
  21387 : A9;
  21388 : AF;
  21389 : B3;
  21390 : B7;
  21391 : BA;
  21392 : BC;
  21393 : BF;
  21394 : C2;
  21395 : C4;
  21396 : C5;
  21397 : C7;
  21398 : C9;
  21399 : CA;
  21400 : CB;
  21401 : CC;
  21402 : D1;
  21403 : 6A;
  21404 : 00;
  21405 : 04;
  21406 : 09;
  21407 : 14;
  21408 : 38;
  21409 : 34;
  21410 : 6F;
  21411 : 2C;
  21412 : 1B;
  21413 : 1C;
  [21414..21419] : 1B;
  21420 : 1C;
  21421 : 18;
  21422 : 17;
  21423 : 16;
  21424 : 38;
  21425 : 9D;
  21426 : A8;
  21427 : AB;
  21428 : AF;
  21429 : B1;
  [21430..21449] : 80;
  21450 : E1;
  21451 : D7;
  21452 : D8;
  [21453..21454] : D7;
  [21455..21456] : D6;
  21457 : D4;
  21458 : 68;
  21459 : 19;
  21460 : 0E;
  21461 : 52;
  21462 : 66;
  21463 : 17;
  21464 : 1A;
  [21465..21467] : 19;
  21468 : 1A;
  21469 : 1B;
  21470 : 1E;
  [21471..21472] : 23;
  21473 : 20;
  21474 : 0F;
  21475 : 26;
  21476 : 1E;
  21477 : 09;
  21478 : 04;
  21479 : 00;
  21480 : 1F;
  21481 : 96;
  21482 : A8;
  21483 : AA;
  21484 : AE;
  21485 : B2;
  21486 : B6;
  21487 : B9;
  21488 : BC;
  21489 : BF;
  21490 : C2;
  21491 : C4;
  21492 : C8;
  21493 : CC;
  21494 : CE;
  21495 : D1;
  21496 : D2;
  [21497..21498] : D3;
  21499 : D9;
  21500 : A7;
  [21501..21502] : 1F;
  21503 : 76;
  21504 : 37;
  21505 : 17;
  [21506..21507] : 18;
  [21508..21511] : 19;
  [21512..21513] : 18;
  21514 : 24;
  21515 : 16;
  21516 : 1B;
  21517 : 1E;
  21518 : 08;
  21519 : 05;
  21520 : 00;
  21521 : 2F;
  21522 : A7;
  21523 : AE;
  21524 : B4;
  21525 : B9;
  21526 : BD;
  21527 : BF;
  21528 : C2;
  21529 : C5;
  21530 : C8;
  21531 : CB;
  21532 : CD;
  21533 : D0;
  21534 : D1;
  21535 : D3;
  21536 : D5;
  21537 : D7;
  21538 : D1;
  21539 : 6C;
  21540 : 5E;
  21541 : EF;
  21542 : DC;
  21543 : DD;
  21544 : DB;
  21545 : DC;
  [21546..21550] : DD;
  [21551..21552] : DC;
  21553 : DB;
  [21554..21555] : DA;
  21556 : DE;
  21557 : AF;
  21558 : 1F;
  21559 : 07;
  21560 : 24;
  21561 : 6B;
  21562 : 39;
  21563 : 1B;
  [21564..21566] : 1E;
  21567 : 1D;
  [21568..21570] : 1E;
  21571 : 20;
  21572 : 24;
  21573 : 15;
  21574 : 1F;
  21575 : 16;
  21576 : 03;
  21577 : 06;
  21578 : 72;
  [21579..21580] : A5;
  21581 : AB;
  21582 : B0;
  21583 : B4;
  21584 : B8;
  21585 : BB;
  21586 : BD;
  21587 : C0;
  21588 : C2;
  21589 : C5;
  21590 : C9;
  21591 : CA;
  21592 : CB;
  21593 : D3;
  21594 : 99;
  21595 : 2B;
  21596 : 0B;
  21597 : 41;
  21598 : 72;
  21599 : 32;
  21600 : 22;
  [21601..21603] : 24;
  [21604..21605] : 25;
  21606 : 24;
  21607 : 23;
  21608 : 24;
  21609 : 25;
  21610 : 17;
  21611 : 1D;
  21612 : 08;
  21613 : 02;
  21614 : 28;
  21615 : 9A;
  21616 : A3;
  21617 : A7;
  21618 : AC;
  21619 : B1;
  21620 : B6;
  21621 : BA;
  21622 : BD;
  21623 : BF;
  21624 : C1;
  21625 : C4;
  21626 : C7;
  21627 : C9;
  21628 : CA;
  21629 : CF;
  21630 : B1;
  21631 : 14;
  21632 : 05;
  21633 : 21;
  21634 : 40;
  21635 : 6B;
  21636 : 2C;
  21637 : 21;
  21638 : 22;
  [21639..21641] : 23;
  [21642..21644] : 24;
  21645 : 25;
  21646 : 23;
  21647 : 17;
  21648 : 1E;
  21649 : 01;
  21650 : 09;
  21651 : 70;
  21652 : AE;
  21653 : AD;
  21654 : B2;
  21655 : B6;
  21656 : BA;
  21657 : BD;
  21658 : C0;
  21659 : C3;
  21660 : C5;
  21661 : C8;
  21662 : CB;
  21663 : CD;
  21664 : CF;
  [21665..21666] : D1;
  21667 : 46;
  21668 : 71;
  21669 : E8;
  [21670..21674] : D9;
  21675 : D8;
  [21676..21679] : D9;
  21680 : D8;
  21681 : D7;
  21682 : D6;
  21683 : D9;
  21684 : A5;
  21685 : 07;
  21686 : 04;
  21687 : 0C;
  21688 : 31;
  21689 : 4F;
  21690 : 5E;
  21691 : 28;
  21692 : 1D;
  [21693..21700] : 1E;
  21701 : 1C;
  21702 : 15;
  21703 : 16;
  21704 : 0C;
  21705 : 7B;
  21706 : A7;
  21707 : A9;
  21708 : AF;
  21709 : B3;
  21710 : B7;
  21711 : BA;
  21712 : BC;
  21713 : BF;
  21714 : C2;
  21715 : C4;
  21716 : C6;
  21717 : C8;
  21718 : C9;
  21719 : CA;
  21720 : CB;
  21721 : CC;
  21722 : D1;
  21723 : 6C;
  21724 : 00;
  21725 : 04;
  21726 : 0A;
  21727 : 14;
  21728 : 37;
  21729 : 33;
  21730 : 6C;
  21731 : 2E;
  21732 : 1B;
  21733 : 1C;
  [21734..21735] : 1A;
  [21736..21738] : 1B;
  21739 : 1C;
  21740 : 1B;
  21741 : 19;
  21742 : 18;
  21743 : 17;
  21744 : 36;
  21745 : 9D;
  21746 : A8;
  21747 : AB;
  21748 : AF;
  21749 : B2;
  [21750..21769] : 80;
  21770 : E0;
  21771 : D7;
  [21772..21773] : D8;
  21774 : D7;
  21775 : D6;
  21776 : D5;
  21777 : D3;
  21778 : 68;
  21779 : 19;
  21780 : 0F;
  21781 : 58;
  21782 : 65;
  21783 : 17;
  21784 : 1C;
  [21785..21787] : 19;
  [21788..21789] : 1B;
  21790 : 1D;
  21791 : 22;
  21792 : 24;
  21793 : 20;
  21794 : 0F;
  21795 : 27;
  21796 : 1E;
  21797 : 09;
  21798 : 05;
  21799 : 00;
  21800 : 20;
  21801 : 98;
  21802 : A9;
  21803 : AB;
  21804 : AF;
  21805 : B2;
  21806 : B6;
  21807 : B9;
  21808 : BC;
  21809 : BF;
  21810 : C2;
  21811 : C5;
  21812 : C9;
  21813 : CB;
  21814 : CE;
  21815 : D0;
  21816 : D2;
  [21817..21818] : D3;
  21819 : D8;
  21820 : A5;
  21821 : 1F;
  21822 : 21;
  21823 : 75;
  21824 : 34;
  21825 : 16;
  21826 : 18;
  21827 : 19;
  [21828..21829] : 18;
  [21830..21831] : 19;
  [21832..21833] : 18;
  21834 : 24;
  21835 : 16;
  21836 : 1B;
  21837 : 1E;
  21838 : 08;
  21839 : 05;
  21840 : 01;
  21841 : 2E;
  21842 : A7;
  21843 : AF;
  21844 : B4;
  21845 : B9;
  21846 : BD;
  21847 : C0;
  21848 : C2;
  21849 : C5;
  21850 : C8;
  21851 : CB;
  21852 : CE;
  21853 : D0;
  21854 : D1;
  21855 : D4;
  21856 : D5;
  21857 : D6;
  21858 : D1;
  21859 : 6A;
  21860 : 5F;
  21861 : EF;
  21862 : DB;
  [21863..21865] : DC;
  [21866..21868] : DD;
  21869 : DE;
  21870 : DD;
  [21871..21872] : DC;
  [21873..21875] : DB;
  21876 : DF;
  21877 : B0;
  21878 : 1E;
  21879 : 07;
  21880 : 24;
  21881 : 6E;
  21882 : 38;
  21883 : 1B;
  21884 : 1E;
  [21885..21886] : 1D;
  [21887..21890] : 1E;
  21891 : 1F;
  21892 : 24;
  21893 : 15;
  21894 : 1F;
  21895 : 16;
  21896 : 03;
  21897 : 06;
  21898 : 71;
  21899 : A5;
  21900 : A7;
  21901 : AB;
  21902 : B0;
  21903 : B4;
  21904 : B8;
  21905 : BB;
  21906 : BD;
  21907 : C0;
  21908 : C2;
  21909 : C5;
  21910 : C8;
  21911 : CA;
  21912 : CB;
  21913 : D3;
  21914 : 9A;
  21915 : 2B;
  21916 : 09;
  21917 : 3E;
  21918 : 6E;
  21919 : 32;
  21920 : 22;
  [21921..21929] : 24;
  21930 : 17;
  21931 : 1D;
  21932 : 07;
  21933 : 02;
  21934 : 29;
  21935 : 9B;
  21936 : A3;
  21937 : A8;
  21938 : AD;
  21939 : B1;
  21940 : B5;
  21941 : B9;
  21942 : BC;
  21943 : BF;
  21944 : C1;
  21945 : C3;
  21946 : C6;
  21947 : C8;
  21948 : C9;
  21949 : CE;
  21950 : B2;
  21951 : 15;
  21952 : 05;
  21953 : 22;
  21954 : 42;
  21955 : 6C;
  21956 : 2C;
  21957 : 22;
  21958 : 23;
  21959 : 22;
  21960 : 23;
  [21961..21964] : 24;
  21965 : 25;
  21966 : 22;
  21967 : 16;
  21968 : 1E;
  21969 : 01;
  21970 : 09;
  21971 : 70;
  [21972..21973] : AE;
  21974 : B3;
  21975 : B7;
  21976 : BA;
  21977 : BD;
  21978 : C0;
  21979 : C3;
  21980 : C5;
  21981 : C8;
  21982 : CB;
  21983 : CD;
  21984 : D0;
  21985 : D2;
  21986 : D1;
  21987 : 45;
  21988 : 6F;
  21989 : E7;
  [21990..21991] : D8;
  [21992..21999] : D9;
  22000 : D8;
  22001 : D7;
  22002 : D6;
  22003 : D9;
  22004 : A7;
  22005 : 08;
  22006 : 03;
  22007 : 0D;
  22008 : 30;
  22009 : 50;
  22010 : 5D;
  22011 : 2A;
  22012 : 1D;
  [22013..22014] : 1E;
  22015 : 1F;
  [22016..22017] : 1E;
  [22018..22019] : 1F;
  22020 : 1E;
  22021 : 1C;
  [22022..22023] : 16;
  22024 : 0B;
  22025 : 79;
  22026 : A7;
  22027 : AA;
  22028 : AF;
  22029 : B3;
  22030 : B7;
  22031 : BA;
  22032 : BC;
  22033 : BF;
  22034 : C1;
  22035 : C4;
  22036 : C6;
  [22037..22038] : C8;
  [22039..22040] : CA;
  22041 : CB;
  22042 : CF;
  22043 : 6D;
  22044 : 00;
  22045 : 03;
  22046 : 08;
  22047 : 13;
  22048 : 34;
  22049 : 32;
  22050 : 68;
  22051 : 31;
  [22052..22054] : 1B;
  [22055..22058] : 1A;
  22059 : 1C;
  22060 : 1B;
  [22061..22062] : 17;
  22063 : 19;
  22064 : 33;
  22065 : 9C;
  22066 : A8;
  22067 : AB;
  22068 : AF;
  22069 : B1;
  [22070..22089] : 80;
  22090 : E1;
  22091 : D7;
  22092 : D8;
  22093 : D7;
  [22094..22095] : D6;
  22096 : D5;
  22097 : D3;
  22098 : 67;
  22099 : 19;
  22100 : 11;
  22101 : 5D;
  22102 : 64;
  22103 : 17;
  22104 : 1B;
  [22105..22108] : 1A;
  22109 : 1B;
  22110 : 1D;
  22111 : 22;
  22112 : 24;
  22113 : 1F;
  22114 : 0F;
  22115 : 28;
  22116 : 1E;
  22117 : 0A;
  22118 : 05;
  22119 : 00;
  22120 : 21;
  22121 : 98;
  22122 : A8;
  22123 : AC;
  22124 : AF;
  22125 : B2;
  22126 : B6;
  22127 : BA;
  22128 : BD;
  22129 : BF;
  22130 : C2;
  22131 : C5;
  22132 : C8;
  22133 : CB;
  22134 : CE;
  22135 : D0;
  22136 : D2;
  [22137..22138] : D3;
  22139 : D8;
  22140 : A4;
  22141 : 1F;
  22142 : 22;
  22143 : 74;
  22144 : 32;
  22145 : 16;
  22146 : 19;
  [22147..22149] : 18;
  22150 : 19;
  22151 : 18;
  [22152..22153] : 19;
  22154 : 24;
  22155 : 16;
  22156 : 1C;
  22157 : 1F;
  22158 : 08;
  22159 : 05;
  22160 : 01;
  22161 : 2E;
  22162 : A6;
  22163 : AF;
  22164 : B4;
  22165 : B9;
  22166 : BC;
  22167 : BF;
  22168 : C2;
  22169 : C6;
  22170 : C9;
  22171 : CB;
  22172 : CE;
  22173 : D0;
  22174 : D1;
  22175 : D4;
  22176 : D5;
  22177 : D7;
  22178 : D1;
  22179 : 69;
  22180 : 5F;
  22181 : F0;
  22182 : DA;
  [22183..22184] : DC;
  [22185..22191] : DD;
  [22192..22193] : DC;
  [22194..22195] : DB;
  22196 : DF;
  22197 : AE;
  22198 : 1D;
  22199 : 06;
  22200 : 25;
  22201 : 70;
  22202 : 37;
  22203 : 1B;
  22204 : 1E;
  22205 : 1D;
  22206 : 1E;
  [22207..22208] : 1F;
  [22209..22210] : 1E;
  22211 : 20;
  22212 : 25;
  22213 : 15;
  22214 : 1F;
  22215 : 16;
  22216 : 04;
  22217 : 06;
  22218 : 71;
  22219 : A5;
  22220 : A6;
  22221 : AC;
  22222 : B0;
  22223 : B4;
  22224 : B7;
  22225 : BA;
  22226 : BC;
  22227 : BF;
  22228 : C1;
  22229 : C5;
  22230 : C8;
  22231 : CA;
  22232 : CB;
  22233 : D3;
  22234 : 9E;
  22235 : 2D;
  22236 : 08;
  22237 : 3E;
  22238 : 6D;
  22239 : 33;
  22240 : 22;
  [22241..22242] : 23;
  22243 : 24;
  22244 : 25;
  [22245..22247] : 24;
  22248 : 23;
  22249 : 24;
  22250 : 16;
  22251 : 1E;
  22252 : 07;
  22253 : 02;
  22254 : 2A;
  22255 : 9C;
  22256 : A4;
  22257 : A7;
  22258 : AD;
  22259 : B2;
  22260 : B6;
  22261 : B9;
  22262 : BC;
  22263 : BE;
  22264 : C1;
  22265 : C3;
  22266 : C6;
  22267 : C8;
  22268 : C9;
  22269 : CE;
  22270 : B4;
  22271 : 15;
  22272 : 05;
  22273 : 22;
  22274 : 44;
  22275 : 6B;
  22276 : 2D;
  22277 : 22;
  22278 : 23;
  22279 : 22;
  [22280..22281] : 23;
  22282 : 24;
  22283 : 25;
  [22284..22285] : 24;
  22286 : 22;
  22287 : 15;
  22288 : 1E;
  22289 : 01;
  22290 : 09;
  22291 : 70;
  [22292..22293] : AE;
  22294 : B3;
  22295 : B6;
  22296 : BB;
  22297 : BD;
  22298 : BF;
  22299 : C2;
  22300 : C6;
  22301 : C9;
  22302 : CB;
  22303 : CD;
  22304 : D0;
  [22305..22306] : D2;
  22307 : 47;
  22308 : 6D;
  22309 : E6;
  [22310..22311] : D7;
  [22312..22313] : D9;
  [22314..22316] : D8;
  [22317..22319] : D9;
  [22320..22321] : D8;
  22322 : D6;
  22323 : DA;
  22324 : A8;
  22325 : 08;
  22326 : 04;
  22327 : 0D;
  22328 : 2F;
  22329 : 4F;
  22330 : 5A;
  22331 : 2B;
  [22332..22334] : 1E;
  22335 : 1F;
  [22336..22337] : 1E;
  [22338..22340] : 1F;
  22341 : 1D;
  22342 : 15;
  22343 : 18;
  22344 : 09;
  22345 : 79;
  22346 : A8;
  22347 : A9;
  22348 : AF;
  22349 : B3;
  22350 : B7;
  22351 : BA;
  22352 : BC;
  22353 : BE;
  22354 : C1;
  22355 : C4;
  [22356..22357] : C7;
  22358 : C9;
  22359 : CA;
  [22360..22361] : CB;
  22362 : D0;
  22363 : 72;
  22364 : 00;
  22365 : 04;
  22366 : 08;
  22367 : 12;
  22368 : 34;
  22369 : 31;
  22370 : 65;
  22371 : 33;
  22372 : 1A;
  [22373..22374] : 1B;
  [22375..22376] : 1A;
  [22377..22379] : 1B;
  22380 : 1C;
  22381 : 18;
  22382 : 17;
  22383 : 1B;
  22384 : 32;
  22385 : 9C;
  22386 : AA;
  22387 : AB;
  22388 : AF;
  22389 : B2;
  [22390..22409] : 80;
  22410 : E1;
  22411 : D7;
  [22412..22413] : D8;
  22414 : D7;
  22415 : D6;
  22416 : D5;
  22417 : D4;
  22418 : 65;
  22419 : 17;
  22420 : 11;
  22421 : 5F;
  22422 : 62;
  22423 : 16;
  [22424..22426] : 1B;
  [22427..22429] : 1A;
  22430 : 1D;
  22431 : 21;
  22432 : 23;
  22433 : 1F;
  22434 : 0F;
  22435 : 28;
  22436 : 1E;
  22437 : 0A;
  22438 : 05;
  22439 : 00;
  22440 : 24;
  22441 : 9A;
  22442 : A9;
  22443 : AB;
  22444 : AF;
  22445 : B3;
  22446 : B7;
  22447 : BA;
  22448 : BD;
  22449 : C0;
  22450 : C3;
  22451 : C5;
  22452 : C9;
  22453 : CC;
  22454 : CE;
  22455 : D0;
  22456 : D2;
  22457 : D3;
  22458 : D4;
  22459 : D8;
  22460 : A4;
  22461 : 20;
  22462 : 22;
  22463 : 73;
  22464 : 30;
  22465 : 16;
  22466 : 19;
  22467 : 18;
  22468 : 17;
  22469 : 18;
  22470 : 19;
  22471 : 18;
  22472 : 19;
  22473 : 1A;
  22474 : 26;
  22475 : 16;
  22476 : 1D;
  22477 : 20;
  22478 : 09;
  22479 : 05;
  22480 : 00;
  22481 : 2F;
  22482 : A6;
  22483 : AE;
  22484 : B3;
  22485 : B9;
  22486 : BC;
  22487 : BF;
  22488 : C3;
  22489 : C6;
  22490 : C8;
  22491 : CB;
  22492 : CE;
  22493 : D0;
  22494 : D1;
  22495 : D3;
  22496 : D6;
  22497 : D7;
  22498 : D1;
  22499 : 69;
  22500 : 5F;
  22501 : F0;
  22502 : DB;
  [22503..22504] : DC;
  [22505..22511] : DD;
  22512 : DC;
  [22513..22515] : DB;
  22516 : DF;
  22517 : AC;
  22518 : 1D;
  22519 : 07;
  22520 : 25;
  22521 : 72;
  22522 : 37;
  22523 : 1C;
  [22524..22527] : 1E;
  22528 : 1F;
  22529 : 1E;
  [22530..22531] : 1F;
  22532 : 23;
  22533 : 15;
  22534 : 20;
  22535 : 17;
  22536 : 04;
  22537 : 06;
  22538 : 73;
  22539 : A4;
  22540 : A6;
  22541 : AC;
  22542 : B0;
  22543 : B4;
  22544 : B7;
  22545 : BA;
  22546 : BC;
  22547 : BE;
  22548 : C1;
  22549 : C5;
  22550 : C9;
  22551 : CA;
  22552 : CC;
  22553 : D4;
  22554 : A0;
  22555 : 2F;
  22556 : 0A;
  22557 : 41;
  22558 : 6F;
  22559 : 33;
  22560 : 21;
  [22561..22563] : 23;
  [22564..22566] : 24;
  22567 : 25;
  [22568..22569] : 24;
  22570 : 15;
  22571 : 1E;
  22572 : 08;
  22573 : 02;
  22574 : 2B;
  22575 : 9D;
  22576 : A4;
  22577 : A8;
  22578 : AD;
  22579 : B1;
  22580 : B5;
  22581 : B9;
  22582 : BC;
  22583 : BF;
  22584 : C1;
  22585 : C4;
  22586 : C5;
  22587 : C8;
  22588 : C9;
  22589 : CE;
  22590 : B4;
  22591 : 15;
  22592 : 05;
  22593 : 22;
  22594 : 45;
  22595 : 6A;
  22596 : 2D;
  22597 : 21;
  [22598..22600] : 22;
  [22601..22602] : 23;
  [22603..22605] : 24;
  22606 : 23;
  22607 : 16;
  22608 : 1F;
  22609 : 01;
  22610 : 08;
  22611 : 6F;
  22612 : AF;
  22613 : AD;
  22614 : B3;
  22615 : B7;
  22616 : BB;
  22617 : BE;
  22618 : C0;
  22619 : C3;
  22620 : C6;
  22621 : C9;
  22622 : CB;
  22623 : CD;
  22624 : CF;
  22625 : D1;
  22626 : D2;
  22627 : 48;
  22628 : 6C;
  22629 : E6;
  22630 : D7;
  22631 : D8;
  22632 : D9;
  [22633..22635] : D8;
  22636 : D9;
  [22637..22638] : D8;
  [22639..22640] : D9;
  22641 : D7;
  22642 : D6;
  22643 : D9;
  22644 : A8;
  22645 : 09;
  22646 : 04;
  22647 : 0B;
  22648 : 2F;
  22649 : 50;
  22650 : 5B;
  22651 : 2C;
  22652 : 1D;
  [22653..22655] : 1E;
  [22656..22658] : 1F;
  22659 : 1E;
  22660 : 1F;
  22661 : 1D;
  22662 : 15;
  22663 : 18;
  22664 : 09;
  22665 : 78;
  22666 : A8;
  22667 : A9;
  22668 : AE;
  22669 : B3;
  22670 : B7;
  22671 : BA;
  22672 : BC;
  22673 : BE;
  22674 : C1;
  22675 : C4;
  22676 : C6;
  22677 : C8;
  22678 : C9;
  22679 : CA;
  [22680..22681] : CB;
  22682 : D0;
  22683 : 74;
  22684 : 00;
  22685 : 04;
  22686 : 08;
  22687 : 11;
  22688 : 34;
  22689 : 31;
  22690 : 63;
  22691 : 36;
  22692 : 1A;
  22693 : 1B;
  [22694..22699] : 1A;
  22700 : 1B;
  22701 : 18;
  22702 : 16;
  22703 : 1C;
  22704 : 30;
  22705 : 9B;
  22706 : AA;
  22707 : AB;
  22708 : AF;
  22709 : B2;
  [22710..22729] : 80;
  22730 : E1;
  [22731..22732] : D8;
  [22733..22735] : D7;
  22736 : D6;
  22737 : D3;
  22738 : 61;
  22739 : 15;
  22740 : 11;
  22741 : 61;
  22742 : 62;
  22743 : 17;
  22744 : 1B;
  22745 : 1C;
  22746 : 1B;
  22747 : 1C;
  [22748..22749] : 1B;
  22750 : 1D;
  22751 : 21;
  22752 : 22;
  22753 : 1D;
  22754 : 0E;
  22755 : 29;
  22756 : 1E;
  22757 : 09;
  22758 : 04;
  22759 : 00;
  22760 : 26;
  22761 : 9B;
  22762 : A7;
  22763 : AB;
  22764 : AF;
  22765 : B3;
  22766 : B7;
  22767 : BB;
  22768 : BD;
  22769 : C0;
  22770 : C3;
  22771 : C7;
  22772 : CA;
  22773 : CC;
  22774 : CE;
  22775 : D0;
  22776 : D2;
  22777 : D3;
  22778 : D4;
  22779 : D8;
  22780 : A3;
  22781 : 20;
  22782 : 24;
  22783 : 74;
  22784 : 2E;
  22785 : 16;
  22786 : 19;
  [22787..22789] : 18;
  [22790..22791] : 19;
  [22792..22793] : 1A;
  22794 : 26;
  22795 : 16;
  22796 : 1D;
  22797 : 20;
  22798 : 09;
  22799 : 05;
  22800 : 00;
  22801 : 30;
  22802 : A6;
  22803 : AD;
  22804 : B3;
  22805 : B9;
  22806 : BD;
  22807 : BF;
  22808 : C2;
  22809 : C6;
  22810 : C9;
  22811 : CB;
  22812 : CE;
  22813 : D0;
  22814 : D2;
  22815 : D3;
  22816 : D5;
  22817 : D7;
  22818 : D1;
  22819 : 67;
  22820 : 5F;
  22821 : F0;
  22822 : DB;
  22823 : DC;
  [22824..22826] : DD;
  22827 : DE;
  [22828..22830] : DD;
  [22831..22834] : DC;
  22835 : DB;
  22836 : E0;
  22837 : AB;
  22838 : 1E;
  22839 : 08;
  22840 : 26;
  22841 : 77;
  22842 : 38;
  22843 : 1B;
  [22844..22846] : 1E;
  22847 : 1F;
  22848 : 1E;
  [22849..22850] : 1F;
  22851 : 20;
  22852 : 23;
  22853 : 15;
  22854 : 21;
  22855 : 17;
  22856 : 03;
  22857 : 07;
  22858 : 75;
  22859 : A4;
  22860 : A7;
  22861 : AC;
  22862 : B0;
  22863 : B4;
  22864 : B7;
  22865 : B9;
  22866 : BC;
  22867 : BE;
  22868 : C2;
  22869 : C6;
  22870 : C8;
  22871 : CB;
  22872 : CC;
  22873 : D3;
  22874 : A0;
  22875 : 2E;
  22876 : 0B;
  22877 : 42;
  22878 : 70;
  22879 : 34;
  22880 : 21;
  [22881..22886] : 23;
  [22887..22889] : 24;
  22890 : 15;
  22891 : 1D;
  22892 : 07;
  22893 : 02;
  22894 : 2C;
  22895 : 9E;
  22896 : A5;
  22897 : A9;
  22898 : AE;
  22899 : B1;
  22900 : B6;
  22901 : B9;
  22902 : BC;
  22903 : BF;
  22904 : C1;
  22905 : C4;
  22906 : C6;
  22907 : C8;
  22908 : C9;
  22909 : CE;
  22910 : B5;
  22911 : 16;
  22912 : 05;
  22913 : 24;
  22914 : 46;
  22915 : 67;
  22916 : 2C;
  22917 : 21;
  [22918..22921] : 22;
  22922 : 23;
  [22923..22925] : 24;
  22926 : 23;
  22927 : 17;
  22928 : 21;
  22929 : 01;
  22930 : 08;
  22931 : 6E;
  22932 : AE;
  22933 : AD;
  22934 : B3;
  22935 : B7;
  22936 : BA;
  22937 : BE;
  22938 : C0;
  22939 : C3;
  22940 : C6;
  22941 : C8;
  22942 : CB;
  22943 : CD;
  22944 : CF;
  22945 : D0;
  22946 : D1;
  22947 : 49;
  22948 : 6C;
  22949 : E7;
  [22950..22957] : D8;
  [22958..22959] : D9;
  [22960..22961] : D8;
  22962 : D7;
  22963 : DA;
  22964 : A8;
  22965 : 08;
  22966 : 03;
  22967 : 0D;
  22968 : 2D;
  22969 : 4E;
  22970 : 5A;
  22971 : 2C;
  22972 : 1D;
  [22973..22975] : 1E;
  [22976..22979] : 1F;
  22980 : 1E;
  22981 : 1D;
  22982 : 15;
  22983 : 18;
  22984 : 09;
  22985 : 78;
  22986 : A9;
  22987 : AA;
  22988 : AF;
  22989 : B3;
  22990 : B7;
  22991 : BA;
  22992 : BC;
  22993 : BF;
  22994 : C2;
  22995 : C4;
  22996 : C6;
  22997 : C8;
  22998 : C9;
  22999 : CA;
  23000 : CB;
  23001 : CA;
  23002 : D0;
  23003 : 75;
  23004 : 00;
  23005 : 04;
  23006 : 08;
  23007 : 12;
  23008 : 33;
  23009 : 31;
  23010 : 61;
  23011 : 37;
  23012 : 19;
  23013 : 1B;
  [23014..23020] : 1A;
  23021 : 17;
  23022 : 15;
  23023 : 1C;
  23024 : 2D;
  23025 : 98;
  23026 : A9;
  23027 : AB;
  23028 : AF;
  23029 : B2;
  [23030..23049] : 80;
  23050 : E1;
  [23051..23052] : D8;
  [23053..23056] : D7;
  23057 : D2;
  23058 : 5F;
  23059 : 14;
  23060 : 13;
  23061 : 64;
  23062 : 60;
  23063 : 17;
  [23064..23065] : 1D;
  23066 : 1C;
  23067 : 1D;
  [23068..23069] : 1B;
  23070 : 1D;
  23071 : 22;
  23072 : 23;
  23073 : 1C;
  23074 : 0E;
  23075 : 28;
  23076 : 1D;
  23077 : 09;
  23078 : 04;
  23079 : 00;
  23080 : 29;
  23081 : 9D;
  23082 : A8;
  23083 : AB;
  23084 : AF;
  23085 : B3;
  23086 : B7;
  23087 : BA;
  23088 : BD;
  23089 : C0;
  23090 : C3;
  23091 : C6;
  23092 : CA;
  23093 : CC;
  23094 : CE;
  23095 : D1;
  23096 : D3;
  [23097..23098] : D4;
  23099 : D8;
  23100 : A2;
  23101 : 20;
  23102 : 25;
  23103 : 74;
  23104 : 2D;
  23105 : 16;
  [23106..23107] : 19;
  23108 : 18;
  23109 : 19;
  [23110..23111] : 1A;
  23112 : 19;
  23113 : 1A;
  23114 : 26;
  23115 : 15;
  23116 : 1D;
  23117 : 1F;
  23118 : 08;
  23119 : 05;
  23120 : 00;
  23121 : 31;
  23122 : A7;
  23123 : AD;
  23124 : B3;
  23125 : B9;
  23126 : BD;
  23127 : BF;
  23128 : C2;
  23129 : C6;
  23130 : C8;
  23131 : CB;
  23132 : CE;
  23133 : D0;
  23134 : D2;
  23135 : D4;
  23136 : D5;
  23137 : D7;
  23138 : D1;
  23139 : 67;
  23140 : 5E;
  23141 : EF;
  23142 : DB;
  23143 : DC;
  [23144..23151] : DD;
  [23152..23154] : DC;
  23155 : DB;
  23156 : E0;
  23157 : AB;
  23158 : 1F;
  23159 : 08;
  23160 : 26;
  23161 : 77;
  23162 : 38;
  23163 : 1B;
  [23164..23166] : 1E;
  23167 : 1F;
  23168 : 1E;
  [23169..23171] : 1F;
  23172 : 23;
  23173 : 15;
  23174 : 20;
  23175 : 17;
  23176 : 03;
  23177 : 08;
  23178 : 78;
  23179 : A5;
  23180 : A6;
  23181 : AB;
  23182 : B0;
  23183 : B3;
  23184 : B8;
  23185 : BA;
  23186 : BD;
  23187 : BF;
  23188 : C2;
  23189 : C6;
  23190 : C8;
  23191 : CB;
  23192 : CC;
  23193 : D2;
  23194 : 9D;
  23195 : 2C;
  23196 : 0A;
  23197 : 43;
  23198 : 70;
  23199 : 33;
  23200 : 21;
  [23201..23202] : 22;
  [23203..23206] : 23;
  23207 : 24;
  [23208..23209] : 23;
  23210 : 15;
  23211 : 1D;
  23212 : 07;
  23213 : 02;
  23214 : 2B;
  23215 : 9D;
  23216 : A5;
  23217 : A9;
  23218 : AE;
  23219 : B2;
  23220 : B5;
  23221 : B9;
  23222 : BB;
  23223 : BF;
  23224 : C1;
  23225 : C3;
  23226 : C6;
  23227 : C8;
  23228 : CA;
  23229 : CE;
  23230 : B6;
  23231 : 17;
  23232 : 05;
  23233 : 25;
  23234 : 47;
  23235 : 67;
  23236 : 2C;
  23237 : 21;
  [23238..23241] : 22;
  23242 : 24;
  23243 : 23;
  23244 : 24;
  23245 : 25;
  23246 : 23;
  23247 : 17;
  23248 : 21;
  23249 : 01;
  23250 : 08;
  23251 : 6D;
  [23252..23253] : AD;
  23254 : B2;
  23255 : B6;
  23256 : BA;
  23257 : BD;
  23258 : C1;
  23259 : C3;
  23260 : C6;
  23261 : C8;
  23262 : CB;
  23263 : CD;
  23264 : CE;
  23265 : D0;
  23266 : D2;
  23267 : 48;
  23268 : 6B;
  23269 : E8;
  23270 : D8;
  23271 : D7;
  [23272..23281] : D8;
  23282 : D7;
  23283 : DA;
  23284 : A9;
  23285 : 09;
  23286 : 03;
  23287 : 0C;
  23288 : 2C;
  23289 : 4D;
  23290 : 59;
  23291 : 2D;
  23292 : 1D;
  23293 : 1E;
  23294 : 1D;
  [23295..23297] : 1E;
  23298 : 1F;
  23299 : 1E;
  23300 : 1D;
  23301 : 1C;
  23302 : 15;
  23303 : 19;
  23304 : 09;
  23305 : 77;
  [23306..23307] : A9;
  23308 : AF;
  23309 : B3;
  23310 : B6;
  23311 : BA;
  23312 : BC;
  23313 : BF;
  23314 : C2;
  23315 : C5;
  23316 : C6;
  23317 : C8;
  [23318..23319] : C9;
  [23320..23321] : CA;
  23322 : D0;
  23323 : 77;
  23324 : 00;
  23325 : 04;
  23326 : 09;
  23327 : 11;
  23328 : 34;
  23329 : 33;
  23330 : 5D;
  23331 : 38;
  23332 : 18;
  [23333..23335] : 1A;
  23336 : 19;
  [23337..23339] : 1A;
  23340 : 19;
  23341 : 17;
  23342 : 14;
  23343 : 1B;
  23344 : 2B;
  23345 : 97;
  23346 : A9;
  23347 : AB;
  23348 : AF;
  23349 : B1;
  [23350..23369] : 80;
  23370 : E1;
  [23371..23372] : D8;
  [23373..23375] : D7;
  23376 : D6;
  23377 : D2;
  23378 : 5E;
  [23379..23380] : 14;
  23381 : 67;
  23382 : 5D;
  23383 : 17;
  [23384..23386] : 1D;
  [23387..23389] : 1C;
  23390 : 1D;
  23391 : 21;
  23392 : 23;
  23393 : 1C;
  23394 : 0E;
  23395 : 27;
  23396 : 1C;
  23397 : 09;
  23398 : 04;
  23399 : 00;
  23400 : 2B;
  23401 : 9F;
  23402 : A8;
  23403 : AB;
  23404 : AF;
  23405 : B3;
  23406 : B7;
  23407 : BB;
  23408 : BD;
  23409 : C0;
  23410 : C3;
  23411 : C6;
  23412 : C9;
  23413 : CD;
  23414 : CF;
  23415 : D1;
  23416 : D3;
  [23417..23418] : D4;
  23419 : D8;
  23420 : A2;
  23421 : 20;
  23422 : 27;
  23423 : 74;
  23424 : 2C;
  23425 : 17;
  [23426..23429] : 18;
  [23430..23432] : 19;
  23433 : 1A;
  23434 : 26;
  23435 : 14;
  23436 : 1D;
  23437 : 1E;
  23438 : 08;
  23439 : 05;
  23440 : 00;
  23441 : 31;
  23442 : A6;
  23443 : AD;
  23444 : B2;
  23445 : B8;
  23446 : BD;
  23447 : BF;
  23448 : C2;
  23449 : C5;
  23450 : C7;
  23451 : CA;
  23452 : CE;
  23453 : D0;
  23454 : D2;
  23455 : D4;
  23456 : D6;
  23457 : D8;
  23458 : D0;
  23459 : 64;
  23460 : 5E;
  23461 : EF;
  23462 : DB;
  [23463..23468] : DD;
  23469 : DE;
  [23470..23472] : DC;
  23473 : DD;
  23474 : DC;
  23475 : DB;
  23476 : E1;
  23477 : AD;
  23478 : 1F;
  23479 : 08;
  23480 : 24;
  23481 : 72;
  23482 : 36;
  23483 : 1B;
  [23484..23485] : 1E;
  23486 : 1D;
  [23487..23488] : 1E;
  23489 : 20;
  23490 : 1F;
  23491 : 20;
  23492 : 24;
  23493 : 14;
  23494 : 1F;
  23495 : 15;
  23496 : 03;
  23497 : 08;
  23498 : 79;
  23499 : A5;
  23500 : A6;
  23501 : AB;
  23502 : B0;
  23503 : B3;
  23504 : B8;
  23505 : BB;
  23506 : BC;
  23507 : BF;
  23508 : C2;
  23509 : C5;
  23510 : C8;
  23511 : CB;
  23512 : CC;
  23513 : D2;
  23514 : 9D;
  23515 : 2A;
  23516 : 0B;
  23517 : 45;
  23518 : 6F;
  23519 : 32;
  23520 : 21;
  [23521..23523] : 22;
  [23524..23529] : 23;
  23530 : 14;
  23531 : 1D;
  23532 : 08;
  23533 : 02;
  23534 : 2A;
  23535 : 9C;
  23536 : A5;
  23537 : A8;
  23538 : AE;
  23539 : B2;
  23540 : B6;
  23541 : B9;
  23542 : BB;
  23543 : BE;
  23544 : C1;
  23545 : C3;
  23546 : C5;
  23547 : C8;
  23548 : CA;
  23549 : CE;
  23550 : B7;
  23551 : 17;
  23552 : 05;
  23553 : 23;
  23554 : 45;
  23555 : 66;
  23556 : 2D;
  23557 : 21;
  23558 : 23;
  [23559..23560] : 22;
  [23561..23563] : 23;
  [23564..23565] : 24;
  23566 : 21;
  23567 : 16;
  23568 : 20;
  23569 : 01;
  23570 : 08;
  23571 : 6C;
  23572 : AD;
  23573 : AC;
  23574 : B1;
  23575 : B6;
  23576 : BA;
  23577 : BD;
  23578 : C0;
  23579 : C3;
  23580 : C6;
  23581 : C8;
  23582 : CB;
  23583 : CD;
  23584 : CF;
  [23585..23586] : D1;
  23587 : 45;
  23588 : 68;
  23589 : E8;
  23590 : D9;
  [23591..23592] : D8;
  23593 : D7;
  [23594..23601] : D8;
  23602 : D6;
  23603 : DA;
  23604 : AA;
  23605 : 0A;
  23606 : 04;
  23607 : 0C;
  23608 : 2C;
  23609 : 4D;
  23610 : 59;
  23611 : 2F;
  23612 : 1C;
  [23613..23617] : 1E;
  [23618..23620] : 1D;
  23621 : 1B;
  23622 : 15;
  23623 : 1A;
  23624 : 08;
  23625 : 75;
  23626 : A8;
  23627 : A9;
  23628 : AE;
  23629 : B3;
  23630 : B7;
  23631 : BA;
  23632 : BC;
  23633 : BE;
  23634 : C1;
  23635 : C4;
  23636 : C6;
  23637 : C8;
  [23638..23639] : C9;
  [23640..23641] : CA;
  23642 : D0;
  23643 : 78;
  23644 : 00;
  23645 : 03;
  23646 : 08;
  23647 : 12;
  23648 : 34;
  23649 : 35;
  23650 : 58;
  23651 : 38;
  23652 : 17;
  [23653..23657] : 19;
  [23658..23659] : 1A;
  23660 : 18;
  23661 : 17;
  23662 : 13;
  23663 : 1B;
  23664 : 2A;
  23665 : 95;
  23666 : A9;
  23667 : AB;
  23668 : AF;
  23669 : B2;
  [23670..23689] : 80;
  23690 : E0;
  23691 : D7;
  [23692..23693] : D8;
  [23694..23695] : D7;
  23696 : D6;
  23697 : D1;
  23698 : 5E;
  23699 : 16;
  23700 : 14;
  23701 : 67;
  23702 : 5D;
  23703 : 17;
  [23704..23706] : 1E;
  [23707..23708] : 1D;
  23709 : 1C;
  23710 : 1D;
  23711 : 20;
  23712 : 22;
  23713 : 1A;
  23714 : 0C;
  23715 : 26;
  23716 : 1B;
  23717 : 09;
  23718 : 05;
  23719 : 00;
  23720 : 2D;
  23721 : 9F;
  23722 : A9;
  23723 : AB;
  23724 : B0;
  23725 : B4;
  23726 : B8;
  23727 : BB;
  23728 : BD;
  23729 : C0;
  23730 : C4;
  23731 : C7;
  23732 : C9;
  23733 : CC;
  23734 : CE;
  23735 : D1;
  23736 : D3;
  [23737..23738] : D4;
  23739 : D9;
  23740 : A2;
  23741 : 1F;
  23742 : 2A;
  23743 : 74;
  23744 : 2B;
  23745 : 17;
  [23746..23749] : 18;
  23750 : 19;
  23751 : 18;
  23752 : 19;
  23753 : 1A;
  23754 : 26;
  23755 : 13;
  23756 : 1D;
  23757 : 1E;
  23758 : 08;
  23759 : 05;
  23760 : 00;
  23761 : 32;
  23762 : A5;
  23763 : AC;
  23764 : B2;
  23765 : B8;
  23766 : BD;
  23767 : BF;
  23768 : C1;
  23769 : C5;
  23770 : C8;
  23771 : CB;
  23772 : CE;
  23773 : D0;
  23774 : D2;
  23775 : D4;
  23776 : D5;
  23777 : D7;
  23778 : D0;
  23779 : 63;
  23780 : 5D;
  23781 : EF;
  [23782..23783] : DC;
  23784 : DD;
  23785 : DE;
  [23786..23791] : DD;
  [23792..23794] : DC;
  23795 : DB;
  23796 : E1;
  23797 : AE;
  23798 : 1F;
  23799 : 07;
  23800 : 24;
  23801 : 72;
  23802 : 35;
  23803 : 1B;
  [23804..23806] : 1D;
  [23807..23808] : 1E;
  [23809..23810] : 1F;
  23811 : 20;
  23812 : 24;
  23813 : 14;
  23814 : 20;
  23815 : 15;
  23816 : 03;
  23817 : 08;
  23818 : 7A;
  23819 : A5;
  23820 : A7;
  23821 : AC;
  23822 : B0;
  23823 : B4;
  23824 : B7;
  23825 : BB;
  23826 : BD;
  23827 : BF;
  23828 : C2;
  23829 : C6;
  23830 : C9;
  23831 : CB;
  23832 : CC;
  23833 : D3;
  23834 : 9D;
  23835 : 2A;
  23836 : 0D;
  23837 : 45;
  23838 : 6F;
  23839 : 31;
  23840 : 20;
  [23841..23842] : 21;
  [23843..23844] : 22;
  23845 : 23;
  [23846..23847] : 22;
  23848 : 23;
  23849 : 22;
  23850 : 14;
  23851 : 1E;
  23852 : 08;
  23853 : 02;
  23854 : 2A;
  23855 : 9D;
  23856 : A6;
  23857 : A9;
  23858 : AD;
  23859 : B2;
  23860 : B6;
  23861 : B9;
  23862 : BC;
  23863 : BF;
  23864 : C1;
  23865 : C3;
  23866 : C5;
  23867 : C8;
  23868 : CA;
  23869 : CE;
  23870 : B8;
  23871 : 19;
  23872 : 05;
  23873 : 24;
  23874 : 46;
  23875 : 64;
  23876 : 2D;
  23877 : 21;
  23878 : 22;
  [23879..23880] : 21;
  [23881..23884] : 22;
  23885 : 23;
  23886 : 21;
  23887 : 15;
  23888 : 1F;
  23889 : 01;
  23890 : 08;
  23891 : 6C;
  23892 : AE;
  23893 : AC;
  23894 : B1;
  23895 : B6;
  23896 : BA;
  23897 : BD;
  23898 : C0;
  23899 : C2;
  23900 : C6;
  23901 : C9;
  23902 : CB;
  23903 : CD;
  23904 : CF;
  23905 : D1;
  23906 : D2;
  23907 : 46;
  23908 : 65;
  23909 : E8;
  23910 : D9;
  [23911..23912] : D8;
  23913 : D7;
  [23914..23917] : D8;
  23918 : D9;
  [23919..23920] : D8;
  23921 : D7;
  23922 : D6;
  23923 : D9;
  23924 : AC;
  23925 : 0A;
  23926 : 04;
  23927 : 0E;
  23928 : 2D;
  23929 : 4D;
  23930 : 59;
  23931 : 2F;
  23932 : 1C;
  23933 : 1E;
  [23934..23936] : 1D;
  23937 : 1C;
  [23938..23939] : 1D;
  23940 : 1C;
  23941 : 1B;
  23942 : 15;
  23943 : 1C;
  23944 : 08;
  23945 : 73;
  23946 : A8;
  23947 : A9;
  23948 : AE;
  23949 : B3;
  23950 : B6;
  23951 : B9;
  23952 : BC;
  23953 : BE;
  23954 : C1;
  23955 : C4;
  23956 : C5;
  23957 : C8;
  23958 : C9;
  [23959..23961] : CA;
  23962 : CF;
  23963 : 7A;
  23964 : 00;
  23965 : 02;
  23966 : 07;
  23967 : 11;
  23968 : 34;
  23969 : 37;
  23970 : 56;
  23971 : 38;
  23972 : 17;
  [23973..23979] : 19;
  23980 : 18;
  23981 : 16;
  23982 : 13;
  23983 : 1B;
  23984 : 28;
  23985 : 94;
  23986 : A9;
  23987 : AB;
  23988 : AF;
  23989 : B2;
  [23990..24009] : 80;
  24010 : E1;
  24011 : D7;
  24012 : D8;
  [24013..24014] : D7;
  [24015..24016] : D6;
  24017 : D0;
  24018 : 5A;
  [24019..24020] : 15;
  24021 : 6A;
  24022 : 5D;
  24023 : 17;
  24024 : 1F;
  24025 : 1D;
  [24026..24027] : 1E;
  24028 : 1D;
  24029 : 1C;
  24030 : 1E;
  [24031..24032] : 20;
  24033 : 19;
  24034 : 0C;
  24035 : 27;
  24036 : 1A;
  24037 : 09;
  24038 : 04;
  24039 : 00;
  24040 : 2E;
  24041 : 9F;
  24042 : A8;
  24043 : AB;
  24044 : B0;
  24045 : B4;
  24046 : B8;
  24047 : BC;
  24048 : BE;
  24049 : C0;
  24050 : C4;
  24051 : C7;
  24052 : C9;
  24053 : CC;
  24054 : CE;
  24055 : D1;
  24056 : D3;
  [24057..24058] : D4;
  24059 : DA;
  24060 : A2;
  24061 : 20;
  24062 : 2B;
  24063 : 75;
  24064 : 2A;
  24065 : 17;
  24066 : 19;
  [24067..24068] : 18;
  24069 : 17;
  [24070..24072] : 18;
  24073 : 1A;
  24074 : 25;
  24075 : 12;
  24076 : 1E;
  24077 : 1F;
  24078 : 07;
  24079 : 04;
  24080 : 01;
  24081 : 34;
  24082 : A6;
  24083 : AC;
  24084 : B2;
  24085 : B9;
  24086 : BD;
  24087 : BF;
  24088 : C1;
  24089 : C5;
  24090 : C8;
  24091 : CB;
  24092 : CD;
  24093 : D0;
  24094 : D2;
  24095 : D4;
  24096 : D5;
  24097 : D7;
  24098 : D0;
  24099 : 62;
  24100 : 5D;
  24101 : F0;
  24102 : DC;
  [24103..24104] : DD;
  24105 : DE;
  [24106..24107] : DD;
  24108 : DC;
  [24109..24111] : DD;
  [24112..24114] : DC;
  24115 : DB;
  24116 : E0;
  24117 : AF;
  24118 : 20;
  24119 : 08;
  24120 : 24;
  24121 : 73;
  24122 : 35;
  24123 : 1A;
  [24124..24125] : 1D;
  [24126..24129] : 1E;
  24130 : 1F;
  24131 : 20;
  24132 : 23;
  24133 : 14;
  24134 : 20;
  24135 : 15;
  24136 : 03;
  24137 : 08;
  24138 : 7A;
  24139 : A6;
  24140 : A7;
  24141 : AC;
  24142 : B1;
  24143 : B4;
  24144 : B8;
  24145 : BB;
  24146 : BD;
  24147 : BE;
  24148 : C2;
  24149 : C6;
  24150 : C9;
  24151 : CB;
  24152 : CC;
  24153 : D3;
  24154 : 9C;
  24155 : 2B;
  24156 : 0F;
  24157 : 46;
  24158 : 71;
  24159 : 30;
  24160 : 1E;
  24161 : 1F;
  24162 : 20;
  [24163..24164] : 21;
  [24165..24169] : 22;
  24170 : 14;
  24171 : 1F;
  24172 : 08;
  24173 : 02;
  24174 : 2B;
  24175 : 9E;
  24176 : A7;
  24177 : A9;
  24178 : AD;
  24179 : B2;
  24180 : B5;
  24181 : B9;
  24182 : BB;
  24183 : BE;
  24184 : C1;
  24185 : C3;
  24186 : C6;
  24187 : C8;
  24188 : C9;
  24189 : CE;
  24190 : BA;
  24191 : 1B;
  24192 : 05;
  24193 : 25;
  24194 : 49;
  24195 : 64;
  24196 : 2D;
  24197 : 20;
  24198 : 22;
  [24199..24201] : 21;
  [24202..24204] : 22;
  24205 : 23;
  24206 : 21;
  24207 : 15;
  24208 : 20;
  24209 : 02;
  24210 : 08;
  24211 : 6B;
  24212 : AE;
  24213 : AD;
  24214 : B2;
  24215 : B6;
  24216 : B9;
  24217 : BD;
  24218 : C0;
  24219 : C3;
  24220 : C6;
  24221 : C8;
  24222 : CB;
  24223 : CD;
  24224 : CF;
  24225 : D1;
  24226 : D3;
  24227 : 48;
  24228 : 64;
  24229 : E9;
  24230 : D8;
  24231 : D7;
  24232 : D8;
  24233 : D7;
  [24234..24240] : D8;
  24241 : D7;
  24242 : D5;
  24243 : D8;
  24244 : AE;
  24245 : 0B;
  24246 : 04;
  24247 : 0D;
  24248 : 2C;
  24249 : 4E;
  24250 : 58;
  24251 : 2F;
  24252 : 1C;
  24253 : 1D;
  24254 : 1C;
  [24255..24256] : 1D;
  24257 : 1C;
  24258 : 1D;
  [24259..24260] : 1C;
  24261 : 1A;
  24262 : 14;
  24263 : 1C;
  24264 : 08;
  24265 : 73;
  [24266..24267] : A9;
  24268 : AE;
  24269 : B3;
  24270 : B7;
  24271 : B9;
  24272 : BB;
  24273 : BE;
  24274 : C1;
  24275 : C4;
  24276 : C5;
  24277 : C8;
  [24278..24279] : C9;
  24280 : CA;
  24281 : C9;
  24282 : CF;
  24283 : 7C;
  24284 : 00;
  24285 : 03;
  24286 : 06;
  24287 : 11;
  24288 : 34;
  24289 : 37;
  24290 : 55;
  24291 : 39;
  24292 : 16;
  [24293..24294] : 19;
  24295 : 1A;
  24296 : 19;
  24297 : 18;
  24298 : 19;
  24299 : 17;
  24300 : 18;
  24301 : 16;
  24302 : 13;
  24303 : 1C;
  24304 : 27;
  24305 : 92;
  24306 : A9;
  24307 : AB;
  24308 : AF;
  24309 : B2;
  [24310..24329] : 80;
  24330 : E0;
  [24331..24333] : D7;
  [24334..24336] : D6;
  24337 : CF;
  24338 : 57;
  24339 : 14;
  24340 : 17;
  24341 : 6C;
  24342 : 5B;
  24343 : 18;
  24344 : 1F;
  [24345..24348] : 1E;
  24349 : 1C;
  24350 : 1E;
  24351 : 20;
  24352 : 1F;
  24353 : 19;
  24354 : 0D;
  24355 : 28;
  24356 : 1B;
  24357 : 09;
  24358 : 04;
  24359 : 00;
  24360 : 31;
  24361 : A0;
  24362 : A9;
  24363 : AC;
  24364 : B0;
  24365 : B4;
  24366 : B8;
  24367 : BB;
  24368 : BE;
  24369 : C0;
  24370 : C4;
  24371 : C6;
  24372 : CA;
  24373 : CC;
  24374 : CF;
  24375 : D1;
  24376 : D3;
  [24377..24378] : D4;
  24379 : DA;
  24380 : A1;
  24381 : 20;
  24382 : 2B;
  24383 : 77;
  24384 : 29;
  24385 : 16;
  [24386..24387] : 18;
  24388 : 17;
  [24389..24392] : 18;
  24393 : 19;
  24394 : 24;
  24395 : 12;
  [24396..24397] : 1F;
  24398 : 08;
  24399 : 05;
  24400 : 00;
  24401 : 36;
  24402 : A7;
  24403 : AD;
  24404 : B2;
  24405 : B8;
  24406 : BD;
  24407 : BF;
  24408 : C1;
  24409 : C4;
  24410 : C8;
  24411 : CA;
  24412 : CD;
  24413 : D0;
  24414 : D2;
  24415 : D4;
  24416 : D6;
  24417 : D7;
  24418 : D0;
  24419 : 61;
  24420 : 5D;
  24421 : EF;
  24422 : DC;
  24423 : DD;
  [24424..24425] : DE;
  [24426..24427] : DD;
  24428 : DC;
  24429 : DD;
  [24430..24435] : DC;
  24436 : E0;
  24437 : AF;
  24438 : 22;
  24439 : 09;
  24440 : 24;
  24441 : 74;
  24442 : 35;
  24443 : 1A;
  24444 : 1C;
  [24445..24447] : 1D;
  [24448..24450] : 1E;
  24451 : 1F;
  24452 : 22;
  24453 : 12;
  24454 : 22;
  24455 : 16;
  24456 : 03;
  24457 : 09;
  24458 : 7C;
  [24459..24460] : A7;
  24461 : AC;
  24462 : B1;
  24463 : B4;
  24464 : B8;
  24465 : BB;
  24466 : BD;
  24467 : BF;
  24468 : C2;
  24469 : C5;
  24470 : C9;
  24471 : CB;
  24472 : CC;
  24473 : D3;
  24474 : 9F;
  24475 : 2D;
  24476 : 0F;
  24477 : 46;
  24478 : 72;
  24479 : 31;
  24480 : 1D;
  [24481..24482] : 1F;
  24483 : 20;
  24484 : 21;
  [24485..24489] : 22;
  24490 : 13;
  24491 : 1E;
  24492 : 08;
  24493 : 02;
  24494 : 2B;
  24495 : A0;
  24496 : A8;
  24497 : AA;
  24498 : AE;
  24499 : B2;
  24500 : B5;
  24501 : B8;
  24502 : BB;
  24503 : BD;
  24504 : C0;
  24505 : C3;
  24506 : C5;
  24507 : C7;
  24508 : CA;
  24509 : CE;
  24510 : BA;
  24511 : 1B;
  24512 : 05;
  24513 : 26;
  24514 : 49;
  24515 : 65;
  24516 : 2F;
  24517 : 20;
  [24518..24523] : 21;
  [24524..24525] : 22;
  24526 : 1F;
  24527 : 15;
  24528 : 20;
  24529 : 02;
  24530 : 07;
  24531 : 69;
  24532 : AF;
  24533 : AD;
  24534 : B2;
  24535 : B6;
  24536 : BA;
  24537 : BD;
  24538 : C0;
  24539 : C2;
  24540 : C5;
  24541 : C8;
  24542 : CA;
  24543 : CD;
  24544 : CF;
  24545 : D0;
  24546 : D3;
  24547 : 4B;
  24548 : 63;
  24549 : E8;
  24550 : D8;
  24551 : D7;
  24552 : D8;
  24553 : D7;
  [24554..24557] : D8;
  [24558..24559] : D9;
  [24560..24561] : D8;
  24562 : D6;
  24563 : D9;
  24564 : B0;
  24565 : 0C;
  24566 : 03;
  24567 : 0E;
  24568 : 2B;
  24569 : 4E;
  24570 : 58;
  24571 : 30;
  24572 : 1B;
  24573 : 1C;
  [24574..24575] : 1D;
  [24576..24578] : 1C;
  [24579..24580] : 1B;
  24581 : 19;
  24582 : 14;
  24583 : 1C;
  24584 : 08;
  24585 : 74;
  [24586..24587] : A9;
  24588 : AE;
  24589 : B2;
  24590 : B6;
  24591 : B8;
  24592 : BB;
  24593 : BE;
  24594 : C1;
  24595 : C4;
  24596 : C5;
  [24597..24598] : C8;
  [24599..24601] : C9;
  24602 : CF;
  24603 : 7C;
  24604 : 00;
  24605 : 03;
  24606 : 06;
  24607 : 12;
  24608 : 33;
  24609 : 37;
  24610 : 54;
  24611 : 3C;
  24612 : 15;
  [24613..24614] : 18;
  [24615..24616] : 19;
  [24617..24618] : 18;
  [24619..24620] : 17;
  24621 : 15;
  24622 : 13;
  24623 : 1D;
  24624 : 25;
  24625 : 90;
  24626 : A8;
  24627 : AB;
  24628 : AE;
  24629 : B1;
  [24630..24649] : 80;
  24650 : E0;
  24651 : D7;
  24652 : D8;
  [24653..24654] : D7;
  [24655..24656] : D6;
  24657 : CD;
  24658 : 55;
  24659 : 14;
  24660 : 17;
  24661 : 6D;
  24662 : 59;
  24663 : 18;
  [24664..24665] : 1E;
  [24666..24670] : 1D;
  24671 : 1E;
  24672 : 1F;
  24673 : 17;
  24674 : 0E;
  24675 : 28;
  24676 : 1B;
  24677 : 09;
  24678 : 04;
  24679 : 00;
  24680 : 33;
  24681 : A1;
  24682 : A9;
  24683 : AC;
  24684 : B0;
  24685 : B4;
  24686 : B8;
  24687 : BB;
  24688 : BD;
  24689 : C0;
  24690 : C3;
  24691 : C7;
  24692 : C9;
  24693 : CC;
  24694 : CE;
  24695 : D1;
  24696 : D3;
  [24697..24698] : D4;
  24699 : DA;
  24700 : A0;
  24701 : 20;
  24702 : 2B;
  24703 : 78;
  24704 : 28;
  24705 : 16;
  24706 : 17;
  24707 : 16;
  24708 : 17;
  [24709..24712] : 18;
  24713 : 19;
  24714 : 22;
  24715 : 12;
  24716 : 20;
  24717 : 1F;
  24718 : 07;
  24719 : 05;
  24720 : 00;
  24721 : 38;
  24722 : A9;
  24723 : AD;
  24724 : B2;
  24725 : B8;
  24726 : BD;
  24727 : BF;
  24728 : C1;
  24729 : C5;
  24730 : C8;
  24731 : CA;
  24732 : CD;
  24733 : D0;
  24734 : D2;
  24735 : D4;
  24736 : D6;
  24737 : D8;
  24738 : CF;
  24739 : 60;
  24740 : 5E;
  24741 : F0;
  24742 : DC;
  [24743..24749] : DD;
  24750 : DC;
  24751 : DD;
  [24752..24755] : DC;
  24756 : E0;
  24757 : AF;
  24758 : 23;
  24759 : 08;
  24760 : 24;
  24761 : 76;
  24762 : 34;
  24763 : 19;
  [24764..24766] : 1C;
  24767 : 1E;
  24768 : 1F;
  [24769..24770] : 1E;
  24771 : 1F;
  24772 : 21;
  24773 : 11;
  24774 : 20;
  24775 : 16;
  24776 : 03;
  24777 : 09;
  24778 : 7B;
  24779 : A5;
  24780 : A7;
  24781 : AC;
  24782 : B0;
  24783 : B4;
  24784 : B8;
  24785 : BB;
  24786 : BD;
  24787 : BF;
  24788 : C3;
  24789 : C6;
  24790 : C9;
  [24791..24792] : CC;
  24793 : D3;
  24794 : 9F;
  24795 : 2B;
  24796 : 0F;
  24797 : 45;
  24798 : 6F;
  24799 : 32;
  24800 : 1D;
  24801 : 1E;
  [24802..24803] : 1F;
  24804 : 20;
  [24805..24806] : 21;
  24807 : 20;
  24808 : 21;
  24809 : 22;
  24810 : 14;
  24811 : 1F;
  24812 : 08;
  24813 : 02;
  24814 : 2C;
  24815 : A0;
  24816 : A8;
  24817 : AA;
  24818 : AF;
  24819 : B3;
  24820 : B5;
  24821 : B8;
  24822 : BB;
  24823 : BD;
  24824 : C0;
  24825 : C3;
  24826 : C5;
  24827 : C8;
  24828 : C9;
  24829 : CE;
  24830 : BB;
  24831 : 1A;
  24832 : 05;
  24833 : 27;
  24834 : 48;
  24835 : 65;
  24836 : 2F;
  24837 : 20;
  24838 : 22;
  24839 : 21;
  [24840..24841] : 20;
  [24842..24844] : 21;
  24845 : 22;
  24846 : 1E;
  24847 : 14;
  24848 : 20;
  24849 : 03;
  24850 : 06;
  24851 : 66;
  24852 : AE;
  24853 : AD;
  24854 : B2;
  24855 : B6;
  24856 : BB;
  24857 : BE;
  24858 : BF;
  24859 : C2;
  24860 : C5;
  24861 : C8;
  24862 : CB;
  24863 : CD;
  24864 : CF;
  24865 : D1;
  24866 : D4;
  24867 : 4D;
  24868 : 62;
  24869 : E8;
  24870 : D9;
  24871 : D7;
  [24872..24874] : D8;
  24875 : D9;
  24876 : D8;
  [24877..24879] : D9;
  [24880..24881] : D8;
  24882 : D6;
  24883 : D9;
  24884 : B1;
  24885 : 0D;
  24886 : 04;
  24887 : 0F;
  24888 : 2B;
  24889 : 4E;
  24890 : 58;
  24891 : 31;
  24892 : 1A;
  [24893..24894] : 1C;
  [24895..24896] : 1B;
  24897 : 1C;
  [24898..24900] : 1B;
  24901 : 19;
  24902 : 14;
  24903 : 1B;
  24904 : 08;
  24905 : 73;
  [24906..24907] : A9;
  24908 : AE;
  24909 : B3;
  24910 : B6;
  24911 : B9;
  24912 : BB;
  24913 : BE;
  24914 : C1;
  24915 : C4;
  24916 : C5;
  24917 : C7;
  24918 : C8;
  [24919..24920] : C9;
  24921 : C8;
  24922 : CE;
  24923 : 7E;
  24924 : 00;
  24925 : 02;
  24926 : 07;
  24927 : 11;
  24928 : 31;
  24929 : 38;
  24930 : 53;
  24931 : 3F;
  24932 : 14;
  [24933..24934] : 17;
  [24935..24938] : 18;
  24939 : 16;
  24940 : 17;
  24941 : 15;
  24942 : 13;
  24943 : 1E;
  24944 : 24;
  24945 : 8F;
  24946 : A8;
  24947 : AA;
  24948 : AE;
  24949 : B0;
  [24950..24969] : 80;
  24970 : E0;
  24971 : D6;
  [24972..24974] : D7;
  [24975..24976] : D6;
  24977 : CC;
  24978 : 51;
  24979 : 14;
  24980 : 18;
  24981 : 6D;
  24982 : 55;
  24983 : 18;
  [24984..24986] : 1D;
  [24987..24989] : 1C;
  [24990..24991] : 1D;
  24992 : 1E;
  24993 : 17;
  24994 : 0F;
  24995 : 29;
  24996 : 1C;
  24997 : 09;
  24998 : 04;
  24999 : 00;
  25000 : 34;
  25001 : A1;
  25002 : A8;
  25003 : AB;
  25004 : AF;
  25005 : B4;
  25006 : B8;
  25007 : BB;
  25008 : BD;
  25009 : C0;
  25010 : C4;
  25011 : C7;
  25012 : CA;
  25013 : CC;
  25014 : CF;
  25015 : D2;
  25016 : D3;
  [25017..25018] : D4;
  25019 : D9;
  25020 : 9E;
  25021 : 20;
  25022 : 2C;
  25023 : 78;
  25024 : 27;
  25025 : 16;
  25026 : 17;
  [25027..25033] : 18;
  25034 : 1D;
  25035 : 11;
  25036 : 21;
  25037 : 1F;
  25038 : 07;
  25039 : 04;
  25040 : 00;
  25041 : 3A;
  25042 : A9;
  25043 : AD;
  25044 : B2;
  25045 : B7;
  25046 : BC;
  25047 : BF;
  25048 : C1;
  25049 : C4;
  25050 : C8;
  25051 : CA;
  25052 : CE;
  25053 : D0;
  25054 : D1;
  25055 : D3;
  25056 : D6;
  25057 : D8;
  25058 : CE;
  25059 : 5F;
  25060 : 5E;
  25061 : F0;
  25062 : DB;
  [25063..25071] : DD;
  [25072..25073] : DC;
  25074 : DD;
  25075 : DC;
  25076 : DF;
  25077 : AE;
  25078 : 23;
  25079 : 08;
  25080 : 25;
  25081 : 73;
  25082 : 32;
  25083 : 18;
  25084 : 1B;
  [25085..25086] : 1C;
  25087 : 1D;
  25088 : 1E;
  [25089..25090] : 1D;
  25091 : 1E;
  25092 : 1F;
  25093 : 11;
  25094 : 20;
  25095 : 16;
  25096 : 03;
  25097 : 09;
  25098 : 7B;
  25099 : A5;
  25100 : A7;
  25101 : AB;
  25102 : AF;
  25103 : B4;
  25104 : B8;
  25105 : BA;
  25106 : BD;
  25107 : BF;
  25108 : C3;
  25109 : C7;
  25110 : CA;
  25111 : CC;
  25112 : CD;
  25113 : D4;
  25114 : A0;
  25115 : 29;
  25116 : 0D;
  25117 : 42;
  25118 : 6B;
  25119 : 31;
  25120 : 1C;
  25121 : 1D;
  25122 : 1E;
  [25123..25125] : 1F;
  25126 : 20;
  25127 : 21;
  25128 : 20;
  25129 : 21;
  25130 : 14;
  25131 : 1F;
  25132 : 08;
  25133 : 02;
  25134 : 2C;
  25135 : A0;
  25136 : A8;
  25137 : AA;
  25138 : AF;
  25139 : B3;
  25140 : B5;
  25141 : B8;
  25142 : BB;
  25143 : BD;
  25144 : C0;
  25145 : C3;
  25146 : C6;
  25147 : C8;
  25148 : CB;
  25149 : CE;
  25150 : BB;
  25151 : 1B;
  25152 : 05;
  25153 : 27;
  25154 : 48;
  25155 : 64;
  25156 : 2E;
  25157 : 1E;
  [25158..25159] : 20;
  25160 : 1F;
  25161 : 20;
  25162 : 21;
  [25163..25164] : 20;
  25165 : 21;
  25166 : 1D;
  25167 : 14;
  25168 : 1F;
  25169 : 03;
  25170 : 06;
  25171 : 66;
  25172 : AE;
  25173 : AD;
  25174 : B2;
  25175 : B7;
  25176 : BA;
  25177 : BD;
  25178 : BF;
  25179 : C2;
  25180 : C5;
  25181 : C7;
  25182 : CA;
  25183 : CD;
  25184 : CF;
  25185 : D1;
  25186 : D4;
  25187 : 4D;
  25188 : 61;
  25189 : E7;
  25190 : D9;
  [25191..25194] : D8;
  25195 : D9;
  [25196..25197] : D8;
  [25198..25199] : D9;
  [25200..25201] : D8;
  25202 : D7;
  25203 : D9;
  25204 : B2;
  25205 : 0E;
  25206 : 04;
  25207 : 0D;
  25208 : 2D;
  25209 : 50;
  25210 : 57;
  25211 : 32;
  25212 : 19;
  [25213..25217] : 1B;
  [25218..25220] : 1A;
  25221 : 19;
  25222 : 13;
  25223 : 1B;
  25224 : 07;
  25225 : 71;
  [25226..25227] : A9;
  25228 : AD;
  25229 : B3;
  25230 : B6;
  25231 : B9;
  25232 : BB;
  25233 : BE;
  25234 : C0;
  25235 : C3;
  25236 : C5;
  25237 : C7;
  25238 : C8;
  [25239..25240] : C9;
  25241 : C8;
  25242 : CD;
  25243 : 80;
  25244 : 00;
  25245 : 02;
  25246 : 07;
  25247 : 11;
  25248 : 31;
  25249 : 3A;
  25250 : 53;
  25251 : 42;
  25252 : 12;
  [25253..25255] : 16;
  25256 : 17;
  25257 : 16;
  [25258..25259] : 17;
  25260 : 16;
  25261 : 14;
  25262 : 13;
  25263 : 1E;
  25264 : 24;
  25265 : 8E;
  25266 : A7;
  25267 : AA;
  25268 : AD;
  25269 : B0;
  [25270..25289] : 80;
  25290 : DF;
  25291 : D6;
  25292 : D7;
  25293 : D8;
  25294 : D7;
  [25295..25296] : D6;
  25297 : CB;
  25298 : 4F;
  25299 : 15;
  25300 : 18;
  25301 : 6D;
  25302 : 51;
  25303 : 18;
  [25304..25310] : 1C;
  25311 : 1E;
  25312 : 1D;
  25313 : 16;
  25314 : 10;
  25315 : 2B;
  25316 : 1D;
  25317 : 09;
  25318 : 04;
  25319 : 00;
  25320 : 36;
  25321 : A2;
  25322 : A8;
  25323 : AB;
  25324 : AF;
  25325 : B3;
  25326 : B7;
  25327 : BB;
  25328 : BE;
  25329 : C1;
  25330 : C4;
  25331 : C7;
  25332 : CA;
  25333 : CD;
  25334 : CF;
  25335 : D2;
  25336 : D3;
  [25337..25338] : D4;
  25339 : D9;
  25340 : 9C;
  25341 : 1F;
  25342 : 2E;
  25343 : 79;
  25344 : 25;
  25345 : 16;
  [25346..25347] : 17;
  [25348..25350] : 18;
  25351 : 17;
  25352 : 16;
  25353 : 17;
  25354 : 1A;
  25355 : 11;
  25356 : 20;
  25357 : 1F;
  25358 : 07;
  25359 : 04;
  25360 : 00;
  25361 : 3A;
  25362 : A9;
  25363 : AD;
  25364 : B2;
  25365 : B7;
  25366 : BC;
  25367 : BE;
  25368 : C1;
  25369 : C4;
  25370 : C7;
  25371 : CB;
  25372 : CE;
  25373 : D0;
  25374 : D1;
  25375 : D4;
  25376 : D6;
  25377 : D8;
  25378 : CD;
  25379 : 5D;
  25380 : 61;
  25381 : F1;
  25382 : DB;
  [25383..25387] : DD;
  25388 : DE;
  [25389..25392] : DD;
  [25393..25395] : DC;
  25396 : DF;
  25397 : AD;
  25398 : 22;
  25399 : 07;
  25400 : 25;
  25401 : 72;
  25402 : 31;
  25403 : 18;
  [25404..25405] : 1A;
  25406 : 1B;
  [25407..25409] : 1C;
  25410 : 1D;
  25411 : 1E;
  25412 : 1F;
  25413 : 11;
  25414 : 20;
  25415 : 15;
  25416 : 03;
  25417 : 09;
  25418 : 7A;
  25419 : A4;
  25420 : A6;
  25421 : AA;
  25422 : AF;
  25423 : B3;
  25424 : B7;
  25425 : BA;
  25426 : BC;
  25427 : BF;
  25428 : C3;
  25429 : C6;
  25430 : C9;
  25431 : CC;
  25432 : CD;
  25433 : D5;
  25434 : A3;
  25435 : 29;
  25436 : 0D;
  25437 : 3F;
  25438 : 67;
  25439 : 2F;
  25440 : 1B;
  [25441..25443] : 1D;
  25444 : 1E;
  [25445..25446] : 1F;
  [25447..25448] : 20;
  25449 : 21;
  25450 : 14;
  25451 : 1E;
  25452 : 07;
  25453 : 02;
  25454 : 2C;
  25455 : A0;
  25456 : A9;
  25457 : AB;
  25458 : AF;
  25459 : B2;
  25460 : B5;
  25461 : B9;
  25462 : BB;
  25463 : BD;
  25464 : C0;
  25465 : C3;
  25466 : C6;
  25467 : C9;
  25468 : CB;
  25469 : CF;
  25470 : BC;
  25471 : 1C;
  25472 : 05;
  25473 : 27;
  25474 : 49;
  25475 : 63;
  25476 : 2E;
  25477 : 1D;
  [25478..25483] : 1F;
  25484 : 20;
  25485 : 1F;
  25486 : 1D;
  25487 : 13;
  25488 : 1F;
  25489 : 03;
  25490 : 06;
  25491 : 65;
  25492 : AF;
  25493 : AD;
  25494 : B2;
  25495 : B6;
  25496 : BA;
  25497 : BD;
  25498 : BF;
  25499 : C3;
  25500 : C5;
  25501 : C7;
  25502 : CB;
  25503 : CD;
  25504 : CF;
  25505 : D1;
  25506 : D4;
  25507 : 4D;
  25508 : 61;
  25509 : E7;
  25510 : D9;
  25511 : D8;
  [25512..25516] : D9;
  [25517..25518] : D8;
  25519 : DA;
  25520 : D9;
  [25521..25522] : D7;
  25523 : D8;
  25524 : B3;
  25525 : 0E;
  25526 : 04;
  25527 : 0F;
  25528 : 2D;
  25529 : 51;
  25530 : 59;
  25531 : 34;
  25532 : 18;
  [25533..25534] : 1A;
  25535 : 19;
  [25536..25540] : 1A;
  25541 : 18;
  25542 : 13;
  25543 : 1C;
  25544 : 06;
  25545 : 71;
  25546 : AA;
  25547 : A9;
  25548 : AE;
  25549 : B2;
  25550 : B6;
  25551 : B9;
  25552 : BB;
  25553 : BD;
  25554 : C0;
  25555 : C2;
  25556 : C4;
  25557 : C6;
  25558 : C8;
  [25559..25560] : C9;
  25561 : C8;
  25562 : CD;
  25563 : 83;
  25564 : 00;
  25565 : 03;
  25566 : 06;
  25567 : 10;
  25568 : 32;
  25569 : 3D;
  25570 : 52;
  25571 : 43;
  25572 : 11;
  [25573..25576] : 15;
  [25577..25578] : 16;
  [25579..25580] : 15;
  25581 : 14;
  25582 : 12;
  25583 : 1D;
  25584 : 22;
  25585 : 8D;
  25586 : A8;
  25587 : AA;
  25588 : AE;
  25589 : B0;
  [25590..25609] : 80;
  25610 : E0;
  25611 : D6;
  [25612..25614] : D7;
  [25615..25616] : D6;
  25617 : CB;
  25618 : 4D;
  25619 : 13;
  25620 : 19;
  25621 : 6E;
  25622 : 4E;
  25623 : 17;
  [25624..25626] : 1B;
  [25627..25628] : 1C;
  25629 : 1B;
  25630 : 1C;
  25631 : 1E;
  25632 : 1C;
  25633 : 15;
  25634 : 10;
  25635 : 2C;
  25636 : 1D;
  25637 : 08;
  25638 : 03;
  25639 : 00;
  25640 : 38;
  25641 : A2;
  25642 : A7;
  25643 : AB;
  25644 : AF;
  25645 : B3;
  25646 : B7;
  25647 : BB;
  25648 : BF;
  25649 : C1;
  25650 : C3;
  25651 : C7;
  25652 : C9;
  25653 : CC;
  25654 : CF;
  25655 : D1;
  25656 : D3;
  [25657..25658] : D4;
  25659 : D8;
  25660 : 9B;
  25661 : 1F;
  25662 : 30;
  25663 : 79;
  25664 : 24;
  25665 : 16;
  25666 : 18;
  [25667..25668] : 17;
  25669 : 18;
  [25670..25671] : 17;
  [25672..25673] : 16;
  25674 : 19;
  25675 : 10;
  25676 : 20;
  25677 : 1E;
  25678 : 08;
  25679 : 05;
  25680 : 00;
  25681 : 3C;
  25682 : AA;
  25683 : AC;
  25684 : B2;
  25685 : B7;
  25686 : BA;
  25687 : BD;
  25688 : C0;
  25689 : C4;
  25690 : C7;
  25691 : CB;
  25692 : CE;
  25693 : D0;
  25694 : D1;
  25695 : D4;
  25696 : D6;
  25697 : D7;
  25698 : CD;
  25699 : 5C;
  25700 : 64;
  25701 : F1;
  25702 : DB;
  25703 : DC;
  [25704..25705] : DD;
  [25706..25707] : DE;
  [25708..25710] : DD;
  [25711..25714] : DC;
  25715 : DB;
  25716 : E0;
  25717 : AD;
  25718 : 23;
  25719 : 08;
  25720 : 24;
  25721 : 70;
  25722 : 2F;
  25723 : 18;
  [25724..25725] : 1A;
  25726 : 1B;
  [25727..25728] : 1C;
  25729 : 1B;
  25730 : 1C;
  25731 : 1D;
  25732 : 1E;
  25733 : 11;
  25734 : 1F;
  25735 : 15;
  25736 : 03;
  25737 : 09;
  25738 : 7A;
  25739 : A4;
  25740 : A6;
  25741 : AA;
  25742 : AF;
  25743 : B3;
  25744 : B8;
  25745 : BA;
  25746 : BC;
  25747 : BE;
  25748 : C2;
  25749 : C6;
  25750 : C9;
  25751 : CC;
  25752 : CD;
  25753 : D4;
  25754 : A4;
  25755 : 29;
  25756 : 0D;
  25757 : 3E;
  25758 : 66;
  25759 : 2E;
  25760 : 1A;
  25761 : 1B;
  25762 : 1C;
  25763 : 1D;
  [25764..25765] : 1E;
  [25766..25767] : 1F;
  [25768..25769] : 20;
  25770 : 14;
  25771 : 1F;
  25772 : 07;
  25773 : 02;
  25774 : 2B;
  25775 : A0;
  25776 : A9;
  25777 : AC;
  25778 : B0;
  25779 : B3;
  25780 : B6;
  25781 : B9;
  25782 : BB;
  25783 : BE;
  25784 : C0;
  25785 : C3;
  25786 : C6;
  25787 : C9;
  25788 : CB;
  25789 : CF;
  25790 : BC;
  25791 : 1D;
  25792 : 05;
  25793 : 27;
  25794 : 49;
  25795 : 63;
  25796 : 2E;
  25797 : 1C;
  25798 : 1D;
  25799 : 1E;
  [25800..25803] : 1F;
  [25804..25805] : 1E;
  25806 : 1C;
  25807 : 13;
  25808 : 1E;
  25809 : 03;
  25810 : 06;
  25811 : 65;
  25812 : AF;
  25813 : AD;
  25814 : B1;
  25815 : B6;
  25816 : B9;
  25817 : BC;
  25818 : BF;
  25819 : C3;
  25820 : C5;
  25821 : C8;
  25822 : CB;
  25823 : CD;
  25824 : CF;
  25825 : D1;
  25826 : D5;
  25827 : 4F;
  25828 : 60;
  25829 : E6;
  25830 : D9;
  25831 : D8;
  [25832..25835] : D9;
  25836 : D8;
  [25837..25840] : D9;
  25841 : D8;
  25842 : D6;
  25843 : D7;
  25844 : B4;
  25845 : 0E;
  25846 : 03;
  25847 : 11;
  25848 : 2D;
  25849 : 51;
  25850 : 57;
  25851 : 34;
  25852 : 17;
  25853 : 19;
  [25854..25855] : 18;
  25856 : 19;
  25857 : 18;
  [25858..25860] : 19;
  25861 : 17;
  25862 : 13;
  25863 : 1C;
  25864 : 05;
  25865 : 71;
  25866 : AC;
  25867 : A9;
  25868 : AE;
  25869 : B3;
  25870 : B7;
  25871 : B9;
  25872 : BB;
  25873 : BD;
  25874 : BF;
  25875 : C2;
  25876 : C4;
  25877 : C6;
  25878 : C8;
  [25879..25881] : C9;
  25882 : CE;
  25883 : 86;
  25884 : 00;
  25885 : 03;
  25886 : 07;
  25887 : 0F;
  25888 : 32;
  25889 : 3F;
  25890 : 51;
  25891 : 46;
  25892 : 11;
  [25893..25896] : 15;
  25897 : 16;
  [25898..25899] : 15;
  25900 : 14;
  25901 : 13;
  25902 : 12;
  25903 : 1D;
  25904 : 21;
  25905 : 8D;
  25906 : A8;
  25907 : AA;
  25908 : AD;
  25909 : AF;
  [25910..25929] : 80;
  25930 : E0;
  25931 : D6;
  25932 : D7;
  25933 : D6;
  25934 : D7;
  [25935..25936] : D6;
  25937 : CB;
  25938 : 4B;
  25939 : 12;
  25940 : 19;
  25941 : 72;
  25942 : 4C;
  25943 : 16;
  [25944..25945] : 1B;
  25946 : 1A;
  25947 : 1B;
  [25948..25949] : 1A;
  25950 : 1C;
  25951 : 1E;
  25952 : 1C;
  25953 : 15;
  25954 : 10;
  25955 : 2D;
  25956 : 1D;
  25957 : 09;
  25958 : 04;
  25959 : 00;
  25960 : 3B;
  25961 : A4;
  25962 : A7;
  25963 : AA;
  25964 : AF;
  25965 : B2;
  25966 : B6;
  25967 : BB;
  25968 : BE;
  25969 : C0;
  25970 : C4;
  25971 : C6;
  25972 : C9;
  25973 : CD;
  25974 : CF;
  25975 : D1;
  25976 : D3;
  [25977..25978] : D4;
  25979 : D9;
  25980 : 9C;
  25981 : 20;
  25982 : 31;
  25983 : 79;
  25984 : 23;
  25985 : 15;
  25986 : 16;
  [25987..25989] : 18;
  [25990..25992] : 17;
  25993 : 16;
  25994 : 18;
  25995 : 10;
  25996 : 21;
  25997 : 1E;
  25998 : 08;
  25999 : 05;
  26000 : 00;
  26001 : 3D;
  26002 : A9;
  26003 : AC;
  26004 : B2;
  26005 : B7;
  26006 : BA;
  26007 : BD;
  26008 : C0;
  26009 : C4;
  26010 : C8;
  26011 : CB;
  26012 : CE;
  26013 : D0;
  26014 : D2;
  26015 : D4;
  26016 : D6;
  26017 : D8;
  26018 : CF;
  26019 : 5C;
  26020 : 65;
  26021 : F1;
  26022 : DB;
  26023 : DD;
  26024 : DE;
  [26025..26026] : DD;
  26027 : DF;
  26028 : DE;
  [26029..26030] : DD;
  [26031..26034] : DC;
  26035 : DB;
  26036 : E0;
  26037 : AC;
  26038 : 23;
  26039 : 08;
  26040 : 25;
  26041 : 72;
  26042 : 30;
  26043 : 16;
  26044 : 19;
  26045 : 1A;
  26046 : 19;
  26047 : 1A;
  26048 : 1C;
  [26049..26050] : 1B;
  [26051..26052] : 1D;
  26053 : 10;
  26054 : 20;
  26055 : 15;
  26056 : 03;
  26057 : 0A;
  26058 : 7B;
  26059 : A4;
  26060 : A7;
  26061 : AB;
  26062 : AF;
  26063 : B4;
  26064 : B8;
  26065 : BA;
  26066 : BC;
  26067 : BE;
  26068 : C2;
  26069 : C6;
  26070 : C9;
  26071 : CC;
  26072 : CD;
  26073 : D3;
  26074 : A3;
  26075 : 2A;
  26076 : 0D;
  26077 : 40;
  26078 : 68;
  26079 : 2E;
  26080 : 19;
  [26081..26082] : 1A;
  26083 : 1C;
  [26084..26085] : 1D;
  [26086..26087] : 1E;
  [26088..26089] : 1F;
  26090 : 13;
  26091 : 1F;
  26092 : 08;
  26093 : 02;
  26094 : 2D;
  26095 : A1;
  26096 : A8;
  26097 : AC;
  26098 : AF;
  26099 : B3;
  26100 : B6;
  26101 : B9;
  26102 : BC;
  26103 : BE;
  26104 : C1;
  26105 : C3;
  26106 : C6;
  26107 : C9;
  26108 : CB;
  26109 : D0;
  26110 : BD;
  26111 : 1E;
  26112 : 05;
  26113 : 28;
  26114 : 4C;
  26115 : 65;
  26116 : 2E;
  26117 : 1B;
  [26118..26120] : 1D;
  26121 : 1E;
  [26122..26123] : 1D;
  26124 : 1E;
  26125 : 1D;
  26126 : 1A;
  26127 : 13;
  26128 : 1F;
  26129 : 03;
  26130 : 06;
  26131 : 65;
  26132 : AF;
  26133 : AD;
  26134 : B1;
  26135 : B6;
  26136 : B9;
  26137 : BC;
  26138 : BF;
  26139 : C2;
  26140 : C5;
  26141 : C7;
  26142 : CB;
  26143 : CE;
  26144 : CF;
  26145 : D1;
  26146 : D5;
  26147 : 51;
  26148 : 60;
  26149 : E8;
  26150 : D9;
  26151 : D8;
  26152 : D9;
  26153 : DA;
  [26154..26159] : D9;
  [26160..26161] : D8;
  26162 : D6;
  26163 : D7;
  26164 : B5;
  26165 : 0F;
  26166 : 03;
  26167 : 11;
  26168 : 2D;
  26169 : 52;
  26170 : 57;
  26171 : 35;
  26172 : 16;
  26173 : 18;
  26174 : 17;
  26175 : 18;
  [26176..26180] : 17;
  26181 : 16;
  26182 : 12;
  26183 : 1C;
  26184 : 05;
  26185 : 70;
  26186 : AC;
  26187 : AA;
  26188 : AE;
  26189 : B2;
  26190 : B7;
  26191 : B9;
  26192 : BB;
  26193 : BC;
  26194 : BF;
  26195 : C1;
  26196 : C4;
  26197 : C6;
  26198 : C7;
  [26199..26201] : C9;
  26202 : CF;
  26203 : 8B;
  26204 : 00;
  26205 : 03;
  26206 : 06;
  26207 : 0F;
  26208 : 33;
  26209 : 40;
  26210 : 4F;
  26211 : 49;
  26212 : 10;
  26213 : 14;
  [26214..26216] : 15;
  [26217..26219] : 14;
  [26220..26221] : 13;
  26222 : 12;
  26223 : 1E;
  26224 : 20;
  26225 : 8B;
  26226 : A7;
  26227 : AA;
  26228 : AD;
  26229 : B0;
  [26230..26249] : 80;
  26250 : DF;
  26251 : D6;
  [26252..26254] : D7;
  [26255..26256] : D6;
  26257 : C9;
  26258 : 4C;
  26259 : 13;
  26260 : 1A;
  26261 : 72;
  26262 : 49;
  26263 : 16;
  26264 : 19;
  [26265..26270] : 1A;
  [26271..26272] : 1D;
  26273 : 15;
  26274 : 10;
  26275 : 2E;
  26276 : 1E;
  26277 : 09;
  26278 : 04;
  26279 : 00;
  26280 : 3E;
  26281 : A5;
  26282 : A8;
  26283 : AB;
  26284 : AE;
  26285 : B2;
  26286 : B7;
  26287 : BA;
  26288 : BD;
  26289 : C0;
  26290 : C4;
  26291 : C7;
  26292 : C9;
  26293 : CC;
  26294 : CF;
  26295 : D1;
  26296 : D3;
  [26297..26298] : D4;
  26299 : D9;
  26300 : 9B;
  26301 : 20;
  26302 : 31;
  26303 : 7A;
  26304 : 22;
  26305 : 15;
  26306 : 16;
  [26307..26309] : 17;
  26310 : 18;
  26311 : 17;
  26312 : 16;
  26313 : 17;
  26314 : 18;
  26315 : 10;
  26316 : 21;
  26317 : 1E;
  26318 : 08;
  26319 : 05;
  26320 : 00;
  26321 : 3C;
  26322 : A9;
  26323 : AD;
  26324 : B2;
  26325 : B7;
  26326 : BA;
  26327 : BE;
  26328 : C1;
  26329 : C4;
  26330 : C7;
  26331 : CB;
  26332 : CD;
  26333 : D0;
  26334 : D2;
  26335 : D3;
  26336 : D6;
  26337 : D8;
  26338 : CE;
  26339 : 5B;
  26340 : 66;
  26341 : F0;
  26342 : DB;
  [26343..26346] : DD;
  [26347..26348] : DE;
  [26349..26351] : DD;
  26352 : DC;
  [26353..26355] : DB;
  26356 : DF;
  26357 : AD;
  26358 : 25;
  26359 : 09;
  26360 : 27;
  26361 : 76;
  26362 : 31;
  26363 : 15;
  [26364..26366] : 19;
  26367 : 1A;
  [26368..26370] : 1B;
  [26371..26372] : 1C;
  26373 : 10;
  26374 : 21;
  26375 : 15;
  26376 : 02;
  26377 : 0A;
  26378 : 7B;
  26379 : A5;
  26380 : A7;
  26381 : AB;
  26382 : AF;
  26383 : B3;
  26384 : B8;
  26385 : BA;
  26386 : BC;
  26387 : BE;
  26388 : C1;
  26389 : C5;
  26390 : C9;
  26391 : CB;
  26392 : CC;
  26393 : D3;
  26394 : A3;
  26395 : 2B;
  26396 : 0D;
  26397 : 41;
  26398 : 67;
  26399 : 2C;
  26400 : 18;
  [26401..26402] : 1A;
  26403 : 1B;
  26404 : 1C;
  [26405..26407] : 1D;
  [26408..26409] : 1E;
  26410 : 14;
  26411 : 1F;
  26412 : 08;
  26413 : 02;
  26414 : 2D;
  26415 : A2;
  26416 : A8;
  26417 : AB;
  26418 : AF;
  26419 : B3;
  26420 : B6;
  26421 : B9;
  26422 : BC;
  26423 : BE;
  26424 : C1;
  26425 : C4;
  26426 : C6;
  26427 : C9;
  26428 : CB;
  26429 : D0;
  26430 : BF;
  26431 : 1F;
  26432 : 05;
  26433 : 2A;
  26434 : 4D;
  26435 : 65;
  26436 : 2E;
  26437 : 1A;
  26438 : 1C;
  [26439..26440] : 1B;
  [26441..26445] : 1C;
  26446 : 1A;
  26447 : 14;
  26448 : 20;
  26449 : 04;
  26450 : 05;
  26451 : 64;
  26452 : AF;
  26453 : AD;
  26454 : B2;
  26455 : B6;
  26456 : BA;
  26457 : BC;
  26458 : BF;
  26459 : C3;
  26460 : C5;
  26461 : C8;
  26462 : CB;
  26463 : CD;
  26464 : CF;
  26465 : D2;
  26466 : D6;
  26467 : 54;
  26468 : 5F;
  26469 : E8;
  26470 : D8;
  [26471..26478] : D9;
  [26479..26480] : D8;
  [26481..26482] : D6;
  26483 : D7;
  26484 : B3;
  26485 : 0E;
  26486 : 04;
  26487 : 0F;
  26488 : 2C;
  26489 : 52;
  26490 : 57;
  26491 : 36;
  26492 : 15;
  [26493..26495] : 17;
  [26496..26500] : 16;
  26501 : 14;
  26502 : 12;
  26503 : 1B;
  26504 : 05;
  26505 : 6F;
  26506 : AC;
  26507 : AA;
  26508 : AE;
  26509 : B2;
  26510 : B7;
  26511 : B9;
  26512 : BA;
  26513 : BC;
  26514 : BF;
  26515 : C1;
  26516 : C3;
  26517 : C6;
  26518 : C8;
  26519 : C9;
  [26520..26521] : CA;
  26522 : CF;
  26523 : 8F;
  26524 : 01;
  26525 : 03;
  26526 : 05;
  26527 : 0F;
  26528 : 32;
  26529 : 41;
  [26530..26531] : 4D;
  26532 : 0F;
  [26533..26534] : 13;
  [26535..26537] : 14;
  [26538..26539] : 13;
  [26540..26541] : 12;
  26542 : 11;
  26543 : 1E;
  26544 : 1F;
  26545 : 89;
  26546 : A6;
  26547 : AA;
  26548 : AD;
  26549 : B0;
  [26550..26569] : 80;
  26570 : DF;
  26571 : D6;
  26572 : D7;
  26573 : D8;
  26574 : D7;
  [26575..26576] : D6;
  26577 : C8;
  26578 : 4A;
  26579 : 13;
  26580 : 1C;
  26581 : 73;
  26582 : 48;
  26583 : 15;
  26584 : 18;
  [26585..26586] : 19;
  [26587..26590] : 1A;
  26591 : 1C;
  26592 : 1A;
  26593 : 14;
  26594 : 10;
  26595 : 2E;
  26596 : 1E;
  26597 : 09;
  26598 : 05;
  26599 : 00;
  26600 : 3F;
  26601 : A5;
  26602 : A8;
  26603 : AB;
  26604 : AE;
  26605 : B1;
  26606 : B5;
  26607 : B9;
  26608 : BD;
  26609 : C0;
  26610 : C3;
  26611 : C6;
  26612 : CA;
  26613 : CD;
  26614 : CF;
  26615 : D1;
  [26616..26618] : D4;
  26619 : DA;
  26620 : 9B;
  26621 : 20;
  26622 : 32;
  26623 : 7C;
  26624 : 21;
  26625 : 15;
  [26626..26627] : 16;
  26628 : 17;
  26629 : 18;
  [26630..26631] : 17;
  [26632..26633] : 16;
  26634 : 17;
  26635 : 0F;
  26636 : 22;
  26637 : 1E;
  26638 : 07;
  26639 : 05;
  26640 : 00;
  26641 : 3C;
  26642 : A8;
  26643 : AD;
  26644 : B2;
  26645 : B6;
  26646 : BA;
  26647 : BE;
  26648 : C0;
  26649 : C4;
  26650 : C7;
  26651 : CA;
  26652 : CE;
  26653 : CF;
  26654 : D1;
  26655 : D4;
  26656 : D6;
  26657 : D8;
  26658 : CE;
  26659 : 5C;
  26660 : 67;
  26661 : F0;
  26662 : DC;
  26663 : DD;
  26664 : DE;
  26665 : DD;
  26666 : DE;
  [26667..26668] : DD;
  26669 : DE;
  [26670..26671] : DD;
  26672 : DC;
  [26673..26675] : DB;
  26676 : DF;
  26677 : AC;
  26678 : 24;
  26679 : 09;
  26680 : 29;
  26681 : 75;
  26682 : 2F;
  26683 : 16;
  26684 : 19;
  [26685..26686] : 18;
  26687 : 19;
  26688 : 1A;
  [26689..26690] : 19;
  26691 : 1B;
  26692 : 1C;
  26693 : 10;
  26694 : 21;
  26695 : 16;
  26696 : 03;
  26697 : 0A;
  26698 : 7C;
  26699 : A5;
  26700 : A6;
  26701 : AB;
  26702 : B0;
  26703 : B4;
  26704 : B8;
  26705 : BA;
  26706 : BC;
  26707 : BE;
  26708 : C1;
  26709 : C5;
  26710 : C8;
  26711 : CA;
  26712 : CC;
  26713 : D2;
  26714 : A2;
  26715 : 2C;
  26716 : 0F;
  26717 : 43;
  26718 : 67;
  26719 : 2B;
  26720 : 17;
  [26721..26723] : 19;
  [26724..26725] : 1B;
  26726 : 1C;
  26727 : 1D;
  26728 : 1C;
  26729 : 1B;
  26730 : 13;
  26731 : 20;
  26732 : 08;
  26733 : 02;
  26734 : 2E;
  26735 : A3;
  26736 : A9;
  26737 : AC;
  26738 : B0;
  26739 : B3;
  26740 : B6;
  26741 : B9;
  26742 : BD;
  26743 : BF;
  26744 : C1;
  26745 : C3;
  26746 : C6;
  26747 : C9;
  26748 : CC;
  26749 : D0;
  26750 : BF;
  26751 : 1F;
  26752 : 04;
  26753 : 28;
  26754 : 4B;
  26755 : 65;
  26756 : 2E;
  26757 : 18;
  [26758..26761] : 1A;
  [26762..26764] : 1B;
  26765 : 1A;
  26766 : 19;
  26767 : 14;
  26768 : 21;
  [26769..26770] : 04;
  26771 : 63;
  26772 : B0;
  26773 : AE;
  26774 : B2;
  26775 : B6;
  26776 : BA;
  26777 : BC;
  26778 : BF;
  26779 : C3;
  26780 : C5;
  26781 : C8;
  26782 : CB;
  26783 : CD;
  26784 : CF;
  26785 : D2;
  26786 : D6;
  26787 : 55;
  26788 : 5C;
  26789 : E6;
  [26790..26791] : D8;
  26792 : D9;
  [26793..26794] : D8;
  [26795..26797] : D9;
  [26798..26799] : D8;
  26800 : D7;
  26801 : D6;
  26802 : D5;
  26803 : D6;
  26804 : B2;
  26805 : 0F;
  26806 : 04;
  26807 : 0F;
  26808 : 2B;
  26809 : 52;
  26810 : 54;
  26811 : 36;
  26812 : 13;
  [26813..26815] : 16;
  [26816..26818] : 15;
  [26819..26821] : 14;
  26822 : 11;
  26823 : 1B;
  26824 : 05;
  26825 : 6E;
  26826 : AC;
  26827 : AA;
  26828 : AE;
  26829 : B2;
  26830 : B6;
  26831 : B9;
  26832 : BA;
  26833 : BC;
  26834 : BF;
  26835 : C1;
  26836 : C3;
  26837 : C6;
  26838 : C8;
  26839 : C9;
  26840 : CA;
  26841 : C9;
  26842 : CF;
  26843 : 91;
  26844 : 02;
  26845 : 03;
  26846 : 06;
  26847 : 0F;
  26848 : 31;
  26849 : 42;
  26850 : 4C;
  26851 : 4F;
  26852 : 0D;
  [26853..26856] : 13;
  26857 : 12;
  26858 : 13;
  [26859..26861] : 12;
  26862 : 11;
  26863 : 1F;
  26864 : 1E;
  26865 : 88;
  26866 : A7;
  26867 : A9;
  26868 : AE;
  26869 : AF;
  [26870..26889] : 80;
  26890 : E0;
  26891 : D6;
  [26892..26894] : D7;
  [26895..26896] : D6;
  26897 : C6;
  26898 : 47;
  26899 : 12;
  26900 : 1D;
  26901 : 73;
  26902 : 46;
  26903 : 16;
  [26904..26905] : 19;
  26906 : 1A;
  26907 : 19;
  [26908..26909] : 1A;
  26910 : 19;
  26911 : 1B;
  26912 : 1A;
  26913 : 13;
  26914 : 10;
  26915 : 2D;
  26916 : 1D;
  26917 : 09;
  26918 : 05;
  26919 : 00;
  26920 : 3E;
  26921 : A5;
  26922 : A9;
  26923 : AC;
  26924 : AF;
  26925 : B1;
  26926 : B4;
  26927 : BA;
  26928 : BD;
  26929 : C0;
  26930 : C3;
  26931 : C6;
  26932 : CA;
  26933 : CC;
  26934 : CF;
  26935 : D1;
  26936 : D3;
  26937 : D4;
  26938 : D3;
  26939 : DA;
  26940 : 9A;
  26941 : 1F;
  26942 : 31;
  26943 : 78;
  26944 : 20;
  26945 : 15;
  [26946..26952] : 17;
  26953 : 16;
  26954 : 17;
  26955 : 0F;
  26956 : 21;
  26957 : 1D;
  26958 : 08;
  26959 : 04;
  26960 : 00;
  26961 : 3C;
  26962 : A8;
  26963 : AD;
  26964 : B2;
  26965 : B6;
  26966 : B9;
  26967 : BD;
  26968 : C0;
  26969 : C3;
  26970 : C7;
  26971 : CB;
  26972 : CD;
  26973 : D0;
  26974 : D2;
  26975 : D3;
  26976 : D5;
  26977 : D8;
  26978 : CC;
  26979 : 59;
  26980 : 68;
  26981 : F1;
  26982 : DC;
  [26983..26984] : DE;
  26985 : DD;
  [26986..26987] : DE;
  [26988..26990] : DD;
  [26991..26993] : DC;
  [26994..26995] : DB;
  26996 : DF;
  26997 : AD;
  26998 : 24;
  26999 : 09;
  27000 : 28;
  27001 : 73;
  27002 : 2D;
  27003 : 15;
  27004 : 18;
  [27005..27006] : 17;
  27007 : 18;
  [27008..27010] : 19;
  [27011..27012] : 1A;
  27013 : 10;
  27014 : 21;
  27015 : 15;
  27016 : 03;
  27017 : 0B;
  27018 : 7D;
  27019 : A5;
  27020 : A6;
  27021 : AB;
  27022 : AF;
  27023 : B3;
  27024 : B8;
  27025 : BA;
  27026 : BC;
  27027 : BE;
  27028 : C1;
  27029 : C5;
  27030 : C8;
  27031 : CA;
  27032 : CC;
  27033 : D1;
  27034 : A2;
  27035 : 2C;
  27036 : 0F;
  27037 : 43;
  27038 : 67;
  27039 : 2A;
  27040 : 17;
  [27041..27042] : 18;
  27043 : 19;
  [27044..27045] : 1A;
  [27046..27048] : 1B;
  27049 : 1A;
  27050 : 13;
  27051 : 20;
  27052 : 09;
  27053 : 02;
  27054 : 2E;
  27055 : A4;
  27056 : AB;
  27057 : AD;
  27058 : AF;
  27059 : B3;
  27060 : B5;
  27061 : B9;
  27062 : BC;
  27063 : BF;
  27064 : C1;
  27065 : C4;
  27066 : C6;
  27067 : C8;
  27068 : CC;
  27069 : D0;
  27070 : C1;
  27071 : 20;
  27072 : 04;
  27073 : 28;
  27074 : 4C;
  27075 : 65;
  27076 : 2E;
  27077 : 17;
  [27078..27082] : 19;
  [27083..27084] : 1A;
  27085 : 19;
  27086 : 18;
  27087 : 14;
  27088 : 22;
  [27089..27090] : 04;
  27091 : 61;
  27092 : AF;
  27093 : AD;
  27094 : B2;
  27095 : B7;
  27096 : BA;
  27097 : BC;
  27098 : BF;
  27099 : C2;
  27100 : C5;
  27101 : C8;
  27102 : CB;
  27103 : CE;
  27104 : CF;
  27105 : D2;
  27106 : D7;
  27107 : 53;
  27108 : 5A;
  27109 : E5;
  27110 : D9;
  [27111..27113] : D8;
  [27114..27115] : D9;
  27116 : D8;
  27117 : D9;
  [27118..27119] : D8;
  27120 : D7;
  27121 : D6;
  27122 : D5;
  27123 : D6;
  27124 : B1;
  27125 : 0E;
  27126 : 04;
  27127 : 0E;
  27128 : 2B;
  27129 : 54;
  27130 : 52;
  27131 : 35;
  27132 : 12;
  27133 : 15;
  27134 : 14;
  27135 : 15;
  [27136..27138] : 14;
  27139 : 12;
  [27140..27141] : 13;
  27142 : 10;
  27143 : 1C;
  27144 : 05;
  27145 : 6D;
  27146 : AD;
  27147 : AB;
  27148 : AE;
  27149 : B3;
  27150 : B6;
  27151 : B9;
  27152 : BA;
  27153 : BC;
  27154 : BE;
  27155 : C1;
  27156 : C4;
  27157 : C6;
  27158 : C8;
  27159 : CA;
  27160 : CB;
  27161 : CA;
  27162 : CF;
  27163 : 92;
  27164 : 01;
  27165 : 03;
  27166 : 06;
  27167 : 0F;
  27168 : 31;
  27169 : 43;
  27170 : 4B;
  27171 : 4F;
  27172 : 0D;
  27173 : 13;
  [27174..27177] : 12;
  [27178..27181] : 11;
  27182 : 10;
  27183 : 20;
  27184 : 1E;
  27185 : 87;
  27186 : A7;
  27187 : A9;
  27188 : AD;
  27189 : AF;
  [27190..27209] : 80;
  27210 : E0;
  [27211..27214] : D7;
  27215 : D5;
  27216 : D6;
  27217 : C4;
  27218 : 43;
  27219 : 12;
  27220 : 1D;
  27221 : 73;
  27222 : 45;
  27223 : 15;
  27224 : 18;
  [27225..27228] : 19;
  27229 : 1A;
  27230 : 18;
  27231 : 1A;
  27232 : 19;
  27233 : 11;
  27234 : 10;
  27235 : 2E;
  27236 : 1D;
  27237 : 0A;
  27238 : 05;
  27239 : 00;
  27240 : 3F;
  27241 : A6;
  27242 : AA;
  27243 : AC;
  27244 : AF;
  27245 : B1;
  27246 : B4;
  27247 : B9;
  27248 : BD;
  27249 : C0;
  27250 : C3;
  27251 : C6;
  27252 : C9;
  27253 : CD;
  27254 : CF;
  27255 : D1;
  27256 : D3;
  [27257..27258] : D4;
  27259 : DA;
  27260 : 98;
  27261 : 1D;
  27262 : 30;
  27263 : 75;
  27264 : 20;
  27265 : 15;
  [27266..27272] : 17;
  [27273..27274] : 16;
  27275 : 0F;
  27276 : 20;
  27277 : 1D;
  27278 : 08;
  27279 : 04;
  27280 : 00;
  27281 : 3C;
  27282 : A7;
  27283 : AC;
  27284 : B1;
  27285 : B5;
  27286 : B9;
  27287 : BD;
  27288 : BF;
  27289 : C3;
  27290 : C7;
  27291 : CA;
  27292 : CD;
  27293 : D0;
  27294 : D2;
  27295 : D5;
  27296 : D6;
  27297 : D7;
  27298 : CB;
  27299 : 55;
  27300 : 67;
  27301 : F1;
  27302 : DD;
  27303 : DE;
  27304 : DD;
  [27305..27306] : DE;
  [27307..27311] : DD;
  27312 : DC;
  [27313..27315] : DB;
  27316 : E0;
  27317 : AF;
  27318 : 24;
  27319 : 09;
  27320 : 28;
  27321 : 71;
  27322 : 2D;
  27323 : 14;
  27324 : 17;
  [27325..27326] : 16;
  [27327..27328] : 17;
  [27329..27330] : 18;
  27331 : 19;
  27332 : 1A;
  27333 : 10;
  27334 : 20;
  27335 : 14;
  27336 : 02;
  27337 : 0B;
  27338 : 7E;
  27339 : A5;
  27340 : A6;
  27341 : AB;
  27342 : AF;
  27343 : B2;
  27344 : B7;
  27345 : BA;
  27346 : BC;
  27347 : BF;
  27348 : C2;
  27349 : C5;
  27350 : C8;
  27351 : CB;
  27352 : CC;
  27353 : D1;
  27354 : A4;
  27355 : 2C;
  27356 : 0F;
  27357 : 43;
  27358 : 67;
  27359 : 28;
  27360 : 15;
  27361 : 16;
  [27362..27363] : 17;
  27364 : 18;
  [27365..27366] : 19;
  [27367..27368] : 1A;
  27369 : 19;
  27370 : 13;
  27371 : 20;
  27372 : 08;
  27373 : 02;
  27374 : 2F;
  27375 : A5;
  27376 : AC;
  27377 : AD;
  27378 : AF;
  27379 : B3;
  27380 : B6;
  27381 : BA;
  27382 : BD;
  27383 : BF;
  27384 : C1;
  27385 : C3;
  27386 : C6;
  27387 : C9;
  27388 : CB;
  27389 : CF;
  27390 : C2;
  27391 : 21;
  27392 : 04;
  27393 : 28;
  27394 : 4C;
  27395 : 65;
  27396 : 2F;
  27397 : 16;
  27398 : 18;
  27399 : 17;
  [27400..27401] : 18;
  27402 : 17;
  [27403..27405] : 18;
  27406 : 17;
  27407 : 14;
  27408 : 23;
  27409 : 05;
  27410 : 03;
  27411 : 60;
  27412 : AF;
  27413 : AE;
  27414 : B2;
  27415 : B6;
  27416 : BB;
  27417 : BD;
  27418 : C0;
  27419 : C3;
  27420 : C6;
  27421 : C9;
  27422 : CB;
  27423 : CE;
  27424 : D0;
  27425 : D2;
  27426 : D7;
  27427 : 54;
  27428 : 59;
  27429 : E4;
  27430 : D9;
  [27431..27432] : D8;
  27433 : D9;
  [27434..27439] : D8;
  27440 : D7;
  27441 : D6;
  27442 : D5;
  27443 : D6;
  27444 : B3;
  27445 : 0F;
  27446 : 03;
  27447 : 0E;
  27448 : 2B;
  27449 : 54;
  27450 : 51;
  27451 : 34;
  27452 : 11;
  27453 : 14;
  [27454..27457] : 13;
  [27458..27460] : 12;
  27461 : 11;
  27462 : 10;
  27463 : 1C;
  27464 : 05;
  27465 : 6E;
  27466 : AD;
  27467 : AB;
  27468 : AE;
  27469 : B2;
  27470 : B6;
  27471 : B9;
  27472 : BA;
  27473 : BB;
  27474 : BE;
  27475 : C1;
  27476 : C3;
  27477 : C5;
  27478 : C8;
  27479 : C9;
  [27480..27481] : CA;
  27482 : CF;
  27483 : 92;
  27484 : 01;
  27485 : 03;
  27486 : 07;
  27487 : 0E;
  27488 : 2F;
  27489 : 42;
  27490 : 48;
  27491 : 51;
  27492 : 0C;
  [27493..27495] : 12;
  [27496..27497] : 11;
  [27498..27499] : 10;
  27500 : 11;
  [27501..27502] : 10;
  [27503..27504] : 1E;
  27505 : 87;
  27506 : A7;
  27507 : A9;
  27508 : AD;
  27509 : AE;
  [27510..27529] : 80;
  27530 : E0;
  27531 : D7;
  27532 : D8;
  27533 : D7;
  27534 : D6;
  27535 : D5;
  27536 : D6;
  27537 : C2;
  27538 : 3E;
  27539 : 12;
  27540 : 1F;
  27541 : 75;
  27542 : 44;
  27543 : 15;
  27544 : 19;
  [27545..27546] : 1A;
  27547 : 19;
  27548 : 1A;
  [27549..27550] : 19;
  27551 : 1B;
  27552 : 18;
  [27553..27554] : 10;
  27555 : 2D;
  27556 : 1D;
  27557 : 09;
  27558 : 04;
  27559 : 00;
  27560 : 42;
  27561 : A7;
  27562 : AA;
  27563 : AD;
  27564 : AF;
  27565 : B2;
  27566 : B5;
  27567 : B9;
  27568 : BC;
  27569 : C0;
  27570 : C2;
  27571 : C6;
  27572 : CA;
  27573 : CE;
  27574 : CF;
  27575 : D1;
  27576 : D3;
  [27577..27578] : D4;
  27579 : DA;
  27580 : 97;
  27581 : 1D;
  27582 : 30;
  27583 : 72;
  27584 : 1F;
  27585 : 16;
  [27586..27589] : 17;
  [27590..27591] : 16;
  [27592..27593] : 17;
  27594 : 15;
  27595 : 0E;
  27596 : 21;
  27597 : 1D;
  27598 : 08;
  27599 : 05;
  27600 : 00;
  27601 : 3E;
  27602 : A7;
  27603 : AC;
  27604 : B2;
  27605 : B6;
  27606 : B9;
  27607 : BC;
  27608 : BF;
  27609 : C3;
  27610 : C7;
  27611 : C9;
  27612 : CC;
  27613 : CF;
  27614 : D2;
  27615 : D4;
  27616 : D6;
  27617 : D8;
  27618 : CB;
  27619 : 55;
  27620 : 68;
  27621 : F1;
  27622 : DC;
  [27623..27625] : DD;
  27626 : DE;
  [27627..27630] : DD;
  [27631..27632] : DC;
  [27633..27635] : DB;
  27636 : E0;
  27637 : AF;
  27638 : 27;
  27639 : 0A;
  27640 : 29;
  27641 : 72;
  27642 : 2D;
  27643 : 13;
  27644 : 15;
  27645 : 16;
  27646 : 17;
  27647 : 16;
  [27648..27650] : 17;
  [27651..27652] : 19;
  27653 : 10;
  27654 : 22;
  27655 : 14;
  27656 : 02;
  27657 : 0B;
  27658 : 7E;
  27659 : A5;
  27660 : A7;
  27661 : AB;
  27662 : AF;
  27663 : B3;
  27664 : B7;
  27665 : BA;
  27666 : BC;
  27667 : BE;
  27668 : C1;
  27669 : C6;
  27670 : C8;
  27671 : CA;
  27672 : CB;
  27673 : D0;
  27674 : A4;
  27675 : 2C;
  27676 : 10;
  27677 : 44;
  27678 : 67;
  27679 : 28;
  27680 : 14;
  27681 : 15;
  27682 : 16;
  27683 : 17;
  [27684..27686] : 18;
  [27687..27688] : 19;
  27689 : 18;
  27690 : 12;
  27691 : 20;
  27692 : 09;
  27693 : 02;
  27694 : 30;
  27695 : A5;
  27696 : AC;
  27697 : AD;
  27698 : B0;
  27699 : B3;
  27700 : B7;
  27701 : BA;
  27702 : BD;
  27703 : BF;
  27704 : C1;
  27705 : C4;
  27706 : C6;
  27707 : C9;
  27708 : CB;
  27709 : CF;
  27710 : C3;
  27711 : 22;
  27712 : 04;
  27713 : 29;
  27714 : 4C;
  27715 : 65;
  27716 : 2F;
  27717 : 15;
  27718 : 17;
  [27719..27720] : 16;
  [27721..27725] : 17;
  27726 : 16;
  27727 : 14;
  27728 : 21;
  27729 : 05;
  27730 : 03;
  27731 : 5F;
  27732 : B1;
  27733 : AE;
  27734 : B2;
  27735 : B7;
  27736 : BA;
  27737 : BD;
  27738 : C0;
  27739 : C3;
  27740 : C6;
  27741 : C8;
  27742 : CB;
  27743 : CE;
  27744 : D0;
  27745 : D2;
  27746 : D8;
  27747 : 57;
  27748 : 58;
  27749 : E3;
  27750 : D9;
  [27751..27752] : D8;
  [27753..27755] : D9;
  [27756..27757] : D8;
  [27758..27761] : D7;
  27762 : D5;
  27763 : D6;
  27764 : B5;
  27765 : 11;
  27766 : 03;
  27767 : 0F;
  27768 : 2C;
  27769 : 57;
  27770 : 52;
  27771 : 35;
  27772 : 10;
  [27773..27774] : 12;
  27775 : 13;
  27776 : 12;
  27777 : 13;
  [27778..27779] : 12;
  [27780..27781] : 11;
  27782 : 0F;
  27783 : 1D;
  27784 : 05;
  27785 : 6D;
  27786 : AD;
  27787 : AB;
  27788 : AE;
  27789 : B2;
  27790 : B6;
  27791 : B8;
  27792 : BA;
  27793 : BC;
  27794 : BF;
  27795 : C1;
  27796 : C3;
  27797 : C5;
  27798 : C8;
  27799 : C9;
  [27800..27801] : CB;
  27802 : D0;
  27803 : 95;
  27804 : 02;
  27805 : 03;
  27806 : 07;
  27807 : 0E;
  27808 : 2F;
  27809 : 43;
  27810 : 46;
  27811 : 57;
  27812 : 0B;
  [27813..27816] : 11;
  27817 : 10;
  27818 : 11;
  [27819..27821] : 10;
  27822 : 0F;
  27823 : 1F;
  27824 : 1E;
  27825 : 86;
  27826 : A7;
  27827 : A8;
  27828 : AC;
  27829 : AF;
  [27830..27849] : 80;
  27850 : E0;
  [27851..27852] : D7;
  27853 : D8;
  27854 : D7;
  27855 : D5;
  27856 : D6;
  27857 : C0;
  27858 : 3C;
  27859 : 11;
  27860 : 1F;
  27861 : 75;
  27862 : 42;
  27863 : 15;
  [27864..27865] : 1A;
  27866 : 19;
  [27867..27868] : 1A;
  27869 : 18;
  27870 : 19;
  27871 : 1A;
  27872 : 18;
  [27873..27874] : 10;
  27875 : 2D;
  27876 : 1D;
  27877 : 09;
  27878 : 05;
  27879 : 00;
  27880 : 45;
  27881 : A8;
  27882 : AA;
  27883 : AD;
  27884 : AF;
  27885 : B2;
  27886 : B6;
  27887 : B9;
  27888 : BC;
  27889 : C0;
  27890 : C3;
  27891 : C6;
  27892 : CA;
  27893 : CD;
  27894 : CF;
  27895 : D2;
  27896 : D3;
  [27897..27898] : D4;
  27899 : DA;
  27900 : 95;
  27901 : 1C;
  27902 : 31;
  27903 : 72;
  27904 : 1F;
  27905 : 16;
  [27906..27907] : 17;
  27908 : 16;
  27909 : 17;
  27910 : 16;
  27911 : 15;
  [27912..27913] : 17;
  27914 : 15;
  27915 : 0E;
  27916 : 22;
  27917 : 1D;
  27918 : 07;
  27919 : 04;
  27920 : 00;
  27921 : 3E;
  27922 : A7;
  27923 : AC;
  27924 : B1;
  27925 : B6;
  27926 : B9;
  27927 : BC;
  27928 : C0;
  27929 : C3;
  27930 : C6;
  27931 : C9;
  27932 : CD;
  27933 : CF;
  27934 : D1;
  27935 : D4;
  27936 : D6;
  27937 : D8;
  27938 : CA;
  27939 : 55;
  27940 : 6A;
  27941 : F1;
  27942 : DD;
  27943 : DE;
  [27944..27949] : DD;
  [27950..27953] : DC;
  [27954..27955] : DB;
  27956 : E0;
  27957 : AE;
  27958 : 29;
  27959 : 0B;
  27960 : 2B;
  27961 : 79;
  27962 : 2E;
  27963 : 13;
  27964 : 15;
  27965 : 16;
  27966 : 15;
  27967 : 16;
  [27968..27969] : 17;
  27970 : 16;
  [27971..27972] : 17;
  27973 : 0F;
  27974 : 23;
  27975 : 15;
  27976 : 02;
  27977 : 0A;
  27978 : 7E;
  27979 : A5;
  27980 : A7;
  27981 : AB;
  27982 : AF;
  27983 : B3;
  27984 : B7;
  27985 : BA;
  27986 : BD;
  27987 : BE;
  27988 : C1;
  27989 : C5;
  27990 : C8;
  27991 : CA;
  27992 : CB;
  27993 : D0;
  27994 : A6;
  27995 : 2D;
  27996 : 0F;
  27997 : 42;
  27998 : 67;
  27999 : 27;
  28000 : 13;
  28001 : 15;
  [28002..28004] : 16;
  [28005..28006] : 18;
  28007 : 17;
  28008 : 19;
  28009 : 17;
  28010 : 11;
  28011 : 1F;
  28012 : 09;
  28013 : 02;
  28014 : 2F;
  28015 : A5;
  28016 : AB;
  28017 : AD;
  28018 : B0;
  28019 : B4;
  28020 : B6;
  28021 : BA;
  28022 : BD;
  28023 : BF;
  28024 : C1;
  28025 : C4;
  28026 : C6;
  28027 : C9;
  28028 : CB;
  28029 : CF;
  28030 : C3;
  28031 : 23;
  28032 : 05;
  28033 : 29;
  28034 : 4B;
  28035 : 62;
  28036 : 2E;
  28037 : 14;
  28038 : 16;
  28039 : 15;
  [28040..28042] : 16;
  28043 : 17;
  [28044..28046] : 16;
  28047 : 14;
  28048 : 20;
  28049 : 04;
  28050 : 03;
  28051 : 5F;
  28052 : B0;
  28053 : AE;
  28054 : B2;
  28055 : B7;
  28056 : BB;
  28057 : BE;
  28058 : C0;
  28059 : C3;
  28060 : C6;
  28061 : C9;
  28062 : CB;
  28063 : CE;
  28064 : CF;
  28065 : D1;
  28066 : D7;
  28067 : 5A;
  28068 : 58;
  28069 : E3;
  28070 : D9;
  28071 : D8;
  [28072..28075] : D9;
  28076 : D8;
  [28077..28081] : D7;
  28082 : D5;
  28083 : D7;
  28084 : B7;
  28085 : 12;
  28086 : 04;
  28087 : 10;
  28088 : 2C;
  28089 : 5A;
  28090 : 52;
  28091 : 37;
  28092 : 0F;
  [28093..28099] : 12;
  [28100..28101] : 11;
  28102 : 0F;
  28103 : 1D;
  28104 : 06;
  28105 : 6C;
  28106 : AD;
  28107 : AB;
  28108 : AE;
  28109 : B2;
  28110 : B5;
  28111 : B8;
  28112 : BA;
  28113 : BB;
  28114 : BE;
  28115 : C1;
  28116 : C3;
  28117 : C5;
  28118 : C7;
  28119 : C9;
  [28120..28121] : CB;
  28122 : D0;
  28123 : 97;
  28124 : 02;
  28125 : 03;
  28126 : 07;
  28127 : 0E;
  28128 : 2F;
  28129 : 44;
  28130 : 45;
  28131 : 5B;
  28132 : 0B;
  [28133..28134] : 10;
  [28135..28136] : 11;
  [28137..28139] : 10;
  [28140..28141] : 0F;
  28142 : 10;
  28143 : 21;
  28144 : 1E;
  28145 : 84;
  28146 : A7;
  28147 : A8;
  28148 : AB;
  28149 : AE;
  [28150..28169] : 80;
  28170 : DF;
  [28171..28174] : D7;
  28175 : D5;
  28176 : D6;
  28177 : BE;
  28178 : 3C;
  28179 : 11;
  28180 : 1F;
  28181 : 76;
  28182 : 40;
  28183 : 17;
  [28184..28187] : 1A;
  [28188..28190] : 19;
  28191 : 1A;
  28192 : 17;
  28193 : 0F;
  28194 : 10;
  28195 : 2E;
  28196 : 1D;
  28197 : 09;
  28198 : 04;
  28199 : 00;
  28200 : 48;
  28201 : A8;
  28202 : A9;
  28203 : AC;
  28204 : AF;
  28205 : B2;
  28206 : B5;
  28207 : B9;
  28208 : BD;
  28209 : C0;
  28210 : C3;
  28211 : C7;
  28212 : CA;
  28213 : CD;
  28214 : D0;
  28215 : D2;
  [28216..28218] : D4;
  28219 : DA;
  28220 : 95;
  28221 : 1C;
  28222 : 31;
  28223 : 72;
  28224 : 1E;
  [28225..28229] : 17;
  [28230..28231] : 16;
  28232 : 17;
  28233 : 16;
  28234 : 14;
  28235 : 0E;
  28236 : 23;
  28237 : 1E;
  28238 : 08;
  28239 : 05;
  28240 : 00;
  28241 : 3F;
  28242 : A9;
  28243 : AC;
  28244 : B2;
  28245 : B6;
  28246 : BA;
  28247 : BD;
  28248 : C0;
  28249 : C3;
  28250 : C6;
  28251 : C9;
  28252 : CC;
  28253 : CF;
  28254 : D1;
  28255 : D4;
  28256 : D6;
  28257 : D8;
  28258 : CA;
  28259 : 54;
  28260 : 6B;
  28261 : F2;
  28262 : DD;
  28263 : DE;
  28264 : DD;
  28265 : DC;
  [28266..28268] : DD;
  28269 : DC;
  28270 : DB;
  [28271..28273] : DC;
  [28274..28275] : DB;
  28276 : E0;
  28277 : AF;
  28278 : 2A;
  28279 : 0C;
  28280 : 2C;
  28281 : 7B;
  28282 : 2E;
  28283 : 12;
  [28284..28287] : 15;
  [28288..28289] : 16;
  28290 : 15;
  [28291..28292] : 16;
  28293 : 0F;
  28294 : 23;
  28295 : 15;
  28296 : 02;
  28297 : 0B;
  28298 : 7F;
  28299 : A5;
  28300 : A7;
  28301 : AB;
  28302 : B0;
  28303 : B4;
  28304 : B8;
  28305 : BA;
  28306 : BD;
  28307 : BE;
  28308 : C1;
  28309 : C5;
  28310 : C8;
  28311 : C9;
  28312 : CA;
  28313 : D0;
  28314 : A7;
  28315 : 2D;
  28316 : 0F;
  28317 : 41;
  28318 : 66;
  28319 : 26;
  28320 : 12;
  28321 : 14;
  28322 : 15;
  [28323..28324] : 16;
  [28325..28328] : 17;
  28329 : 16;
  28330 : 10;
  28331 : 1E;
  28332 : 09;
  28333 : 02;
  28334 : 2E;
  28335 : A5;
  28336 : AB;
  28337 : AE;
  28338 : B1;
  28339 : B4;
  28340 : B6;
  28341 : BA;
  28342 : BD;
  28343 : BF;
  28344 : C1;
  28345 : C4;
  28346 : C7;
  28347 : CA;
  28348 : CB;
  28349 : CF;
  28350 : C2;
  28351 : 23;
  28352 : 04;
  28353 : 29;
  28354 : 4A;
  28355 : 61;
  28356 : 2D;
  28357 : 13;
  28358 : 16;
  [28359..28361] : 15;
  [28362..28365] : 16;
  [28366..28367] : 14;
  28368 : 20;
  28369 : 05;
  28370 : 03;
  28371 : 5E;
  28372 : B1;
  28373 : AF;
  28374 : B3;
  28375 : B8;
  28376 : BC;
  28377 : BD;
  28378 : C0;
  28379 : C3;
  28380 : C6;
  28381 : C9;
  28382 : CB;
  28383 : CE;
  28384 : CF;
  28385 : D0;
  28386 : D6;
  28387 : 5D;
  28388 : 57;
  28389 : E3;
  [28390..28392] : D9;
  28393 : DA;
  28394 : D9;
  [28395..28398] : D8;
  [28399..28400] : D7;
  28401 : D8;
  28402 : D5;
  28403 : D6;
  28404 : B8;
  28405 : 13;
  28406 : 04;
  28407 : 0F;
  28408 : 2C;
  28409 : 5A;
  28410 : 51;
  28411 : 3A;
  28412 : 0F;
  [28413..28418] : 12;
  28419 : 11;
  28420 : 10;
  28421 : 11;
  28422 : 10;
  28423 : 1F;
  28424 : 07;
  28425 : 6A;
  28426 : AD;
  28427 : AB;
  28428 : AF;
  28429 : B2;
  28430 : B5;
  28431 : B8;
  28432 : BA;
  28433 : BB;
  28434 : BE;
  28435 : C0;
  28436 : C3;
  28437 : C5;
  28438 : C7;
  28439 : CA;
  [28440..28441] : CB;
  28442 : D0;
  28443 : 9B;
  28444 : 04;
  28445 : 03;
  28446 : 07;
  28447 : 0F;
  28448 : 2E;
  28449 : 45;
  28450 : 42;
  28451 : 5C;
  28452 : 0A;
  [28453..28454] : 10;
  28455 : 11;
  [28456..28457] : 10;
  28458 : 0F;
  [28459..28460] : 10;
  [28461..28462] : 0F;
  28463 : 20;
  28464 : 1D;
  28465 : 82;
  28466 : A8;
  28467 : A9;
  28468 : AC;
  28469 : AE;
  [28470..28489] : 80;
  28490 : DF;
  28491 : D6;
  [28492..28494] : D7;
  [28495..28496] : D6;
  28497 : BE;
  28498 : 3A;
  28499 : 0F;
  28500 : 22;
  28501 : 77;
  28502 : 3F;
  28503 : 17;
  28504 : 19;
  [28505..28506] : 1A;
  [28507..28508] : 19;
  28509 : 18;
  28510 : 19;
  28511 : 1A;
  28512 : 16;
  28513 : 0F;
  28514 : 11;
  28515 : 2E;
  28516 : 1C;
  28517 : 08;
  28518 : 04;
  28519 : 00;
  28520 : 4A;
  28521 : A9;
  28522 : AA;
  28523 : AC;
  28524 : AF;
  28525 : B2;
  28526 : B6;
  28527 : B9;
  28528 : BC;
  28529 : BF;
  28530 : C3;
  28531 : C7;
  28532 : CB;
  28533 : CD;
  28534 : D0;
  28535 : D2;
  28536 : D3;
  [28537..28538] : D4;
  28539 : D9;
  28540 : 93;
  28541 : 1D;
  28542 : 32;
  28543 : 73;
  28544 : 1D;
  28545 : 17;
  28546 : 18;
  28547 : 17;
  28548 : 18;
  28549 : 17;
  [28550..28551] : 16;
  28552 : 17;
  28553 : 16;
  28554 : 14;
  28555 : 0D;
  28556 : 23;
  28557 : 1E;
  28558 : 08;
  28559 : 04;
  28560 : 00;
  28561 : 40;
  28562 : AA;
  28563 : AE;
  28564 : B3;
  28565 : B8;
  28566 : BB;
  28567 : BD;
  28568 : C0;
  28569 : C3;
  28570 : C7;
  28571 : CA;
  28572 : CD;
  28573 : CF;
  28574 : D1;
  28575 : D3;
  28576 : D6;
  28577 : D8;
  28578 : CA;
  28579 : 54;
  28580 : 6A;
  28581 : F1;
  28582 : DC;
  28583 : DD;
  28584 : DE;
  [28585..28587] : DD;
  28588 : DC;
  28589 : DD;
  [28590..28593] : DC;
  [28594..28595] : DB;
  28596 : E0;
  28597 : B0;
  28598 : 29;
  28599 : 0B;
  28600 : 2C;
  28601 : 78;
  28602 : 2D;
  28603 : 13;
  [28604..28606] : 15;
  28607 : 14;
  [28608..28610] : 15;
  28611 : 17;
  28612 : 16;
  28613 : 0E;
  28614 : 22;
  28615 : 15;
  28616 : 03;
  28617 : 0B;
  28618 : 80;
  28619 : A6;
  28620 : A8;
  28621 : AC;
  28622 : B0;
  28623 : B4;
  28624 : B8;
  28625 : BB;
  28626 : BC;
  28627 : BD;
  28628 : C1;
  28629 : C5;
  28630 : C7;
  28631 : C9;
  28632 : CA;
  28633 : D0;
  28634 : A8;
  28635 : 2E;
  28636 : 0F;
  28637 : 3E;
  28638 : 64;
  28639 : 25;
  28640 : 12;
  [28641..28642] : 14;
  28643 : 15;
  28644 : 16;
  28645 : 17;
  [28646..28647] : 16;
  28648 : 17;
  28649 : 15;
  28650 : 0F;
  28651 : 1D;
  28652 : 09;
  28653 : 02;
  28654 : 2D;
  28655 : A4;
  28656 : AC;
  28657 : AF;
  28658 : B1;
  28659 : B4;
  28660 : B6;
  28661 : B9;
  28662 : BC;
  28663 : BF;
  28664 : C0;
  28665 : C3;
  28666 : C7;
  28667 : C9;
  28668 : CB;
  28669 : CE;
  28670 : C2;
  28671 : 23;
  28672 : 04;
  28673 : 28;
  28674 : 4A;
  28675 : 62;
  28676 : 2E;
  28677 : 13;
  28678 : 15;
  [28679..28680] : 14;
  [28681..28685] : 15;
  28686 : 14;
  28687 : 13;
  28688 : 20;
  28689 : 05;
  28690 : 03;
  28691 : 5E;
  28692 : B1;
  28693 : AE;
  28694 : B3;
  28695 : B8;
  28696 : BC;
  28697 : BE;
  28698 : C0;
  28699 : C3;
  28700 : C6;
  28701 : C8;
  28702 : CC;
  28703 : CE;
  28704 : CF;
  28705 : D2;
  28706 : D7;
  28707 : 5C;
  28708 : 56;
  28709 : E4;
  28710 : DA;
  28711 : D9;
  28712 : DA;
  [28713..28715] : D9;
  28716 : D8;
  [28717..28721] : D7;
  28722 : D5;
  28723 : D6;
  28724 : BA;
  28725 : 14;
  28726 : 04;
  28727 : 0F;
  28728 : 2B;
  28729 : 59;
  28730 : 51;
  28731 : 3C;
  28732 : 0E;
  [28733..28735] : 12;
  [28736..28737] : 11;
  28738 : 12;
  28739 : 11;
  28740 : 10;
  28741 : 11;
  28742 : 0F;
  28743 : 1F;
  28744 : 08;
  28745 : 69;
  28746 : AC;
  28747 : AB;
  28748 : AF;
  28749 : B2;
  28750 : B5;
  28751 : B8;
  28752 : BA;
  28753 : BB;
  28754 : BE;
  28755 : C1;
  28756 : C3;
  28757 : C5;
  28758 : C7;
  28759 : C9;
  [28760..28761] : CB;
  28762 : D0;
  28763 : 9C;
  28764 : 04;
  28765 : 03;
  28766 : 07;
  28767 : 0D;
  28768 : 2D;
  28769 : 45;
  28770 : 40;
  28771 : 5C;
  28772 : 0A;
  28773 : 11;
  [28774..28777] : 10;
  [28778..28782] : 0F;
  28783 : 20;
  28784 : 1D;
  28785 : 81;
  28786 : A7;
  28787 : A8;
  28788 : AB;
  28789 : AE;
  [28790..28809] : 80;
  28810 : DF;
  28811 : D6;
  [28812..28814] : D7;
  28815 : D5;
  28816 : D6;
  28817 : BC;
  28818 : 37;
  28819 : 0F;
  28820 : 26;
  28821 : 7C;
  28822 : 3D;
  28823 : 17;
  28824 : 1B;
  28825 : 1A;
  [28826..28829] : 19;
  28830 : 18;
  28831 : 19;
  28832 : 15;
  28833 : 0F;
  28834 : 11;
  28835 : 2F;
  28836 : 1C;
  28837 : 08;
  28838 : 03;
  28839 : 00;
  28840 : 4C;
  [28841..28842] : A9;
  28843 : AB;
  28844 : AF;
  28845 : B1;
  28846 : B5;
  28847 : BA;
  28848 : BC;
  28849 : BF;
  28850 : C3;
  28851 : C7;
  28852 : CB;
  28853 : CE;
  28854 : D0;
  28855 : D2;
  28856 : D3;
  [28857..28858] : D4;
  28859 : D9;
  28860 : 90;
  28861 : 1C;
  28862 : 31;
  28863 : 72;
  28864 : 1D;
  28865 : 17;
  28866 : 18;
  [28867..28868] : 17;
  28869 : 18;
  28870 : 17;
  [28871..28873] : 16;
  28874 : 14;
  28875 : 0E;
  28876 : 23;
  28877 : 1D;
  28878 : 07;
  28879 : 04;
  28880 : 00;
  28881 : 41;
  28882 : AB;
  28883 : AF;
  28884 : B4;
  28885 : B8;
  28886 : BC;
  28887 : BE;
  28888 : C0;
  28889 : C4;
  28890 : C6;
  28891 : C9;
  28892 : CC;
  28893 : CF;
  28894 : D1;
  28895 : D4;
  28896 : D6;
  28897 : D8;
  28898 : C9;
  28899 : 53;
  28900 : 6A;
  28901 : F1;
  28902 : DC;
  [28903..28907] : DD;
  [28908..28910] : DC;
  28911 : DB;
  [28912..28913] : DC;
  [28914..28915] : DB;
  28916 : E0;
  28917 : B2;
  28918 : 28;
  28919 : 0A;
  28920 : 2B;
  28921 : 76;
  28922 : 2B;
  28923 : 12;
  [28924..28929] : 14;
  28930 : 15;
  28931 : 16;
  28932 : 15;
  28933 : 0E;
  28934 : 21;
  28935 : 14;
  28936 : 02;
  28937 : 0B;
  28938 : 80;
  28939 : A7;
  28940 : A8;
  28941 : AC;
  28942 : B0;
  28943 : B4;
  28944 : B7;
  28945 : BA;
  28946 : BD;
  28947 : BE;
  28948 : C0;
  28949 : C4;
  28950 : C7;
  28951 : C9;
  28952 : CA;
  28953 : D0;
  28954 : A9;
  28955 : 2D;
  28956 : 0E;
  28957 : 3D;
  28958 : 60;
  28959 : 25;
  28960 : 13;
  [28961..28962] : 14;
  28963 : 15;
  28964 : 16;
  28965 : 17;
  [28966..28968] : 16;
  28969 : 15;
  28970 : 0F;
  28971 : 1D;
  28972 : 09;
  28973 : 02;
  28974 : 2C;
  28975 : A2;
  28976 : AB;
  28977 : AE;
  28978 : B2;
  28979 : B4;
  28980 : B6;
  28981 : B9;
  28982 : BD;
  28983 : BF;
  28984 : C1;
  28985 : C4;
  28986 : C6;
  28987 : C9;
  28988 : CB;
  28989 : CE;
  28990 : C3;
  28991 : 25;
  28992 : 04;
  28993 : 2A;
  28994 : 4B;
  28995 : 63;
  28996 : 2E;
  28997 : 13;
  [28998..28999] : 15;
  29000 : 14;
  [29001..29003] : 15;
  29004 : 14;
  29005 : 15;
  29006 : 14;
  29007 : 13;
  29008 : 21;
  29009 : 05;
  29010 : 03;
  29011 : 5C;
  29012 : B0;
  29013 : AF;
  29014 : B3;
  29015 : B8;
  29016 : BC;
  29017 : BE;
  29018 : C0;
  29019 : C3;
  29020 : C6;
  29021 : C8;
  29022 : CB;
  29023 : CE;
  29024 : CF;
  29025 : D1;
  29026 : D6;
  29027 : 5B;
  29028 : 54;
  29029 : E4;
  29030 : DB;
  [29031..29035] : D9;
  29036 : D8;
  29037 : D7;
  29038 : D8;
  [29039..29040] : D7;
  29041 : D6;
  29042 : D4;
  29043 : D6;
  29044 : BC;
  29045 : 15;
  29046 : 03;
  29047 : 0F;
  29048 : 2B;
  29049 : 59;
  29050 : 53;
  29051 : 3D;
  29052 : 0D;
  [29053..29054] : 11;
  29055 : 10;
  29056 : 11;
  [29057..29059] : 10;
  29060 : 11;
  29061 : 10;
  29062 : 0F;
  29063 : 20;
  29064 : 09;
  29065 : 65;
  29066 : AD;
  29067 : AB;
  29068 : AE;
  29069 : B2;
  29070 : B5;
  29071 : B8;
  29072 : BA;
  29073 : BC;
  29074 : BE;
  29075 : C1;
  29076 : C3;
  29077 : C5;
  29078 : C7;
  29079 : C9;
  29080 : CA;
  29081 : CB;
  29082 : CF;
  29083 : A0;
  29084 : 06;
  29085 : 03;
  29086 : 07;
  29087 : 0C;
  29088 : 2C;
  29089 : 45;
  29090 : 3E;
  29091 : 5C;
  29092 : 0A;
  [29093..29097] : 10;
  [29098..29099] : 0F;
  29100 : 0E;
  [29101..29102] : 0F;
  29103 : 1F;
  29104 : 1C;
  29105 : 7F;
  [29106..29107] : A7;
  29108 : AC;
  29109 : AF;
  [29110..29129] : 80;
  29130 : E0;
  [29131..29134] : D7;
  29135 : D5;
  29136 : D6;
  29137 : BA;
  29138 : 36;
  29139 : 10;
  29140 : 27;
  29141 : 7F;
  29142 : 3C;
  29143 : 17;
  [29144..29145] : 1A;
  29146 : 19;
  [29147..29148] : 1A;
  [29149..29151] : 19;
  29152 : 15;
  29153 : 0E;
  29154 : 11;
  29155 : 2E;
  29156 : 1C;
  29157 : 08;
  29158 : 04;
  29159 : 00;
  29160 : 4D;
  [29161..29162] : A9;
  29163 : AA;
  29164 : AE;
  29165 : B2;
  29166 : B6;
  29167 : BA;
  29168 : BC;
  29169 : BF;
  29170 : C2;
  29171 : C7;
  29172 : CB;
  29173 : CE;
  29174 : D0;
  29175 : D2;
  [29176..29177] : D4;
  29178 : D3;
  29179 : D8;
  29180 : 8D;
  29181 : 1D;
  29182 : 2F;
  29183 : 73;
  29184 : 1E;
  29185 : 17;
  [29186..29187] : 18;
  [29188..29191] : 17;
  [29192..29193] : 16;
  29194 : 13;
  29195 : 0E;
  29196 : 25;
  29197 : 1D;
  29198 : 07;
  29199 : 04;
  29200 : 00;
  29201 : 42;
  29202 : AC;
  29203 : B0;
  29204 : B5;
  29205 : B9;
  29206 : BC;
  29207 : BF;
  29208 : C1;
  29209 : C3;
  29210 : C7;
  29211 : CA;
  29212 : CC;
  29213 : CF;
  29214 : D2;
  29215 : D4;
  29216 : D6;
  29217 : D7;
  29218 : C9;
  29219 : 52;
  29220 : 69;
  29221 : F1;
  29222 : DC;
  [29223..29228] : DD;
  [29229..29230] : DC;
  [29231..29232] : DB;
  [29233..29235] : DC;
  29236 : E0;
  29237 : B2;
  29238 : 29;
  29239 : 0A;
  29240 : 2C;
  29241 : 76;
  29242 : 2C;
  29243 : 12;
  29244 : 15;
  29245 : 14;
  29246 : 13;
  [29247..29248] : 14;
  29249 : 13;
  29250 : 14;
  [29251..29252] : 15;
  29253 : 0E;
  29254 : 21;
  29255 : 14;
  29256 : 02;
  29257 : 0B;
  29258 : 81;
  29259 : A7;
  29260 : A8;
  29261 : AC;
  29262 : B0;
  29263 : B4;
  29264 : B6;
  29265 : B9;
  29266 : BC;
  29267 : BE;
  29268 : C1;
  29269 : C4;
  29270 : C8;
  29271 : C9;
  29272 : CA;
  29273 : D1;
  29274 : A9;
  29275 : 2D;
  29276 : 0F;
  29277 : 3D;
  29278 : 60;
  29279 : 26;
  29280 : 12;
  [29281..29283] : 14;
  [29284..29287] : 16;
  29288 : 15;
  29289 : 14;
  29290 : 0F;
  29291 : 1D;
  29292 : 09;
  29293 : 02;
  29294 : 2B;
  29295 : A2;
  29296 : AA;
  29297 : AE;
  29298 : B2;
  29299 : B5;
  29300 : B7;
  29301 : BA;
  29302 : BD;
  29303 : BE;
  29304 : C1;
  29305 : C4;
  29306 : C6;
  29307 : C8;
  29308 : CA;
  29309 : CE;
  29310 : C5;
  29311 : 26;
  29312 : 04;
  29313 : 2C;
  29314 : 4D;
  29315 : 63;
  29316 : 2F;
  29317 : 13;
  [29318..29319] : 15;
  [29320..29321] : 14;
  [29322..29324] : 15;
  29325 : 14;
  [29326..29327] : 13;
  29328 : 21;
  29329 : 05;
  29330 : 02;
  29331 : 5C;
  29332 : B1;
  29333 : AE;
  29334 : B2;
  29335 : B7;
  29336 : BB;
  29337 : BD;
  29338 : BF;
  29339 : C2;
  29340 : C5;
  29341 : C8;
  29342 : CB;
  29343 : CE;
  29344 : CF;
  29345 : D2;
  29346 : D6;
  29347 : 5C;
  29348 : 51;
  29349 : E4;
  29350 : DB;
  [29351..29355] : D9;
  [29356..29357] : D8;
  [29358..29359] : D7;
  [29360..29361] : D6;
  29362 : D4;
  29363 : D5;
  29364 : BD;
  29365 : 15;
  29366 : 03;
  29367 : 0E;
  29368 : 2B;
  29369 : 5A;
  29370 : 53;
  29371 : 40;
  29372 : 0D;
  [29373..29374] : 11;
  [29375..29376] : 10;
  29377 : 11;
  [29378..29381] : 10;
  29382 : 0F;
  29383 : 21;
  29384 : 08;
  29385 : 65;
  29386 : AD;
  29387 : AC;
  29388 : AF;
  29389 : B2;
  29390 : B5;
  29391 : B8;
  29392 : BA;
  29393 : BC;
  29394 : BE;
  29395 : C1;
  29396 : C3;
  29397 : C5;
  29398 : C7;
  29399 : C9;
  29400 : CA;
  29401 : CB;
  29402 : CF;
  29403 : A3;
  29404 : 07;
  29405 : 03;
  29406 : 07;
  29407 : 0C;
  29408 : 2B;
  29409 : 44;
  29410 : 3A;
  29411 : 5D;
  29412 : 09;
  [29413..29414] : 10;
  [29415..29420] : 0F;
  29421 : 0E;
  29422 : 0F;
  29423 : 20;
  29424 : 1C;
  29425 : 7D;
  [29426..29427] : A7;
  29428 : AC;
  29429 : AE;
  [29430..29449] : 80;
  29450 : E0;
  29451 : D7;
  29452 : D8;
  [29453..29454] : D7;
  29455 : D5;
  29456 : D6;
  29457 : B9;
  29458 : 35;
  29459 : 10;
  29460 : 29;
  29461 : 81;
  29462 : 3C;
  29463 : 17;
  29464 : 1A;
  29465 : 1B;
  29466 : 1A;
  29467 : 19;
  29468 : 1A;
  29469 : 18;
  [29470..29471] : 19;
  29472 : 15;
  29473 : 0F;
  29474 : 13;
  29475 : 30;
  29476 : 1B;
  29477 : 08;
  29478 : 04;
  29479 : 00;
  29480 : 4F;
  29481 : AA;
  29482 : A9;
  29483 : AA;
  29484 : AE;
  29485 : B2;
  29486 : B6;
  29487 : BA;
  29488 : BD;
  29489 : BF;
  29490 : C2;
  29491 : C6;
  29492 : CB;
  29493 : CE;
  29494 : CF;
  29495 : D2;
  29496 : D4;
  [29497..29498] : D3;
  29499 : D8;
  29500 : 8D;
  29501 : 1E;
  29502 : 32;
  29503 : 76;
  29504 : 1E;
  29505 : 17;
  29506 : 18;
  [29507..29513] : 17;
  29514 : 12;
  29515 : 0E;
  29516 : 26;
  29517 : 1D;
  29518 : 06;
  29519 : 04;
  29520 : 00;
  29521 : 43;
  29522 : AC;
  29523 : B0;
  29524 : B5;
  29525 : BA;
  29526 : BD;
  29527 : BF;
  29528 : C0;
  29529 : C3;
  29530 : C6;
  29531 : C9;
  29532 : CC;
  29533 : CF;
  29534 : D1;
  29535 : D3;
  29536 : D7;
  29537 : D8;
  29538 : C9;
  29539 : 51;
  29540 : 69;
  29541 : F1;
  29542 : DB;
  [29543..29547] : DD;
  [29548..29555] : DC;
  29556 : E0;
  29557 : B2;
  29558 : 2A;
  29559 : 0B;
  29560 : 2E;
  29561 : 79;
  29562 : 2D;
  29563 : 12;
  [29564..29569] : 14;
  [29570..29571] : 15;
  29572 : 14;
  29573 : 0D;
  29574 : 23;
  29575 : 15;
  29576 : 02;
  29577 : 0C;
  29578 : 83;
  29579 : A7;
  29580 : A8;
  29581 : AC;
  29582 : B0;
  29583 : B4;
  29584 : B7;
  29585 : BA;
  29586 : BC;
  29587 : BE;
  29588 : C1;
  29589 : C5;
  29590 : C8;
  29591 : C9;
  29592 : CA;
  29593 : D1;
  29594 : A8;
  29595 : 2C;
  29596 : 0F;
  29597 : 3D;
  29598 : 60;
  29599 : 27;
  29600 : 12;
  [29601..29603] : 14;
  29604 : 16;
  29605 : 15;
  29606 : 16;
  29607 : 15;
  29608 : 16;
  29609 : 13;
  29610 : 0F;
  29611 : 1E;
  29612 : 09;
  29613 : 02;
  29614 : 2B;
  29615 : A4;
  29616 : AB;
  29617 : AF;
  29618 : B2;
  29619 : B5;
  29620 : B7;
  29621 : BB;
  29622 : BD;
  29623 : BF;
  29624 : C1;
  29625 : C3;
  29626 : C6;
  29627 : C9;
  29628 : CA;
  29629 : CD;
  29630 : C6;
  29631 : 27;
  29632 : 04;
  29633 : 2C;
  29634 : 50;
  29635 : 64;
  29636 : 30;
  29637 : 12;
  29638 : 15;
  [29639..29641] : 14;
  [29642..29643] : 15;
  29644 : 14;
  29645 : 15;
  29646 : 14;
  29647 : 13;
  29648 : 23;
  29649 : 05;
  29650 : 03;
  29651 : 5C;
  29652 : B0;
  29653 : AE;
  29654 : B2;
  29655 : B6;
  29656 : BA;
  29657 : BC;
  29658 : BF;
  29659 : C2;
  29660 : C5;
  29661 : C8;
  29662 : CB;
  29663 : CE;
  29664 : CF;
  29665 : D1;
  29666 : D5;
  29667 : 5D;
  29668 : 4F;
  29669 : E3;
  29670 : DB;
  29671 : D8;
  [29672..29674] : D9;
  [29675..29677] : D8;
  [29678..29680] : D7;
  29681 : D5;
  29682 : D4;
  29683 : D5;
  29684 : BD;
  29685 : 15;
  29686 : 03;
  29687 : 0F;
  29688 : 2A;
  29689 : 59;
  29690 : 53;
  29691 : 43;
  29692 : 0C;
  [29693..29696] : 10;
  29697 : 11;
  29698 : 10;
  [29699..29701] : 11;
  29702 : 0F;
  29703 : 21;
  29704 : 09;
  29705 : 64;
  29706 : AD;
  29707 : AC;
  29708 : AF;
  29709 : B3;
  29710 : B5;
  29711 : B8;
  29712 : BA;
  29713 : BB;
  29714 : BD;
  29715 : C0;
  29716 : C3;
  29717 : C5;
  29718 : C7;
  29719 : C9;
  29720 : CB;
  29721 : CC;
  29722 : CF;
  29723 : A6;
  29724 : 08;
  29725 : 03;
  29726 : 08;
  29727 : 0C;
  29728 : 29;
  29729 : 44;
  29730 : 3A;
  29731 : 61;
  29732 : 09;
  29733 : 10;
  [29734..29735] : 0F;
  [29736..29740] : 0E;
  [29741..29742] : 0F;
  29743 : 21;
  29744 : 1C;
  29745 : 7D;
  [29746..29747] : A7;
  29748 : AC;
  29749 : AE;
  [29750..29769] : 80;
  29770 : E1;
  29771 : D7;
  29772 : D8;
  [29773..29774] : D7;
  29775 : D5;
  29776 : D7;
  29777 : B8;
  29778 : 35;
  29779 : 10;
  29780 : 2B;
  29781 : 82;
  29782 : 3A;
  29783 : 17;
  [29784..29788] : 1A;
  [29789..29791] : 19;
  29792 : 15;
  29793 : 10;
  29794 : 14;
  29795 : 30;
  29796 : 1B;
  29797 : 08;
  29798 : 04;
  29799 : 00;
  29800 : 51;
  29801 : AA;
  29802 : A8;
  29803 : AB;
  29804 : AE;
  29805 : B2;
  29806 : B5;
  29807 : B9;
  29808 : BC;
  29809 : BF;
  29810 : C1;
  29811 : C6;
  29812 : CB;
  29813 : CD;
  29814 : D0;
  29815 : D2;
  [29816..29817] : D4;
  29818 : D3;
  29819 : D8;
  29820 : 8A;
  29821 : 1E;
  29822 : 33;
  29823 : 77;
  29824 : 1D;
  29825 : 17;
  [29826..29828] : 18;
  [29829..29830] : 17;
  29831 : 16;
  [29832..29833] : 17;
  29834 : 13;
  29835 : 0E;
  29836 : 27;
  29837 : 1D;
  29838 : 07;
  29839 : 04;
  29840 : 00;
  29841 : 44;
  29842 : AC;
  29843 : B0;
  29844 : B5;
  29845 : B9;
  29846 : BD;
  29847 : BF;
  29848 : C0;
  29849 : C3;
  29850 : C6;
  29851 : C9;
  29852 : CC;
  29853 : CE;
  29854 : D0;
  29855 : D4;
  29856 : D7;
  29857 : D8;
  29858 : C8;
  29859 : 4F;
  29860 : 69;
  29861 : F0;
  29862 : DB;
  [29863..29865] : DC;
  [29866..29868] : DD;
  29869 : DC;
  29870 : DB;
  [29871..29875] : DC;
  29876 : E0;
  29877 : B1;
  29878 : 2A;
  29879 : 0C;
  29880 : 2E;
  29881 : 7A;
  29882 : 2D;
  29883 : 13;
  29884 : 15;
  29885 : 14;
  [29886..29887] : 15;
  [29888..29890] : 14;
  29891 : 15;
  29892 : 14;
  29893 : 0D;
  29894 : 22;
  29895 : 16;
  29896 : 02;
  29897 : 0C;
  29898 : 85;
  29899 : A7;
  29900 : A9;
  29901 : AD;
  29902 : B0;
  29903 : B4;
  29904 : B8;
  29905 : BA;
  29906 : BC;
  29907 : BE;
  29908 : C1;
  29909 : C4;
  29910 : C7;
  29911 : C9;
  29912 : CA;
  29913 : D1;
  29914 : A6;
  29915 : 2D;
  29916 : 11;
  29917 : 3A;
  29918 : 60;
  29919 : 26;
  29920 : 12;
  [29921..29923] : 14;
  [29924..29925] : 15;
  29926 : 16;
  [29927..29928] : 15;
  29929 : 14;
  29930 : 10;
  29931 : 1F;
  29932 : 09;
  29933 : 02;
  29934 : 2B;
  29935 : A4;
  29936 : AB;
  29937 : AF;
  29938 : B3;
  29939 : B6;
  29940 : B8;
  29941 : BB;
  29942 : BD;
  29943 : BF;
  29944 : C0;
  29945 : C3;
  29946 : C6;
  29947 : C9;
  29948 : CA;
  29949 : CE;
  29950 : C6;
  29951 : 27;
  29952 : 04;
  29953 : 2B;
  29954 : 50;
  29955 : 64;
  29956 : 32;
  29957 : 12;
  29958 : 14;
  [29959..29962] : 15;
  [29963..29964] : 14;
  29965 : 15;
  [29966..29967] : 14;
  29968 : 23;
  29969 : 06;
  29970 : 03;
  29971 : 5B;
  29972 : B0;
  29973 : AD;
  29974 : B1;
  29975 : B6;
  29976 : BA;
  29977 : BC;
  29978 : BF;
  29979 : C2;
  29980 : C4;
  29981 : C8;
  29982 : CB;
  29983 : CD;
  29984 : CF;
  29985 : D2;
  29986 : D5;
  29987 : 5E;
  29988 : 4E;
  29989 : E2;
  29990 : DA;
  29991 : D8;
  29992 : D9;
  [29993..29994] : D8;
  29995 : D9;
  [29996..29997] : D8;
  [29998..29999] : D7;
  30000 : D6;
  [30001..30003] : D5;
  30004 : BD;
  30005 : 16;
  30006 : 03;
  30007 : 0F;
  30008 : 29;
  30009 : 59;
  30010 : 53;
  30011 : 44;
  30012 : 0C;
  [30013..30019] : 10;
  [30020..30021] : 11;
  30022 : 10;
  30023 : 21;
  30024 : 0A;
  30025 : 63;
  30026 : AD;
  30027 : AC;
  30028 : AF;
  30029 : B2;
  30030 : B6;
  30031 : B9;
  30032 : BB;
  30033 : BC;
  30034 : BE;
  30035 : C0;
  30036 : C3;
  30037 : C5;
  30038 : C7;
  30039 : CA;
  30040 : CB;
  30041 : CC;
  30042 : CE;
  30043 : A8;
  30044 : 09;
  30045 : 03;
  30046 : 08;
  30047 : 0C;
  30048 : 28;
  30049 : 44;
  30050 : 39;
  30051 : 64;
  30052 : 0A;
  30053 : 0F;
  30054 : 10;
  30055 : 0F;
  [30056..30058] : 0E;
  [30059..30062] : 0F;
  30063 : 21;
  30064 : 1C;
  30065 : 7B;
  30066 : A7;
  30067 : A8;
  30068 : AC;
  30069 : AF;
  [30070..30089] : 80;
  30090 : E1;
  [30091..30092] : D8;
  [30093..30094] : D7;
  30095 : D6;
  30096 : D7;
  30097 : B8;
  30098 : 35;
  30099 : 10;
  30100 : 2C;
  30101 : 82;
  30102 : 37;
  30103 : 17;
  30104 : 19;
  30105 : 1A;
  [30106..30107] : 19;
  30108 : 1A;
  [30109..30110] : 18;
  30111 : 19;
  30112 : 15;
  30113 : 10;
  30114 : 14;
  30115 : 31;
  30116 : 1B;
  30117 : 08;
  30118 : 04;
  30119 : 00;
  30120 : 52;
  30121 : AA;
  30122 : A8;
  30123 : AA;
  30124 : AD;
  30125 : B2;
  30126 : B6;
  30127 : B9;
  30128 : BC;
  30129 : BF;
  30130 : C1;
  30131 : C6;
  30132 : CA;
  30133 : CD;
  30134 : CF;
  30135 : D2;
  [30136..30138] : D4;
  30139 : D9;
  30140 : 8A;
  30141 : 1E;
  30142 : 34;
  30143 : 78;
  30144 : 1C;
  [30145..30146] : 18;
  30147 : 17;
  30148 : 18;
  [30149..30151] : 17;
  [30152..30153] : 16;
  30154 : 13;
  30155 : 0F;
  30156 : 27;
  30157 : 1C;
  30158 : 07;
  30159 : 05;
  30160 : 00;
  30161 : 45;
  30162 : AC;
  30163 : B0;
  30164 : B4;
  30165 : B9;
  30166 : BD;
  30167 : BF;
  30168 : C0;
  30169 : C2;
  30170 : C5;
  30171 : C9;
  30172 : CB;
  30173 : CE;
  30174 : D1;
  30175 : D4;
  30176 : D7;
  30177 : D8;
  30178 : C8;
  30179 : 4F;
  30180 : 6A;
  30181 : F0;
  30182 : DB;
  [30183..30184] : DC;
  30185 : DD;
  [30186..30194] : DC;
  30195 : DB;
  30196 : E0;
  30197 : B0;
  30198 : 29;
  30199 : 0B;
  30200 : 2D;
  30201 : 78;
  30202 : 2C;
  30203 : 13;
  30204 : 15;
  [30205..30206] : 14;
  [30207..30209] : 15;
  30210 : 14;
  30211 : 15;
  30212 : 14;
  30213 : 0D;
  30214 : 22;
  30215 : 15;
  30216 : 02;
  30217 : 0D;
  30218 : 86;
  30219 : A7;
  30220 : A9;
  30221 : AC;
  30222 : B0;
  30223 : B4;
  30224 : B7;
  30225 : BB;
  30226 : BC;
  30227 : BE;
  30228 : C0;
  30229 : C4;
  30230 : C7;
  [30231..30232] : C9;
  30233 : D0;
  30234 : A4;
  30235 : 2D;
  30236 : 13;
  30237 : 3C;
  30238 : 61;
  30239 : 25;
  30240 : 12;
  [30241..30242] : 13;
  [30243..30244] : 14;
  30245 : 15;
  30246 : 16;
  [30247..30248] : 15;
  30249 : 14;
  30250 : 10;
  30251 : 1E;
  30252 : 09;
  30253 : 02;
  30254 : 2B;
  30255 : A4;
  30256 : AC;
  30257 : B0;
  30258 : B3;
  30259 : B6;
  30260 : B8;
  30261 : BB;
  30262 : BD;
  30263 : BE;
  30264 : C0;
  30265 : C3;
  30266 : C6;
  30267 : C8;
  30268 : CA;
  30269 : CD;
  30270 : C6;
  30271 : 28;
  30272 : 04;
  30273 : 29;
  30274 : 4E;
  30275 : 64;
  30276 : 32;
  30277 : 13;
  [30278..30279] : 15;
  [30280..30282] : 14;
  30283 : 15;
  [30284..30285] : 14;
  30286 : 13;
  30287 : 14;
  30288 : 25;
  30289 : 06;
  30290 : 02;
  30291 : 59;
  30292 : AE;
  30293 : AD;
  30294 : B1;
  30295 : B6;
  30296 : BA;
  30297 : BC;
  30298 : BF;
  30299 : C1;
  30300 : C4;
  30301 : C8;
  30302 : CA;
  30303 : CD;
  30304 : CE;
  30305 : D1;
  30306 : D5;
  30307 : 5E;
  30308 : 4E;
  30309 : E1;
  30310 : DA;
  30311 : D8;
  [30312..30314] : D9;
  [30315..30318] : D8;
  30319 : D7;
  30320 : D6;
  30321 : D5;
  30322 : D4;
  30323 : D5;
  30324 : BF;
  30325 : 17;
  30326 : 03;
  30327 : 0E;
  30328 : 29;
  30329 : 59;
  30330 : 52;
  30331 : 46;
  30332 : 0C;
  30333 : 10;
  30334 : 0F;
  [30335..30341] : 10;
  30342 : 0F;
  30343 : 22;
  30344 : 0A;
  30345 : 62;
  30346 : AC;
  30347 : AB;
  30348 : AF;
  30349 : B3;
  30350 : B5;
  30351 : B9;
  30352 : BB;
  30353 : BC;
  30354 : BE;
  30355 : C0;
  30356 : C2;
  30357 : C5;
  30358 : C8;
  30359 : CA;
  30360 : CB;
  30361 : CC;
  30362 : CE;
  30363 : AA;
  30364 : 0A;
  30365 : 03;
  30366 : 07;
  30367 : 0B;
  30368 : 28;
  30369 : 43;
  30370 : 39;
  30371 : 65;
  30372 : 0B;
  [30373..30374] : 10;
  [30375..30377] : 0F;
  30378 : 0E;
  [30379..30380] : 0F;
  30381 : 0E;
  30382 : 0F;
  30383 : 21;
  30384 : 1C;
  30385 : 78;
  30386 : A7;
  30387 : A8;
  30388 : AD;
  30389 : AF;
  [30390..30409] : 80;
  30410 : E1;
  [30411..30412] : D9;
  [30413..30414] : D8;
  [30415..30416] : D7;
  30417 : B9;
  30418 : 35;
  30419 : 11;
  30420 : 2D;
  30421 : 84;
  30422 : 34;
  30423 : 17;
  [30424..30426] : 19;
  30427 : 1A;
  [30428..30431] : 19;
  30432 : 15;
  30433 : 10;
  30434 : 15;
  30435 : 32;
  30436 : 1A;
  30437 : 07;
  30438 : 04;
  30439 : 00;
  30440 : 54;
  30441 : A9;
  30442 : A8;
  30443 : AA;
  30444 : AE;
  30445 : B2;
  30446 : B5;
  30447 : B9;
  30448 : BC;
  30449 : BE;
  30450 : C1;
  30451 : C5;
  30452 : C9;
  30453 : CD;
  30454 : D0;
  30455 : D2;
  30456 : D3;
  [30457..30458] : D4;
  30459 : D9;
  30460 : 89;
  30461 : 1E;
  30462 : 36;
  30463 : 77;
  30464 : 1B;
  [30465..30467] : 18;
  30468 : 17;
  [30469..30471] : 18;
  30472 : 17;
  30473 : 16;
  30474 : 13;
  30475 : 0F;
  30476 : 26;
  30477 : 1C;
  30478 : 06;
  30479 : 04;
  30480 : 00;
  30481 : 47;
  30482 : AD;
  30483 : AF;
  30484 : B4;
  30485 : B8;
  30486 : BC;
  30487 : BF;
  30488 : C0;
  30489 : C2;
  30490 : C5;
  30491 : C9;
  30492 : CB;
  30493 : CE;
  30494 : D1;
  30495 : D3;
  30496 : D6;
  30497 : D7;
  30498 : C8;
  30499 : 4F;
  30500 : 6A;
  30501 : EF;
  30502 : DA;
  30503 : DC;
  30504 : DD;
  [30505..30508] : DC;
  30509 : DB;
  [30510..30511] : DC;
  30512 : DB;
  [30513..30515] : DC;
  30516 : E0;
  30517 : B1;
  30518 : 27;
  30519 : 0A;
  30520 : 2D;
  30521 : 78;
  30522 : 2B;
  30523 : 13;
  [30524..30529] : 15;
  30530 : 14;
  30531 : 15;
  30532 : 13;
  30533 : 0D;
  30534 : 22;
  30535 : 15;
  30536 : 02;
  30537 : 0C;
  30538 : 85;
  30539 : A7;
  30540 : A9;
  30541 : AC;
  30542 : B0;
  30543 : B4;
  30544 : B8;
  30545 : BA;
  30546 : BC;
  30547 : BD;
  30548 : BF;
  30549 : C4;
  30550 : C7;
  30551 : C8;
  30552 : CA;
  30553 : D1;
  30554 : A6;
  30555 : 2E;
  30556 : 17;
  30557 : 41;
  30558 : 63;
  30559 : 26;
  30560 : 12;
  30561 : 13;
  [30562..30564] : 14;
  30565 : 15;
  30566 : 16;
  [30567..30569] : 15;
  30570 : 10;
  30571 : 1D;
  30572 : 09;
  30573 : 02;
  30574 : 2B;
  30575 : A4;
  30576 : AC;
  30577 : AF;
  30578 : B3;
  30579 : B6;
  30580 : B8;
  30581 : BB;
  30582 : BD;
  30583 : BF;
  30584 : C0;
  30585 : C2;
  30586 : C5;
  30587 : C8;
  30588 : CA;
  30589 : CD;
  30590 : C5;
  30591 : 27;
  30592 : 04;
  30593 : 29;
  30594 : 4C;
  30595 : 64;
  30596 : 33;
  30597 : 13;
  30598 : 16;
  30599 : 15;
  [30600..30604] : 14;
  30605 : 15;
  30606 : 13;
  30607 : 14;
  30608 : 26;
  30609 : 07;
  30610 : 01;
  30611 : 58;
  30612 : AF;
  30613 : AC;
  30614 : B1;
  30615 : B6;
  30616 : BA;
  30617 : BC;
  30618 : C0;
  30619 : C2;
  30620 : C4;
  30621 : C7;
  30622 : CA;
  30623 : CD;
  30624 : CE;
  30625 : D1;
  30626 : D4;
  30627 : 5D;
  30628 : 4D;
  30629 : E1;
  30630 : D9;
  30631 : D8;
  [30632..30635] : D9;
  30636 : D8;
  30637 : D9;
  [30638..30639] : D8;
  30640 : D7;
  30641 : D5;
  [30642..30643] : D4;
  30644 : C0;
  30645 : 18;
  30646 : 03;
  30647 : 0F;
  30648 : 28;
  30649 : 59;
  30650 : 52;
  30651 : 46;
  30652 : 0C;
  30653 : 10;
  30654 : 0F;
  [30655..30661] : 10;
  30662 : 0F;
  30663 : 21;
  30664 : 0A;
  30665 : 60;
  30666 : AC;
  30667 : AB;
  30668 : AE;
  30669 : B2;
  30670 : B5;
  30671 : B8;
  30672 : BA;
  30673 : BB;
  30674 : BD;
  30675 : BF;
  30676 : C2;
  30677 : C5;
  30678 : C8;
  30679 : CA;
  [30680..30681] : CB;
  30682 : CD;
  30683 : AD;
  30684 : 0C;
  30685 : 04;
  30686 : 06;
  30687 : 0C;
  30688 : 26;
  30689 : 41;
  30690 : 38;
  30691 : 64;
  30692 : 0B;
  [30693..30694] : 10;
  [30695..30702] : 0F;
  30703 : 21;
  30704 : 1C;
  30705 : 76;
  [30706..30707] : A7;
  30708 : AC;
  30709 : AE;
  [30710..30729] : 80;
  30730 : E1;
  30731 : D9;
  30732 : DA;
  30733 : D9;
  30734 : D8;
  30735 : D7;
  30736 : D8;
  30737 : B8;
  30738 : 32;
  30739 : 10;
  30740 : 30;
  30741 : 84;
  30742 : 32;
  30743 : 17;
  [30744..30746] : 19;
  30747 : 1A;
  [30748..30751] : 19;
  30752 : 15;
  30753 : 0F;
  30754 : 16;
  30755 : 34;
  30756 : 19;
  30757 : 07;
  30758 : 03;
  30759 : 00;
  30760 : 55;
  30761 : A9;
  30762 : A7;
  30763 : AA;
  30764 : AE;
  30765 : B1;
  30766 : B5;
  30767 : B9;
  30768 : BC;
  30769 : BE;
  30770 : C1;
  30771 : C5;
  30772 : C9;
  30773 : CC;
  30774 : CF;
  30775 : D2;
  [30776..30777] : D4;
  30778 : D5;
  30779 : DA;
  30780 : 89;
  30781 : 1D;
  30782 : 36;
  30783 : 77;
  30784 : 1B;
  30785 : 17;
  [30786..30790] : 18;
  30791 : 17;
  30792 : 16;
  30793 : 17;
  30794 : 13;
  30795 : 0F;
  30796 : 26;
  30797 : 1B;
  30798 : 06;
  30799 : 05;
  30800 : 00;
  30801 : 4A;
  30802 : AE;
  30803 : AF;
  30804 : B4;
  30805 : B8;
  30806 : BC;
  30807 : BF;
  30808 : C0;
  30809 : C1;
  30810 : C5;
  30811 : C9;
  30812 : CC;
  30813 : CE;
  30814 : D1;
  30815 : D4;
  30816 : D6;
  30817 : D7;
  30818 : C7;
  30819 : 4E;
  30820 : 6C;
  30821 : F0;
  30822 : DA;
  [30823..30825] : DC;
  [30826..30827] : DD;
  [30828..30831] : DC;
  30832 : DB;
  [30833..30835] : DC;
  30836 : E0;
  30837 : B2;
  30838 : 28;
  30839 : 0B;
  30840 : 2C;
  30841 : 78;
  30842 : 2B;
  30843 : 14;
  [30844..30851] : 15;
  30852 : 13;
  30853 : 0D;
  30854 : 21;
  30855 : 14;
  30856 : 02;
  30857 : 0C;
  30858 : 84;
  [30859..30860] : A8;
  30861 : AC;
  30862 : B0;
  30863 : B4;
  30864 : B7;
  30865 : BA;
  30866 : BC;
  30867 : BD;
  30868 : BF;
  30869 : C3;
  30870 : C7;
  30871 : C9;
  30872 : CA;
  30873 : D2;
  30874 : A6;
  30875 : 31;
  30876 : 1A;
  30877 : 46;
  30878 : 66;
  30879 : 26;
  30880 : 12;
  30881 : 13;
  [30882..30883] : 14;
  30884 : 15;
  [30885..30887] : 16;
  [30888..30889] : 15;
  30890 : 11;
  30891 : 1E;
  30892 : 0A;
  30893 : 02;
  30894 : 2D;
  30895 : A6;
  30896 : AD;
  30897 : AF;
  30898 : B3;
  30899 : B6;
  30900 : B8;
  30901 : BB;
  30902 : BD;
  30903 : C0;
  30904 : C1;
  30905 : C3;
  30906 : C7;
  30907 : C9;
  30908 : CA;
  30909 : CC;
  30910 : C5;
  30911 : 28;
  30912 : 04;
  30913 : 29;
  30914 : 4C;
  30915 : 63;
  30916 : 34;
  30917 : 13;
  30918 : 16;
  [30919..30921] : 14;
  30922 : 15;
  [30923..30925] : 14;
  30926 : 12;
  30927 : 14;
  30928 : 27;
  30929 : 06;
  30930 : 01;
  30931 : 57;
  30932 : B0;
  30933 : AD;
  30934 : B2;
  30935 : B7;
  30936 : BB;
  30937 : BD;
  30938 : BF;
  30939 : C2;
  30940 : C4;
  30941 : C7;
  30942 : CB;
  30943 : CD;
  30944 : CE;
  30945 : D1;
  30946 : D5;
  30947 : 5F;
  30948 : 4B;
  30949 : DF;
  30950 : D9;
  [30951..30952] : D8;
  [30953..30956] : D9;
  [30957..30959] : D8;
  30960 : D7;
  30961 : D5;
  30962 : D4;
  30963 : D5;
  30964 : C1;
  30965 : 19;
  30966 : 03;
  30967 : 0F;
  30968 : 27;
  30969 : 58;
  30970 : 52;
  30971 : 48;
  30972 : 0C;
  30973 : 11;
  [30974..30976] : 10;
  30977 : 11;
  [30978..30979] : 10;
  30980 : 0F;
  30981 : 10;
  30982 : 0F;
  30983 : 22;
  30984 : 0A;
  30985 : 60;
  30986 : AC;
  30987 : AB;
  30988 : AE;
  30989 : B2;
  30990 : B5;
  30991 : B8;
  30992 : B9;
  30993 : BB;
  30994 : BD;
  30995 : BF;
  30996 : C2;
  30997 : C5;
  30998 : C8;
  30999 : C9;
  [31000..31001] : CB;
  31002 : CD;
  31003 : AF;
  31004 : 0D;
  31005 : 03;
  31006 : 08;
  31007 : 0C;
  31008 : 26;
  31009 : 41;
  31010 : 38;
  31011 : 67;
  31012 : 0B;
  [31013..31014] : 0F;
  31015 : 10;
  [31016..31022] : 0F;
  31023 : 20;
  31024 : 1B;
  31025 : 75;
  31026 : A8;
  31027 : A7;
  31028 : AB;
  31029 : AE;
  [31030..31049] : 80;
  31050 : E1;
  [31051..31054] : D9;
  31055 : D7;
  31056 : D8;
  31057 : B6;
  31058 : 32;
  31059 : 10;
  31060 : 31;
  31061 : 86;
  31062 : 31;
  31063 : 17;
  [31064..31065] : 19;
  [31066..31068] : 1A;
  31069 : 19;
  31070 : 18;
  31071 : 19;
  31072 : 15;
  31073 : 0F;
  31074 : 17;
  31075 : 35;
  31076 : 19;
  31077 : 07;
  31078 : 04;
  31079 : 00;
  31080 : 56;
  31081 : A8;
  31082 : A7;
  31083 : AA;
  31084 : AE;
  31085 : B2;
  31086 : B5;
  31087 : B9;
  31088 : BB;
  31089 : BD;
  31090 : C0;
  31091 : C5;
  31092 : C9;
  31093 : CD;
  31094 : D0;
  31095 : D2;
  31096 : D3;
  [31097..31098] : D4;
  31099 : DA;
  31100 : 89;
  31101 : 1D;
  31102 : 36;
  31103 : 76;
  31104 : 1B;
  [31105..31111] : 18;
  [31112..31113] : 17;
  31114 : 12;
  31115 : 0E;
  31116 : 27;
  31117 : 1B;
  31118 : 07;
  31119 : 05;
  31120 : 00;
  31121 : 4B;
  31122 : AF;
  31123 : B0;
  31124 : B4;
  31125 : B9;
  31126 : BB;
  31127 : BE;
  31128 : C0;
  31129 : C1;
  31130 : C5;
  31131 : C8;
  31132 : CC;
  31133 : CF;
  31134 : D1;
  31135 : D4;
  31136 : D6;
  31137 : D7;
  31138 : C7;
  31139 : 4E;
  31140 : 6D;
  31141 : F0;
  31142 : DB;
  [31143..31147] : DD;
  31148 : DC;
  31149 : DD;
  [31150..31151] : DC;
  31152 : DB;
  [31153..31155] : DC;
  31156 : E0;
  31157 : B0;
  31158 : 28;
  31159 : 0B;
  31160 : 2B;
  31161 : 79;
  31162 : 2C;
  31163 : 14;
  [31164..31166] : 15;
  31167 : 16;
  31168 : 15;
  31169 : 16;
  [31170..31171] : 15;
  31172 : 14;
  31173 : 0E;
  31174 : 22;
  31175 : 14;
  31176 : 02;
  31177 : 0C;
  31178 : 84;
  31179 : A8;
  31180 : A9;
  31181 : AC;
  31182 : B0;
  31183 : B4;
  31184 : B8;
  31185 : BA;
  31186 : BB;
  31187 : BD;
  31188 : C0;
  31189 : C3;
  31190 : C7;
  31191 : CA;
  31192 : CC;
  31193 : D3;
  31194 : A7;
  31195 : 32;
  31196 : 1A;
  31197 : 48;
  31198 : 67;
  31199 : 26;
  31200 : 12;
  [31201..31202] : 14;
  [31203..31205] : 15;
  [31206..31208] : 16;
  31209 : 15;
  31210 : 12;
  31211 : 20;
  31212 : 0A;
  31213 : 02;
  31214 : 2F;
  31215 : A6;
  31216 : AD;
  31217 : B0;
  31218 : B3;
  31219 : B6;
  31220 : B8;
  31221 : BB;
  31222 : BD;
  31223 : BF;
  31224 : C1;
  31225 : C3;
  31226 : C7;
  31227 : C9;
  31228 : CB;
  31229 : CD;
  31230 : C5;
  31231 : 28;
  31232 : 04;
  31233 : 2A;
  31234 : 4F;
  31235 : 63;
  31236 : 36;
  31237 : 13;
  [31238..31239] : 15;
  [31240..31241] : 14;
  [31242..31243] : 15;
  [31244..31245] : 14;
  [31246..31247] : 13;
  31248 : 26;
  31249 : 07;
  31250 : 01;
  31251 : 58;
  31252 : B1;
  31253 : AE;
  31254 : B3;
  31255 : B8;
  31256 : BC;
  31257 : BE;
  31258 : C0;
  31259 : C3;
  31260 : C5;
  31261 : C7;
  31262 : CA;
  31263 : CD;
  31264 : CE;
  31265 : D1;
  31266 : D5;
  31267 : 61;
  31268 : 4A;
  31269 : DE;
  31270 : D9;
  [31271..31272] : D8;
  [31273..31276] : D9;
  [31277..31278] : D8;
  [31279..31280] : D7;
  31281 : D5;
  31282 : D4;
  31283 : D5;
  31284 : C3;
  31285 : 1A;
  31286 : 03;
  31287 : 10;
  31288 : 28;
  31289 : 5A;
  31290 : 51;
  31291 : 49;
  31292 : 0C;
  [31293..31296] : 10;
  31297 : 11;
  [31298..31299] : 10;
  [31300..31301] : 0F;
  31302 : 0E;
  31303 : 23;
  31304 : 0D;
  31305 : 61;
  31306 : AD;
  31307 : AB;
  31308 : AE;
  31309 : B2;
  31310 : B4;
  31311 : B8;
  31312 : BA;
  31313 : BB;
  31314 : BC;
  31315 : BF;
  31316 : C2;
  31317 : C4;
  31318 : C6;
  31319 : C9;
  31320 : CA;
  31321 : CB;
  31322 : CC;
  31323 : AF;
  31324 : 0E;
  31325 : 04;
  31326 : 07;
  31327 : 0D;
  31328 : 26;
  31329 : 43;
  31330 : 38;
  31331 : 6A;
  31332 : 0B;
  [31333..31334] : 10;
  [31335..31342] : 0F;
  31343 : 1E;
  31344 : 1A;
  31345 : 72;
  31346 : A8;
  31347 : A9;
  31348 : AC;
  31349 : AE;
  [31350..31369] : 80;
  31370 : E1;
  [31371..31372] : D9;
  [31373..31374] : D8;
  31375 : D7;
  31376 : D8;
  31377 : B5;
  31378 : 32;
  31379 : 10;
  31380 : 30;
  31381 : 87;
  31382 : 30;
  31383 : 17;
  31384 : 19;
  [31385..31388] : 1A;
  [31389..31391] : 19;
  31392 : 16;
  31393 : 0E;
  31394 : 18;
  31395 : 35;
  31396 : 19;
  31397 : 06;
  31398 : 03;
  31399 : 00;
  31400 : 56;
  [31401..31402] : A5;
  31403 : A9;
  31404 : AD;
  31405 : B1;
  31406 : B6;
  31407 : B9;
  31408 : BB;
  31409 : BD;
  31410 : C0;
  31411 : C5;
  31412 : CA;
  31413 : CD;
  31414 : D0;
  31415 : D2;
  [31416..31418] : D4;
  31419 : DA;
  31420 : 87;
  31421 : 1A;
  31422 : 36;
  31423 : 74;
  31424 : 1A;
  [31425..31431] : 18;
  31432 : 17;
  31433 : 18;
  31434 : 12;
  31435 : 0F;
  31436 : 27;
  31437 : 1C;
  31438 : 07;
  31439 : 05;
  31440 : 00;
  31441 : 4B;
  31442 : AF;
  31443 : B0;
  31444 : B5;
  31445 : B9;
  31446 : BB;
  31447 : BE;
  31448 : BF;
  31449 : C1;
  31450 : C5;
  31451 : C8;
  31452 : CB;
  31453 : CF;
  31454 : D2;
  31455 : D4;
  31456 : D6;
  31457 : D7;
  31458 : C7;
  31459 : 4D;
  31460 : 6E;
  31461 : F0;
  31462 : DB;
  31463 : DD;
  [31464..31465] : DC;
  31466 : DD;
  [31467..31474] : DC;
  31475 : DB;
  31476 : E0;
  31477 : B0;
  31478 : 29;
  31479 : 0B;
  31480 : 2C;
  31481 : 7B;
  31482 : 2B;
  31483 : 14;
  [31484..31485] : 15;
  [31486..31489] : 16;
  31490 : 15;
  31491 : 16;
  31492 : 13;
  31493 : 0D;
  31494 : 22;
  31495 : 14;
  31496 : 02;
  31497 : 0B;
  31498 : 84;
  31499 : A8;
  31500 : A9;
  31501 : AD;
  31502 : B0;
  31503 : B4;
  31504 : B8;
  31505 : BA;
  31506 : BC;
  31507 : BD;
  31508 : C0;
  31509 : C4;
  31510 : C7;
  31511 : CA;
  31512 : CB;
  31513 : D3;
  31514 : A8;
  31515 : 33;
  31516 : 1B;
  31517 : 46;
  31518 : 65;
  31519 : 27;
  31520 : 12;
  [31521..31523] : 14;
  [31524..31525] : 15;
  [31526..31527] : 16;
  31528 : 17;
  31529 : 16;
  31530 : 13;
  31531 : 22;
  31532 : 0A;
  31533 : 02;
  31534 : 2F;
  31535 : A6;
  31536 : AC;
  31537 : AF;
  31538 : B2;
  31539 : B5;
  31540 : B8;
  31541 : BB;
  31542 : BD;
  31543 : BF;
  31544 : C2;
  31545 : C3;
  31546 : C6;
  31547 : C9;
  31548 : CB;
  31549 : CD;
  31550 : C7;
  31551 : 29;
  31552 : 04;
  31553 : 2A;
  31554 : 52;
  31555 : 63;
  31556 : 36;
  31557 : 13;
  31558 : 16;
  [31559..31562] : 15;
  31563 : 14;
  [31564..31565] : 15;
  31566 : 13;
  31567 : 14;
  31568 : 26;
  31569 : 06;
  31570 : 02;
  31571 : 59;
  31572 : B1;
  31573 : AF;
  31574 : B4;
  31575 : B8;
  31576 : BB;
  31577 : BE;
  31578 : C1;
  31579 : C2;
  31580 : C5;
  31581 : C8;
  31582 : CA;
  31583 : CC;
  31584 : CE;
  31585 : D0;
  31586 : D5;
  31587 : 65;
  31588 : 4A;
  31589 : DF;
  31590 : D9;
  31591 : D7;
  31592 : D8;
  [31593..31595] : D9;
  31596 : D8;
  31597 : D9;
  31598 : D8;
  [31599..31600] : D7;
  31601 : D5;
  31602 : D4;
  31603 : D5;
  31604 : C3;
  31605 : 1B;
  31606 : 03;
  31607 : 10;
  31608 : 28;
  31609 : 5A;
  31610 : 50;
  31611 : 49;
  31612 : 0C;
  31613 : 11;
  [31614..31615] : 10;
  31616 : 11;
  [31617..31619] : 10;
  [31620..31621] : 0F;
  31622 : 0E;
  31623 : 22;
  31624 : 0F;
  31625 : 62;
  31626 : AD;
  31627 : AC;
  31628 : AE;
  31629 : B2;
  31630 : B6;
  31631 : B8;
  31632 : B9;
  31633 : BA;
  31634 : BC;
  31635 : BF;
  31636 : C1;
  31637 : C3;
  31638 : C6;
  31639 : C8;
  [31640..31641] : CA;
  31642 : CB;
  31643 : B0;
  31644 : 10;
  31645 : 03;
  31646 : 08;
  31647 : 0C;
  31648 : 25;
  31649 : 43;
  31650 : 38;
  31651 : 6C;
  31652 : 0C;
  [31653..31654] : 10;
  [31655..31658] : 0F;
  31659 : 0E;
  [31660..31661] : 0F;
  31662 : 0E;
  31663 : 1C;
  31664 : 18;
  31665 : 6F;
  [31666..31667] : A9;
  31668 : AC;
  31669 : AF;
  [31670..31689] : 80;
  31690 : E1;
  31691 : D8;
  [31692..31694] : D9;
  31695 : D7;
  31696 : D9;
  31697 : B5;
  31698 : 31;
  31699 : 11;
  31700 : 2F;
  31701 : 86;
  31702 : 2F;
  31703 : 18;
  31704 : 1A;
  31705 : 1B;
  [31706..31707] : 1A;
  31708 : 1B;
  [31709..31711] : 1A;
  31712 : 16;
  31713 : 0E;
  31714 : 18;
  31715 : 34;
  31716 : 1A;
  31717 : 07;
  31718 : 03;
  31719 : 00;
  31720 : 57;
  31721 : A4;
  31722 : A5;
  31723 : A9;
  31724 : AD;
  31725 : B1;
  31726 : B5;
  31727 : B8;
  31728 : BB;
  31729 : BD;
  31730 : C0;
  31731 : C5;
  31732 : CA;
  31733 : CD;
  31734 : CF;
  31735 : D2;
  [31736..31737] : D4;
  31738 : D5;
  31739 : DB;
  31740 : 84;
  31741 : 17;
  31742 : 37;
  31743 : 74;
  31744 : 1B;
  31745 : 19;
  31746 : 18;
  [31747..31749] : 19;
  31750 : 18;
  31751 : 17;
  31752 : 18;
  31753 : 17;
  31754 : 12;
  31755 : 0E;
  31756 : 26;
  31757 : 1C;
  31758 : 07;
  31759 : 05;
  31760 : 00;
  31761 : 4C;
  31762 : AF;
  31763 : B0;
  31764 : B5;
  31765 : B9;
  31766 : BB;
  31767 : BD;
  31768 : BF;
  31769 : C0;
  31770 : C4;
  31771 : C8;
  31772 : CB;
  31773 : CE;
  31774 : D2;
  31775 : D4;
  31776 : D6;
  31777 : D7;
  31778 : C8;
  31779 : 4D;
  31780 : 6E;
  31781 : EF;
  31782 : DB;
  [31783..31787] : DD;
  [31788..31790] : DC;
  [31791..31793] : DB;
  [31794..31795] : DC;
  31796 : E0;
  31797 : B1;
  31798 : 29;
  31799 : 0B;
  31800 : 2D;
  31801 : 7A;
  31802 : 2B;
  [31803..31805] : 15;
  [31806..31807] : 16;
  31808 : 15;
  [31809..31811] : 16;
  31812 : 14;
  31813 : 0E;
  31814 : 22;
  31815 : 14;
  31816 : 02;
  31817 : 0C;
  31818 : 84;
  [31819..31820] : A9;
  31821 : AD;
  31822 : B0;
  31823 : B4;
  31824 : B7;
  31825 : BA;
  31826 : BB;
  31827 : BE;
  31828 : C0;
  31829 : C4;
  31830 : C7;
  31831 : CA;
  31832 : CC;
  31833 : D4;
  31834 : AA;
  31835 : 33;
  31836 : 19;
  31837 : 44;
  31838 : 62;
  31839 : 27;
  31840 : 12;
  31841 : 13;
  [31842..31843] : 14;
  31844 : 15;
  31845 : 16;
  31846 : 17;
  [31847..31849] : 16;
  31850 : 13;
  31851 : 22;
  31852 : 0A;
  31853 : 02;
  31854 : 2E;
  31855 : A7;
  31856 : AC;
  31857 : AF;
  31858 : B2;
  31859 : B5;
  31860 : B7;
  31861 : BA;
  31862 : BD;
  31863 : BF;
  31864 : C1;
  31865 : C3;
  31866 : C7;
  31867 : C9;
  31868 : CB;
  31869 : CE;
  31870 : C8;
  31871 : 2A;
  31872 : 04;
  31873 : 2A;
  31874 : 52;
  31875 : 63;
  31876 : 36;
  31877 : 12;
  [31878..31879] : 14;
  [31880..31883] : 15;
  31884 : 14;
  31885 : 15;
  31886 : 13;
  31887 : 14;
  31888 : 27;
  31889 : 07;
  31890 : 01;
  31891 : 57;
  31892 : B2;
  31893 : AF;
  31894 : B4;
  31895 : B8;
  31896 : BC;
  31897 : BE;
  31898 : C0;
  31899 : C2;
  31900 : C5;
  31901 : C7;
  31902 : CA;
  31903 : CD;
  31904 : CF;
  31905 : D0;
  31906 : D5;
  31907 : 68;
  31908 : 4A;
  31909 : DF;
  31910 : DA;
  31911 : D7;
  [31912..31914] : D8;
  [31915..31916] : D9;
  [31917..31919] : D8;
  [31920..31921] : D6;
  [31922..31923] : D4;
  31924 : C4;
  31925 : 1D;
  31926 : 04;
  31927 : 0C;
  31928 : 27;
  31929 : 5A;
  31930 : 4D;
  31931 : 4A;
  31932 : 0C;
  31933 : 11;
  31934 : 10;
  [31935..31936] : 11;
  [31937..31939] : 10;
  31940 : 0F;
  31941 : 10;
  31942 : 0E;
  31943 : 22;
  31944 : 0F;
  31945 : 61;
  31946 : AC;
  31947 : AB;
  31948 : AE;
  31949 : B2;
  31950 : B5;
  31951 : B7;
  31952 : B9;
  31953 : BA;
  31954 : BC;
  31955 : BF;
  31956 : C1;
  31957 : C3;
  31958 : C5;
  31959 : C7;
  31960 : C9;
  31961 : CA;
  31962 : CC;
  31963 : B2;
  31964 : 12;
  31965 : 03;
  31966 : 08;
  31967 : 0C;
  31968 : 25;
  31969 : 42;
  31970 : 37;
  31971 : 6B;
  31972 : 0C;
  31973 : 10;
  31974 : 0F;
  31975 : 10;
  [31976..31981] : 0F;
  31982 : 0E;
  31983 : 1D;
  31984 : 19;
  31985 : 6C;
  [31986..31987] : AA;
  31988 : AD;
  31989 : AF;
  [31990..32009] : 80;
  32010 : E1;
  [32011..32013] : D9;
  32014 : D8;
  32015 : D7;
  32016 : D9;
  32017 : B2;
  32018 : 30;
  32019 : 11;
  32020 : 2F;
  32021 : 82;
  32022 : 2D;
  32023 : 19;
  [32024..32025] : 1B;
  [32026..32027] : 1A;
  32028 : 1B;
  32029 : 19;
  [32030..32031] : 1A;
  32032 : 15;
  32033 : 0E;
  32034 : 19;
  32035 : 34;
  32036 : 1A;
  32037 : 07;
  32038 : 03;
  32039 : 00;
  32040 : 5B;
  [32041..32042] : A5;
  32043 : A9;
  32044 : AE;
  32045 : B1;
  32046 : B5;
  32047 : B8;
  32048 : BA;
  32049 : BD;
  32050 : C0;
  32051 : C5;
  32052 : C9;
  32053 : CC;
  32054 : CF;
  32055 : D1;
  32056 : D3;
  32057 : D4;
  32058 : D5;
  32059 : DA;
  32060 : 80;
  32061 : 17;
  32062 : 3A;
  32063 : 74;
  32064 : 1A;
  [32065..32069] : 19;
  [32070..32071] : 18;
  [32072..32073] : 17;
  32074 : 11;
  32075 : 0E;
  32076 : 26;
  32077 : 1B;
  32078 : 07;
  32079 : 05;
  32080 : 00;
  32081 : 4C;
  [32082..32083] : B0;
  32084 : B5;
  32085 : B8;
  32086 : BC;
  [32087..32088] : BE;
  32089 : C0;
  32090 : C4;
  32091 : C8;
  32092 : CB;
  32093 : CE;
  32094 : D2;
  32095 : D4;
  32096 : D6;
  32097 : D7;
  32098 : C7;
  32099 : 4C;
  32100 : 6E;
  32101 : EF;
  32102 : DB;
  [32103..32109] : DD;
  32110 : DC;
  [32111..32112] : DB;
  [32113..32115] : DC;
  32116 : E1;
  32117 : B2;
  32118 : 28;
  32119 : 0A;
  32120 : 2F;
  32121 : 79;
  32122 : 2B;
  [32123..32124] : 15;
  [32125..32131] : 16;
  32132 : 13;
  32133 : 0D;
  32134 : 23;
  32135 : 14;
  32136 : 02;
  32137 : 0B;
  32138 : 82;
  32139 : A9;
  32140 : A8;
  32141 : AC;
  32142 : B1;
  32143 : B4;
  32144 : B8;
  32145 : BA;
  32146 : BB;
  32147 : BE;
  32148 : C1;
  32149 : C4;
  32150 : C8;
  32151 : CA;
  32152 : CC;
  32153 : D4;
  32154 : AB;
  32155 : 37;
  32156 : 15;
  32157 : 3E;
  32158 : 61;
  32159 : 28;
  32160 : 12;
  32161 : 14;
  32162 : 13;
  32163 : 14;
  32164 : 15;
  [32165..32167] : 16;
  32168 : 17;
  32169 : 16;
  32170 : 13;
  32171 : 21;
  32172 : 0A;
  32173 : 02;
  32174 : 2D;
  32175 : A6;
  32176 : AB;
  32177 : AD;
  32178 : B1;
  32179 : B4;
  32180 : B7;
  32181 : BB;
  32182 : BD;
  32183 : BF;
  32184 : C1;
  32185 : C3;
  32186 : C7;
  32187 : C9;
  32188 : CB;
  32189 : CD;
  32190 : C8;
  32191 : 2A;
  32192 : 04;
  32193 : 29;
  32194 : 50;
  32195 : 62;
  32196 : 37;
  32197 : 13;
  [32198..32201] : 15;
  32202 : 16;
  [32203..32205] : 15;
  [32206..32207] : 14;
  32208 : 26;
  32209 : 07;
  32210 : 02;
  32211 : 55;
  32212 : B1;
  32213 : AF;
  32214 : B4;
  32215 : B8;
  32216 : BC;
  32217 : BD;
  32218 : BF;
  32219 : C2;
  32220 : C4;
  32221 : C7;
  32222 : CA;
  32223 : CD;
  32224 : CF;
  32225 : D0;
  32226 : D5;
  32227 : 67;
  32228 : 4A;
  32229 : E0;
  32230 : DB;
  32231 : D8;
  [32232..32235] : D9;
  [32236..32238] : D8;
  32239 : D7;
  32240 : D6;
  32241 : D5;
  [32242..32243] : D3;
  32244 : C6;
  32245 : 1F;
  32246 : 03;
  32247 : 0E;
  32248 : 28;
  32249 : 5A;
  32250 : 4D;
  32251 : 4C;
  32252 : 0C;
  [32253..32255] : 10;
  32256 : 11;
  [32257..32261] : 10;
  32262 : 0E;
  32263 : 22;
  32264 : 0F;
  32265 : 5C;
  [32266..32267] : AB;
  32268 : AE;
  32269 : B1;
  32270 : B5;
  32271 : B7;
  32272 : B8;
  32273 : B9;
  32274 : BB;
  32275 : BE;
  32276 : C1;
  32277 : C3;
  32278 : C5;
  32279 : C7;
  32280 : C9;
  32281 : CA;
  32282 : CB;
  32283 : B5;
  32284 : 14;
  32285 : 03;
  32286 : 08;
  32287 : 0C;
  32288 : 24;
  32289 : 43;
  32290 : 37;
  32291 : 6A;
  32292 : 0C;
  [32293..32294] : 0F;
  [32295..32296] : 10;
  [32297..32300] : 0F;
  [32301..32302] : 0E;
  32303 : 1E;
  32304 : 1A;
  32305 : 6B;
  [32306..32307] : AD;
  32308 : B0;
  32309 : B2;
  [32310..32329] : 80;
  32330 : E1;
  32331 : D9;
  32332 : DA;
  32333 : D9;
  32334 : D8;
  32335 : D7;
  32336 : D9;
  32337 : B2;
  32338 : 30;
  32339 : 11;
  32340 : 2D;
  32341 : 80;
  32342 : 2C;
  32343 : 1A;
  [32344..32345] : 1B;
  32346 : 1A;
  32347 : 1B;
  32348 : 1A;
  [32349..32350] : 19;
  32351 : 1A;
  32352 : 15;
  32353 : 0D;
  32354 : 1A;
  32355 : 35;
  32356 : 1A;
  32357 : 08;
  32358 : 04;
  32359 : 00;
  32360 : 5E;
  [32361..32362] : A6;
  32363 : A9;
  32364 : AD;
  32365 : B1;
  32366 : B5;
  32367 : B7;
  32368 : BA;
  32369 : BD;
  32370 : BF;
  32371 : C4;
  32372 : C8;
  32373 : CC;
  32374 : CF;
  32375 : D2;
  32376 : D3;
  32377 : D4;
  32378 : D5;
  32379 : DA;
  32380 : 7D;
  32381 : 16;
  32382 : 3B;
  32383 : 75;
  [32384..32389] : 19;
  32390 : 18;
  [32391..32393] : 17;
  32394 : 11;
  32395 : 0D;
  32396 : 26;
  32397 : 1A;
  32398 : 07;
  32399 : 05;
  32400 : 00;
  32401 : 4C;
  32402 : AF;
  32403 : B0;
  32404 : B4;
  32405 : B9;
  32406 : BB;
  32407 : BD;
  32408 : BE;
  32409 : C0;
  32410 : C4;
  32411 : C7;
  32412 : CA;
  32413 : CE;
  32414 : D2;
  32415 : D4;
  32416 : D6;
  32417 : D7;
  32418 : C7;
  32419 : 4C;
  32420 : 6F;
  32421 : EE;
  32422 : DB;
  32423 : DC;
  [32424..32429] : DD;
  32430 : DC;
  32431 : DB;
  [32432..32435] : DC;
  32436 : E1;
  32437 : B1;
  32438 : 26;
  32439 : 0B;
  32440 : 2F;
  32441 : 79;
  32442 : 2B;
  32443 : 15;
  [32444..32446] : 16;
  32447 : 17;
  32448 : 16;
  32449 : 15;
  [32450..32451] : 16;
  32452 : 14;
  32453 : 0E;
  32454 : 24;
  32455 : 15;
  32456 : 03;
  32457 : 0A;
  32458 : 81;
  32459 : A8;
  32460 : A9;
  32461 : AD;
  32462 : B2;
  32463 : B5;
  32464 : B8;
  32465 : BA;
  32466 : BD;
  32467 : BE;
  32468 : C0;
  32469 : C5;
  32470 : C8;
  32471 : CA;
  32472 : CC;
  32473 : D4;
  32474 : AD;
  32475 : 39;
  32476 : 14;
  32477 : 3D;
  32478 : 63;
  32479 : 29;
  32480 : 12;
  [32481..32484] : 14;
  32485 : 15;
  [32486..32488] : 16;
  32489 : 15;
  32490 : 12;
  32491 : 21;
  32492 : 0A;
  32493 : 02;
  32494 : 2C;
  32495 : A6;
  32496 : AA;
  32497 : AC;
  32498 : B0;
  32499 : B3;
  32500 : B6;
  32501 : BA;
  32502 : BE;
  32503 : BF;
  32504 : C0;
  32505 : C3;
  32506 : C6;
  32507 : C9;
  32508 : CA;
  32509 : CE;
  32510 : C9;
  32511 : 2A;
  32512 : 04;
  32513 : 29;
  32514 : 4F;
  32515 : 60;
  32516 : 38;
  32517 : 13;
  32518 : 16;
  [32519..32521] : 15;
  [32522..32524] : 16;
  32525 : 15;
  [32526..32527] : 14;
  32528 : 24;
  32529 : 06;
  32530 : 01;
  32531 : 53;
  32532 : B0;
  32533 : AE;
  32534 : B3;
  32535 : B8;
  32536 : BA;
  32537 : BC;
  32538 : BE;
  32539 : C1;
  32540 : C4;
  32541 : C7;
  32542 : CA;
  32543 : CC;
  32544 : CF;
  32545 : D0;
  32546 : D5;
  32547 : 68;
  32548 : 49;
  32549 : DF;
  32550 : DB;
  32551 : D7;
  [32552..32555] : D9;
  [32556..32558] : D8;
  32559 : D7;
  32560 : D6;
  32561 : D5;
  32562 : D3;
  32563 : D4;
  32564 : C8;
  32565 : 21;
  32566 : 03;
  32567 : 0E;
  32568 : 27;
  32569 : 5B;
  32570 : 4C;
  32571 : 4E;
  32572 : 0C;
  32573 : 11;
  32574 : 10;
  32575 : 11;
  [32576..32581] : 10;
  32582 : 0F;
  32583 : 23;
  32584 : 10;
  32585 : 58;
  32586 : AC;
  32587 : AA;
  32588 : AD;
  32589 : B1;
  32590 : B4;
  32591 : B6;
  32592 : B8;
  32593 : B9;
  32594 : BB;
  32595 : BD;
  32596 : C1;
  32597 : C2;
  32598 : C5;
  32599 : C7;
  [32600..32601] : C9;
  32602 : CB;
  32603 : B7;
  32604 : 16;
  32605 : 03;
  32606 : 08;
  32607 : 0C;
  32608 : 25;
  32609 : 45;
  32610 : 37;
  32611 : 69;
  32612 : 0C;
  [32613..32619] : 0F;
  [32620..32621] : 0E;
  32622 : 0F;
  32623 : 1D;
  32624 : 1A;
  32625 : 6A;
  32626 : AE;
  32627 : AF;
  32628 : B2;
  32629 : B3;
  [32630..32649] : 80;
  32650 : E1;
  32651 : D8;
  32652 : D9;
  [32653..32654] : D8;
  32655 : D7;
  32656 : D9;
  32657 : B2;
  32658 : 30;
  32659 : 11;
  32660 : 2F;
  32661 : 7E;
  32662 : 2A;
  32663 : 1A;
  [32664..32665] : 1B;
  [32666..32667] : 1A;
  32668 : 1B;
  32669 : 1A;
  32670 : 19;
  32671 : 1A;
  32672 : 14;
  32673 : 0D;
  32674 : 1A;
  32675 : 34;
  32676 : 19;
  32677 : 07;
  32678 : 04;
  32679 : 00;
  32680 : 60;
  [32681..32682] : A6;
  32683 : AA;
  32684 : AE;
  32685 : B1;
  32686 : B4;
  32687 : B7;
  32688 : BA;
  32689 : BC;
  32690 : BF;
  32691 : C4;
  32692 : C9;
  32693 : CD;
  32694 : CF;
  32695 : D1;
  32696 : D3;
  32697 : D4;
  32698 : D6;
  32699 : DA;
  32700 : 7C;
  32701 : 17;
  32702 : 3C;
  32703 : 75;
  [32704..32709] : 19;
  [32710..32712] : 18;
  32713 : 17;
  32714 : 11;
  32715 : 0E;
  32716 : 26;
  32717 : 1B;
  32718 : 08;
  32719 : 05;
  32720 : 00;
  32721 : 4D;
  [32722..32723] : B0;
  32724 : B4;
  32725 : B8;
  32726 : BC;
  32727 : BD;
  32728 : BE;
  32729 : C0;
  32730 : C4;
  32731 : C7;
  32732 : CB;
  32733 : CE;
  32734 : D1;
  32735 : D4;
  [32736..32737] : D7;
  32738 : C7;
  32739 : 4B;
  32740 : 6D;
  32741 : EE;
  32742 : DA;
  32743 : DC;
  [32744..32746] : DD;
  32747 : DE;
  [32748..32749] : DD;
  [32750..32751] : DC;
  [32752..32754] : DB;
  32755 : DC;
  32756 : E1;
  32757 : B1;
  32758 : 26;
  32759 : 0B;
  32760 : 2F;
  32761 : 7A;
  32762 : 2A;
  32763 : 13;
  [32764..32765] : 15;
  [32766..32769] : 16;
  [32770..32771] : 17;
  32772 : 14;
  32773 : 0D;
  32774 : 24;
  32775 : 15;
  32776 : 03;
  32777 : 0A;
  32778 : 81;
  32779 : A7;
  32780 : A8;
  32781 : AD;
  32782 : B1;
  32783 : B5;
  32784 : B9;
  32785 : BA;
  32786 : BD;
  32787 : BE;
  32788 : C0;
  32789 : C4;
  32790 : C8;
  32791 : CA;
  32792 : CC;
  32793 : D4;
  32794 : AF;
  32795 : 3B;
  32796 : 14;
  32797 : 41;
  32798 : 65;
  32799 : 29;
  32800 : 12;
  32801 : 14;
  32802 : 13;
  [32803..32805] : 15;
  [32806..32807] : 16;
  [32808..32809] : 15;
  32810 : 11;
  32811 : 20;
  32812 : 0A;
  32813 : 02;
  32814 : 2C;
  32815 : A4;
  32816 : AA;
  32817 : AC;
  32818 : AF;
  32819 : B4;
  32820 : B6;
  32821 : BA;
  32822 : BD;
  32823 : BF;
  32824 : C0;
  32825 : C2;
  32826 : C6;
  32827 : C8;
  32828 : CA;
  32829 : CD;
  32830 : CA;
  32831 : 2C;
  32832 : 04;
  32833 : 28;
  32834 : 4F;
  32835 : 61;
  32836 : 3B;
  32837 : 12;
  [32838..32840] : 15;
  32841 : 16;
  32842 : 15;
  [32843..32845] : 16;
  [32846..32847] : 14;
  32848 : 25;
  32849 : 06;
  32850 : 01;
  32851 : 51;
  32852 : AF;
  32853 : AE;
  32854 : B2;
  32855 : B8;
  32856 : BB;
  32857 : BC;
  32858 : BE;
  32859 : C0;
  32860 : C3;
  32861 : C6;
  32862 : CA;
  32863 : CC;
  32864 : CF;
  32865 : D1;
  32866 : D6;
  32867 : 6A;
  32868 : 47;
  32869 : DF;
  32870 : DA;
  32871 : D7;
  32872 : D8;
  32873 : D9;
  32874 : D8;
  32875 : D9;
  [32876..32877] : D8;
  [32878..32880] : D7;
  32881 : D5;
  [32882..32883] : D3;
  32884 : C9;
  32885 : 23;
  32886 : 03;
  32887 : 0F;
  32888 : 28;
  32889 : 5B;
  32890 : 4C;
  32891 : 50;
  32892 : 0B;
  [32893..32897] : 10;
  [32898..32901] : 11;
  32902 : 0F;
  32903 : 24;
  32904 : 12;
  32905 : 57;
  32906 : AB;
  32907 : AA;
  32908 : AD;
  32909 : B0;
  32910 : B4;
  32911 : B7;
  [32912..32913] : B9;
  32914 : BB;
  32915 : BE;
  32916 : C0;
  32917 : C3;
  32918 : C5;
  32919 : C7;
  [32920..32921] : C9;
  32922 : CA;
  32923 : B9;
  32924 : 18;
  32925 : 03;
  32926 : 08;
  32927 : 0C;
  32928 : 24;
  32929 : 46;
  32930 : 36;
  32931 : 69;
  32932 : 0D;
  [32933..32935] : 0F;
  32936 : 10;
  [32937..32942] : 0F;
  32943 : 1D;
  32944 : 1B;
  32945 : 69;
  32946 : AE;
  32947 : AF;
  32948 : B3;
  32949 : B5;
  [32950..32969] : 80;
  32970 : E1;
  32971 : D9;
  32972 : DA;
  32973 : D9;
  [32974..32975] : D8;
  32976 : D9;
  32977 : B1;
  32978 : 32;
  32979 : 12;
  32980 : 31;
  32981 : 80;
  32982 : 2A;
  32983 : 1A;
  [32984..32988] : 1B;
  [32989..32991] : 1A;
  32992 : 14;
  32993 : 0D;
  32994 : 1B;
  32995 : 34;
  32996 : 19;
  32997 : 08;
  32998 : 04;
  32999 : 00;
  33000 : 61;
  [33001..33002] : A7;
  33003 : AB;
  33004 : AE;
  33005 : B1;
  33006 : B4;
  33007 : B7;
  33008 : B9;
  33009 : BC;
  33010 : BF;
  33011 : C4;
  33012 : C9;
  33013 : CD;
  33014 : D0;
  33015 : D2;
  33016 : D3;
  33017 : D4;
  33018 : D5;
  33019 : DB;
  33020 : 7C;
  33021 : 17;
  33022 : 3D;
  33023 : 73;
  33024 : 19;
  [33025..33026] : 1A;
  [33027..33029] : 19;
  33030 : 18;
  33031 : 19;
  33032 : 18;
  33033 : 17;
  33034 : 12;
  33035 : 0E;
  33036 : 27;
  33037 : 1B;
  33038 : 07;
  33039 : 05;
  33040 : 00;
  33041 : 4F;
  33042 : B1;
  33043 : AF;
  33044 : B4;
  33045 : B8;
  33046 : BB;
  33047 : BD;
  33048 : BE;
  33049 : C0;
  33050 : C4;
  33051 : C7;
  33052 : CA;
  33053 : CE;
  33054 : D1;
  33055 : D4;
  33056 : D6;
  33057 : D7;
  33058 : C7;
  33059 : 4B;
  33060 : 6C;
  33061 : ED;
  33062 : DA;
  33063 : DC;
  [33064..33068] : DD;
  [33069..33071] : DC;
  [33072..33073] : DB;
  33074 : DC;
  33075 : DB;
  33076 : E0;
  33077 : B0;
  33078 : 25;
  33079 : 0B;
  33080 : 30;
  33081 : 7B;
  33082 : 2A;
  33083 : 14;
  [33084..33085] : 15;
  33086 : 16;
  [33087..33091] : 17;
  33092 : 14;
  33093 : 0D;
  33094 : 24;
  33095 : 15;
  33096 : 03;
  33097 : 0B;
  33098 : 84;
  [33099..33100] : A7;
  33101 : AC;
  33102 : B0;
  33103 : B4;
  33104 : B7;
  33105 : BA;
  33106 : BC;
  33107 : BE;
  33108 : C0;
  33109 : C4;
  33110 : C8;
  33111 : CB;
  33112 : CD;
  33113 : D5;
  33114 : AF;
  33115 : 3C;
  33116 : 15;
  33117 : 41;
  33118 : 67;
  33119 : 2A;
  33120 : 12;
  [33121..33123] : 14;
  33124 : 15;
  [33125..33126] : 16;
  33127 : 15;
  33128 : 16;
  33129 : 14;
  33130 : 11;
  33131 : 20;
  33132 : 0A;
  33133 : 02;
  33134 : 2B;
  33135 : A4;
  33136 : A8;
  33137 : AB;
  33138 : AF;
  33139 : B3;
  33140 : B7;
  33141 : BA;
  33142 : BD;
  33143 : BF;
  33144 : C0;
  33145 : C2;
  33146 : C5;
  33147 : C8;
  33148 : CB;
  33149 : CD;
  33150 : CA;
  33151 : 2D;
  33152 : 03;
  33153 : 29;
  33154 : 4E;
  33155 : 61;
  33156 : 3B;
  33157 : 13;
  33158 : 15;
  [33159..33164] : 16;
  33165 : 15;
  [33166..33167] : 14;
  33168 : 24;
  33169 : 06;
  33170 : 01;
  33171 : 51;
  33172 : AE;
  33173 : AD;
  33174 : B1;
  33175 : B7;
  33176 : BA;
  33177 : BC;
  33178 : BD;
  33179 : C0;
  33180 : C3;
  33181 : C6;
  33182 : C9;
  33183 : CC;
  33184 : CF;
  33185 : D1;
  33186 : D6;
  33187 : 6D;
  33188 : 45;
  33189 : DE;
  33190 : DA;
  33191 : D7;
  [33192..33197] : D8;
  [33198..33199] : D7;
  33200 : D6;
  33201 : D5;
  33202 : D4;
  33203 : D3;
  33204 : C9;
  33205 : 24;
  33206 : 03;
  33207 : 0F;
  33208 : 28;
  33209 : 5C;
  33210 : 4C;
  33211 : 53;
  33212 : 0C;
  33213 : 11;
  [33214..33216] : 10;
  [33217..33221] : 11;
  33222 : 0F;
  33223 : 25;
  33224 : 14;
  33225 : 57;
  33226 : AB;
  33227 : AA;
  33228 : AD;
  33229 : B1;
  33230 : B5;
  33231 : B8;
  33232 : BA;
  33233 : BB;
  33234 : BC;
  33235 : BE;
  33236 : C1;
  33237 : C3;
  33238 : C5;
  33239 : C7;
  33240 : C8;
  33241 : C9;
  33242 : CA;
  33243 : BA;
  33244 : 19;
  33245 : 03;
  33246 : 08;
  33247 : 0C;
  33248 : 22;
  33249 : 44;
  33250 : 34;
  33251 : 6C;
  33252 : 0E;
  33253 : 0F;
  [33254..33256] : 10;
  33257 : 0F;
  33258 : 10;
  [33259..33262] : 0F;
  33263 : 1D;
  33264 : 1C;
  33265 : 67;
  [33266..33267] : AF;
  33268 : B3;
  33269 : B5;
  [33270..33289] : 80;
  33290 : E1;
  [33291..33294] : D9;
  33295 : D7;
  33296 : D9;
  33297 : B2;
  33298 : 35;
  33299 : 13;
  33300 : 33;
  33301 : 81;
  33302 : 29;
  33303 : 1B;
  [33304..33305] : 1C;
  [33306..33307] : 1B;
  33308 : 1C;
  33309 : 1A;
  [33310..33311] : 1B;
  33312 : 14;
  33313 : 0C;
  33314 : 1C;
  33315 : 34;
  33316 : 19;
  33317 : 07;
  33318 : 04;
  33319 : 00;
  33320 : 63;
  33321 : A8;
  33322 : A7;
  33323 : AA;
  33324 : AE;
  33325 : B1;
  33326 : B3;
  33327 : B6;
  33328 : B8;
  33329 : BC;
  33330 : BF;
  33331 : C5;
  33332 : C9;
  33333 : CD;
  33334 : D0;
  33335 : D2;
  33336 : D3;
  33337 : D4;
  33338 : D5;
  33339 : DA;
  33340 : 7A;
  33341 : 17;
  33342 : 3F;
  33343 : 73;
  33344 : 19;
  [33345..33347] : 1A;
  [33348..33350] : 19;
  33351 : 18;
  33352 : 19;
  33353 : 17;
  33354 : 11;
  33355 : 0E;
  33356 : 27;
  33357 : 1B;
  33358 : 07;
  33359 : 05;
  33360 : 00;
  33361 : 4F;
  33362 : B1;
  33363 : AF;
  33364 : B4;
  33365 : B8;
  33366 : BB;
  33367 : BD;
  33368 : BE;
  33369 : C0;
  33370 : C4;
  33371 : C7;
  33372 : CB;
  33373 : CE;
  33374 : D0;
  33375 : D4;
  33376 : D6;
  33377 : D7;
  33378 : C7;
  33379 : 4B;
  33380 : 6B;
  33381 : EE;
  33382 : DA;
  33383 : DC;
  33384 : DD;
  33385 : DC;
  [33386..33387] : DD;
  [33388..33390] : DC;
  [33391..33394] : DB;
  33395 : DC;
  33396 : E0;
  33397 : AF;
  33398 : 26;
  33399 : 0C;
  33400 : 30;
  33401 : 7D;
  33402 : 29;
  33403 : 14;
  [33404..33405] : 15;
  33406 : 16;
  [33407..33409] : 17;
  [33410..33411] : 18;
  33412 : 13;
  33413 : 0D;
  33414 : 22;
  33415 : 14;
  33416 : 03;
  33417 : 0B;
  33418 : 85;
  33419 : A7;
  33420 : A6;
  33421 : AB;
  33422 : AF;
  33423 : B3;
  33424 : B6;
  33425 : B9;
  33426 : BC;
  33427 : BE;
  33428 : C0;
  33429 : C5;
  33430 : C8;
  33431 : CB;
  33432 : CD;
  33433 : D5;
  33434 : AE;
  33435 : 3B;
  33436 : 14;
  33437 : 41;
  33438 : 68;
  33439 : 2C;
  33440 : 12;
  [33441..33442] : 14;
  [33443..33444] : 15;
  [33445..33448] : 16;
  33449 : 15;
  33450 : 12;
  33451 : 1F;
  33452 : 0B;
  33453 : 02;
  33454 : 2A;
  33455 : A4;
  33456 : A9;
  33457 : AC;
  33458 : AF;
  33459 : B3;
  33460 : B6;
  33461 : BA;
  33462 : BD;
  33463 : BF;
  33464 : C1;
  33465 : C2;
  33466 : C5;
  33467 : C8;
  33468 : CA;
  33469 : CD;
  33470 : CA;
  33471 : 2E;
  33472 : 04;
  33473 : 28;
  33474 : 4D;
  33475 : 60;
  33476 : 3C;
  33477 : 12;
  [33478..33483] : 16;
  33484 : 17;
  33485 : 16;
  33486 : 15;
  33487 : 14;
  33488 : 23;
  33489 : 06;
  33490 : 01;
  33491 : 4F;
  33492 : AE;
  33493 : AC;
  33494 : B1;
  33495 : B6;
  33496 : BA;
  [33497..33498] : BD;
  33499 : C0;
  33500 : C2;
  33501 : C5;
  33502 : C8;
  33503 : CB;
  33504 : CE;
  33505 : D1;
  33506 : D5;
  33507 : 6F;
  33508 : 44;
  33509 : DE;
  33510 : DB;
  33511 : D6;
  [33512..33513] : D7;
  [33514..33518] : D8;
  [33519..33520] : D7;
  33521 : D5;
  33522 : D4;
  33523 : D3;
  33524 : CA;
  33525 : 25;
  33526 : 03;
  33527 : 0F;
  33528 : 28;
  33529 : 5D;
  33530 : 4D;
  33531 : 56;
  33532 : 0C;
  33533 : 11;
  33534 : 10;
  [33535..33540] : 11;
  33541 : 10;
  33542 : 0F;
  33543 : 25;
  33544 : 15;
  33545 : 56;
  [33546..33547] : AB;
  33548 : AD;
  33549 : B1;
  33550 : B4;
  33551 : B8;
  33552 : BA;
  33553 : BB;
  33554 : BC;
  33555 : BE;
  33556 : C1;
  33557 : C3;
  33558 : C4;
  33559 : C7;
  33560 : C8;
  [33561..33562] : C9;
  33563 : B8;
  33564 : 1A;
  33565 : 03;
  33566 : 08;
  33567 : 0C;
  33568 : 23;
  33569 : 44;
  33570 : 32;
  33571 : 6B;
  [33572..33576] : 10;
  33577 : 0F;
  33578 : 10;
  [33579..33582] : 0F;
  33583 : 1D;
  33584 : 1C;
  33585 : 65;
  33586 : B0;
  33587 : AF;
  33588 : B2;
  33589 : B5;
  [33590..33609] : 80;
  33610 : E1;
  [33611..33613] : D9;
  [33614..33615] : D8;
  33616 : DA;
  33617 : B0;
  33618 : 33;
  33619 : 13;
  33620 : 36;
  33621 : 81;
  33622 : 29;
  33623 : 1B;
  33624 : 1C;
  [33625..33626] : 1B;
  33627 : 1C;
  [33628..33629] : 1B;
  33630 : 1A;
  33631 : 1B;
  33632 : 14;
  33633 : 0D;
  33634 : 1C;
  33635 : 34;
  33636 : 19;
  33637 : 07;
  33638 : 04;
  33639 : 01;
  33640 : 66;
  33641 : A8;
  33642 : A7;
  33643 : AA;
  33644 : AE;
  33645 : B0;
  33646 : B3;
  33647 : B6;
  33648 : B8;
  33649 : BB;
  33650 : C0;
  33651 : C5;
  33652 : C9;
  33653 : CD;
  33654 : D0;
  33655 : D2;
  33656 : D3;
  [33657..33658] : D4;
  33659 : D9;
  33660 : 79;
  33661 : 18;
  33662 : 42;
  33663 : 74;
  33664 : 18;
  [33665..33667] : 1A;
  33668 : 19;
  33669 : 1A;
  33670 : 19;
  [33671..33672] : 18;
  33673 : 17;
  33674 : 11;
  33675 : 0E;
  33676 : 27;
  33677 : 1A;
  33678 : 06;
  33679 : 05;
  33680 : 00;
  33681 : 50;
  [33682..33683] : AF;
  33684 : B4;
  33685 : B7;
  33686 : BB;
  33687 : BD;
  33688 : BE;
  33689 : C0;
  33690 : C4;
  33691 : C7;
  33692 : CA;
  33693 : CE;
  33694 : D1;
  33695 : D3;
  33696 : D6;
  33697 : D7;
  33698 : C7;
  33699 : 4B;
  33700 : 6C;
  33701 : ED;
  33702 : D9;
  33703 : DB;
  [33704..33707] : DD;
  [33708..33710] : DC;
  33711 : DB;
  33712 : DC;
  [33713..33714] : DB;
  33715 : DC;
  33716 : E0;
  33717 : B0;
  33718 : 25;
  33719 : 0B;
  33720 : 30;
  33721 : 7B;
  33722 : 28;
  33723 : 15;
  [33724..33725] : 16;
  [33726..33727] : 17;
  33728 : 18;
  [33729..33730] : 17;
  33731 : 18;
  33732 : 14;
  33733 : 0D;
  33734 : 22;
  33735 : 13;
  33736 : 03;
  33737 : 0C;
  33738 : 84;
  33739 : A5;
  33740 : A6;
  33741 : AA;
  33742 : AD;
  33743 : B1;
  33744 : B5;
  33745 : B8;
  33746 : BB;
  33747 : BE;
  33748 : C0;
  33749 : C4;
  33750 : C8;
  33751 : CB;
  33752 : CD;
  33753 : D5;
  33754 : AE;
  33755 : 3A;
  33756 : 15;
  33757 : 41;
  33758 : 69;
  33759 : 2C;
  33760 : 13;
  33761 : 15;
  33762 : 14;
  33763 : 15;
  [33764..33765] : 16;
  33766 : 17;
  33767 : 16;
  33768 : 17;
  33769 : 15;
  33770 : 12;
  33771 : 20;
  33772 : 0A;
  33773 : 02;
  33774 : 2B;
  33775 : A5;
  33776 : A9;
  33777 : AB;
  33778 : AF;
  33779 : B4;
  33780 : B6;
  33781 : BA;
  33782 : BC;
  33783 : BE;
  33784 : BF;
  33785 : C2;
  33786 : C5;
  33787 : C8;
  33788 : CA;
  33789 : CE;
  33790 : CA;
  33791 : 2E;
  33792 : 04;
  33793 : 25;
  33794 : 4B;
  33795 : 5F;
  33796 : 3B;
  33797 : 12;
  [33798..33799] : 16;
  [33800..33801] : 15;
  [33802..33805] : 16;
  [33806..33807] : 14;
  33808 : 23;
  33809 : 06;
  33810 : 01;
  33811 : 4E;
  33812 : AE;
  33813 : AC;
  33814 : B0;
  33815 : B5;
  33816 : B9;
  33817 : BB;
  33818 : BD;
  33819 : C0;
  33820 : C2;
  33821 : C5;
  33822 : C8;
  33823 : CB;
  33824 : CE;
  33825 : D0;
  33826 : D4;
  33827 : 6E;
  33828 : 44;
  33829 : DD;
  33830 : DA;
  [33831..33839] : D7;
  33840 : D6;
  33841 : D5;
  33842 : D4;
  33843 : D3;
  33844 : CA;
  33845 : 26;
  33846 : 03;
  33847 : 0D;
  33848 : 27;
  33849 : 5D;
  33850 : 4B;
  33851 : 54;
  33852 : 0C;
  [33853..33855] : 10;
  [33856..33860] : 11;
  33861 : 10;
  33862 : 0F;
  33863 : 24;
  33864 : 14;
  33865 : 54;
  [33866..33867] : AA;
  33868 : AD;
  33869 : B1;
  33870 : B4;
  33871 : B7;
  33872 : B9;
  33873 : BA;
  33874 : BC;
  33875 : BD;
  33876 : C0;
  33877 : C2;
  33878 : C4;
  33879 : C6;
  [33880..33882] : C8;
  33883 : B8;
  33884 : 1B;
  33885 : 03;
  33886 : 09;
  33887 : 0D;
  33888 : 21;
  33889 : 43;
  33890 : 31;
  33891 : 6B;
  33892 : 11;
  [33893..33898] : 10;
  [33899..33900] : 0F;
  33901 : 0E;
  33902 : 0F;
  33903 : 1C;
  33904 : 1B;
  33905 : 63;
  33906 : B1;
  33907 : B0;
  33908 : B2;
  33909 : B5;
  [33910..33929] : 80;
  33930 : E1;
  33931 : D9;
  33932 : DA;
  33933 : D9;
  [33934..33935] : D8;
  33936 : DA;
  33937 : B1;
  33938 : 34;
  33939 : 13;
  33940 : 38;
  33941 : 82;
  33942 : 28;
  [33943..33944] : 1B;
  [33945..33946] : 1C;
  [33947..33950] : 1B;
  33951 : 1A;
  33952 : 13;
  33953 : 0E;
  33954 : 1D;
  33955 : 34;
  33956 : 18;
  33957 : 07;
  33958 : 04;
  33959 : 00;
  33960 : 68;
  33961 : A8;
  33962 : A7;
  33963 : AA;
  33964 : AD;
  33965 : B0;
  33966 : B3;
  33967 : B5;
  33968 : B8;
  33969 : BB;
  33970 : BF;
  33971 : C5;
  33972 : CA;
  33973 : CD;
  33974 : D0;
  33975 : D1;
  [33976..33977] : D3;
  33978 : D4;
  33979 : D9;
  33980 : 77;
  33981 : 18;
  33982 : 43;
  33983 : 76;
  33984 : 17;
  33985 : 1A;
  [33986..33987] : 1B;
  [33988..33990] : 1A;
  [33991..33992] : 19;
  33993 : 18;
  33994 : 11;
  33995 : 0E;
  33996 : 27;
  33997 : 1A;
  33998 : 07;
  33999 : 04;
  34000 : 00;
  34001 : 52;
  [34002..34003] : AE;
  34004 : B3;
  34005 : B7;
  34006 : BB;
  34007 : BD;
  34008 : BE;
  34009 : C0;
  34010 : C4;
  34011 : C7;
  34012 : CB;
  34013 : CE;
  34014 : D1;
  34015 : D4;
  34016 : D6;
  34017 : D7;
  34018 : C7;
  34019 : 4B;
  34020 : 6C;
  34021 : ED;
  34022 : DA;
  34023 : DC;
  [34024..34028] : DD;
  [34029..34034] : DC;
  34035 : DB;
  34036 : E0;
  34037 : B0;
  34038 : 25;
  34039 : 0B;
  34040 : 2F;
  34041 : 7A;
  34042 : 27;
  34043 : 15;
  [34044..34045] : 16;
  34046 : 17;
  34047 : 18;
  34048 : 19;
  [34049..34051] : 18;
  34052 : 14;
  34053 : 0E;
  34054 : 22;
  34055 : 12;
  34056 : 03;
  34057 : 0B;
  34058 : 82;
  34059 : A4;
  34060 : A5;
  34061 : A9;
  34062 : AD;
  34063 : B1;
  34064 : B5;
  34065 : B8;
  34066 : BB;
  34067 : BD;
  34068 : BF;
  34069 : C4;
  34070 : C8;
  34071 : CB;
  34072 : CD;
  34073 : D5;
  34074 : AE;
  34075 : 38;
  34076 : 15;
  34077 : 40;
  34078 : 6B;
  34079 : 2E;
  34080 : 13;
  [34081..34083] : 15;
  [34084..34085] : 16;
  [34086..34088] : 17;
  34089 : 15;
  34090 : 12;
  34091 : 20;
  34092 : 0A;
  34093 : 02;
  34094 : 2C;
  34095 : A6;
  34096 : A9;
  34097 : AB;
  34098 : AF;
  34099 : B3;
  34100 : B5;
  34101 : B8;
  34102 : BC;
  34103 : BD;
  34104 : BF;
  34105 : C2;
  34106 : C5;
  34107 : C7;
  34108 : CA;
  34109 : CD;
  34110 : C9;
  34111 : 2E;
  34112 : 04;
  34113 : 23;
  34114 : 49;
  34115 : 5D;
  34116 : 3D;
  34117 : 12;
  34118 : 16;
  34119 : 15;
  [34120..34123] : 16;
  [34124..34125] : 17;
  [34126..34127] : 15;
  34128 : 23;
  34129 : 07;
  34130 : 00;
  34131 : 4C;
  34132 : AE;
  34133 : AC;
  34134 : AF;
  34135 : B4;
  34136 : B8;
  34137 : BB;
  34138 : BD;
  34139 : BF;
  34140 : C2;
  34141 : C5;
  34142 : C9;
  34143 : CB;
  34144 : CE;
  34145 : D0;
  34146 : D4;
  34147 : 6B;
  34148 : 41;
  34149 : DC;
  34150 : DB;
  [34151..34154] : D7;
  34155 : D8;
  34156 : D7;
  [34157..34160] : D6;
  34161 : D5;
  34162 : D4;
  34163 : D3;
  34164 : CC;
  34165 : 27;
  34166 : 03;
  34167 : 0D;
  34168 : 25;
  34169 : 59;
  34170 : 4A;
  34171 : 55;
  34172 : 0C;
  [34173..34175] : 11;
  34176 : 10;
  34177 : 11;
  34178 : 10;
  34179 : 11;
  [34180..34181] : 10;
  34182 : 0F;
  34183 : 22;
  34184 : 11;
  34185 : 50;
  [34186..34187] : AA;
  34188 : AD;
  34189 : B0;
  34190 : B3;
  34191 : B7;
  34192 : B9;
  34193 : BA;
  34194 : BC;
  34195 : BD;
  34196 : C0;
  34197 : C1;
  34198 : C3;
  34199 : C6;
  [34200..34202] : C8;
  34203 : BA;
  34204 : 1D;
  34205 : 02;
  34206 : 09;
  34207 : 0D;
  34208 : 21;
  34209 : 41;
  34210 : 30;
  34211 : 6D;
  34212 : 12;
  34213 : 0F;
  [34214..34217] : 10;
  [34218..34221] : 0F;
  34222 : 0E;
  34223 : 1D;
  34224 : 1B;
  34225 : 60;
  34226 : B1;
  34227 : B0;
  34228 : B3;
  34229 : B5;
  [34230..34249] : 80;
  34250 : E1;
  34251 : D9;
  34252 : DA;
  34253 : D9;
  [34254..34255] : D8;
  34256 : DA;
  34257 : B3;
  34258 : 34;
  34259 : 11;
  34260 : 3A;
  34261 : 85;
  34262 : 27;
  34263 : 1B;
  34264 : 1C;
  [34265..34266] : 1B;
  [34267..34268] : 1C;
  [34269..34270] : 1B;
  34271 : 1A;
  34272 : 14;
  34273 : 0E;
  34274 : 1E;
  34275 : 35;
  34276 : 18;
  34277 : 07;
  34278 : 04;
  34279 : 00;
  34280 : 6A;
  34281 : A8;
  34282 : A6;
  34283 : A9;
  34284 : AD;
  34285 : AF;
  34286 : B2;
  34287 : B5;
  34288 : B8;
  34289 : BB;
  34290 : C0;
  34291 : C6;
  34292 : CA;
  34293 : CD;
  34294 : D0;
  34295 : D1;
  34296 : D3;
  [34297..34298] : D4;
  34299 : D7;
  34300 : 75;
  34301 : 19;
  34302 : 44;
  34303 : 77;
  34304 : 17;
  [34305..34306] : 1A;
  34307 : 1B;
  [34308..34310] : 1A;
  [34311..34313] : 19;
  34314 : 11;
  34315 : 0E;
  34316 : 28;
  34317 : 19;
  34318 : 06;
  34319 : 04;
  34320 : 00;
  34321 : 54;
  34322 : AE;
  34323 : AD;
  34324 : B2;
  34325 : B7;
  34326 : BB;
  34327 : BD;
  34328 : BE;
  34329 : C0;
  34330 : C3;
  34331 : C7;
  34332 : CA;
  34333 : CE;
  34334 : D1;
  34335 : D4;
  34336 : D7;
  34337 : D8;
  34338 : C9;
  34339 : 4C;
  34340 : 6D;
  34341 : EC;
  34342 : DA;
  [34343..34344] : DC;
  [34345..34346] : DD;
  34347 : DC;
  [34348..34350] : DD;
  34351 : DC;
  [34352..34355] : DB;
  34356 : E0;
  34357 : B1;
  34358 : 24;
  34359 : 0B;
  34360 : 30;
  34361 : 79;
  34362 : 26;
  34363 : 15;
  34364 : 16;
  34365 : 17;
  [34366..34371] : 18;
  34372 : 14;
  34373 : 0F;
  34374 : 22;
  34375 : 13;
  34376 : 03;
  34377 : 0B;
  34378 : 80;
  34379 : A3;
  34380 : A5;
  34381 : A9;
  34382 : AD;
  34383 : B0;
  34384 : B4;
  34385 : B8;
  34386 : BA;
  34387 : BC;
  34388 : BF;
  34389 : C4;
  34390 : C8;
  34391 : CA;
  34392 : CD;
  34393 : D5;
  34394 : B0;
  34395 : 37;
  34396 : 16;
  34397 : 42;
  34398 : 6C;
  34399 : 2D;
  34400 : 12;
  34401 : 15;
  34402 : 14;
  [34403..34404] : 15;
  [34405..34407] : 17;
  34408 : 18;
  34409 : 16;
  34410 : 12;
  34411 : 22;
  34412 : 0A;
  34413 : 02;
  34414 : 2E;
  34415 : A7;
  34416 : A9;
  34417 : AB;
  34418 : B0;
  34419 : B3;
  34420 : B5;
  34421 : B8;
  34422 : BB;
  34423 : BE;
  34424 : BF;
  34425 : C2;
  34426 : C4;
  34427 : C7;
  34428 : CA;
  34429 : CD;
  34430 : C7;
  34431 : 2E;
  34432 : 04;
  34433 : 22;
  34434 : 4A;
  34435 : 5D;
  34436 : 3E;
  34437 : 12;
  34438 : 16;
  [34439..34440] : 15;
  [34441..34442] : 16;
  [34443..34444] : 17;
  34445 : 16;
  [34446..34447] : 15;
  34448 : 24;
  34449 : 07;
  34450 : 00;
  34451 : 4C;
  34452 : AE;
  34453 : AC;
  34454 : AF;
  34455 : B3;
  34456 : B7;
  34457 : BA;
  34458 : BC;
  34459 : BF;
  34460 : C1;
  34461 : C5;
  34462 : C9;
  34463 : CB;
  34464 : CE;
  34465 : D0;
  34466 : D4;
  34467 : 6C;
  34468 : 40;
  [34469..34470] : DA;
  34471 : D7;
  [34472..34473] : D8;
  [34474..34478] : D7;
  [34479..34480] : D6;
  34481 : D5;
  34482 : D3;
  34483 : D2;
  34484 : CC;
  34485 : 2A;
  34486 : 02;
  34487 : 0F;
  34488 : 23;
  34489 : 58;
  34490 : 4C;
  34491 : 56;
  34492 : 0C;
  [34493..34499] : 11;
  [34500..34501] : 10;
  34502 : 0F;
  34503 : 21;
  34504 : 10;
  34505 : 4E;
  34506 : AA;
  34507 : AB;
  34508 : AD;
  34509 : B0;
  34510 : B3;
  34511 : B6;
  [34512..34513] : B9;
  34514 : BB;
  34515 : BC;
  34516 : BF;
  34517 : C2;
  34518 : C4;
  34519 : C6;
  [34520..34521] : C8;
  34522 : C9;
  34523 : BC;
  34524 : 20;
  34525 : 02;
  34526 : 09;
  34527 : 0C;
  34528 : 20;
  34529 : 41;
  34530 : 2F;
  34531 : 6F;
  34532 : 14;
  34533 : 10;
  34534 : 0F;
  [34535..34537] : 10;
  [34538..34540] : 0F;
  [34541..34542] : 0E;
  34543 : 1E;
  34544 : 1A;
  34545 : 5D;
  34546 : B1;
  34547 : B0;
  34548 : B3;
  34549 : B5;
  [34550..34569] : 80;
  34570 : E2;
  [34571..34574] : D9;
  34575 : D8;
  34576 : DA;
  34577 : B3;
  34578 : 36;
  34579 : 10;
  34580 : 3C;
  34581 : 86;
  34582 : 26;
  34583 : 1B;
  34584 : 1C;
  [34585..34589] : 1B;
  34590 : 1C;
  34591 : 1B;
  34592 : 13;
  34593 : 0E;
  34594 : 1F;
  34595 : 35;
  34596 : 19;
  34597 : 08;
  34598 : 04;
  34599 : 02;
  34600 : 6C;
  34601 : A8;
  34602 : A7;
  34603 : A8;
  34604 : AC;
  34605 : AF;
  34606 : B2;
  34607 : B4;
  34608 : B7;
  34609 : BB;
  34610 : BF;
  34611 : C5;
  34612 : CA;
  34613 : CD;
  34614 : CF;
  34615 : D1;
  34616 : D3;
  [34617..34618] : D4;
  34619 : D7;
  34620 : 76;
  34621 : 1A;
  34622 : 44;
  34623 : 76;
  34624 : 18;
  [34625..34626] : 1A;
  [34627..34628] : 1B;
  34629 : 1A;
  [34630..34632] : 19;
  34633 : 18;
  34634 : 11;
  34635 : 0E;
  34636 : 28;
  34637 : 1A;
  34638 : 06;
  34639 : 05;
  34640 : 00;
  34641 : 54;
  [34642..34643] : AC;
  34644 : B2;
  34645 : B6;
  34646 : BA;
  34647 : BD;
  34648 : BE;
  34649 : C0;
  34650 : C4;
  34651 : C7;
  34652 : CA;
  34653 : CE;
  34654 : D2;
  34655 : D4;
  34656 : D6;
  34657 : D7;
  34658 : CB;
  34659 : 4C;
  34660 : 6E;
  34661 : ED;
  34662 : D9;
  34663 : DB;
  34664 : DC;
  [34665..34670] : DD;
  34671 : DC;
  [34672..34673] : DB;
  34674 : DC;
  34675 : DB;
  34676 : E0;
  34677 : B2;
  34678 : 24;
  34679 : 0B;
  34680 : 32;
  34681 : 7B;
  34682 : 26;
  34683 : 15;
  [34684..34686] : 17;
  [34687..34688] : 18;
  34689 : 19;
  34690 : 18;
  34691 : 19;
  34692 : 14;
  34693 : 0E;
  34694 : 23;
  34695 : 13;
  34696 : 03;
  34697 : 0C;
  34698 : 82;
  34699 : A3;
  34700 : A5;
  34701 : AA;
  34702 : AD;
  34703 : B0;
  34704 : B4;
  34705 : B8;
  34706 : BA;
  34707 : BC;
  34708 : C0;
  34709 : C5;
  34710 : C8;
  34711 : CB;
  34712 : CD;
  34713 : D4;
  34714 : B0;
  34715 : 36;
  34716 : 15;
  34717 : 44;
  34718 : 6B;
  34719 : 2D;
  34720 : 12;
  [34721..34723] : 15;
  34724 : 16;
  [34725..34727] : 17;
  34728 : 18;
  34729 : 16;
  34730 : 13;
  34731 : 23;
  34732 : 0B;
  34733 : 02;
  34734 : 2E;
  34735 : A6;
  34736 : A9;
  34737 : AC;
  34738 : AF;
  34739 : B2;
  34740 : B5;
  34741 : B8;
  34742 : BB;
  34743 : BE;
  34744 : BF;
  34745 : C1;
  34746 : C5;
  34747 : C7;
  34748 : CA;
  34749 : CC;
  34750 : C9;
  34751 : 2F;
  34752 : 04;
  34753 : 22;
  34754 : 4B;
  34755 : 5E;
  34756 : 3E;
  34757 : 12;
  34758 : 15;
  [34759..34762] : 16;
  [34763..34764] : 17;
  34765 : 16;
  [34766..34767] : 15;
  34768 : 25;
  34769 : 06;
  34770 : 00;
  34771 : 4C;
  34772 : AD;
  34773 : AC;
  34774 : AF;
  34775 : B3;
  34776 : B6;
  34777 : BA;
  34778 : BB;
  34779 : BE;
  34780 : C1;
  34781 : C5;
  34782 : C8;
  34783 : CB;
  34784 : CD;
  34785 : D0;
  34786 : D4;
  34787 : 6E;
  34788 : 40;
  [34789..34790] : DA;
  34791 : D5;
  34792 : D7;
  34793 : D8;
  34794 : D7;
  34795 : D6;
  [34796..34798] : D7;
  [34799..34800] : D6;
  34801 : D4;
  34802 : D3;
  34803 : D2;
  34804 : CD;
  34805 : 2C;
  34806 : 03;
  34807 : 0E;
  34808 : 24;
  34809 : 5A;
  34810 : 4D;
  34811 : 56;
  34812 : 0D;
  34813 : 12;
  [34814..34819] : 11;
  [34820..34822] : 0F;
  34823 : 21;
  34824 : 10;
  34825 : 4E;
  34826 : AA;
  34827 : AB;
  34828 : AD;
  34829 : B0;
  34830 : B3;
  34831 : B6;
  34832 : B8;
  34833 : B9;
  34834 : BA;
  34835 : BC;
  34836 : BF;
  34837 : C2;
  34838 : C4;
  34839 : C5;
  [34840..34841] : C7;
  34842 : C8;
  34843 : BF;
  34844 : 23;
  34845 : 02;
  34846 : 09;
  34847 : 0D;
  34848 : 20;
  34849 : 40;
  34850 : 2D;
  34851 : 70;
  34852 : 16;
  [34853..34855] : 0F;
  34856 : 10;
  34857 : 0F;
  34858 : 10;
  34859 : 0F;
  34860 : 0E;
  [34861..34862] : 0F;
  34863 : 1D;
  34864 : 19;
  34865 : 5A;
  [34866..34867] : B1;
  34868 : B3;
  34869 : B5;
  [34870..34889] : 80;
  34890 : E2;
  [34891..34892] : DA;
  34893 : D9;
  [34894..34895] : D8;
  34896 : DA;
  34897 : AF;
  34898 : 34;
  34899 : 10;
  34900 : 3E;
  34901 : 84;
  34902 : 25;
  34903 : 1C;
  [34904..34906] : 1B;
  34907 : 1C;
  [34908..34910] : 1B;
  34911 : 1C;
  34912 : 14;
  34913 : 0D;
  34914 : 20;
  34915 : 35;
  34916 : 19;
  34917 : 07;
  34918 : 04;
  34919 : 01;
  34920 : 6D;
  34921 : A7;
  34922 : A5;
  34923 : A8;
  34924 : AB;
  34925 : AF;
  34926 : B1;
  34927 : B4;
  34928 : B6;
  34929 : B9;
  34930 : BE;
  34931 : C4;
  34932 : C9;
  34933 : CC;
  34934 : CF;
  34935 : D1;
  [34936..34937] : D3;
  34938 : D4;
  34939 : D7;
  34940 : 75;
  34941 : 1C;
  34942 : 46;
  34943 : 75;
  34944 : 17;
  34945 : 1A;
  [34946..34947] : 1B;
  [34948..34950] : 1A;
  [34951..34952] : 19;
  34953 : 18;
  34954 : 11;
  34955 : 0F;
  34956 : 28;
  34957 : 19;
  34958 : 06;
  34959 : 04;
  34960 : 00;
  34961 : 52;
  [34962..34963] : AC;
  34964 : B1;
  34965 : B6;
  34966 : B9;
  34967 : BC;
  34968 : BE;
  34969 : C1;
  34970 : C3;
  34971 : C7;
  34972 : CB;
  34973 : CE;
  34974 : D1;
  34975 : D3;
  34976 : D7;
  34977 : D8;
  34978 : CB;
  34979 : 4C;
  34980 : 6E;
  34981 : EC;
  34982 : D9;
  34983 : DB;
  [34984..34985] : DC;
  [34986..34987] : DD;
  34988 : DC;
  [34989..34991] : DD;
  [34992..34995] : DC;
  34996 : E0;
  34997 : B3;
  34998 : 23;
  34999 : 0A;
  35000 : 32;
  35001 : 7C;
  35002 : 26;
  35003 : 15;
  [35004..35006] : 17;
  35007 : 18;
  [35008..35009] : 19;
  35010 : 18;
  35011 : 19;
  35012 : 15;
  35013 : 0F;
  35014 : 23;
  35015 : 13;
  35016 : 02;
  35017 : 0C;
  35018 : 83;
  35019 : A4;
  35020 : A5;
  35021 : AA;
  35022 : AD;
  35023 : B0;
  35024 : B4;
  35025 : B7;
  35026 : BA;
  35027 : BC;
  35028 : C0;
  35029 : C5;
  35030 : C9;
  35031 : CB;
  35032 : CD;
  35033 : D3;
  35034 : AF;
  35035 : 35;
  35036 : 14;
  35037 : 42;
  35038 : 69;
  35039 : 2D;
  35040 : 13;
  [35041..35042] : 15;
  35043 : 16;
  [35044..35046] : 17;
  [35047..35048] : 18;
  35049 : 16;
  35050 : 14;
  35051 : 24;
  35052 : 0B;
  35053 : 02;
  35054 : 2D;
  35055 : A5;
  35056 : A9;
  35057 : AC;
  35058 : B0;
  35059 : B2;
  35060 : B4;
  35061 : B7;
  35062 : BB;
  35063 : BD;
  35064 : BF;
  35065 : C1;
  35066 : C4;
  35067 : C7;
  35068 : CA;
  35069 : CD;
  35070 : CB;
  35071 : 2F;
  35072 : 04;
  35073 : 22;
  35074 : 4C;
  35075 : 5C;
  35076 : 3E;
  35077 : 13;
  [35078..35081] : 16;
  [35082..35084] : 17;
  35085 : 16;
  [35086..35087] : 15;
  35088 : 24;
  35089 : 07;
  35090 : 00;
  35091 : 4C;
  35092 : AD;
  35093 : AA;
  35094 : AD;
  35095 : B2;
  35096 : B6;
  35097 : B9;
  35098 : BC;
  35099 : BE;
  35100 : C0;
  35101 : C4;
  35102 : C8;
  35103 : CB;
  35104 : CD;
  35105 : CF;
  35106 : D3;
  35107 : 71;
  35108 : 41;
  [35109..35110] : D9;
  35111 : D5;
  [35112..35115] : D7;
  [35116..35117] : D8;
  [35118..35119] : D7;
  35120 : D6;
  35121 : D4;
  35122 : D3;
  35123 : D2;
  35124 : CC;
  35125 : 2C;
  35126 : 03;
  35127 : 0E;
  35128 : 24;
  35129 : 5A;
  35130 : 4C;
  35131 : 58;
  35132 : 0D;
  35133 : 12;
  [35134..35138] : 11;
  [35139..35140] : 10;
  [35141..35142] : 0F;
  35143 : 1F;
  35144 : 0F;
  35145 : 4B;
  35146 : A9;
  35147 : AB;
  35148 : AD;
  35149 : AF;
  35150 : B2;
  35151 : B6;
  [35152..35153] : B8;
  35154 : B9;
  35155 : BC;
  35156 : BE;
  35157 : C1;
  35158 : C4;
  35159 : C6;
  [35160..35161] : C7;
  35162 : C8;
  35163 : C2;
  35164 : 27;
  35165 : 02;
  35166 : 09;
  35167 : 0D;
  35168 : 20;
  35169 : 3F;
  35170 : 2D;
  35171 : 70;
  35172 : 18;
  [35173..35179] : 10;
  [35180..35181] : 0F;
  35182 : 0E;
  35183 : 1C;
  35184 : 19;
  35185 : 58;
  [35186..35187] : B1;
  35188 : B2;
  35189 : B4;
  [35190..35209] : 80;
  35210 : E3;
  [35211..35212] : DA;
  [35213..35214] : D8;
  35215 : D7;
  35216 : D9;
  35217 : AF;
  35218 : 31;
  35219 : 10;
  35220 : 41;
  35221 : 83;
  35222 : 24;
  [35223..35224] : 1C;
  [35225..35226] : 1B;
  35227 : 1C;
  [35228..35229] : 1B;
  [35230..35231] : 1C;
  35232 : 14;
  35233 : 0E;
  35234 : 1F;
  35235 : 34;
  35236 : 19;
  35237 : 07;
  35238 : 04;
  35239 : 02;
  35240 : 6F;
  35241 : A6;
  35242 : A4;
  35243 : A7;
  35244 : AB;
  35245 : AE;
  35246 : B0;
  35247 : B3;
  35248 : B5;
  35249 : B8;
  35250 : BE;
  35251 : C3;
  35252 : C8;
  35253 : CB;
  35254 : CE;
  35255 : D1;
  [35256..35258] : D3;
  35259 : D6;
  35260 : 74;
  35261 : 1C;
  35262 : 47;
  35263 : 76;
  35264 : 17;
  [35265..35266] : 1B;
  [35267..35270] : 1A;
  [35271..35272] : 19;
  35273 : 18;
  35274 : 11;
  35275 : 0F;
  35276 : 28;
  35277 : 19;
  35278 : 06;
  35279 : 05;
  35280 : 01;
  35281 : 51;
  35282 : AB;
  35283 : AA;
  35284 : B0;
  35285 : B4;
  35286 : B8;
  35287 : BB;
  35288 : BE;
  35289 : C0;
  35290 : C2;
  35291 : C7;
  35292 : CB;
  35293 : CE;
  35294 : D1;
  35295 : D3;
  35296 : D6;
  35297 : D7;
  35298 : CA;
  35299 : 4C;
  35300 : 70;
  35301 : ED;
  35302 : DA;
  35303 : DB;
  35304 : DC;
  [35305..35312] : DD;
  [35313..35315] : DC;
  35316 : E0;
  35317 : B4;
  35318 : 23;
  35319 : 09;
  35320 : 31;
  35321 : 7A;
  35322 : 25;
  35323 : 15;
  35324 : 16;
  35325 : 17;
  [35326..35327] : 18;
  [35328..35330] : 19;
  35331 : 18;
  35332 : 14;
  35333 : 0F;
  35334 : 23;
  35335 : 13;
  35336 : 03;
  35337 : 0C;
  35338 : 82;
  35339 : A2;
  35340 : A6;
  35341 : AA;
  35342 : AD;
  35343 : B0;
  35344 : B3;
  35345 : B6;
  35346 : BA;
  35347 : BD;
  35348 : C0;
  35349 : C4;
  35350 : C7;
  35351 : CA;
  35352 : CD;
  35353 : D3;
  35354 : AE;
  35355 : 33;
  35356 : 13;
  35357 : 42;
  35358 : 69;
  35359 : 2D;
  35360 : 14;
  [35361..35362] : 15;
  [35363..35364] : 16;
  35365 : 17;
  [35366..35367] : 18;
  [35368..35369] : 17;
  35370 : 14;
  35371 : 24;
  35372 : 0C;
  35373 : 02;
  35374 : 2C;
  35375 : A5;
  35376 : A8;
  35377 : AC;
  35378 : B0;
  35379 : B2;
  35380 : B4;
  35381 : B7;
  35382 : BA;
  35383 : BC;
  35384 : BE;
  35385 : C0;
  35386 : C4;
  35387 : C7;
  35388 : C9;
  35389 : CD;
  35390 : CB;
  35391 : 2E;
  35392 : 04;
  35393 : 22;
  35394 : 4E;
  35395 : 5C;
  35396 : 3E;
  35397 : 12;
  [35398..35401] : 16;
  35402 : 18;
  [35403..35405] : 17;
  [35406..35407] : 15;
  35408 : 25;
  35409 : 07;
  35410 : 00;
  35411 : 4B;
  35412 : AC;
  35413 : AA;
  35414 : AD;
  35415 : B2;
  35416 : B6;
  35417 : B9;
  35418 : BC;
  35419 : BE;
  35420 : C1;
  35421 : C4;
  35422 : C8;
  35423 : CB;
  35424 : CD;
  35425 : CF;
  35426 : D3;
  35427 : 72;
  35428 : 41;
  35429 : DA;
  35430 : D9;
  35431 : D5;
  [35432..35433] : D6;
  [35434..35438] : D7;
  35439 : D6;
  35440 : D7;
  35441 : D5;
  35442 : D3;
  35443 : D2;
  35444 : CD;
  35445 : 2D;
  35446 : 02;
  35447 : 10;
  35448 : 26;
  35449 : 5B;
  35450 : 4B;
  35451 : 59;
  35452 : 0E;
  35453 : 13;
  [35454..35456] : 12;
  [35457..35458] : 11;
  [35459..35460] : 10;
  [35461..35462] : 0F;
  35463 : 1E;
  35464 : 11;
  35465 : 49;
  35466 : A9;
  35467 : AB;
  35468 : AD;
  35469 : AF;
  35470 : B3;
  35471 : B5;
  [35472..35473] : B7;
  35474 : B8;
  35475 : BB;
  35476 : BE;
  35477 : C2;
  35478 : C4;
  35479 : C6;
  [35480..35482] : C7;
  35483 : C2;
  35484 : 28;
  35485 : 02;
  35486 : 09;
  35487 : 0C;
  35488 : 1F;
  35489 : 3F;
  35490 : 2F;
  35491 : 70;
  35492 : 1A;
  35493 : 10;
  [35494..35495] : 11;
  [35496..35497] : 10;
  35498 : 0F;
  35499 : 10;
  [35500..35501] : 0F;
  35502 : 0E;
  35503 : 1B;
  35504 : 18;
  35505 : 56;
  [35506..35507] : B1;
  35508 : B3;
  35509 : B4;
  [35510..35529] : 80;
  35530 : E3;
  [35531..35532] : DA;
  [35533..35534] : D8;
  35535 : D7;
  35536 : DA;
  35537 : AE;
  35538 : 2F;
  35539 : 10;
  35540 : 42;
  35541 : 84;
  35542 : 24;
  35543 : 1C;
  [35544..35545] : 1B;
  [35546..35547] : 1C;
  [35548..35549] : 1B;
  [35550..35551] : 1C;
  35552 : 15;
  35553 : 0E;
  35554 : 1F;
  35555 : 32;
  35556 : 18;
  35557 : 07;
  35558 : 05;
  35559 : 02;
  35560 : 6F;
  35561 : A5;
  35562 : A3;
  35563 : A6;
  35564 : AA;
  35565 : AD;
  35566 : B0;
  35567 : B2;
  35568 : B5;
  35569 : B8;
  35570 : BD;
  35571 : C3;
  35572 : C8;
  35573 : CB;
  35574 : CE;
  35575 : D0;
  35576 : D2;
  [35577..35578] : D3;
  35579 : D6;
  35580 : 73;
  35581 : 1B;
  35582 : 49;
  35583 : 76;
  35584 : 18;
  35585 : 1B;
  [35586..35590] : 1A;
  [35591..35593] : 19;
  35594 : 11;
  35595 : 10;
  35596 : 28;
  35597 : 18;
  35598 : 06;
  35599 : 05;
  35600 : 00;
  35601 : 52;
  35602 : AA;
  35603 : A8;
  35604 : AF;
  35605 : B4;
  35606 : B7;
  35607 : BA;
  35608 : BD;
  35609 : C0;
  35610 : C2;
  35611 : C6;
  35612 : CA;
  35613 : CD;
  35614 : D0;
  35615 : D3;
  35616 : D5;
  35617 : D6;
  35618 : C8;
  35619 : 4A;
  35620 : 72;
  35621 : EC;
  35622 : D9;
  35623 : DB;
  [35624..35627] : DC;
  [35628..35630] : DD;
  [35631..35635] : DC;
  35636 : E0;
  35637 : B6;
  35638 : 24;
  35639 : 08;
  35640 : 30;
  35641 : 78;
  35642 : 24;
  35643 : 16;
  [35644..35645] : 17;
  [35646..35647] : 18;
  [35648..35649] : 19;
  [35650..35651] : 18;
  35652 : 13;
  35653 : 0E;
  35654 : 26;
  35655 : 15;
  35656 : 03;
  35657 : 0B;
  35658 : 80;
  35659 : A3;
  35660 : A5;
  35661 : AA;
  35662 : AD;
  35663 : AF;
  35664 : B3;
  35665 : B7;
  35666 : BA;
  35667 : BD;
  35668 : C0;
  35669 : C3;
  35670 : C7;
  35671 : C9;
  35672 : CB;
  35673 : D2;
  35674 : AD;
  35675 : 32;
  35676 : 12;
  35677 : 3F;
  35678 : 6D;
  35679 : 2D;
  35680 : 13;
  35681 : 15;
  [35682..35684] : 16;
  [35685..35686] : 17;
  [35687..35688] : 18;
  35689 : 17;
  35690 : 14;
  35691 : 24;
  35692 : 0B;
  35693 : 02;
  35694 : 2C;
  35695 : A5;
  35696 : A8;
  35697 : AB;
  35698 : AF;
  35699 : B1;
  35700 : B4;
  35701 : B7;
  35702 : BA;
  35703 : BB;
  35704 : BD;
  35705 : C0;
  35706 : C3;
  35707 : C7;
  35708 : C9;
  35709 : CC;
  35710 : C8;
  35711 : 2D;
  35712 : 03;
  35713 : 23;
  35714 : 4F;
  35715 : 5C;
  35716 : 3E;
  35717 : 13;
  [35718..35720] : 17;
  35721 : 18;
  [35722..35724] : 17;
  35725 : 18;
  35726 : 16;
  35727 : 15;
  35728 : 25;
  35729 : 07;
  35730 : 00;
  35731 : 4A;
  35732 : AC;
  35733 : AB;
  35734 : AD;
  35735 : B1;
  35736 : B5;
  35737 : B8;
  35738 : BB;
  35739 : BE;
  35740 : C1;
  35741 : C4;
  35742 : C8;
  35743 : CB;
  35744 : CD;
  35745 : CF;
  35746 : D3;
  35747 : 71;
  35748 : 40;
  [35749..35750] : D9;
  35751 : D4;
  35752 : D6;
  35753 : D7;
  [35754..35755] : D6;
  [35756..35757] : D7;
  [35758..35760] : D6;
  [35761..35762] : D4;
  35763 : D3;
  35764 : CE;
  35765 : 2D;
  35766 : 03;
  35767 : 0E;
  35768 : 25;
  35769 : 5C;
  35770 : 4C;
  35771 : 5A;
  35772 : 0E;
  [35773..35775] : 12;
  [35776..35777] : 11;
  35778 : 10;
  35779 : 11;
  35780 : 10;
  [35781..35782] : 0F;
  35783 : 1F;
  35784 : 10;
  35785 : 47;
  35786 : A7;
  35787 : AB;
  35788 : AC;
  35789 : AF;
  35790 : B1;
  35791 : B4;
  35792 : B7;
  35793 : B8;
  35794 : B9;
  35795 : BB;
  35796 : BE;
  35797 : C2;
  35798 : C4;
  [35799..35801] : C6;
  35802 : C7;
  35803 : C2;
  35804 : 29;
  35805 : 02;
  35806 : 08;
  35807 : 0C;
  35808 : 1E;
  35809 : 3E;
  35810 : 2F;
  35811 : 6F;
  35812 : 1C;
  [35813..35815] : 10;
  35816 : 11;
  [35817..35819] : 10;
  35820 : 0F;
  35821 : 0E;
  35822 : 0D;
  35823 : 1A;
  35824 : 18;
  35825 : 54;
  35826 : AF;
  35827 : B1;
  35828 : B3;
  35829 : B4;
  [35830..35849] : 80;
  35850 : E2;
  [35851..35852] : DA;
  [35853..35854] : D9;
  35855 : D8;
  35856 : DA;
  35857 : AD;
  35858 : 2F;
  35859 : 10;
  35860 : 43;
  35861 : 83;
  35862 : 23;
  [35863..35866] : 1B;
  35867 : 1C;
  [35868..35870] : 1B;
  35871 : 1C;
  35872 : 14;
  35873 : 0E;
  35874 : 1E;
  35875 : 31;
  35876 : 18;
  35877 : 07;
  35878 : 04;
  35879 : 02;
  35880 : 70;
  35881 : A4;
  35882 : A2;
  35883 : A5;
  35884 : A8;
  35885 : AC;
  35886 : B0;
  35887 : B2;
  35888 : B5;
  35889 : B8;
  35890 : BC;
  35891 : C2;
  35892 : C7;
  35893 : CB;
  35894 : CE;
  35895 : D0;
  [35896..35897] : D2;
  35898 : D3;
  35899 : D7;
  35900 : 73;
  35901 : 1A;
  35902 : 4A;
  35903 : 77;
  35904 : 17;
  [35905..35908] : 1B;
  35909 : 1A;
  35910 : 1B;
  [35911..35912] : 1A;
  35913 : 19;
  35914 : 11;
  35915 : 10;
  35916 : 27;
  35917 : 17;
  35918 : 06;
  35919 : 04;
  35920 : 00;
  35921 : 52;
  35922 : A9;
  35923 : A7;
  35924 : AD;
  35925 : B3;
  35926 : B7;
  35927 : BA;
  35928 : BD;
  35929 : BF;
  35930 : C2;
  35931 : C6;
  35932 : CA;
  35933 : CD;
  35934 : CF;
  35935 : D2;
  35936 : D5;
  35937 : D6;
  35938 : C7;
  35939 : 49;
  35940 : 73;
  35941 : EB;
  35942 : D8;
  35943 : DA;
  [35944..35947] : DC;
  35948 : DD;
  [35949..35951] : DC;
  35952 : DB;
  [35953..35955] : DC;
  35956 : E0;
  35957 : B7;
  35958 : 25;
  35959 : 08;
  35960 : 2F;
  35961 : 79;
  35962 : 24;
  35963 : 16;
  [35964..35966] : 18;
  [35967..35970] : 19;
  35971 : 18;
  35972 : 13;
  35973 : 0F;
  35974 : 27;
  35975 : 15;
  35976 : 03;
  35977 : 0B;
  35978 : 80;
  35979 : A3;
  35980 : A5;
  35981 : AA;
  35982 : AE;
  35983 : AF;
  35984 : B3;
  35985 : B7;
  35986 : BA;
  35987 : BC;
  35988 : C0;
  35989 : C4;
  35990 : C7;
  35991 : C8;
  35992 : CA;
  35993 : D1;
  35994 : AC;
  35995 : 30;
  35996 : 10;
  35997 : 3E;
  35998 : 70;
  35999 : 2D;
  36000 : 13;
  [36001..36002] : 15;
  36003 : 16;
  [36004..36005] : 17;
  [36006..36008] : 18;
  36009 : 16;
  36010 : 13;
  36011 : 25;
  36012 : 0B;
  36013 : 02;
  36014 : 2C;
  36015 : A5;
  36016 : A8;
  36017 : AB;
  36018 : AE;
  36019 : B2;
  36020 : B3;
  36021 : B6;
  36022 : B9;
  36023 : BB;
  36024 : BD;
  36025 : BF;
  36026 : C3;
  36027 : C7;
  36028 : C9;
  36029 : CB;
  36030 : C7;
  36031 : 2E;
  36032 : 04;
  36033 : 23;
  36034 : 51;
  36035 : 5D;
  36036 : 3F;
  36037 : 13;
  36038 : 16;
  36039 : 17;
  36040 : 16;
  [36041..36045] : 17;
  [36046..36047] : 16;
  36048 : 25;
  36049 : 07;
  36050 : 00;
  36051 : 4A;
  36052 : AD;
  36053 : AC;
  36054 : AE;
  36055 : B1;
  36056 : B6;
  36057 : B9;
  36058 : BB;
  36059 : BE;
  36060 : C1;
  36061 : C4;
  36062 : C7;
  36063 : CA;
  36064 : CD;
  36065 : CF;
  36066 : D3;
  36067 : 72;
  36068 : 40;
  [36069..36070] : D9;
  36071 : D4;
  36072 : D5;
  [36073..36075] : D6;
  36076 : D7;
  [36077..36079] : D6;
  [36080..36081] : D5;
  36082 : D3;
  36083 : D2;
  36084 : CE;
  36085 : 2F;
  36086 : 02;
  36087 : 0E;
  36088 : 24;
  36089 : 5C;
  36090 : 4B;
  36091 : 5C;
  36092 : 0E;
  36093 : 13;
  36094 : 12;
  [36095..36100] : 11;
  36101 : 10;
  36102 : 0F;
  36103 : 1F;
  36104 : 0F;
  36105 : 42;
  36106 : A6;
  36107 : A9;
  36108 : AB;
  36109 : AE;
  36110 : B1;
  36111 : B4;
  36112 : B7;
  36113 : B8;
  36114 : B9;
  36115 : BC;
  36116 : BE;
  36117 : C1;
  36118 : C4;
  [36119..36121] : C5;
  36122 : C6;
  36123 : C2;
  36124 : 2A;
  36125 : 02;
  36126 : 07;
  36127 : 0A;
  36128 : 1D;
  36129 : 3D;
  36130 : 31;
  36131 : 6E;
  36132 : 1F;
  [36133..36134] : 10;
  [36135..36136] : 11;
  36137 : 10;
  [36138..36141] : 0F;
  36142 : 0E;
  36143 : 19;
  36144 : 1A;
  36145 : 52;
  36146 : AF;
  36147 : B1;
  36148 : B3;
  36149 : B4;
  [36150..36169] : 80;
  36170 : E2;
  36171 : DA;
  36172 : DB;
  36173 : DA;
  36174 : D9;
  36175 : D8;
  36176 : DA;
  36177 : AD;
  36178 : 2C;
  36179 : 0E;
  36180 : 47;
  36181 : 83;
  36182 : 24;
  36183 : 1B;
  [36184..36185] : 1C;
  36186 : 1B;
  [36187..36191] : 1C;
  36192 : 15;
  36193 : 0E;
  36194 : 1E;
  36195 : 2F;
  36196 : 16;
  36197 : 07;
  36198 : 04;
  36199 : 03;
  36200 : 6F;
  36201 : A2;
  36202 : A1;
  36203 : A4;
  36204 : A8;
  36205 : AB;
  36206 : AF;
  36207 : B2;
  36208 : B5;
  36209 : B8;
  36210 : BC;
  36211 : C2;
  36212 : C7;
  36213 : CB;
  36214 : CE;
  36215 : D0;
  [36216..36217] : D2;
  36218 : D4;
  36219 : D7;
  36220 : 72;
  36221 : 1A;
  36222 : 49;
  36223 : 76;
  36224 : 18;
  36225 : 1C;
  [36226..36227] : 1B;
  36228 : 1A;
  [36229..36230] : 1B;
  36231 : 1A;
  [36232..36233] : 19;
  36234 : 11;
  36235 : 0E;
  36236 : 28;
  36237 : 17;
  36238 : 06;
  36239 : 04;
  36240 : 01;
  36241 : 52;
  36242 : A7;
  36243 : A6;
  36244 : AD;
  36245 : B2;
  36246 : B7;
  36247 : BA;
  36248 : BC;
  36249 : BE;
  36250 : C1;
  36251 : C5;
  36252 : C9;
  36253 : CD;
  36254 : D0;
  36255 : D2;
  36256 : D4;
  36257 : D5;
  36258 : C7;
  36259 : 4A;
  36260 : 75;
  36261 : EC;
  36262 : D8;
  36263 : DA;
  [36264..36265] : DB;
  36266 : DC;
  [36267..36268] : DD;
  [36269..36271] : DC;
  [36272..36273] : DB;
  [36274..36275] : DC;
  36276 : E1;
  36277 : B9;
  36278 : 27;
  36279 : 09;
  36280 : 30;
  36281 : 79;
  36282 : 24;
  36283 : 16;
  36284 : 17;
  [36285..36287] : 18;
  [36288..36290] : 19;
  36291 : 18;
  36292 : 14;
  36293 : 0F;
  36294 : 27;
  36295 : 15;
  36296 : 03;
  36297 : 0B;
  36298 : 80;
  36299 : A3;
  36300 : A5;
  36301 : AA;
  36302 : AE;
  36303 : AF;
  36304 : B3;
  36305 : B8;
  36306 : BA;
  36307 : BC;
  36308 : BF;
  36309 : C4;
  36310 : C6;
  36311 : C8;
  36312 : CA;
  36313 : D1;
  36314 : AC;
  36315 : 30;
  36316 : 10;
  36317 : 40;
  36318 : 71;
  36319 : 2D;
  36320 : 13;
  [36321..36322] : 15;
  36323 : 16;
  [36324..36327] : 17;
  36328 : 18;
  36329 : 15;
  36330 : 13;
  36331 : 24;
  36332 : 0A;
  36333 : 02;
  36334 : 2C;
  36335 : A5;
  36336 : A7;
  36337 : AA;
  36338 : AD;
  36339 : B1;
  36340 : B3;
  36341 : B6;
  36342 : B8;
  36343 : BB;
  36344 : BC;
  36345 : BF;
  36346 : C3;
  36347 : C6;
  36348 : C8;
  36349 : CA;
  36350 : C9;
  36351 : 2F;
  36352 : 03;
  36353 : 23;
  36354 : 52;
  36355 : 5E;
  36356 : 42;
  36357 : 13;
  [36358..36359] : 17;
  36360 : 16;
  [36361..36362] : 17;
  [36363..36365] : 18;
  36366 : 16;
  36367 : 17;
  36368 : 26;
  36369 : 07;
  36370 : 00;
  36371 : 49;
  36372 : AD;
  36373 : AC;
  36374 : AE;
  36375 : B1;
  36376 : B5;
  36377 : B9;
  36378 : BB;
  36379 : BD;
  36380 : C1;
  36381 : C4;
  36382 : C7;
  36383 : CA;
  36384 : CC;
  36385 : CE;
  36386 : D3;
  36387 : 74;
  36388 : 3F;
  [36389..36390] : D7;
  36391 : D3;
  [36392..36394] : D5;
  36395 : D6;
  36396 : D7;
  [36397..36400] : D6;
  36401 : D5;
  36402 : D3;
  36403 : D2;
  36404 : CD;
  36405 : 30;
  36406 : 02;
  36407 : 0E;
  36408 : 23;
  36409 : 5A;
  36410 : 4A;
  36411 : 5E;
  36412 : 0E;
  36413 : 12;
  [36414..36419] : 11;
  [36420..36422] : 10;
  36423 : 1E;
  36424 : 0E;
  36425 : 3F;
  36426 : A5;
  36427 : A9;
  36428 : AA;
  36429 : AE;
  36430 : B1;
  36431 : B4;
  36432 : B7;
  36433 : B9;
  36434 : BA;
  36435 : BB;
  36436 : BE;
  36437 : C0;
  36438 : C3;
  36439 : C4;
  [36440..36441] : C5;
  36442 : C6;
  36443 : C1;
  36444 : 29;
  36445 : 02;
  36446 : 06;
  36447 : 0A;
  36448 : 1C;
  36449 : 3C;
  36450 : 30;
  36451 : 6D;
  36452 : 22;
  [36453..36456] : 10;
  36457 : 11;
  [36458..36459] : 0F;
  [36460..36462] : 0E;
  36463 : 19;
  36464 : 1B;
  36465 : 51;
  36466 : AE;
  36467 : B1;
  [36468..36469] : B3;
  [36470..36489] : 80;
  36490 : E3;
  [36491..36493] : DA;
  36494 : D9;
  36495 : D7;
  36496 : DA;
  36497 : AB;
  36498 : 2A;
  36499 : 0E;
  36500 : 4A;
  36501 : 84;
  36502 : 23;
  36503 : 1C;
  36504 : 1B;
  36505 : 1C;
  [36506..36507] : 1B;
  36508 : 1D;
  [36509..36510] : 1C;
  36511 : 1D;
  36512 : 15;
  36513 : 0E;
  36514 : 1E;
  36515 : 2F;
  36516 : 16;
  36517 : 07;
  36518 : 04;
  36519 : 02;
  36520 : 6F;
  36521 : A2;
  36522 : A1;
  36523 : A3;
  36524 : A8;
  36525 : AC;
  36526 : AF;
  36527 : B2;
  36528 : B5;
  36529 : B8;
  36530 : BD;
  36531 : C2;
  36532 : C7;
  36533 : CA;
  36534 : CD;
  36535 : D0;
  36536 : D2;
  [36537..36538] : D3;
  36539 : D7;
  36540 : 71;
  36541 : 1A;
  36542 : 4B;
  36543 : 72;
  36544 : 18;
  36545 : 1C;
  36546 : 1B;
  36547 : 1C;
  [36548..36551] : 1A;
  36552 : 19;
  36553 : 18;
  36554 : 11;
  36555 : 0F;
  36556 : 28;
  36557 : 17;
  36558 : 05;
  36559 : 04;
  36560 : 00;
  36561 : 53;
  36562 : A8;
  36563 : A6;
  36564 : AC;
  36565 : B2;
  36566 : B6;
  36567 : B9;
  36568 : BC;
  36569 : BE;
  36570 : C1;
  36571 : C5;
  36572 : C9;
  36573 : CC;
  36574 : CF;
  36575 : D1;
  36576 : D4;
  36577 : D5;
  36578 : C7;
  36579 : 4A;
  36580 : 77;
  36581 : EB;
  36582 : D8;
  36583 : DA;
  [36584..36585] : DB;
  [36586..36589] : DC;
  36590 : DB;
  [36591..36595] : DC;
  36596 : E1;
  36597 : BA;
  36598 : 2A;
  36599 : 0A;
  36600 : 31;
  36601 : 78;
  36602 : 25;
  [36603..36604] : 17;
  36605 : 18;
  36606 : 19;
  [36607..36608] : 1A;
  [36609..36610] : 19;
  36611 : 18;
  36612 : 13;
  36613 : 0E;
  36614 : 27;
  36615 : 15;
  36616 : 03;
  36617 : 0C;
  36618 : 81;
  36619 : A2;
  36620 : A5;
  36621 : A9;
  36622 : AC;
  36623 : AF;
  36624 : B3;
  36625 : B7;
  36626 : BB;
  36627 : BC;
  36628 : C0;
  36629 : C3;
  36630 : C6;
  36631 : C8;
  36632 : CA;
  36633 : D0;
  36634 : AC;
  36635 : 2F;
  36636 : 0F;
  36637 : 40;
  36638 : 70;
  36639 : 2C;
  36640 : 13;
  36641 : 15;
  [36642..36644] : 16;
  [36645..36646] : 17;
  36647 : 16;
  36648 : 17;
  36649 : 15;
  36650 : 14;
  36651 : 24;
  36652 : 0A;
  36653 : 02;
  36654 : 2C;
  36655 : A5;
  36656 : A7;
  36657 : A9;
  36658 : AD;
  36659 : B0;
  36660 : B3;
  36661 : B6;
  36662 : B8;
  36663 : BB;
  36664 : BC;
  36665 : BF;
  36666 : C2;
  36667 : C6;
  36668 : C8;
  36669 : CB;
  36670 : C8;
  36671 : 2E;
  36672 : 03;
  36673 : 23;
  36674 : 53;
  36675 : 5E;
  36676 : 42;
  36677 : 13;
  [36678..36679] : 17;
  36680 : 16;
  [36681..36682] : 17;
  [36683..36684] : 18;
  [36685..36686] : 17;
  36687 : 18;
  36688 : 27;
  36689 : 07;
  36690 : 00;
  36691 : 4A;
  36692 : AD;
  36693 : AC;
  36694 : AD;
  36695 : B1;
  36696 : B6;
  36697 : B9;
  36698 : BC;
  36699 : BE;
  36700 : C0;
  36701 : C4;
  36702 : C8;
  36703 : CA;
  36704 : CB;
  36705 : CE;
  36706 : D4;
  36707 : 76;
  36708 : 3C;
  36709 : D6;
  36710 : D8;
  36711 : D2;
  [36712..36713] : D4;
  36714 : D5;
  36715 : D6;
  [36716..36719] : D7;
  36720 : D6;
  36721 : D4;
  36722 : D3;
  36723 : D1;
  36724 : CD;
  36725 : 31;
  36726 : 02;
  36727 : 0E;
  36728 : 20;
  36729 : 57;
  36730 : 48;
  36731 : 5F;
  36732 : 0E;
  36733 : 12;
  [36734..36735] : 11;
  36736 : 12;
  36737 : 11;
  36738 : 10;
  [36739..36740] : 11;
  [36741..36742] : 10;
  36743 : 1E;
  36744 : 0D;
  36745 : 3C;
  36746 : A3;
  36747 : A8;
  36748 : AB;
  36749 : AE;
  36750 : B1;
  36751 : B4;
  36752 : B7;
  36753 : B8;
  36754 : B9;
  36755 : BB;
  36756 : BE;
  36757 : C1;
  36758 : C3;
  [36759..36762] : C4;
  36763 : BE;
  36764 : 28;
  36765 : 02;
  36766 : 06;
  36767 : 09;
  36768 : 1C;
  36769 : 3B;
  36770 : 31;
  36771 : 6D;
  36772 : 24;
  36773 : 0F;
  36774 : 11;
  [36775..36776] : 10;
  36777 : 0F;
  36778 : 10;
  [36779..36781] : 0E;
  36782 : 0D;
  36783 : 19;
  36784 : 1D;
  36785 : 4E;
  36786 : AE;
  36787 : B0;
  36788 : B2;
  36789 : B3;
  [36790..36809] : 80;
  36810 : E3;
  [36811..36813] : DA;
  36814 : D9;
  36815 : D8;
  36816 : DA;
  36817 : AB;
  36818 : 2B;
  36819 : 0F;
  36820 : 4E;
  36821 : 84;
  36822 : 22;
  36823 : 1C;
  36824 : 1B;
  [36825..36830] : 1C;
  36831 : 1D;
  36832 : 15;
  36833 : 0E;
  36834 : 1E;
  36835 : 2D;
  36836 : 15;
  36837 : 07;
  36838 : 04;
  36839 : 02;
  36840 : 6F;
  [36841..36842] : A0;
  36843 : A3;
  36844 : A7;
  36845 : AB;
  36846 : B0;
  36847 : B2;
  36848 : B5;
  36849 : B8;
  36850 : BD;
  36851 : C2;
  36852 : C7;
  36853 : CB;
  36854 : CD;
  36855 : D0;
  36856 : D1;
  36857 : D3;
  36858 : D4;
  36859 : D8;
  36860 : 6E;
  36861 : 1B;
  36862 : 4B;
  36863 : 70;
  36864 : 18;
  36865 : 1C;
  [36866..36869] : 1B;
  36870 : 1A;
  [36871..36872] : 19;
  36873 : 17;
  36874 : 10;
  36875 : 0F;
  36876 : 28;
  36877 : 16;
  36878 : 05;
  36879 : 04;
  36880 : 00;
  36881 : 52;
  36882 : A6;
  36883 : A5;
  36884 : AB;
  36885 : B0;
  36886 : B6;
  36887 : BA;
  36888 : BB;
  36889 : BE;
  36890 : C1;
  36891 : C5;
  36892 : C9;
  36893 : CD;
  36894 : CF;
  36895 : D1;
  36896 : D4;
  36897 : D5;
  36898 : C6;
  36899 : 4A;
  36900 : 79;
  36901 : EC;
  36902 : D9;
  36903 : DA;
  [36904..36905] : DB;
  [36906..36912] : DC;
  [36913..36914] : DB;
  36915 : DC;
  36916 : E0;
  36917 : BB;
  36918 : 2D;
  36919 : 0A;
  36920 : 31;
  36921 : 78;
  36922 : 26;
  [36923..36924] : 18;
  36925 : 17;
  36926 : 19;
  36927 : 1A;
  [36928..36930] : 19;
  36931 : 18;
  36932 : 14;
  36933 : 0F;
  36934 : 26;
  36935 : 14;
  36936 : 03;
  36937 : 0C;
  36938 : 81;
  36939 : A1;
  36940 : A3;
  36941 : A9;
  36942 : AC;
  36943 : AE;
  36944 : B3;
  36945 : B7;
  36946 : BB;
  36947 : BD;
  36948 : C0;
  36949 : C3;
  36950 : C6;
  36951 : C8;
  36952 : CA;
  36953 : D1;
  36954 : AD;
  36955 : 2D;
  36956 : 10;
  36957 : 42;
  36958 : 6F;
  36959 : 2C;
  36960 : 14;
  36961 : 15;
  [36962..36964] : 16;
  [36965..36968] : 17;
  36969 : 15;
  36970 : 13;
  36971 : 23;
  36972 : 0B;
  36973 : 02;
  36974 : 2C;
  36975 : A5;
  36976 : A7;
  36977 : A9;
  36978 : AD;
  36979 : B0;
  36980 : B2;
  36981 : B6;
  36982 : B9;
  36983 : BB;
  36984 : BC;
  36985 : BF;
  36986 : C2;
  36987 : C5;
  36988 : C8;
  36989 : CB;
  36990 : C8;
  36991 : 2D;
  36992 : 03;
  36993 : 23;
  36994 : 53;
  36995 : 5D;
  36996 : 42;
  36997 : 12;
  36998 : 17;
  [36999..37001] : 16;
  [37002..37003] : 17;
  [37004..37005] : 18;
  [37006..37007] : 17;
  37008 : 27;
  37009 : 07;
  37010 : 00;
  37011 : 4A;
  [37012..37013] : AD;
  37014 : AE;
  37015 : B2;
  37016 : B6;
  37017 : BA;
  37018 : BC;
  37019 : BE;
  37020 : C1;
  37021 : C4;
  37022 : C7;
  37023 : CA;
  37024 : CC;
  37025 : CD;
  37026 : D3;
  37027 : 77;
  37028 : 3C;
  37029 : D5;
  37030 : D8;
  37031 : D3;
  37032 : D4;
  [37033..37034] : D5;
  37035 : D6;
  [37036..37038] : D7;
  [37039..37040] : D6;
  37041 : D4;
  37042 : D3;
  37043 : D0;
  37044 : CE;
  37045 : 34;
  37046 : 02;
  37047 : 0D;
  37048 : 1F;
  37049 : 55;
  37050 : 47;
  37051 : 60;
  37052 : 0E;
  [37053..37054] : 12;
  [37055..37057] : 11;
  37058 : 12;
  [37059..37060] : 11;
  37061 : 0F;
  37062 : 10;
  37063 : 1F;
  37064 : 0C;
  37065 : 38;
  37066 : A3;
  37067 : A8;
  37068 : AB;
  37069 : AE;
  37070 : B1;
  37071 : B4;
  37072 : B6;
  37073 : B8;
  37074 : BA;
  37075 : BB;
  37076 : BE;
  37077 : C1;
  [37078..37080] : C3;
  37081 : C2;
  37082 : C3;
  37083 : BD;
  37084 : 29;
  37085 : 02;
  37086 : 06;
  37087 : 08;
  37088 : 1A;
  37089 : 3B;
  37090 : 32;
  37091 : 6C;
  37092 : 27;
  37093 : 0F;
  [37094..37095] : 11;
  37096 : 10;
  [37097..37098] : 0F;
  [37099..37102] : 0E;
  37103 : 19;
  37104 : 1D;
  37105 : 4C;
  37106 : AD;
  37107 : B1;
  [37108..37109] : B3;
  [37110..37129] : 80;
  37130 : E2;
  [37131..37132] : D9;
  37133 : DA;
  37134 : D8;
  37135 : D7;
  37136 : DB;
  37137 : A9;
  37138 : 2B;
  37139 : 10;
  37140 : 50;
  37141 : 84;
  37142 : 21;
  37143 : 1C;
  37144 : 1A;
  37145 : 1B;
  [37146..37148] : 1C;
  [37149..37151] : 1D;
  37152 : 14;
  37153 : 0E;
  37154 : 1F;
  37155 : 2C;
  37156 : 14;
  37157 : 07;
  37158 : 04;
  37159 : 03;
  37160 : 6E;
  37161 : A0;
  37162 : 9F;
  37163 : A3;
  37164 : A7;
  37165 : AB;
  37166 : AF;
  37167 : B2;
  37168 : B5;
  37169 : B9;
  37170 : BD;
  37171 : C2;
  37172 : C7;
  37173 : CB;
  37174 : CC;
  37175 : CF;
  37176 : D1;
  37177 : D2;
  37178 : D4;
  37179 : D8;
  37180 : 6D;
  37181 : 1A;
  37182 : 4B;
  37183 : 6F;
  37184 : 17;
  37185 : 1C;
  [37186..37189] : 1B;
  37190 : 1A;
  [37191..37192] : 19;
  37193 : 18;
  [37194..37195] : 10;
  37196 : 27;
  37197 : 14;
  [37198..37199] : 04;
  37200 : 00;
  37201 : 51;
  [37202..37203] : A6;
  37204 : AB;
  37205 : B0;
  37206 : B5;
  37207 : B9;
  37208 : BC;
  37209 : BF;
  37210 : C1;
  37211 : C5;
  37212 : C9;
  37213 : CC;
  37214 : CF;
  37215 : D2;
  37216 : D4;
  37217 : D5;
  37218 : C6;
  37219 : 4A;
  37220 : 7A;
  37221 : EC;
  37222 : D8;
  37223 : DA;
  [37224..37226] : DB;
  [37227..37231] : DC;
  [37232..37234] : DB;
  37235 : DC;
  37236 : E0;
  37237 : BD;
  37238 : 2D;
  37239 : 09;
  37240 : 33;
  37241 : 78;
  37242 : 25;
  37243 : 18;
  37244 : 17;
  [37245..37246] : 18;
  37247 : 19;
  [37248..37249] : 1A;
  37250 : 19;
  37251 : 18;
  37252 : 14;
  37253 : 0F;
  37254 : 27;
  37255 : 14;
  37256 : 02;
  37257 : 0C;
  37258 : 81;
  37259 : A0;
  37260 : A3;
  37261 : A8;
  37262 : AB;
  37263 : AD;
  37264 : B2;
  37265 : B7;
  37266 : BA;
  37267 : BB;
  37268 : BE;
  37269 : C3;
  37270 : C5;
  37271 : C8;
  37272 : CA;
  37273 : D1;
  37274 : AE;
  37275 : 2B;
  37276 : 0F;
  37277 : 3F;
  37278 : 70;
  37279 : 2A;
  37280 : 13;
  [37281..37283] : 15;
  [37284..37286] : 16;
  [37287..37288] : 17;
  37289 : 15;
  37290 : 13;
  37291 : 24;
  37292 : 0B;
  37293 : 02;
  37294 : 2B;
  37295 : A4;
  37296 : A7;
  37297 : A9;
  37298 : AD;
  37299 : B0;
  37300 : B3;
  37301 : B6;
  37302 : B9;
  37303 : BA;
  37304 : BC;
  37305 : BF;
  37306 : C2;
  37307 : C5;
  37308 : C8;
  37309 : CB;
  37310 : C8;
  37311 : 2E;
  37312 : 03;
  37313 : 22;
  37314 : 52;
  37315 : 5B;
  37316 : 41;
  37317 : 12;
  37318 : 16;
  [37319..37320] : 15;
  37321 : 16;
  [37322..37327] : 17;
  37328 : 27;
  37329 : 07;
  37330 : 00;
  37331 : 4B;
  37332 : AE;
  37333 : AD;
  37334 : AE;
  37335 : B2;
  37336 : B6;
  37337 : BA;
  37338 : BC;
  37339 : BE;
  37340 : C0;
  37341 : C3;
  37342 : C7;
  37343 : CA;
  37344 : CC;
  37345 : CE;
  37346 : D3;
  37347 : 77;
  37348 : 3C;
  37349 : D5;
  37350 : D7;
  37351 : D2;
  37352 : D4;
  [37353..37354] : D5;
  [37355..37356] : D6;
  [37357..37358] : D7;
  [37359..37360] : D6;
  37361 : D5;
  37362 : D3;
  37363 : D1;
  37364 : CF;
  37365 : 36;
  37366 : 01;
  37367 : 0C;
  37368 : 1F;
  37369 : 56;
  37370 : 44;
  37371 : 60;
  37372 : 0E;
  37373 : 12;
  [37374..37380] : 11;
  [37381..37382] : 10;
  37383 : 1D;
  37384 : 0C;
  37385 : 35;
  37386 : A1;
  37387 : A7;
  37388 : AA;
  37389 : AE;
  37390 : B1;
  37391 : B4;
  37392 : B6;
  37393 : B8;
  37394 : B9;
  37395 : BA;
  37396 : BD;
  37397 : C1;
  [37398..37401] : C2;
  37402 : C3;
  37403 : BF;
  37404 : 2D;
  37405 : 02;
  37406 : 05;
  37407 : 09;
  37408 : 19;
  37409 : 3A;
  37410 : 33;
  37411 : 6B;
  37412 : 28;
  37413 : 0E;
  [37414..37417] : 10;
  37418 : 0F;
  [37419..37421] : 0E;
  37422 : 0D;
  37423 : 17;
  37424 : 1E;
  37425 : 49;
  37426 : AC;
  37427 : B1;
  37428 : B3;
  37429 : B4;
  [37430..37449] : 80;
  37450 : E3;
  [37451..37453] : D9;
  37454 : D8;
  37455 : D7;
  37456 : DA;
  37457 : A8;
  37458 : 2A;
  37459 : 10;
  37460 : 51;
  37461 : 84;
  37462 : 20;
  [37463..37465] : 1B;
  37466 : 1C;
  37467 : 1B;
  37468 : 1C;
  [37469..37471] : 1D;
  37472 : 14;
  37473 : 0E;
  37474 : 1F;
  37475 : 2A;
  37476 : 13;
  37477 : 07;
  37478 : 04;
  37479 : 02;
  37480 : 6D;
  37481 : 9F;
  37482 : 9E;
  37483 : A2;
  37484 : A7;
  37485 : AB;
  37486 : AF;
  37487 : B2;
  37488 : B4;
  37489 : B8;
  37490 : BD;
  37491 : C3;
  37492 : C7;
  37493 : CA;
  37494 : CC;
  37495 : CF;
  37496 : D1;
  37497 : D2;
  37498 : D4;
  37499 : D8;
  37500 : 6E;
  37501 : 19;
  37502 : 4A;
  37503 : 6E;
  37504 : 17;
  37505 : 1C;
  [37506..37508] : 1B;
  [37509..37511] : 1A;
  37512 : 19;
  37513 : 18;
  37514 : 10;
  37515 : 0F;
  37516 : 26;
  37517 : 14;
  37518 : 05;
  37519 : 04;
  37520 : 00;
  37521 : 51;
  37522 : A6;
  37523 : A5;
  37524 : AB;
  37525 : B0;
  37526 : B5;
  37527 : B9;
  37528 : BB;
  37529 : BE;
  37530 : C1;
  37531 : C5;
  37532 : C9;
  37533 : CE;
  37534 : D0;
  37535 : D2;
  [37536..37537] : D5;
  37538 : C7;
  37539 : 49;
  37540 : 7A;
  37541 : EC;
  37542 : D8;
  [37543..37545] : DA;
  [37546..37548] : DC;
  [37549..37551] : DB;
  37552 : DA;
  [37553..37554] : DB;
  37555 : DC;
  37556 : E0;
  37557 : BE;
  37558 : 2C;
  37559 : 09;
  37560 : 33;
  37561 : 78;
  37562 : 24;
  [37563..37565] : 18;
  [37566..37567] : 19;
  [37568..37569] : 1A;
  [37570..37571] : 19;
  37572 : 14;
  37573 : 10;
  37574 : 27;
  37575 : 14;
  37576 : 02;
  37577 : 0B;
  37578 : 7F;
  37579 : A0;
  37580 : A2;
  37581 : A6;
  37582 : AA;
  37583 : AD;
  37584 : B1;
  37585 : B6;
  37586 : BA;
  37587 : BB;
  37588 : BE;
  37589 : C3;
  37590 : C5;
  37591 : C7;
  37592 : CA;
  37593 : D0;
  37594 : B0;
  37595 : 29;
  37596 : 0D;
  37597 : 3B;
  37598 : 72;
  37599 : 2A;
  37600 : 13;
  37601 : 15;
  [37602..37605] : 16;
  [37606..37608] : 17;
  37609 : 15;
  37610 : 14;
  37611 : 25;
  37612 : 0B;
  37613 : 02;
  37614 : 2B;
  37615 : A3;
  37616 : A6;
  37617 : A8;
  37618 : AC;
  37619 : B0;
  37620 : B3;
  37621 : B5;
  37622 : B8;
  37623 : BA;
  37624 : BB;
  37625 : BE;
  37626 : C2;
  37627 : C5;
  37628 : C7;
  37629 : CA;
  37630 : C8;
  37631 : 2E;
  37632 : 04;
  37633 : 22;
  37634 : 53;
  37635 : 59;
  37636 : 41;
  37637 : 12;
  [37638..37640] : 15;
  [37641..37643] : 16;
  [37644..37645] : 17;
  37646 : 16;
  37647 : 18;
  37648 : 26;
  37649 : 07;
  37650 : 00;
  37651 : 4B;
  37652 : AE;
  37653 : AC;
  37654 : AE;
  37655 : B2;
  37656 : B6;
  37657 : B9;
  37658 : BC;
  37659 : BE;
  37660 : C0;
  37661 : C3;
  37662 : C7;
  37663 : CA;
  37664 : CC;
  37665 : CF;
  37666 : D3;
  37667 : 78;
  37668 : 3B;
  37669 : D3;
  37670 : D7;
  37671 : D2;
  [37672..37675] : D5;
  37676 : D6;
  [37677..37679] : D7;
  37680 : D6;
  37681 : D5;
  37682 : D3;
  37683 : CF;
  37684 : D0;
  37685 : 38;
  37686 : 02;
  37687 : 0C;
  37688 : 1F;
  37689 : 57;
  37690 : 44;
  37691 : 60;
  37692 : 0E;
  [37693..37694] : 12;
  [37695..37699] : 11;
  [37700..37702] : 0F;
  37703 : 1C;
  37704 : 0B;
  37705 : 31;
  37706 : A0;
  37707 : A8;
  37708 : AA;
  37709 : AD;
  37710 : B0;
  37711 : B4;
  37712 : B6;
  37713 : B8;
  37714 : B9;
  37715 : BA;
  37716 : BD;
  37717 : C0;
  37718 : C1;
  [37719..37722] : C2;
  37723 : BF;
  37724 : 30;
  37725 : 02;
  37726 : 05;
  37727 : 07;
  37728 : 1A;
  37729 : 3C;
  37730 : 34;
  37731 : 68;
  37732 : 2A;
  37733 : 0F;
  37734 : 10;
  37735 : 0F;
  37736 : 10;
  [37737..37738] : 0F;
  [37739..37740] : 0E;
  37741 : 0D;
  37742 : 0E;
  37743 : 16;
  37744 : 1E;
  37745 : 46;
  37746 : AB;
  37747 : B0;
  37748 : B2;
  37749 : B4;
  [37750..37769] : 80;
  37770 : E2;
  [37771..37773] : D9;
  37774 : D8;
  37775 : D7;
  37776 : DA;
  37777 : A7;
  37778 : 2A;
  37779 : 10;
  37780 : 53;
  37781 : 84;
  37782 : 20;
  37783 : 1B;
  37784 : 1C;
  [37785..37786] : 1B;
  37787 : 1C;
  [37788..37791] : 1D;
  37792 : 14;
  37793 : 0E;
  37794 : 1F;
  37795 : 2A;
  37796 : 13;
  37797 : 06;
  37798 : 04;
  37799 : 03;
  37800 : 6D;
  37801 : 9F;
  37802 : 9E;
  37803 : A1;
  37804 : A6;
  37805 : AB;
  37806 : AF;
  37807 : B1;
  37808 : B4;
  37809 : B8;
  37810 : BD;
  37811 : C2;
  37812 : C6;
  37813 : CA;
  37814 : CD;
  37815 : CF;
  [37816..37817] : D1;
  37818 : D3;
  37819 : D9;
  37820 : 6D;
  37821 : 19;
  37822 : 4D;
  37823 : 6E;
  37824 : 17;
  [37825..37827] : 1B;
  37828 : 1C;
  [37829..37830] : 1A;
  37831 : 19;
  37832 : 1A;
  37833 : 19;
  [37834..37835] : 10;
  37836 : 26;
  37837 : 14;
  37838 : 05;
  37839 : 04;
  37840 : 00;
  37841 : 54;
  37842 : A6;
  37843 : A5;
  37844 : AB;
  37845 : B1;
  37846 : B5;
  37847 : B9;
  37848 : BB;
  37849 : BE;
  37850 : C1;
  37851 : C5;
  37852 : C9;
  37853 : CD;
  37854 : D0;
  37855 : D2;
  37856 : D5;
  37857 : D6;
  37858 : C6;
  37859 : 48;
  37860 : 7A;
  37861 : EB;
  37862 : D8;
  37863 : D9;
  37864 : DA;
  [37865..37866] : DB;
  37867 : DC;
  [37868..37872] : DB;
  [37873..37874] : DA;
  37875 : DB;
  37876 : E0;
  37877 : BF;
  37878 : 2C;
  37879 : 09;
  37880 : 34;
  37881 : 78;
  37882 : 24;
  37883 : 17;
  [37884..37887] : 19;
  37888 : 1B;
  [37889..37890] : 1A;
  37891 : 19;
  37892 : 14;
  37893 : 10;
  37894 : 28;
  37895 : 14;
  37896 : 02;
  37897 : 0B;
  37898 : 7E;
  37899 : A0;
  37900 : A1;
  37901 : A5;
  37902 : A9;
  37903 : AC;
  37904 : B1;
  37905 : B5;
  37906 : B9;
  37907 : BB;
  37908 : BE;
  37909 : C2;
  37910 : C5;
  37911 : C7;
  37912 : CA;
  37913 : D0;
  37914 : B1;
  37915 : 27;
  37916 : 0C;
  37917 : 3A;
  37918 : 72;
  37919 : 2A;
  37920 : 13;
  [37921..37922] : 15;
  [37923..37926] : 16;
  [37927..37928] : 17;
  37929 : 15;
  37930 : 14;
  37931 : 25;
  37932 : 0B;
  37933 : 02;
  37934 : 2A;
  37935 : A1;
  37936 : A6;
  37937 : A8;
  37938 : AC;
  37939 : AF;
  37940 : B2;
  37941 : B5;
  37942 : B8;
  37943 : B9;
  37944 : BB;
  37945 : BE;
  37946 : C1;
  37947 : C4;
  37948 : C7;
  37949 : CA;
  37950 : C9;
  37951 : 2E;
  37952 : 04;
  37953 : 22;
  37954 : 54;
  37955 : 59;
  37956 : 43;
  37957 : 11;
  [37958..37961] : 15;
  [37962..37963] : 16;
  [37964..37965] : 17;
  37966 : 16;
  37967 : 17;
  37968 : 26;
  37969 : 07;
  37970 : 00;
  37971 : 4A;
  37972 : AD;
  37973 : AC;
  37974 : AE;
  37975 : B1;
  37976 : B5;
  37977 : B9;
  37978 : BB;
  37979 : BE;
  37980 : C0;
  37981 : C3;
  37982 : C7;
  37983 : CA;
  37984 : CD;
  37985 : D0;
  37986 : D4;
  37987 : 79;
  37988 : 3B;
  37989 : D3;
  37990 : D6;
  37991 : D1;
  37992 : D4;
  37993 : D5;
  [37994..37995] : D6;
  [37996..37999] : D7;
  38000 : D6;
  38001 : D5;
  38002 : D3;
  [38003..38004] : D1;
  38005 : 3A;
  38006 : 02;
  38007 : 0D;
  38008 : 1E;
  38009 : 56;
  38010 : 45;
  38011 : 62;
  38012 : 0E;
  [38013..38017] : 11;
  [38018..38020] : 10;
  38021 : 0E;
  38022 : 0F;
  38023 : 1C;
  38024 : 0C;
  38025 : 2D;
  38026 : 9F;
  38027 : A8;
  38028 : AA;
  38029 : AD;
  38030 : B0;
  38031 : B3;
  38032 : B6;
  38033 : B7;
  38034 : B8;
  38035 : BA;
  38036 : BC;
  38037 : BF;
  [38038..38041] : C1;
  38042 : C2;
  38043 : C0;
  38044 : 33;
  38045 : 01;
  38046 : 05;
  38047 : 08;
  38048 : 1B;
  38049 : 3C;
  38050 : 33;
  38051 : 65;
  38052 : 2C;
  38053 : 0E;
  38054 : 10;
  [38055..38058] : 0F;
  [38059..38060] : 0E;
  38061 : 0D;
  38062 : 0E;
  38063 : 16;
  38064 : 1F;
  38065 : 44;
  38066 : AB;
  38067 : B0;
  38068 : B1;
  38069 : B3;
  [38070..38089] : 80;
  38090 : E2;
  [38091..38092] : D9;
  [38093..38094] : D8;
  38095 : D6;
  38096 : D9;
  38097 : A6;
  38098 : 2A;
  38099 : 10;
  38100 : 55;
  38101 : 83;
  38102 : 1F;
  38103 : 1D;
  38104 : 1C;
  38105 : 1B;
  [38106..38109] : 1C;
  [38110..38111] : 1D;
  38112 : 14;
  38113 : 0E;
  38114 : 20;
  38115 : 29;
  38116 : 12;
  38117 : 07;
  38118 : 04;
  38119 : 03;
  38120 : 6E;
  38121 : 9E;
  38122 : 9D;
  38123 : A1;
  38124 : A5;
  38125 : A9;
  38126 : AE;
  38127 : B1;
  38128 : B4;
  38129 : B7;
  38130 : BD;
  38131 : C2;
  38132 : C7;
  38133 : CA;
  38134 : CD;
  38135 : CF;
  38136 : D1;
  [38137..38138] : D2;
  38139 : D8;
  38140 : 6B;
  38141 : 19;
  38142 : 4D;
  38143 : 6C;
  38144 : 15;
  [38145..38146] : 1B;
  38147 : 1A;
  [38148..38149] : 1B;
  [38150..38152] : 1A;
  38153 : 19;
  38154 : 11;
  38155 : 10;
  38156 : 28;
  38157 : 15;
  38158 : 05;
  38159 : 04;
  38160 : 00;
  38161 : 55;
  38162 : A6;
  38163 : A5;
  38164 : AB;
  38165 : B0;
  38166 : B5;
  38167 : B9;
  38168 : BB;
  38169 : BE;
  38170 : C1;
  38171 : C5;
  38172 : CA;
  38173 : CD;
  38174 : D0;
  38175 : D3;
  38176 : D5;
  38177 : D6;
  38178 : C6;
  38179 : 46;
  38180 : 7A;
  38181 : EB;
  38182 : D9;
  [38183..38184] : DA;
  [38185..38188] : DC;
  [38189..38190] : DB;
  [38191..38192] : DA;
  38193 : D9;
  38194 : DA;
  38195 : DB;
  38196 : E0;
  38197 : C1;
  38198 : 2E;
  38199 : 09;
  38200 : 33;
  38201 : 79;
  38202 : 24;
  38203 : 18;
  [38204..38206] : 19;
  38207 : 1A;
  38208 : 1B;
  [38209..38210] : 1A;
  38211 : 19;
  38212 : 14;
  38213 : 10;
  38214 : 29;
  38215 : 15;
  38216 : 02;
  38217 : 0B;
  38218 : 7E;
  38219 : 9E;
  38220 : A1;
  38221 : A5;
  38222 : A9;
  38223 : AB;
  38224 : B0;
  38225 : B5;
  38226 : B8;
  38227 : BA;
  38228 : BD;
  38229 : C2;
  38230 : C4;
  38231 : C7;
  38232 : CA;
  38233 : D0;
  38234 : AF;
  38235 : 25;
  38236 : 0B;
  38237 : 39;
  38238 : 74;
  38239 : 2A;
  38240 : 12;
  38241 : 14;
  38242 : 15;
  [38243..38246] : 16;
  [38247..38248] : 17;
  [38249..38250] : 14;
  38251 : 26;
  38252 : 0B;
  38253 : 02;
  38254 : 29;
  38255 : A0;
  38256 : A5;
  38257 : A7;
  38258 : AB;
  38259 : AE;
  38260 : B1;
  38261 : B5;
  38262 : B8;
  38263 : BA;
  38264 : BB;
  38265 : BD;
  38266 : C1;
  38267 : C4;
  38268 : C6;
  38269 : C9;
  38270 : C8;
  38271 : 2E;
  38272 : 04;
  38273 : 22;
  38274 : 55;
  38275 : 5A;
  38276 : 43;
  38277 : 11;
  38278 : 16;
  [38279..38280] : 15;
  [38281..38283] : 16;
  38284 : 17;
  [38285..38286] : 16;
  38287 : 17;
  38288 : 26;
  38289 : 07;
  38290 : 00;
  38291 : 48;
  [38292..38293] : AC;
  38294 : AF;
  38295 : B2;
  38296 : B5;
  38297 : B8;
  38298 : BB;
  38299 : BD;
  38300 : C0;
  38301 : C3;
  38302 : C7;
  38303 : CB;
  38304 : CD;
  38305 : D0;
  38306 : D4;
  38307 : 7A;
  38308 : 3A;
  38309 : D3;
  38310 : D7;
  38311 : D2;
  38312 : D4;
  [38313..38314] : D5;
  [38315..38316] : D6;
  [38317..38318] : D7;
  [38319..38320] : D6;
  38321 : D4;
  38322 : D3;
  [38323..38324] : D1;
  38325 : 39;
  38326 : 02;
  38327 : 0C;
  38328 : 1B;
  38329 : 54;
  38330 : 46;
  38331 : 66;
  38332 : 0E;
  38333 : 12;
  38334 : 11;
  [38335..38336] : 10;
  38337 : 11;
  [38338..38340] : 10;
  [38341..38342] : 0E;
  38343 : 1B;
  38344 : 0C;
  38345 : 2B;
  38346 : 9D;
  38347 : A6;
  38348 : A9;
  38349 : AC;
  38350 : B0;
  38351 : B2;
  38352 : B5;
  38353 : B7;
  38354 : B8;
  38355 : B9;
  38356 : BC;
  38357 : BF;
  [38358..38363] : C1;
  38364 : 36;
  38365 : 01;
  38366 : 05;
  38367 : 09;
  38368 : 19;
  38369 : 3B;
  38370 : 34;
  38371 : 66;
  38372 : 2F;
  38373 : 0E;
  [38374..38376] : 10;
  38377 : 0F;
  [38378..38380] : 0E;
  38381 : 0D;
  38382 : 0E;
  38383 : 17;
  38384 : 1F;
  38385 : 42;
  38386 : A8;
  38387 : AF;
  38388 : B1;
  38389 : B3;
  [38390..38409] : 80;
  38410 : E2;
  38411 : D9;
  [38412..38414] : D8;
  38415 : D7;
  38416 : D9;
  38417 : A6;
  38418 : 2A;
  38419 : 0F;
  38420 : 56;
  38421 : 80;
  38422 : 1D;
  [38423..38424] : 1C;
  38425 : 1B;
  [38426..38428] : 1C;
  [38429..38430] : 1D;
  38431 : 1C;
  38432 : 13;
  38433 : 0E;
  38434 : 20;
  38435 : 29;
  38436 : 12;
  38437 : 07;
  38438 : 04;
  38439 : 03;
  38440 : 6E;
  38441 : 9E;
  38442 : 9D;
  38443 : A0;
  38444 : A6;
  38445 : AA;
  38446 : AD;
  38447 : B0;
  38448 : B4;
  38449 : B7;
  38450 : BD;
  38451 : C3;
  38452 : C7;
  38453 : CA;
  38454 : CD;
  38455 : CF;
  38456 : D0;
  38457 : D2;
  38458 : D3;
  38459 : D7;
  38460 : 69;
  38461 : 18;
  38462 : 4D;
  38463 : 6A;
  38464 : 16;
  [38465..38466] : 1A;
  [38467..38468] : 1B;
  38469 : 1C;
  [38470..38472] : 1A;
  38473 : 19;
  38474 : 11;
  38475 : 10;
  38476 : 28;
  38477 : 15;
  38478 : 05;
  38479 : 04;
  38480 : 00;
  38481 : 55;
  38482 : A7;
  38483 : A5;
  38484 : AB;
  38485 : AF;
  38486 : B5;
  38487 : B9;
  38488 : BB;
  38489 : BE;
  38490 : C2;
  38491 : C5;
  38492 : CA;
  38493 : CD;
  38494 : D0;
  38495 : D2;
  38496 : D5;
  38497 : D6;
  38498 : C5;
  38499 : 44;
  38500 : 7B;
  38501 : EB;
  38502 : D8;
  38503 : DA;
  [38504..38509] : DC;
  38510 : DB;
  [38511..38514] : DA;
  38515 : DB;
  38516 : E0;
  38517 : C2;
  38518 : 30;
  38519 : 09;
  38520 : 32;
  38521 : 78;
  38522 : 25;
  38523 : 18;
  [38524..38525] : 19;
  [38526..38530] : 1A;
  38531 : 18;
  38532 : 13;
  38533 : 10;
  38534 : 2A;
  38535 : 16;
  38536 : 02;
  38537 : 0B;
  38538 : 7D;
  [38539..38540] : 9F;
  38541 : A5;
  38542 : A8;
  38543 : AB;
  38544 : B0;
  38545 : B4;
  38546 : B8;
  38547 : BA;
  38548 : BD;
  38549 : C1;
  38550 : C4;
  38551 : C7;
  38552 : C9;
  38553 : CE;
  38554 : AE;
  38555 : 22;
  38556 : 0A;
  38557 : 37;
  38558 : 73;
  38559 : 2A;
  38560 : 12;
  [38561..38562] : 14;
  38563 : 15;
  [38564..38566] : 16;
  [38567..38568] : 17;
  38569 : 14;
  38570 : 15;
  38571 : 26;
  38572 : 0B;
  38573 : 02;
  38574 : 28;
  38575 : 9E;
  38576 : A4;
  38577 : A6;
  38578 : A9;
  38579 : AC;
  38580 : B1;
  38581 : B4;
  38582 : B7;
  38583 : BA;
  38584 : BB;
  38585 : BE;
  38586 : C2;
  38587 : C4;
  38588 : C6;
  38589 : C9;
  38590 : C8;
  38591 : 2E;
  38592 : 04;
  38593 : 22;
  38594 : 55;
  38595 : 59;
  38596 : 44;
  38597 : 11;
  38598 : 16;
  38599 : 14;
  38600 : 15;
  38601 : 14;
  [38602..38603] : 15;
  [38604..38605] : 16;
  38606 : 15;
  38607 : 17;
  38608 : 26;
  38609 : 07;
  38610 : 00;
  38611 : 47;
  [38612..38613] : AB;
  38614 : AE;
  38615 : B2;
  38616 : B5;
  38617 : B9;
  38618 : BB;
  38619 : BD;
  38620 : C0;
  38621 : C3;
  38622 : C7;
  38623 : CB;
  38624 : CD;
  38625 : CF;
  38626 : D3;
  38627 : 7A;
  38628 : 39;
  38629 : D3;
  38630 : D7;
  38631 : D2;
  38632 : D4;
  [38633..38635] : D5;
  38636 : D6;
  [38637..38639] : D7;
  38640 : D6;
  38641 : D5;
  38642 : D3;
  38643 : D2;
  38644 : D1;
  38645 : 39;
  38646 : 02;
  38647 : 0B;
  38648 : 1A;
  38649 : 52;
  38650 : 46;
  38651 : 68;
  38652 : 0F;
  38653 : 12;
  [38654..38656] : 11;
  [38657..38659] : 10;
  38660 : 0F;
  [38661..38662] : 0E;
  38663 : 1B;
  38664 : 0C;
  38665 : 28;
  38666 : 9B;
  38667 : A5;
  38668 : A8;
  38669 : AC;
  38670 : AF;
  38671 : B2;
  38672 : B5;
  38673 : B7;
  38674 : B8;
  38675 : B9;
  38676 : BB;
  38677 : BF;
  [38678..38679] : C1;
  38680 : C0;
  [38681..38682] : C1;
  38683 : C2;
  38684 : 38;
  38685 : 01;
  38686 : 04;
  38687 : 06;
  38688 : 18;
  38689 : 3A;
  38690 : 35;
  38691 : 64;
  38692 : 31;
  38693 : 0D;
  [38694..38695] : 10;
  [38696..38697] : 0F;
  [38698..38699] : 0E;
  38700 : 0D;
  [38701..38702] : 0E;
  38703 : 17;
  38704 : 21;
  38705 : 40;
  38706 : A7;
  38707 : AF;
  38708 : B0;
  38709 : B2;
  [38710..38729] : 80;
  38730 : E1;
  38731 : D8;
  [38732..38733] : D9;
  38734 : D8;
  38735 : D6;
  38736 : D9;
  38737 : A4;
  38738 : 29;
  38739 : 10;
  38740 : 58;
  38741 : 7F;
  38742 : 1D;
  [38743..38746] : 1C;
  38747 : 1B;
  38748 : 1C;
  38749 : 1B;
  [38750..38751] : 1C;
  38752 : 12;
  38753 : 0E;
  38754 : 21;
  38755 : 29;
  38756 : 12;
  38757 : 07;
  38758 : 04;
  38759 : 03;
  38760 : 6F;
  [38761..38762] : 9C;
  38763 : A0;
  38764 : A5;
  38765 : A9;
  38766 : AD;
  38767 : B0;
  38768 : B3;
  38769 : B7;
  38770 : BD;
  38771 : C3;
  38772 : C7;
  38773 : CA;
  38774 : CE;
  38775 : CF;
  38776 : D0;
  [38777..38778] : D2;
  38779 : D6;
  38780 : 65;
  38781 : 17;
  38782 : 4E;
  38783 : 6A;
  38784 : 15;
  38785 : 1A;
  [38786..38789] : 1B;
  [38790..38792] : 1A;
  38793 : 19;
  38794 : 10;
  38795 : 11;
  38796 : 29;
  38797 : 15;
  38798 : 05;
  38799 : 04;
  38800 : 00;
  38801 : 55;
  38802 : A6;
  38803 : A5;
  38804 : AB;
  38805 : AF;
  38806 : B5;
  38807 : B9;
  38808 : BB;
  38809 : BD;
  38810 : C2;
  38811 : C6;
  38812 : CA;
  38813 : CE;
  38814 : D0;
  38815 : D3;
  [38816..38817] : D5;
  38818 : C5;
  38819 : 42;
  38820 : 7B;
  38821 : EB;
  38822 : D7;
  38823 : DA;
  38824 : DB;
  [38825..38826] : DC;
  38827 : DB;
  [38828..38829] : DC;
  38830 : DB;
  38831 : DA;
  [38832..38834] : D9;
  38835 : DA;
  38836 : E0;
  38837 : C3;
  38838 : 31;
  38839 : 09;
  38840 : 33;
  38841 : 77;
  38842 : 24;
  38843 : 18;
  [38844..38847] : 19;
  [38848..38849] : 1A;
  38850 : 19;
  38851 : 18;
  38852 : 13;
  38853 : 10;
  38854 : 2A;
  38855 : 17;
  38856 : 02;
  38857 : 0B;
  38858 : 7D;
  38859 : 9E;
  38860 : 9F;
  38861 : A4;
  38862 : A8;
  38863 : AB;
  38864 : B0;
  38865 : B4;
  38866 : B8;
  38867 : BB;
  38868 : BD;
  38869 : C1;
  38870 : C4;
  38871 : C7;
  38872 : C9;
  38873 : CE;
  38874 : AD;
  38875 : 1E;
  38876 : 09;
  38877 : 36;
  38878 : 72;
  38879 : 29;
  38880 : 12;
  [38881..38882] : 14;
  38883 : 15;
  [38884..38886] : 16;
  [38887..38888] : 17;
  [38889..38890] : 15;
  38891 : 26;
  38892 : 0A;
  38893 : 02;
  38894 : 27;
  38895 : 9E;
  38896 : A3;
  38897 : A5;
  38898 : A9;
  38899 : AD;
  38900 : B0;
  38901 : B5;
  38902 : B8;
  38903 : BA;
  38904 : BB;
  38905 : BD;
  38906 : C1;
  38907 : C4;
  38908 : C6;
  38909 : C8;
  38910 : C6;
  38911 : 2D;
  38912 : 04;
  38913 : 21;
  38914 : 53;
  38915 : 58;
  38916 : 44;
  38917 : 11;
  38918 : 15;
  [38919..38920] : 14;
  38921 : 15;
  38922 : 14;
  [38923..38926] : 15;
  38927 : 17;
  38928 : 27;
  38929 : 08;
  38930 : 00;
  38931 : 46;
  38932 : AB;
  38933 : AA;
  38934 : AE;
  38935 : B1;
  38936 : B5;
  38937 : B9;
  38938 : BB;
  38939 : BD;
  38940 : C0;
  38941 : C3;
  38942 : C7;
  38943 : CA;
  38944 : CD;
  38945 : CF;
  38946 : D3;
  38947 : 78;
  38948 : 37;
  38949 : D3;
  38950 : D8;
  38951 : D2;
  38952 : D4;
  [38953..38954] : D5;
  [38955..38956] : D6;
  [38957..38959] : D7;
  38960 : D6;
  38961 : D4;
  38962 : D3;
  [38963..38964] : D1;
  38965 : 39;
  38966 : 02;
  38967 : 0A;
  38968 : 1A;
  38969 : 50;
  38970 : 45;
  38971 : 68;
  38972 : 0F;
  38973 : 12;
  [38974..38975] : 11;
  38976 : 10;
  38977 : 0F;
  38978 : 10;
  [38979..38980] : 0F;
  [38981..38982] : 0E;
  38983 : 1B;
  38984 : 0C;
  38985 : 25;
  38986 : 99;
  38987 : A4;
  38988 : A8;
  38989 : AC;
  38990 : AF;
  38991 : B2;
  38992 : B5;
  38993 : B7;
  38994 : B8;
  38995 : B9;
  38996 : BB;
  38997 : BF;
  [38998..38999] : C1;
  39000 : C0;
  [39001..39003] : C1;
  39004 : 39;
  39005 : 00;
  39006 : 04;
  39007 : 07;
  39008 : 16;
  39009 : 38;
  39010 : 35;
  39011 : 60;
  39012 : 32;
  39013 : 0D;
  39014 : 0F;
  39015 : 10;
  39016 : 0F;
  [39017..39022] : 0E;
  39023 : 17;
  39024 : 21;
  39025 : 3E;
  39026 : A6;
  39027 : AF;
  39028 : B0;
  39029 : B2;
  [39030..39049] : 80;
  39050 : E1;
  [39051..39053] : D9;
  39054 : D8;
  39055 : D7;
  39056 : D9;
  39057 : A1;
  39058 : 28;
  39059 : 11;
  39060 : 5A;
  39061 : 7D;
  [39062..39065] : 1C;
  39066 : 1D;
  39067 : 1C;
  39068 : 1D;
  39069 : 1B;
  [39070..39071] : 1C;
  39072 : 12;
  39073 : 0E;
  39074 : 22;
  39075 : 29;
  39076 : 11;
  39077 : 06;
  [39078..39079] : 04;
  39080 : 70;
  [39081..39082] : 9C;
  39083 : 9F;
  39084 : A3;
  39085 : A8;
  39086 : AD;
  39087 : B0;
  39088 : B3;
  39089 : B7;
  39090 : BD;
  39091 : C3;
  39092 : C8;
  39093 : CB;
  39094 : CD;
  39095 : CE;
  [39096..39097] : CF;
  39098 : D0;
  39099 : D4;
  39100 : 60;
  39101 : 16;
  39102 : 4D;
  39103 : 68;
  39104 : 16;
  [39105..39108] : 1B;
  [39109..39112] : 1A;
  39113 : 19;
  39114 : 10;
  39115 : 11;
  39116 : 29;
  39117 : 14;
  39118 : 06;
  39119 : 04;
  39120 : 00;
  39121 : 55;
  39122 : A6;
  39123 : A5;
  39124 : AB;
  39125 : B0;
  39126 : B4;
  39127 : B8;
  39128 : BB;
  39129 : BD;
  39130 : C1;
  39131 : C6;
  39132 : CA;
  39133 : CE;
  39134 : D1;
  39135 : D4;
  [39136..39137] : D6;
  39138 : C6;
  39139 : 40;
  39140 : 7C;
  39141 : EA;
  39142 : D7;
  39143 : D9;
  39144 : DB;
  [39145..39147] : DC;
  [39148..39149] : DB;
  [39150..39151] : DA;
  [39152..39154] : D9;
  39155 : DA;
  39156 : DF;
  39157 : C3;
  39158 : 31;
  39159 : 08;
  39160 : 35;
  39161 : 76;
  39162 : 22;
  39163 : 18;
  39164 : 19;
  39165 : 18;
  [39166..39167] : 19;
  39168 : 1A;
  [39169..39170] : 19;
  39171 : 18;
  39172 : 13;
  39173 : 0F;
  39174 : 2B;
  39175 : 17;
  39176 : 02;
  39177 : 0C;
  39178 : 7E;
  39179 : 9D;
  39180 : 9F;
  39181 : A4;
  39182 : A8;
  39183 : AC;
  39184 : AF;
  39185 : B4;
  39186 : B8;
  39187 : BA;
  39188 : BE;
  39189 : C1;
  39190 : C4;
  39191 : C7;
  39192 : C8;
  39193 : CE;
  39194 : AC;
  39195 : 1B;
  39196 : 08;
  39197 : 35;
  39198 : 71;
  39199 : 29;
  39200 : 12;
  [39201..39202] : 14;
  [39203..39205] : 15;
  [39206..39208] : 16;
  39209 : 14;
  39210 : 15;
  39211 : 26;
  39212 : 0A;
  39213 : 02;
  39214 : 27;
  39215 : 9E;
  39216 : A4;
  39217 : A6;
  39218 : A9;
  39219 : AD;
  39220 : B1;
  39221 : B5;
  39222 : B8;
  39223 : BA;
  39224 : BB;
  39225 : BE;
  39226 : C1;
  39227 : C4;
  39228 : C6;
  39229 : C8;
  39230 : C6;
  39231 : 2D;
  39232 : 04;
  39233 : 20;
  39234 : 52;
  39235 : 58;
  39236 : 44;
  39237 : 10;
  [39238..39239] : 14;
  [39240..39241] : 15;
  [39242..39245] : 14;
  39246 : 15;
  39247 : 17;
  39248 : 29;
  39249 : 08;
  39250 : 00;
  39251 : 46;
  [39252..39253] : AB;
  39254 : AE;
  39255 : B1;
  39256 : B5;
  39257 : B9;
  39258 : BB;
  39259 : BD;
  39260 : C0;
  39261 : C3;
  39262 : C7;
  39263 : CA;
  39264 : CD;
  39265 : D0;
  39266 : D4;
  39267 : 78;
  39268 : 36;
  39269 : D2;
  39270 : D8;
  39271 : D2;
  39272 : D4;
  39273 : D6;
  39274 : D5;
  [39275..39280] : D6;
  39281 : D4;
  39282 : D3;
  39283 : D1;
  39284 : D0;
  39285 : 39;
  39286 : 02;
  39287 : 09;
  39288 : 1A;
  39289 : 52;
  39290 : 46;
  39291 : 66;
  39292 : 0E;
  [39293..39298] : 10;
  39299 : 0F;
  39300 : 0E;
  39301 : 0D;
  39302 : 0F;
  39303 : 1A;
  39304 : 0B;
  39305 : 22;
  39306 : 96;
  39307 : A4;
  39308 : A7;
  39309 : AC;
  39310 : AF;
  39311 : B2;
  39312 : B4;
  39313 : B7;
  39314 : B9;
  39315 : BA;
  39316 : BC;
  39317 : BF;
  39318 : C0;
  [39319..39320] : C1;
  [39321..39322] : C0;
  39323 : C2;
  39324 : 3C;
  39325 : 00;
  39326 : 04;
  39327 : 07;
  39328 : 17;
  39329 : 37;
  39330 : 34;
  39331 : 5C;
  39332 : 33;
  39333 : 0C;
  39334 : 0E;
  39335 : 0F;
  [39336..39339] : 0E;
  39340 : 0D;
  [39341..39342] : 0E;
  39343 : 16;
  39344 : 21;
  39345 : 3D;
  39346 : A5;
  39347 : AF;
  39348 : B1;
  39349 : B2;
  [39350..39369] : 80;
  39370 : E2;
  [39371..39374] : D8;
  39375 : D6;
  39376 : D9;
  39377 : A0;
  39378 : 27;
  39379 : 11;
  39380 : 5A;
  39381 : 7B;
  [39382..39384] : 1C;
  39385 : 1B;
  [39386..39387] : 1D;
  [39388..39389] : 1C;
  [39390..39391] : 1B;
  39392 : 12;
  39393 : 0D;
  39394 : 22;
  39395 : 28;
  39396 : 11;
  39397 : 07;
  [39398..39399] : 04;
  39400 : 70;
  [39401..39402] : 9C;
  39403 : 9F;
  39404 : A3;
  39405 : A9;
  39406 : AE;
  39407 : B1;
  39408 : B3;
  39409 : B8;
  39410 : BE;
  39411 : C3;
  39412 : C8;
  39413 : CB;
  39414 : CC;
  39415 : CD;
  39416 : CE;
  39417 : CF;
  39418 : D0;
  39419 : D2;
  39420 : 5D;
  39421 : 15;
  39422 : 4E;
  39423 : 67;
  39424 : 16;
  39425 : 1B;
  [39426..39427] : 1A;
  39428 : 1B;
  39429 : 1A;
  39430 : 19;
  [39431..39432] : 1A;
  39433 : 18;
  39434 : 0F;
  39435 : 11;
  39436 : 29;
  39437 : 14;
  39438 : 06;
  39439 : 05;
  39440 : 00;
  39441 : 57;
  39442 : A5;
  39443 : A4;
  39444 : A9;
  39445 : B0;
  39446 : B5;
  39447 : B8;
  39448 : BA;
  39449 : BD;
  39450 : C1;
  39451 : C7;
  39452 : CB;
  39453 : CE;
  39454 : D2;
  39455 : D4;
  [39456..39457] : D6;
  39458 : C5;
  39459 : 3E;
  39460 : 7D;
  39461 : EB;
  39462 : D7;
  39463 : DA;
  39464 : DB;
  [39465..39467] : DC;
  39468 : DB;
  [39469..39471] : DA;
  [39472..39475] : D9;
  39476 : DE;
  39477 : C2;
  39478 : 31;
  39479 : 09;
  39480 : 35;
  39481 : 75;
  39482 : 21;
  39483 : 19;
  [39484..39485] : 18;
  [39486..39488] : 19;
  39489 : 18;
  39490 : 19;
  39491 : 18;
  39492 : 13;
  39493 : 0F;
  39494 : 2A;
  39495 : 16;
  39496 : 02;
  39497 : 0D;
  39498 : 80;
  39499 : 9D;
  39500 : 9F;
  39501 : A4;
  39502 : A9;
  39503 : AC;
  39504 : B0;
  39505 : B5;
  39506 : B8;
  39507 : BA;
  39508 : BE;
  39509 : C1;
  39510 : C5;
  [39511..39512] : C7;
  39513 : CD;
  39514 : AC;
  39515 : 1A;
  39516 : 09;
  39517 : 35;
  39518 : 73;
  39519 : 28;
  39520 : 12;
  [39521..39522] : 13;
  [39523..39528] : 15;
  [39529..39530] : 14;
  39531 : 26;
  39532 : 0A;
  39533 : 02;
  39534 : 28;
  39535 : 9F;
  39536 : A5;
  39537 : A6;
  39538 : A9;
  39539 : AD;
  39540 : B1;
  39541 : B5;
  39542 : B8;
  39543 : B9;
  39544 : BB;
  39545 : BE;
  39546 : C2;
  39547 : C4;
  39548 : C5;
  39549 : C8;
  39550 : C7;
  39551 : 2E;
  39552 : 04;
  39553 : 1F;
  39554 : 53;
  39555 : 58;
  39556 : 44;
  39557 : 0F;
  39558 : 14;
  [39559..39561] : 13;
  [39562..39566] : 14;
  39567 : 17;
  39568 : 29;
  39569 : 08;
  39570 : 00;
  39571 : 45;
  [39572..39573] : AB;
  39574 : AE;
  39575 : B1;
  39576 : B5;
  39577 : B8;
  39578 : BA;
  39579 : BC;
  39580 : BF;
  39581 : C3;
  39582 : C7;
  39583 : CA;
  39584 : CD;
  39585 : D0;
  39586 : D4;
  39587 : 79;
  39588 : 35;
  39589 : D2;
  39590 : D8;
  39591 : D2;
  39592 : D4;
  [39593..39599] : D6;
  39600 : D5;
  39601 : D4;
  39602 : D2;
  39603 : D1;
  39604 : D0;
  39605 : 3A;
  39606 : 02;
  39607 : 08;
  39608 : 19;
  39609 : 50;
  39610 : 44;
  39611 : 66;
  39612 : 0E;
  39613 : 10;
  [39614..39616] : 0F;
  39617 : 10;
  [39618..39619] : 0F;
  [39620..39622] : 0E;
  39623 : 1B;
  39624 : 0D;
  39625 : 20;
  39626 : 95;
  39627 : A4;
  39628 : A7;
  39629 : AB;
  39630 : AF;
  39631 : B2;
  39632 : B4;
  39633 : B7;
  39634 : B9;
  39635 : BA;
  39636 : BB;
  39637 : BE;
  39638 : C1;
  [39639..39640] : C2;
  39641 : C1;
  39642 : C2;
  39643 : C3;
  39644 : 3E;
  39645 : 00;
  39646 : 05;
  39647 : 07;
  39648 : 16;
  39649 : 37;
  39650 : 34;
  39651 : 58;
  39652 : 35;
  39653 : 0B;
  39654 : 0F;
  [39655..39658] : 0E;
  [39659..39661] : 0D;
  39662 : 0E;
  39663 : 16;
  39664 : 22;
  39665 : 3C;
  39666 : A5;
  39667 : AE;
  39668 : B0;
  39669 : B2;
  [39670..39689] : 80;
  39690 : E1;
  [39691..39692] : D9;
  [39693..39694] : D8;
  39695 : D7;
  39696 : D9;
  39697 : A0;
  39698 : 28;
  39699 : 11;
  39700 : 5A;
  39701 : 7A;
  39702 : 1B;
  [39703..39708] : 1C;
  39709 : 1B;
  39710 : 1C;
  39711 : 1B;
  39712 : 11;
  39713 : 0D;
  39714 : 22;
  39715 : 28;
  39716 : 11;
  39717 : 06;
  [39718..39719] : 04;
  39720 : 71;
  [39721..39722] : 9C;
  39723 : A0;
  39724 : A5;
  39725 : A9;
  39726 : AE;
  39727 : B1;
  39728 : B4;
  39729 : B8;
  39730 : BF;
  39731 : C4;
  39732 : C8;
  39733 : CB;
  39734 : CC;
  39735 : CD;
  [39736..39737] : CE;
  39738 : CF;
  39739 : D1;
  39740 : 5C;
  39741 : 15;
  39742 : 50;
  39743 : 66;
  39744 : 15;
  39745 : 1B;
  [39746..39751] : 1A;
  39752 : 19;
  39753 : 18;
  39754 : 0F;
  39755 : 11;
  39756 : 29;
  39757 : 13;
  39758 : 05;
  39759 : 04;
  39760 : 00;
  39761 : 59;
  [39762..39763] : A4;
  39764 : AA;
  39765 : B0;
  39766 : B4;
  39767 : B7;
  39768 : BA;
  39769 : BD;
  39770 : C1;
  39771 : C7;
  39772 : CB;
  39773 : CF;
  39774 : D2;
  39775 : D4;
  [39776..39777] : D6;
  39778 : C5;
  39779 : 3D;
  39780 : 7D;
  39781 : EB;
  39782 : D7;
  39783 : D9;
  39784 : DB;
  [39785..39786] : DC;
  [39787..39789] : DB;
  [39790..39792] : D9;
  39793 : D8;
  [39794..39795] : D9;
  39796 : DC;
  39797 : C1;
  39798 : 32;
  39799 : 09;
  39800 : 36;
  39801 : 76;
  39802 : 20;
  [39803..39804] : 18;
  [39805..39810] : 19;
  39811 : 18;
  39812 : 13;
  39813 : 10;
  39814 : 2C;
  39815 : 17;
  39816 : 02;
  39817 : 0D;
  39818 : 80;
  39819 : 9D;
  39820 : 9F;
  39821 : A5;
  39822 : A9;
  39823 : AC;
  39824 : B0;
  39825 : B5;
  39826 : B9;
  39827 : BC;
  39828 : BF;
  39829 : C3;
  39830 : C5;
  [39831..39832] : C7;
  39833 : CB;
  39834 : AB;
  39835 : 18;
  39836 : 09;
  39837 : 37;
  39838 : 74;
  39839 : 27;
  39840 : 12;
  [39841..39842] : 13;
  39843 : 14;
  [39844..39848] : 15;
  [39849..39850] : 14;
  39851 : 26;
  39852 : 0B;
  39853 : 02;
  39854 : 28;
  39855 : 9E;
  39856 : A5;
  39857 : A7;
  39858 : A9;
  39859 : AD;
  39860 : B1;
  39861 : B5;
  39862 : B8;
  39863 : B9;
  39864 : BC;
  39865 : BF;
  39866 : C2;
  39867 : C5;
  39868 : C6;
  [39869..39870] : C8;
  39871 : 2F;
  39872 : 03;
  39873 : 1F;
  39874 : 56;
  39875 : 5A;
  39876 : 46;
  39877 : 0F;
  [39878..39882] : 13;
  [39883..39884] : 14;
  [39885..39886] : 13;
  39887 : 17;
  39888 : 2A;
  39889 : 08;
  39890 : 00;
  39891 : 45;
  [39892..39893] : AB;
  39894 : AD;
  39895 : B1;
  39896 : B4;
  39897 : B8;
  39898 : BA;
  39899 : BC;
  39900 : BF;
  39901 : C3;
  39902 : C7;
  39903 : C9;
  39904 : CD;
  39905 : D0;
  39906 : D5;
  39907 : 7B;
  39908 : 35;
  39909 : D2;
  39910 : D8;
  39911 : D2;
  [39912..39914] : D5;
  [39915..39919] : D6;
  39920 : D5;
  39921 : D4;
  39922 : D2;
  [39923..39924] : D0;
  39925 : 3C;
  39926 : 02;
  39927 : 09;
  39928 : 1A;
  39929 : 4D;
  39930 : 42;
  39931 : 65;
  39932 : 0E;
  [39933..39934] : 0F;
  [39935..39936] : 10;
  [39937..39940] : 0F;
  39941 : 0E;
  39942 : 0F;
  39943 : 1B;
  39944 : 0E;
  39945 : 20;
  39946 : 95;
  39947 : A4;
  39948 : A7;
  39949 : AB;
  39950 : AE;
  39951 : B1;
  39952 : B4;
  39953 : B6;
  39954 : B8;
  39955 : B9;
  39956 : BB;
  39957 : BF;
  39958 : C1;
  [39959..39962] : C2;
  39963 : C5;
  39964 : 42;
  39965 : 00;
  39966 : 04;
  39967 : 06;
  39968 : 15;
  39969 : 36;
  39970 : 34;
  39971 : 57;
  39972 : 38;
  39973 : 0B;
  [39974..39977] : 0E;
  39978 : 0D;
  39979 : 0E;
  39980 : 0D;
  [39981..39982] : 0E;
  39983 : 17;
  39984 : 23;
  39985 : 3B;
  39986 : A4;
  39987 : AE;
  39988 : AF;
  39989 : B0;
  [39990..40009] : 80;
  40010 : E1;
  40011 : D9;
  [40012..40014] : D8;
  40015 : D7;
  40016 : DA;
  40017 : 9E;
  40018 : 26;
  40019 : 12;
  40020 : 5A;
  40021 : 79;
  40022 : 1B;
  [40023..40024] : 1C;
  40025 : 1B;
  [40026..40029] : 1C;
  40030 : 1B;
  40031 : 1A;
  40032 : 11;
  40033 : 0D;
  40034 : 24;
  40035 : 2A;
  40036 : 11;
  40037 : 07;
  40038 : 04;
  40039 : 05;
  40040 : 72;
  [40041..40042] : 9D;
  40043 : A1;
  40044 : A6;
  40045 : AA;
  40046 : AE;
  40047 : B1;
  40048 : B5;
  40049 : B9;
  40050 : BF;
  40051 : C5;
  40052 : C9;
  40053 : CA;
  40054 : CB;
  40055 : CC;
  40056 : CD;
  40057 : CE;
  40058 : CF;
  40059 : D1;
  40060 : 5B;
  40061 : 14;
  40062 : 51;
  40063 : 67;
  40064 : 15;
  40065 : 1A;
  40066 : 1B;
  40067 : 1A;
  [40068..40071] : 19;
  40072 : 1A;
  40073 : 18;
  40074 : 0E;
  40075 : 10;
  40076 : 29;
  40077 : 14;
  40078 : 06;
  40079 : 04;
  40080 : 00;
  40081 : 58;
  40082 : A4;
  40083 : A3;
  40084 : A9;
  40085 : AF;
  40086 : B3;
  40087 : B7;
  40088 : BA;
  40089 : BD;
  40090 : C1;
  40091 : C7;
  40092 : CB;
  40093 : CE;
  40094 : D2;
  40095 : D4;
  [40096..40097] : D7;
  40098 : C5;
  40099 : 3C;
  40100 : 7F;
  40101 : EB;
  40102 : D7;
  40103 : D9;
  [40104..40108] : DB;
  40109 : D9;
  40110 : DA;
  40111 : D9;
  [40112..40113] : D8;
  [40114..40115] : D9;
  40116 : DC;
  40117 : C0;
  40118 : 32;
  40119 : 07;
  40120 : 37;
  40121 : 78;
  40122 : 20;
  [40123..40126] : 18;
  [40127..40131] : 19;
  40132 : 13;
  40133 : 10;
  40134 : 2B;
  40135 : 17;
  40136 : 02;
  40137 : 0D;
  40138 : 81;
  40139 : 9E;
  40140 : A0;
  40141 : A5;
  40142 : A9;
  40143 : AD;
  40144 : B2;
  40145 : B6;
  40146 : B9;
  40147 : BD;
  40148 : C0;
  40149 : C4;
  40150 : C5;
  40151 : C7;
  40152 : C8;
  40153 : CB;
  40154 : AA;
  40155 : 17;
  40156 : 08;
  40157 : 35;
  40158 : 73;
  40159 : 27;
  40160 : 12;
  [40161..40164] : 13;
  [40165..40168] : 15;
  [40169..40170] : 14;
  40171 : 25;
  40172 : 0B;
  40173 : 02;
  40174 : 27;
  40175 : 9E;
  40176 : A4;
  40177 : A6;
  40178 : AA;
  40179 : AD;
  40180 : B1;
  40181 : B5;
  40182 : B8;
  40183 : BB;
  40184 : BD;
  40185 : BF;
  40186 : C3;
  40187 : C6;
  40188 : C8;
  40189 : CA;
  40190 : C7;
  40191 : 2F;
  40192 : 03;
  40193 : 1F;
  40194 : 55;
  40195 : 5A;
  40196 : 46;
  40197 : 0F;
  [40198..40199] : 13;
  40200 : 12;
  [40201..40203] : 13;
  40204 : 14;
  [40205..40206] : 13;
  40207 : 17;
  40208 : 2A;
  40209 : 09;
  40210 : 00;
  40211 : 46;
  40212 : AB;
  40213 : AA;
  40214 : AD;
  40215 : B0;
  40216 : B4;
  40217 : B8;
  40218 : BB;
  40219 : BD;
  40220 : BF;
  40221 : C3;
  40222 : C7;
  40223 : CA;
  40224 : CD;
  40225 : D0;
  40226 : D4;
  40227 : 7D;
  40228 : 34;
  40229 : D0;
  40230 : D8;
  40231 : D3;
  [40232..40233] : D5;
  [40234..40238] : D6;
  40239 : D5;
  40240 : D6;
  40241 : D5;
  40242 : D3;
  40243 : D1;
  40244 : D0;
  40245 : 3D;
  40246 : 01;
  40247 : 0A;
  40248 : 19;
  40249 : 4A;
  40250 : 41;
  40251 : 66;
  40252 : 0E;
  40253 : 10;
  40254 : 0F;
  40255 : 0E;
  [40256..40257] : 0F;
  40258 : 10;
  [40259..40260] : 0F;
  40261 : 0E;
  40262 : 0F;
  40263 : 1D;
  40264 : 0F;
  40265 : 1F;
  40266 : 95;
  40267 : A4;
  40268 : A7;
  40269 : AB;
  40270 : AE;
  40271 : B1;
  40272 : B4;
  40273 : B6;
  [40274..40275] : B9;
  40276 : BB;
  40277 : BF;
  [40278..40279] : C1;
  40280 : C3;
  [40281..40282] : C2;
  40283 : C5;
  40284 : 45;
  40285 : 00;
  40286 : 03;
  40287 : 06;
  40288 : 15;
  [40289..40290] : 35;
  40291 : 57;
  40292 : 3B;
  40293 : 0A;
  40294 : 0F;
  40295 : 0E;
  [40296..40298] : 0D;
  40299 : 0E;
  [40300..40301] : 0D;
  40302 : 0E;
  40303 : 17;
  40304 : 23;
  40305 : 3A;
  40306 : A2;
  40307 : AD;
  40308 : AE;
  40309 : AF;
  [40310..40329] : 80;
  40330 : E1;
  [40331..40332] : D9;
  [40333..40335] : D7;
  40336 : DA;
  40337 : 9C;
  40338 : 23;
  40339 : 13;
  40340 : 5D;
  40341 : 77;
  [40342..40343] : 1B;
  [40344..40345] : 1C;
  40346 : 1B;
  [40347..40349] : 1C;
  40350 : 1B;
  40351 : 1A;
  40352 : 10;
  40353 : 0D;
  40354 : 25;
  40355 : 2A;
  40356 : 11;
  40357 : 06;
  40358 : 04;
  40359 : 05;
  40360 : 74;
  [40361..40362] : 9E;
  40363 : A2;
  40364 : A6;
  40365 : AB;
  40366 : AF;
  40367 : B2;
  40368 : B6;
  40369 : BA;
  40370 : C0;
  40371 : C5;
  40372 : C8;
  40373 : CA;
  40374 : CB;
  40375 : CC;
  40376 : CD;
  40377 : CE;
  40378 : CF;
  40379 : D1;
  40380 : 59;
  40381 : 13;
  40382 : 53;
  40383 : 66;
  40384 : 14;
  [40385..40386] : 1B;
  [40387..40388] : 1A;
  [40389..40392] : 19;
  40393 : 18;
  40394 : 0E;
  40395 : 10;
  40396 : 28;
  40397 : 13;
  40398 : 06;
  40399 : 05;
  40400 : 00;
  40401 : 56;
  [40402..40403] : A3;
  40404 : A8;
  40405 : AF;
  40406 : B3;
  40407 : B7;
  40408 : BB;
  40409 : BC;
  40410 : C1;
  40411 : C7;
  40412 : CB;
  40413 : CE;
  40414 : D2;
  40415 : D4;
  40416 : D6;
  40417 : D7;
  40418 : C3;
  40419 : 3A;
  40420 : 80;
  40421 : EC;
  40422 : D8;
  40423 : DA;
  [40424..40426] : DB;
  [40427..40429] : DA;
  40430 : D9;
  [40431..40435] : D8;
  40436 : DC;
  40437 : BD;
  40438 : 32;
  40439 : 08;
  40440 : 36;
  40441 : 78;
  40442 : 20;
  40443 : 17;
  [40444..40445] : 18;
  [40446..40450] : 19;
  40451 : 18;
  40452 : 12;
  40453 : 0F;
  40454 : 2B;
  40455 : 17;
  40456 : 02;
  40457 : 0D;
  40458 : 80;
  40459 : 9E;
  40460 : A1;
  40461 : A6;
  40462 : AB;
  40463 : AE;
  40464 : B2;
  40465 : B6;
  40466 : BA;
  40467 : BE;
  40468 : C1;
  40469 : C4;
  40470 : C6;
  [40471..40472] : C7;
  40473 : CB;
  40474 : A9;
  40475 : 15;
  40476 : 08;
  40477 : 35;
  40478 : 71;
  40479 : 26;
  40480 : 11;
  [40481..40482] : 12;
  40483 : 13;
  [40484..40485] : 14;
  40486 : 15;
  40487 : 16;
  40488 : 15;
  [40489..40490] : 14;
  40491 : 24;
  40492 : 0B;
  40493 : 02;
  40494 : 26;
  40495 : 9D;
  40496 : A5;
  40497 : A7;
  40498 : AA;
  40499 : AE;
  40500 : B2;
  40501 : B5;
  40502 : B9;
  40503 : BA;
  40504 : BD;
  40505 : C0;
  40506 : C4;
  40507 : C6;
  40508 : C8;
  40509 : CB;
  40510 : C8;
  40511 : 2E;
  40512 : 03;
  40513 : 1E;
  40514 : 54;
  40515 : 59;
  40516 : 46;
  40517 : 0F;
  [40518..40519] : 13;
  40520 : 12;
  [40521..40525] : 13;
  40526 : 12;
  40527 : 17;
  40528 : 2A;
  40529 : 09;
  40530 : 00;
  40531 : 47;
  40532 : AB;
  40533 : A9;
  40534 : AD;
  40535 : B0;
  40536 : B4;
  40537 : B7;
  40538 : BA;
  40539 : BD;
  40540 : C0;
  40541 : C4;
  40542 : C8;
  40543 : CB;
  40544 : CD;
  40545 : D0;
  40546 : D4;
  40547 : 7D;
  40548 : 33;
  40549 : D0;
  40550 : D9;
  40551 : D3;
  40552 : D5;
  40553 : D6;
  40554 : D5;
  [40555..40559] : D6;
  [40560..40561] : D5;
  40562 : D2;
  [40563..40564] : D1;
  40565 : 3D;
  40566 : 02;
  40567 : 0A;
  40568 : 17;
  40569 : 48;
  40570 : 41;
  40571 : 66;
  40572 : 0E;
  40573 : 0F;
  [40574..40576] : 0E;
  [40577..40579] : 0F;
  [40580..40581] : 0E;
  40582 : 0F;
  40583 : 1E;
  40584 : 0F;
  40585 : 1E;
  40586 : 94;
  40587 : A4;
  40588 : A7;
  40589 : AA;
  40590 : AE;
  40591 : B1;
  40592 : B4;
  40593 : B7;
  40594 : B9;
  40595 : BB;
  40596 : BC;
  40597 : BF;
  40598 : C1;
  40599 : C2;
  40600 : C4;
  40601 : C3;
  40602 : C2;
  40603 : C5;
  40604 : 47;
  40605 : 00;
  40606 : 04;
  40607 : 07;
  40608 : 15;
  40609 : 35;
  40610 : 36;
  40611 : 56;
  40612 : 3E;
  40613 : 0A;
  [40614..40617] : 0E;
  [40618..40621] : 0D;
  40622 : 0E;
  40623 : 15;
  40624 : 23;
  40625 : 38;
  40626 : A0;
  40627 : AC;
  40628 : AE;
  40629 : B0;
  [40630..40649] : 80;
  40650 : E2;
  [40651..40654] : D8;
  40655 : D7;
  40656 : DA;
  40657 : 9F;
  40658 : 25;
  40659 : 14;
  40660 : 5F;
  40661 : 75;
  40662 : 1A;
  40663 : 1C;
  40664 : 1B;
  [40665..40666] : 1C;
  40667 : 1B;
  40668 : 1C;
  [40669..40670] : 1B;
  40671 : 1A;
  [40672..40673] : 0E;
  40674 : 25;
  40675 : 29;
  40676 : 11;
  40677 : 07;
  40678 : 04;
  40679 : 05;
  40680 : 75;
  [40681..40682] : 9E;
  40683 : A1;
  40684 : A7;
  40685 : AC;
  40686 : AF;
  40687 : B3;
  40688 : B7;
  40689 : BB;
  40690 : C1;
  40691 : C6;
  40692 : C9;
  40693 : CB;
  [40694..40696] : CC;
  40697 : CE;
  40698 : CF;
  40699 : D1;
  40700 : 56;
  40701 : 11;
  40702 : 53;
  40703 : 65;
  40704 : 15;
  [40705..40707] : 1A;
  [40708..40712] : 19;
  40713 : 17;
  40714 : 0E;
  40715 : 11;
  40716 : 28;
  40717 : 13;
  40718 : 05;
  40719 : 04;
  40720 : 00;
  40721 : 59;
  40722 : A4;
  40723 : A3;
  40724 : A8;
  40725 : AE;
  40726 : B3;
  40727 : B7;
  40728 : BA;
  40729 : BD;
  40730 : C1;
  40731 : C6;
  40732 : CB;
  40733 : CF;
  40734 : D2;
  40735 : D4;
  [40736..40737] : D7;
  40738 : C1;
  40739 : 39;
  40740 : 84;
  40741 : ED;
  40742 : D9;
  [40743..40745] : DA;
  40746 : DB;
  [40747..40750] : DA;
  40751 : D9;
  40752 : D8;
  40753 : D7;
  [40754..40755] : D8;
  40756 : DC;
  40757 : BD;
  40758 : 31;
  40759 : 07;
  40760 : 34;
  40761 : 76;
  40762 : 20;
  [40763..40771] : 18;
  40772 : 12;
  40773 : 10;
  40774 : 2A;
  40775 : 15;
  40776 : 03;
  40777 : 0D;
  40778 : 7F;
  40779 : 9F;
  40780 : A1;
  40781 : A7;
  40782 : AB;
  40783 : AF;
  40784 : B3;
  40785 : B7;
  40786 : BA;
  40787 : BE;
  40788 : C1;
  40789 : C3;
  40790 : C7;
  40791 : C8;
  40792 : C7;
  40793 : CB;
  40794 : A6;
  40795 : 11;
  40796 : 08;
  40797 : 34;
  40798 : 71;
  40799 : 26;
  40800 : 12;
  [40801..40804] : 13;
  40805 : 14;
  [40806..40808] : 15;
  40809 : 13;
  40810 : 15;
  40811 : 25;
  40812 : 0B;
  40813 : 02;
  40814 : 25;
  40815 : 9B;
  40816 : A5;
  40817 : A7;
  40818 : AB;
  40819 : AF;
  40820 : B2;
  40821 : B6;
  40822 : B9;
  40823 : BA;
  40824 : BE;
  40825 : C1;
  40826 : C5;
  40827 : C6;
  40828 : C9;
  40829 : CB;
  40830 : C8;
  40831 : 2E;
  40832 : 03;
  40833 : 1D;
  40834 : 52;
  40835 : 58;
  40836 : 47;
  40837 : 0E;
  40838 : 12;
  [40839..40840] : 11;
  [40841..40843] : 12;
  40844 : 13;
  [40845..40846] : 12;
  40847 : 17;
  40848 : 27;
  40849 : 09;
  40850 : 00;
  40851 : 46;
  40852 : AA;
  40853 : A9;
  40854 : AC;
  40855 : B0;
  40856 : B4;
  40857 : B7;
  40858 : B9;
  40859 : BD;
  40860 : C2;
  40861 : C5;
  40862 : C8;
  40863 : CC;
  40864 : CE;
  40865 : D1;
  40866 : D5;
  40867 : 7B;
  40868 : 32;
  40869 : CF;
  40870 : DA;
  40871 : D3;
  40872 : D5;
  [40873..40874] : D6;
  40875 : D7;
  [40876..40880] : D6;
  40881 : D4;
  40882 : D2;
  40883 : D1;
  40884 : D2;
  40885 : 3E;
  40886 : 02;
  40887 : 0B;
  40888 : 17;
  40889 : 47;
  40890 : 41;
  40891 : 67;
  40892 : 0E;
  40893 : 0F;
  [40894..40901] : 0E;
  40902 : 0F;
  40903 : 1E;
  40904 : 0F;
  40905 : 1C;
  40906 : 93;
  40907 : A5;
  40908 : A6;
  40909 : AB;
  40910 : AE;
  40911 : B1;
  40912 : B5;
  40913 : B8;
  40914 : BA;
  40915 : BB;
  40916 : BC;
  40917 : C0;
  40918 : C2;
  40919 : C3;
  40920 : C4;
  40921 : C3;
  40922 : C1;
  40923 : C4;
  40924 : 46;
  40925 : 00;
  40926 : 04;
  40927 : 07;
  40928 : 15;
  40929 : 35;
  40930 : 37;
  40931 : 56;
  40932 : 41;
  40933 : 0A;
  [40934..40935] : 0E;
  40936 : 0F;
  [40937..40940] : 0E;
  40941 : 0D;
  40942 : 0E;
  40943 : 15;
  40944 : 23;
  40945 : 36;
  40946 : 9F;
  40947 : AB;
  40948 : AD;
  40949 : AF;
  [40950..40969] : 80;
  40970 : E1;
  40971 : D7;
  [40972..40974] : D8;
  40975 : D7;
  40976 : DB;
  40977 : 9F;
  40978 : 25;
  40979 : 14;
  40980 : 60;
  40981 : 75;
  40982 : 1B;
  40983 : 1C;
  40984 : 1B;
  [40985..40986] : 1C;
  [40987..40990] : 1B;
  40991 : 19;
  40992 : 0E;
  40993 : 0F;
  40994 : 25;
  40995 : 29;
  40996 : 11;
  40997 : 06;
  40998 : 04;
  40999 : 05;
  41000 : 75;
  [41001..41002] : 9D;
  41003 : A1;
  41004 : A7;
  41005 : AD;
  41006 : B1;
  41007 : B4;
  41008 : B8;
  41009 : BC;
  41010 : C2;
  41011 : C6;
  41012 : C9;
  41013 : CB;
  [41014..41016] : CC;
  41017 : CD;
  41018 : CE;
  41019 : D0;
  41020 : 51;
  41021 : 0E;
  41022 : 52;
  41023 : 66;
  41024 : 15;
  [41025..41027] : 1A;
  [41028..41031] : 19;
  41032 : 18;
  41033 : 17;
  41034 : 0E;
  41035 : 11;
  41036 : 28;
  41037 : 13;
  41038 : 05;
  41039 : 04;
  41040 : 00;
  41041 : 5B;
  41042 : A5;
  41043 : A3;
  41044 : A9;
  41045 : AE;
  41046 : B3;
  41047 : B7;
  41048 : BA;
  41049 : BD;
  41050 : C1;
  41051 : C7;
  41052 : CB;
  41053 : CE;
  41054 : D2;
  41055 : D5;
  41056 : D7;
  41057 : D6;
  41058 : C0;
  41059 : 37;
  41060 : 87;
  41061 : ED;
  41062 : D9;
  41063 : DA;
  41064 : DB;
  [41065..41068] : DA;
  [41069..41071] : D9;
  41072 : D8;
  41073 : D7;
  [41074..41075] : D8;
  41076 : DB;
  41077 : BD;
  41078 : 2F;
  41079 : 06;
  41080 : 33;
  41081 : 78;
  41082 : 22;
  41083 : 18;
  [41084..41085] : 19;
  [41086..41088] : 18;
  [41089..41091] : 17;
  41092 : 11;
  41093 : 0F;
  41094 : 29;
  41095 : 15;
  41096 : 03;
  41097 : 0C;
  41098 : 7E;
  41099 : 9F;
  41100 : A2;
  41101 : A7;
  41102 : AA;
  41103 : B0;
  41104 : B3;
  41105 : B7;
  41106 : BB;
  41107 : BF;
  41108 : C2;
  41109 : C4;
  41110 : C6;
  [41111..41112] : C8;
  41113 : CB;
  41114 : A4;
  41115 : 0F;
  41116 : 06;
  41117 : 2E;
  41118 : 77;
  41119 : 29;
  41120 : 12;
  [41121..41124] : 13;
  41125 : 14;
  41126 : 15;
  [41127..41128] : 14;
  41129 : 11;
  41130 : 14;
  41131 : 26;
  41132 : 0B;
  41133 : 02;
  41134 : 24;
  41135 : 9C;
  41136 : A6;
  41137 : A7;
  41138 : AB;
  41139 : B0;
  41140 : B3;
  41141 : B6;
  41142 : BA;
  41143 : BC;
  41144 : BF;
  41145 : C2;
  41146 : C6;
  41147 : C7;
  41148 : C9;
  41149 : CB;
  41150 : C8;
  41151 : 2E;
  41152 : 03;
  41153 : 1D;
  41154 : 51;
  41155 : 5A;
  41156 : 4B;
  41157 : 0E;
  41158 : 12;
  [41159..41161] : 11;
  [41162..41166] : 12;
  41167 : 16;
  41168 : 25;
  41169 : 08;
  41170 : 00;
  41171 : 45;
  [41172..41173] : A9;
  41174 : AC;
  41175 : B0;
  41176 : B4;
  41177 : B7;
  41178 : B9;
  41179 : BE;
  41180 : C3;
  41181 : C6;
  41182 : CA;
  41183 : CD;
  41184 : CF;
  41185 : D2;
  41186 : D5;
  41187 : 79;
  41188 : 31;
  41189 : D0;
  41190 : DA;
  41191 : D3;
  41192 : D5;
  41193 : D6;
  41194 : D7;
  41195 : D8;
  41196 : D7;
  41197 : D6;
  41198 : D7;
  [41199..41200] : D6;
  41201 : D4;
  41202 : D2;
  41203 : D1;
  41204 : D2;
  41205 : 3F;
  41206 : 02;
  41207 : 0A;
  41208 : 17;
  41209 : 46;
  41210 : 3F;
  41211 : 69;
  [41212..41216] : 0F;
  [41217..41219] : 0E;
  [41220..41221] : 0D;
  41222 : 0F;
  41223 : 1D;
  41224 : 0F;
  41225 : 1B;
  41226 : 91;
  41227 : A5;
  41228 : A7;
  41229 : AB;
  41230 : AF;
  41231 : B2;
  41232 : B5;
  41233 : B9;
  41234 : BA;
  41235 : BC;
  41236 : BE;
  41237 : C1;
  41238 : C3;
  [41239..41241] : C4;
  41242 : C3;
  41243 : C4;
  41244 : 49;
  41245 : 00;
  41246 : 04;
  41247 : 05;
  41248 : 14;
  41249 : 34;
  41250 : 38;
  41251 : 5A;
  41252 : 4B;
  41253 : 0A;
  [41254..41255] : 0F;
  41256 : 0E;
  41257 : 0D;
  41258 : 0E;
  [41259..41260] : 0D;
  [41261..41262] : 0E;
  41263 : 15;
  41264 : 23;
  41265 : 35;
  41266 : 9E;
  41267 : AB;
  41268 : AD;
  41269 : AF;
  [41270..41289] : 80;
  41290 : E1;
  41291 : D8;
  41292 : D9;
  41293 : D8;
  [41294..41295] : D7;
  41296 : DA;
  41297 : 9D;
  41298 : 23;
  41299 : 14;
  41300 : 5E;
  41301 : 7B;
  41302 : 1C;
  41303 : 1E;
  [41304..41308] : 1C;
  [41309..41310] : 1B;
  41311 : 17;
  41312 : 0C;
  41313 : 0F;
  41314 : 25;
  41315 : 28;
  41316 : 11;
  41317 : 06;
  41318 : 04;
  41319 : 05;
  41320 : 74;
  41321 : 9C;
  41322 : 9B;
  41323 : A1;
  41324 : A8;
  41325 : AE;
  41326 : B2;
  41327 : B5;
  41328 : B9;
  41329 : BE;
  41330 : C3;
  41331 : C7;
  41332 : CA;
  41333 : CC;
  [41334..41337] : CD;
  [41338..41339] : CF;
  41340 : 4C;
  41341 : 0B;
  41342 : 50;
  41343 : 6B;
  41344 : 15;
  [41345..41346] : 1A;
  [41347..41349] : 19;
  [41350..41352] : 18;
  41353 : 16;
  41354 : 0D;
  41355 : 11;
  41356 : 28;
  41357 : 13;
  41358 : 05;
  41359 : 04;
  41360 : 00;
  41361 : 5B;
  41362 : A5;
  41363 : A4;
  41364 : AA;
  41365 : AF;
  41366 : B3;
  41367 : B7;
  41368 : BB;
  41369 : BE;
  41370 : C2;
  41371 : C7;
  41372 : CC;
  41373 : CF;
  41374 : D3;
  41375 : D5;
  41376 : D7;
  41377 : D6;
  41378 : BF;
  41379 : 36;
  41380 : 88;
  41381 : ED;
  41382 : D9;
  [41383..41390] : DA;
  41391 : D9;
  41392 : D8;
  [41393..41395] : D7;
  41396 : DB;
  41397 : BC;
  41398 : 30;
  41399 : 06;
  41400 : 34;
  41401 : 7A;
  41402 : 25;
  [41403..41407] : 19;
  41408 : 18;
  [41409..41410] : 17;
  41411 : 16;
  41412 : 0F;
  41413 : 10;
  41414 : 29;
  41415 : 15;
  41416 : 03;
  41417 : 0B;
  41418 : 7D;
  41419 : 9E;
  41420 : A2;
  41421 : A7;
  41422 : AB;
  41423 : B0;
  41424 : B4;
  41425 : B8;
  41426 : BC;
  41427 : BF;
  41428 : C2;
  41429 : C4;
  41430 : C7;
  41431 : C8;
  41432 : C7;
  41433 : CB;
  41434 : A5;
  41435 : 0E;
  41436 : 04;
  41437 : 2C;
  41438 : 79;
  41439 : 2C;
  41440 : 12;
  41441 : 13;
  41442 : 12;
  [41443..41444] : 13;
  [41445..41447] : 14;
  41448 : 13;
  41449 : 10;
  41450 : 14;
  41451 : 26;
  41452 : 0B;
  41453 : 02;
  41454 : 25;
  41455 : 9D;
  41456 : A6;
  41457 : A8;
  41458 : AB;
  41459 : AF;
  41460 : B4;
  41461 : B7;
  41462 : BB;
  41463 : BD;
  41464 : C1;
  41465 : C4;
  41466 : C7;
  41467 : C8;
  41468 : C9;
  41469 : CB;
  41470 : C9;
  41471 : 2F;
  41472 : 04;
  41473 : 1C;
  41474 : 50;
  41475 : 59;
  41476 : 52;
  41477 : 0E;
  41478 : 13;
  [41479..41482] : 12;
  [41483..41484] : 13;
  41485 : 12;
  41486 : 11;
  41487 : 17;
  41488 : 24;
  41489 : 08;
  41490 : 00;
  41491 : 44;
  [41492..41493] : AA;
  41494 : AD;
  41495 : B0;
  41496 : B4;
  41497 : B8;
  41498 : BA;
  41499 : BF;
  41500 : C4;
  41501 : C8;
  41502 : CB;
  41503 : CE;
  41504 : D0;
  41505 : D2;
  41506 : D5;
  41507 : 78;
  41508 : 31;
  41509 : D0;
  41510 : DA;
  41511 : D4;
  [41512..41513] : D6;
  41514 : D7;
  41515 : D8;
  41516 : D7;
  [41517..41520] : D6;
  41521 : D5;
  41522 : D2;
  41523 : D1;
  41524 : D3;
  41525 : 41;
  41526 : 02;
  41527 : 09;
  41528 : 15;
  41529 : 45;
  41530 : 3D;
  41531 : 71;
  41532 : 12;
  [41533..41534] : 10;
  [41535..41536] : 0E;
  41537 : 0F;
  [41538..41540] : 0E;
  41541 : 0D;
  41542 : 0F;
  41543 : 1C;
  41544 : 0F;
  41545 : 19;
  41546 : 91;
  41547 : A6;
  41548 : A9;
  41549 : AC;
  41550 : AF;
  41551 : B3;
  41552 : B6;
  41553 : BA;
  41554 : BB;
  41555 : BC;
  41556 : BF;
  41557 : C2;
  41558 : C3;
  [41559..41560] : C4;
  41561 : C3;
  41562 : C2;
  41563 : C4;
  41564 : 4B;
  41565 : 00;
  41566 : 04;
  41567 : 05;
  41568 : 12;
  41569 : 32;
  41570 : 37;
  41571 : 5D;
  41572 : 5A;
  41573 : 09;
  41574 : 0F;
  [41575..41577] : 0E;
  [41578..41579] : 0D;
  41580 : 0E;
  41581 : 0D;
  41582 : 0E;
  41583 : 15;
  41584 : 24;
  41585 : 35;
  41586 : 9D;
  41587 : AB;
  41588 : AD;
  41589 : AF;
  [41590..41609] : 80;
  41610 : E1;
  [41611..41612] : D8;
  [41613..41615] : D7;
  41616 : D9;
  41617 : 99;
  41618 : 20;
  41619 : 14;
  41620 : 59;
  41621 : 85;
  41622 : 21;
  41623 : 1E;
  41624 : 1D;
  [41625..41626] : 1C;
  [41627..41628] : 1D;
  41629 : 1C;
  41630 : 1B;
  41631 : 16;
  41632 : 0A;
  41633 : 0F;
  41634 : 25;
  41635 : 29;
  41636 : 10;
  41637 : 06;
  41638 : 04;
  41639 : 05;
  41640 : 72;
  [41641..41642] : 9C;
  41643 : A1;
  41644 : A8;
  41645 : AE;
  41646 : B2;
  41647 : B6;
  41648 : BB;
  41649 : C0;
  41650 : C5;
  41651 : C8;
  41652 : CA;
  [41653..41656] : CD;
  41657 : CE;
  41658 : CF;
  41659 : CE;
  41660 : 48;
  41661 : 0A;
  41662 : 47;
  41663 : 73;
  41664 : 17;
  41665 : 1B;
  41666 : 1A;
  41667 : 18;
  [41668..41670] : 19;
  41671 : 18;
  41672 : 19;
  41673 : 14;
  41674 : 0C;
  41675 : 11;
  41676 : 29;
  41677 : 14;
  41678 : 06;
  41679 : 04;
  41680 : 00;
  41681 : 5B;
  41682 : A5;
  41683 : A4;
  41684 : AA;
  41685 : B0;
  41686 : B4;
  41687 : B9;
  41688 : BC;
  41689 : BF;
  41690 : C4;
  41691 : C8;
  41692 : CC;
  41693 : D0;
  41694 : D3;
  41695 : D5;
  [41696..41697] : D7;
  41698 : BF;
  41699 : 35;
  41700 : 89;
  41701 : EC;
  41702 : D9;
  [41703..41708] : DA;
  [41709..41710] : D9;
  41711 : D8;
  [41712..41714] : D7;
  41715 : D6;
  41716 : DA;
  41717 : BB;
  41718 : 33;
  41719 : 08;
  41720 : 34;
  41721 : 7A;
  41722 : 2A;
  41723 : 18;
  [41724..41728] : 19;
  41729 : 18;
  41730 : 17;
  41731 : 14;
  41732 : 0E;
  41733 : 11;
  41734 : 2A;
  41735 : 16;
  41736 : 03;
  41737 : 0B;
  41738 : 7D;
  41739 : 9F;
  41740 : A3;
  41741 : A8;
  41742 : AC;
  41743 : B1;
  41744 : B5;
  41745 : B9;
  41746 : BD;
  41747 : C0;
  41748 : C3;
  41749 : C5;
  [41750..41752] : C7;
  41753 : CC;
  41754 : A6;
  41755 : 0F;
  41756 : 04;
  41757 : 2E;
  41758 : 6E;
  41759 : 35;
  41760 : 10;
  [41761..41766] : 14;
  41767 : 13;
  41768 : 12;
  41769 : 10;
  41770 : 15;
  41771 : 25;
  41772 : 0B;
  41773 : 02;
  41774 : 25;
  41775 : 9D;
  41776 : A7;
  41777 : A9;
  41778 : AC;
  41779 : AF;
  41780 : B4;
  41781 : B8;
  41782 : BC;
  41783 : BE;
  41784 : C3;
  41785 : C6;
  41786 : C9;
  41787 : CA;
  41788 : CB;
  41789 : CD;
  41790 : CA;
  41791 : 2F;
  41792 : 03;
  41793 : 1A;
  41794 : 4D;
  41795 : 4B;
  41796 : 58;
  41797 : 0E;
  [41798..41799] : 13;
  [41800..41801] : 12;
  [41802..41804] : 13;
  41805 : 12;
  41806 : 11;
  41807 : 1A;
  41808 : 26;
  41809 : 09;
  41810 : 00;
  41811 : 44;
  [41812..41813] : A9;
  41814 : AD;
  41815 : B1;
  41816 : B6;
  41817 : B9;
  41818 : BC;
  41819 : C0;
  41820 : C5;
  41821 : C9;
  41822 : CC;
  41823 : CF;
  41824 : D1;
  41825 : D3;
  41826 : D6;
  41827 : 78;
  41828 : 30;
  41829 : D0;
  41830 : DA;
  41831 : D5;
  [41832..41833] : D6;
  [41834..41836] : D7;
  41837 : D6;
  [41838..41839] : D7;
  41840 : D6;
  41841 : D5;
  41842 : D3;
  41843 : D2;
  41844 : D3;
  41845 : 41;
  41846 : 02;
  41847 : 0A;
  41848 : 14;
  41849 : 43;
  41850 : 3B;
  41851 : 7B;
  41852 : 16;
  [41853..41854] : 10;
  [41855..41856] : 0E;
  [41857..41860] : 0D;
  41861 : 0C;
  41862 : 12;
  41863 : 1B;
  41864 : 0E;
  41865 : 18;
  41866 : 90;
  41867 : A7;
  41868 : AA;
  41869 : AD;
  41870 : B1;
  41871 : B4;
  41872 : B7;
  41873 : BA;
  41874 : BC;
  41875 : BE;
  41876 : C0;
  41877 : C3;
  41878 : C4;
  [41879..41881] : C3;
  41882 : C2;
  41883 : C3;
  41884 : 4B;
  41885 : 00;
  41886 : 04;
  41887 : 08;
  41888 : 12;
  41889 : 31;
  41890 : 39;
  41891 : 43;
  41892 : 5A;
  41893 : 0B;
  41894 : 11;
  41895 : 10;
  41896 : 0F;
  [41897..41898] : 0E;
  [41899..41901] : 0D;
  41902 : 0F;
  41903 : 15;
  41904 : 23;
  41905 : 34;
  41906 : 9D;
  41907 : AD;
  [41908..41909] : AF;
  [41910..41929] : 80;
  41930 : E0;
  [41931..41932] : D8;
  [41933..41934] : D7;
  41935 : D6;
  41936 : D9;
  41937 : 96;
  41938 : 1E;
  41939 : 16;
  41940 : 4A;
  41941 : 79;
  41942 : 2F;
  [41943..41946] : 1D;
  41947 : 1C;
  [41948..41949] : 1D;
  41950 : 1B;
  41951 : 12;
  41952 : 08;
  41953 : 0D;
  41954 : 23;
  41955 : 29;
  41956 : 10;
  41957 : 05;
  41958 : 04;
  41959 : 05;
  41960 : 6F;
  41961 : 9B;
  41962 : 9C;
  41963 : A2;
  41964 : AA;
  41965 : AF;
  41966 : B3;
  41967 : B7;
  41968 : BB;
  41969 : C2;
  41970 : C6;
  41971 : C9;
  41972 : CC;
  [41973..41974] : CD;
  [41975..41977] : CE;
  41978 : CF;
  41979 : CD;
  41980 : 47;
  41981 : 0B;
  41982 : 33;
  41983 : 7B;
  41984 : 24;
  41985 : 1B;
  41986 : 1A;
  [41987..41991] : 19;
  41992 : 17;
  41993 : 0D;
  41994 : 0A;
  41995 : 12;
  41996 : 29;
  41997 : 14;
  41998 : 06;
  41999 : 05;
  42000 : 00;
  42001 : 59;
  42002 : A4;
  42003 : A5;
  42004 : AB;
  42005 : B1;
  42006 : B6;
  42007 : BA;
  42008 : BD;
  42009 : C0;
  42010 : C5;
  42011 : C9;
  42012 : CE;
  42013 : D1;
  42014 : D4;
  42015 : D5;
  [42016..42017] : D8;
  42018 : BF;
  42019 : 35;
  42020 : 8B;
  42021 : EB;
  42022 : D9;
  [42023..42025] : DA;
  [42026..42027] : D9;
  42028 : DA;
  [42029..42030] : D9;
  42031 : D8;
  42032 : D7;
  [42033..42035] : D6;
  42036 : DA;
  42037 : BC;
  42038 : 34;
  42039 : 08;
  42040 : 33;
  42041 : 6A;
  42042 : 3B;
  42043 : 16;
  [42044..42048] : 19;
  42049 : 18;
  42050 : 16;
  42051 : 10;
  42052 : 0D;
  42053 : 12;
  42054 : 2A;
  42055 : 17;
  42056 : 03;
  42057 : 0C;
  42058 : 7E;
  42059 : 9F;
  42060 : A2;
  42061 : A8;
  42062 : AC;
  42063 : B1;
  42064 : B5;
  42065 : BB;
  42066 : BF;
  42067 : C1;
  42068 : C4;
  42069 : C5;
  [42070..42072] : C7;
  42073 : CB;
  42074 : A3;
  42075 : 0C;
  42076 : 04;
  42077 : 2D;
  42078 : 57;
  42079 : 4C;
  42080 : 11;
  [42081..42083] : 14;
  [42084..42085] : 13;
  42086 : 14;
  42087 : 12;
  42088 : 0F;
  42089 : 10;
  42090 : 15;
  42091 : 24;
  42092 : 0B;
  42093 : 02;
  42094 : 25;
  42095 : 9C;
  42096 : A7;
  42097 : AA;
  42098 : AD;
  42099 : B2;
  42100 : B6;
  42101 : BA;
  42102 : BE;
  42103 : C1;
  42104 : C4;
  42105 : C7;
  42106 : C9;
  [42107..42108] : CB;
  42109 : CE;
  42110 : C7;
  42111 : 2B;
  42112 : 03;
  42113 : 18;
  42114 : 4B;
  42115 : 37;
  42116 : 5E;
  42117 : 11;
  42118 : 10;
  [42119..42121] : 11;
  42122 : 12;
  [42123..42124] : 13;
  42125 : 10;
  42126 : 12;
  42127 : 19;
  42128 : 27;
  42129 : 09;
  42130 : 00;
  42131 : 43;
  42132 : A7;
  42133 : A9;
  42134 : AD;
  42135 : B2;
  42136 : B7;
  42137 : BA;
  42138 : BE;
  42139 : C3;
  42140 : C7;
  42141 : CA;
  42142 : CC;
  42143 : CF;
  42144 : D1;
  42145 : D3;
  42146 : D5;
  42147 : 77;
  42148 : 2E;
  42149 : D0;
  42150 : DB;
  42151 : D5;
  42152 : D6;
  [42153..42157] : D7;
  [42158..42160] : D6;
  42161 : D5;
  42162 : D3;
  42163 : D2;
  42164 : D3;
  42165 : 40;
  42166 : 02;
  42167 : 08;
  42168 : 11;
  42169 : 42;
  42170 : 34;
  42171 : 6C;
  42172 : 22;
  42173 : 0B;
  [42174..42175] : 0E;
  [42176..42178] : 0D;
  [42179..42180] : 0C;
  42181 : 0E;
  42182 : 14;
  42183 : 18;
  42184 : 0F;
  42185 : 19;
  42186 : 90;
  42187 : A7;
  42188 : AA;
  42189 : AE;
  42190 : B1;
  42191 : B5;
  42192 : B8;
  42193 : BB;
  42194 : BC;
  42195 : BE;
  42196 : C0;
  42197 : C3;
  [42198..42200] : C4;
  42201 : C3;
  42202 : C1;
  42203 : C3;
  42204 : 4C;
  42205 : 00;
  42206 : 06;
  42207 : 09;
  42208 : 15;
  42209 : 35;
  42210 : 3B;
  42211 : 2C;
  42212 : 4D;
  42213 : 0C;
  42214 : 0D;
  42215 : 0F;
  42216 : 0E;
  [42217..42220] : 0D;
  42221 : 0E;
  42222 : 13;
  42223 : 12;
  42224 : 22;
  42225 : 33;
  42226 : 9E;
  42227 : AF;
  42228 : B0;
  42229 : B1;
  [42230..42249] : 80;
  42250 : E0;
  42251 : D7;
  42252 : D8;
  [42253..42254] : D7;
  42255 : D6;
  42256 : DA;
  42257 : 94;
  42258 : 1C;
  42259 : 15;
  42260 : 3D;
  42261 : 55;
  42262 : 48;
  42263 : 20;
  [42264..42266] : 1C;
  42267 : 1B;
  42268 : 1C;
  42269 : 1B;
  42270 : 15;
  42271 : 09;
  42272 : 06;
  42273 : 0E;
  42274 : 21;
  42275 : 29;
  42276 : 10;
  42277 : 05;
  42278 : 04;
  42279 : 05;
  42280 : 6F;
  42281 : 9B;
  42282 : 9D;
  42283 : A4;
  42284 : AB;
  42285 : B0;
  42286 : B5;
  42287 : B9;
  42288 : BE;
  42289 : C3;
  42290 : C7;
  42291 : CA;
  42292 : CC;
  42293 : CD;
  [42294..42297] : CE;
  42298 : CF;
  42299 : CE;
  42300 : 49;
  42301 : 0D;
  42302 : 2A;
  42303 : 63;
  42304 : 40;
  42305 : 1C;
  42306 : 19;
  42307 : 18;
  [42308..42309] : 17;
  42310 : 16;
  42311 : 13;
  42312 : 0D;
  42313 : 06;
  42314 : 0B;
  42315 : 11;
  42316 : 2A;
  42317 : 16;
  42318 : 06;
  42319 : 05;
  42320 : 00;
  42321 : 57;
  42322 : A4;
  42323 : A6;
  42324 : AC;
  42325 : B1;
  42326 : B7;
  42327 : BB;
  42328 : BE;
  42329 : C2;
  42330 : C6;
  42331 : CA;
  42332 : CE;
  42333 : D1;
  42334 : D4;
  42335 : D6;
  [42336..42337] : D7;
  42338 : BE;
  42339 : 35;
  42340 : 8F;
  42341 : EC;
  42342 : D8;
  42343 : D9;
  [42344..42345] : DA;
  42346 : D9;
  [42347..42348] : DA;
  [42349..42350] : D9;
  42351 : D8;
  [42352..42353] : D7;
  [42354..42355] : D6;
  42356 : D8;
  42357 : BB;
  42358 : 32;
  42359 : 07;
  42360 : 33;
  [42361..42362] : 4C;
  42363 : 1D;
  [42364..42366] : 18;
  [42367..42368] : 17;
  42369 : 14;
  42370 : 11;
  42371 : 0C;
  42372 : 11;
  42373 : 13;
  42374 : 28;
  42375 : 16;
  42376 : 02;
  42377 : 0C;
  42378 : 7E;
  42379 : 9F;
  42380 : A3;
  42381 : A9;
  42382 : AD;
  42383 : B2;
  42384 : B7;
  42385 : BD;
  42386 : C1;
  42387 : C4;
  42388 : C5;
  [42389..42391] : C7;
  42392 : C6;
  42393 : CA;
  42394 : 9E;
  42395 : 0A;
  42396 : 03;
  42397 : 2C;
  42398 : 42;
  42399 : 50;
  42400 : 19;
  42401 : 12;
  [42402..42406] : 11;
  42407 : 0F;
  42408 : 0B;
  42409 : 13;
  42410 : 14;
  42411 : 23;
  42412 : 0B;
  42413 : 02;
  42414 : 24;
  42415 : 9C;
  42416 : A7;
  42417 : AA;
  42418 : AF;
  42419 : B4;
  42420 : B9;
  42421 : BC;
  42422 : C0;
  42423 : C3;
  42424 : C6;
  42425 : C8;
  42426 : C9;
  42427 : CA;
  42428 : CB;
  42429 : CD;
  42430 : C3;
  42431 : 28;
  42432 : 04;
  42433 : 17;
  42434 : 4A;
  42435 : 31;
  42436 : 5A;
  42437 : 1E;
  42438 : 0B;
  42439 : 0C;
  [42440..42441] : 0D;
  42442 : 0E;
  42443 : 0D;
  [42444..42445] : 0C;
  [42446..42447] : 18;
  42448 : 26;
  42449 : 09;
  42450 : 00;
  42451 : 42;
  42452 : A7;
  42453 : A9;
  42454 : AD;
  42455 : B3;
  42456 : B7;
  42457 : BC;
  42458 : C0;
  42459 : C6;
  42460 : CA;
  42461 : CC;
  42462 : CE;
  42463 : D0;
  42464 : D1;
  42465 : D3;
  42466 : D6;
  42467 : 76;
  42468 : 2D;
  42469 : D0;
  42470 : DC;
  [42471..42472] : D6;
  [42473..42479] : D7;
  42480 : D6;
  42481 : D5;
  42482 : D3;
  42483 : D2;
  42484 : D1;
  42485 : 3F;
  42486 : 01;
  42487 : 07;
  42488 : 13;
  42489 : 47;
  42490 : 33;
  42491 : 4F;
  42492 : 30;
  42493 : 0B;
  42494 : 0A;
  42495 : 0B;
  42496 : 0A;
  42497 : 0B;
  42498 : 0A;
  42499 : 0B;
  42500 : 0C;
  [42501..42502] : 14;
  42503 : 17;
  42504 : 0F;
  42505 : 19;
  42506 : 92;
  42507 : A7;
  42508 : AA;
  42509 : AE;
  42510 : B1;
  42511 : B6;
  42512 : B9;
  42513 : BC;
  42514 : BE;
  42515 : BF;
  42516 : C2;
  42517 : C4;
  42518 : C5;
  42519 : C4;
  42520 : C5;
  42521 : C4;
  42522 : C3;
  42523 : C5;
  42524 : 50;
  42525 : 00;
  42526 : 06;
  42527 : 08;
  42528 : 16;
  42529 : 37;
  42530 : 3B;
  42531 : 23;
  42532 : 40;
  42533 : 0E;
  42534 : 04;
  42535 : 08;
  [42536..42538] : 0A;
  42539 : 0C;
  42540 : 0D;
  42541 : 13;
  42542 : 17;
  42543 : 11;
  42544 : 23;
  42545 : 33;
  42546 : 9F;
  42547 : AF;
  42548 : B2;
  42549 : B4;
  [42550..42569] : 80;
  42570 : E0;
  [42571..42572] : D8;
  [42573..42574] : D7;
  42575 : D6;
  42576 : DA;
  42577 : 9A;
  42578 : 1D;
  42579 : 13;
  42580 : 39;
  42581 : 37;
  42582 : 49;
  42583 : 30;
  42584 : 24;
  42585 : 1D;
  42586 : 1A;
  42587 : 19;
  42588 : 16;
  42589 : 10;
  42590 : 08;
  42591 : 05;
  42592 : 06;
  42593 : 0D;
  42594 : 1F;
  42595 : 28;
  42596 : 10;
  42597 : 05;
  42598 : 04;
  42599 : 05;
  42600 : 73;
  42601 : 9E;
  42602 : 9F;
  42603 : A5;
  42604 : AC;
  42605 : B1;
  42606 : B6;
  42607 : BB;
  42608 : C1;
  42609 : C6;
  42610 : C9;
  [42611..42612] : CC;
  42613 : CD;
  42614 : CE;
  [42615..42618] : CF;
  42619 : D0;
  42620 : 4C;
  42621 : 10;
  42622 : 2D;
  42623 : 41;
  42624 : 43;
  42625 : 28;
  42626 : 1D;
  42627 : 16;
  42628 : 13;
  42629 : 10;
  42630 : 0C;
  42631 : 09;
  42632 : 05;
  42633 : 04;
  42634 : 0D;
  42635 : 10;
  42636 : 28;
  42637 : 17;
  42638 : 06;
  42639 : 05;
  42640 : 01;
  42641 : 55;
  42642 : A4;
  42643 : A6;
  42644 : AD;
  42645 : B3;
  42646 : B7;
  42647 : BC;
  42648 : C1;
  42649 : C5;
  42650 : C8;
  42651 : CC;
  42652 : CF;
  42653 : D1;
  42654 : D4;
  42655 : D5;
  42656 : D8;
  42657 : D6;
  42658 : BB;
  42659 : 35;
  42660 : 93;
  42661 : EC;
  42662 : D8;
  [42663..42665] : D9;
  [42666..42667] : DA;
  [42668..42669] : D9;
  [42670..42671] : D8;
  [42672..42675] : D7;
  42676 : D8;
  42677 : BB;
  42678 : 30;
  42679 : 07;
  42680 : 37;
  42681 : 34;
  42682 : 42;
  42683 : 28;
  42684 : 18;
  42685 : 12;
  [42686..42687] : 0F;
  42688 : 0D;
  42689 : 0A;
  42690 : 08;
  42691 : 09;
  42692 : 14;
  42693 : 13;
  42694 : 26;
  42695 : 15;
  42696 : 02;
  42697 : 0B;
  42698 : 7D;
  42699 : 9E;
  42700 : A3;
  42701 : AA;
  42702 : AF;
  42703 : B4;
  42704 : B9;
  42705 : BF;
  42706 : C2;
  42707 : C5;
  42708 : C6;
  42709 : C7;
  [42710..42711] : C8;
  42712 : C7;
  42713 : CB;
  42714 : 9E;
  42715 : 0A;
  42716 : 03;
  42717 : 2E;
  42718 : 2D;
  42719 : 37;
  42720 : 1E;
  42721 : 10;
  [42722..42723] : 0A;
  42724 : 09;
  42725 : 0A;
  42726 : 09;
  42727 : 07;
  42728 : 09;
  [42729..42730] : 12;
  42731 : 25;
  42732 : 0C;
  42733 : 02;
  42734 : 25;
  42735 : 9D;
  42736 : A8;
  42737 : AB;
  42738 : B0;
  42739 : B6;
  42740 : BC;
  42741 : BF;
  42742 : C2;
  42743 : C5;
  42744 : C7;
  42745 : C8;
  42746 : C9;
  42747 : CA;
  42748 : CB;
  42749 : CC;
  42750 : C3;
  42751 : 27;
  42752 : 04;
  42753 : 18;
  42754 : 48;
  42755 : 29;
  42756 : 46;
  42757 : 20;
  42758 : 0B;
  [42759..42763] : 06;
  42764 : 05;
  42765 : 0D;
  42766 : 16;
  42767 : 12;
  42768 : 28;
  42769 : 09;
  42770 : 00;
  42771 : 43;
  42772 : A8;
  42773 : AA;
  42774 : AE;
  42775 : B3;
  42776 : B8;
  42777 : BD;
  42778 : C1;
  42779 : C6;
  42780 : CA;
  42781 : CD;
  42782 : CF;
  42783 : D1;
  42784 : D2;
  42785 : D4;
  42786 : D7;
  42787 : 76;
  42788 : 2C;
  42789 : D0;
  42790 : DC;
  42791 : D6;
  [42792..42800] : D7;
  42801 : D5;
  42802 : D4;
  [42803..42804] : D1;
  42805 : 41;
  42806 : 01;
  42807 : 07;
  42808 : 14;
  42809 : 4B;
  42810 : 34;
  42811 : 3D;
  42812 : 29;
  42813 : 0C;
  [42814..42816] : 07;
  42817 : 06;
  42818 : 07;
  42819 : 09;
  42820 : 0E;
  42821 : 13;
  42822 : 0F;
  42823 : 1A;
  42824 : 11;
  42825 : 18;
  42826 : 91;
  42827 : A7;
  42828 : A9;
  42829 : AE;
  42830 : B2;
  42831 : B7;
  42832 : BB;
  42833 : BE;
  42834 : C0;
  42835 : C1;
  42836 : C3;
  42837 : C4;
  42838 : C5;
  [42839..42840] : C6;
  42841 : C5;
  42842 : C4;
  42843 : C7;
  42844 : 58;
  42845 : 00;
  42846 : 04;
  42847 : 07;
  42848 : 12;
  [42849..42850] : 35;
  42851 : 1F;
  42852 : 2E;
  42853 : 09;
  [42854..42855] : 01;
  42856 : 04;
  42857 : 05;
  42858 : 07;
  42859 : 09;
  42860 : 0E;
  42861 : 16;
  42862 : 1B;
  42863 : 10;
  42864 : 24;
  42865 : 35;
  42866 : A1;
  42867 : B1;
  42868 : B3;
  42869 : B5;
  [42870..42889] : 80;
  42890 : E0;
  42891 : D7;
  42892 : D8;
  42893 : D7;
  [42894..42895] : D6;
  42896 : DA;
  42897 : 9B;
  42898 : 1D;
  42899 : 14;
  42900 : 3B;
  42901 : 25;
  42902 : 2B;
  42903 : 24;
  42904 : 1D;
  42905 : 15;
  42906 : 11;
  42907 : 0E;
  42908 : 0D;
  42909 : 08;
  42910 : 05;
  42911 : 04;
  42912 : 05;
  42913 : 0B;
  42914 : 1D;
  42915 : 2A;
  42916 : 12;
  42917 : 06;
  42918 : 04;
  42919 : 06;
  42920 : 76;
  42921 : A1;
  42922 : A2;
  42923 : A7;
  42924 : AD;
  42925 : B3;
  42926 : B9;
  42927 : BE;
  42928 : C3;
  42929 : C7;
  42930 : CA;
  42931 : CC;
  42932 : CE;
  [42933..42934] : CF;
  [42935..42936] : D0;
  42937 : CF;
  [42938..42939] : D0;
  42940 : 4C;
  42941 : 0E;
  42942 : 32;
  42943 : 24;
  42944 : 26;
  42945 : 1B;
  42946 : 12;
  42947 : 0D;
  42948 : 0B;
  42949 : 08;
  42950 : 07;
  42951 : 05;
  [42952..42953] : 04;
  42954 : 09;
  42955 : 0C;
  42956 : 28;
  42957 : 19;
  42958 : 07;
  42959 : 05;
  42960 : 00;
  42961 : 56;
  42962 : A4;
  42963 : A7;
  42964 : AD;
  42965 : B4;
  42966 : BA;
  42967 : BE;
  42968 : C3;
  42969 : C7;
  42970 : CB;
  42971 : CE;
  42972 : D1;
  42973 : D2;
  42974 : D4;
  42975 : D6;
  42976 : D8;
  42977 : D6;
  42978 : BA;
  42979 : 34;
  42980 : 93;
  42981 : ED;
  42982 : D8;
  [42983..42987] : DA;
  [42988..42990] : D9;
  [42991..42992] : D7;
  [42993..42995] : D6;
  42996 : D9;
  42997 : BC;
  42998 : 31;
  42999 : 07;
  43000 : 3D;
  [43001..43002] : 23;
  43003 : 17;
  43004 : 0D;
  43005 : 08;
  [43006..43007] : 07;
  [43008..43009] : 06;
  43010 : 05;
  43011 : 07;
  43012 : 0E;
  43013 : 10;
  43014 : 29;
  43015 : 14;
  43016 : 02;
  43017 : 0A;
  43018 : 7C;
  43019 : A0;
  43020 : A6;
  43021 : AC;
  43022 : B2;
  43023 : B6;
  43024 : BB;
  43025 : BF;
  43026 : C3;
  43027 : C5;
  43028 : C7;
  [43029..43031] : C8;
  43032 : C9;
  43033 : CF;
  43034 : A1;
  43035 : 0B;
  43036 : 04;
  43037 : 37;
  43038 : 25;
  43039 : 20;
  43040 : 0D;
  43041 : 05;
  [43042..43044] : 03;
  43045 : 04;
  [43046..43047] : 05;
  43048 : 07;
  43049 : 0C;
  43050 : 11;
  43051 : 2C;
  43052 : 0E;
  43053 : 03;
  43054 : 27;
  43055 : A0;
  43056 : AA;
  43057 : AD;
  43058 : B2;
  43059 : B8;
  43060 : BD;
  43061 : C0;
  43062 : C4;
  [43063..43064] : C7;
  43065 : C9;
  43066 : CA;
  [43067..43068] : CB;
  43069 : CC;
  43070 : C3;
  43071 : 27;
  43072 : 04;
  43073 : 18;
  43074 : 4A;
  43075 : 20;
  43076 : 1F;
  43077 : 0C;
  43078 : 05;
  43079 : 04;
  43080 : 05;
  [43081..43083] : 04;
  43084 : 03;
  43085 : 04;
  43086 : 09;
  43087 : 0C;
  43088 : 2F;
  43089 : 09;
  43090 : 01;
  43091 : 46;
  43092 : AB;
  43093 : AD;
  43094 : B0;
  43095 : B5;
  43096 : BA;
  43097 : BE;
  43098 : C4;
  43099 : C8;
  43100 : CC;
  43101 : CE;
  43102 : D0;
  43103 : D2;
  43104 : D4;
  43105 : D5;
  43106 : D6;
  43107 : 76;
  43108 : 2C;
  43109 : D0;
  43110 : DD;
  [43111..43112] : D6;
  [43113..43114] : D7;
  [43115..43117] : D8;
  [43118..43119] : D7;
  43120 : D6;
  43121 : D5;
  43122 : D3;
  43123 : D1;
  43124 : D2;
  43125 : 43;
  43126 : 01;
  43127 : 09;
  43128 : 16;
  43129 : 4B;
  43130 : 34;
  43131 : 20;
  43132 : 0E;
  43133 : 06;
  43134 : 05;
  [43135..43137] : 04;
  [43138..43140] : 05;
  43141 : 08;
  43142 : 09;
  43143 : 1E;
  43144 : 11;
  43145 : 15;
  43146 : 8E;
  43147 : A6;
  43148 : A9;
  43149 : AF;
  43150 : B3;
  43151 : B9;
  43152 : BC;
  43153 : BF;
  43154 : C2;
  43155 : C3;
  [43156..43157] : C5;
  [43158..43160] : C7;
  [43161..43162] : C5;
  43163 : C9;
  43164 : 5B;
  43165 : 00;
  43166 : 04;
  43167 : 06;
  43168 : 11;
  43169 : 33;
  43170 : 34;
  43171 : 17;
  43172 : 10;
  [43173..43178] : 03;
  43179 : 05;
  43180 : 07;
  43181 : 0B;
  43182 : 11;
  43183 : 13;
  43184 : 2A;
  43185 : 36;
  43186 : A4;
  43187 : B4;
  43188 : B3;
  43189 : B4;
  [43190..43209] : 80;
  43210 : E1;
  [43211..43212] : D8;
  43213 : D7;
  [43214..43215] : D6;
  43216 : DA;
  43217 : 99;
  43218 : 1D;
  43219 : 13;
  43220 : 41;
  43221 : 1B;
  43222 : 10;
  43223 : 09;
  [43224..43225] : 07;
  43226 : 06;
  43227 : 07;
  [43228..43229] : 06;
  43230 : 05;
  [43231..43232] : 04;
  43233 : 08;
  43234 : 1C;
  43235 : 2D;
  43236 : 12;
  43237 : 07;
  43238 : 04;
  43239 : 06;
  43240 : 75;
  43241 : A1;
  43242 : A3;
  43243 : A9;
  43244 : B1;
  43245 : B7;
  43246 : BC;
  43247 : C0;
  43248 : C5;
  43249 : C8;
  43250 : CC;
  43251 : CE;
  43252 : CF;
  43253 : D1;
  43254 : D0;
  [43255..43257] : D1;
  43258 : D2;
  43259 : D0;
  43260 : 49;
  43261 : 0C;
  43262 : 3C;
  43263 : 14;
  43264 : 0F;
  43265 : 08;
  43266 : 09;
  [43267..43268] : 08;
  [43269..43271] : 07;
  43272 : 06;
  [43273..43274] : 04;
  43275 : 09;
  43276 : 29;
  43277 : 1B;
  43278 : 06;
  43279 : 05;
  43280 : 00;
  43281 : 57;
  43282 : A4;
  43283 : A8;
  43284 : B0;
  43285 : B6;
  43286 : BC;
  43287 : C0;
  43288 : C5;
  43289 : C8;
  43290 : CC;
  43291 : CE;
  43292 : D1;
  43293 : D4;
  43294 : D5;
  43295 : D6;
  43296 : D9;
  43297 : D7;
  43298 : BA;
  43299 : 34;
  43300 : 95;
  43301 : EC;
  43302 : D9;
  43303 : DA;
  43304 : DB;
  43305 : DA;
  43306 : DB;
  43307 : DA;
  [43308..43310] : D9;
  43311 : D8;
  [43312..43314] : D7;
  43315 : D5;
  43316 : D9;
  43317 : BC;
  43318 : 31;
  43319 : 06;
  43320 : 45;
  43321 : 1A;
  43322 : 0C;
  [43323..43324] : 07;
  43325 : 08;
  [43326..43329] : 09;
  43330 : 08;
  43331 : 06;
  43332 : 05;
  43333 : 0A;
  43334 : 2D;
  43335 : 14;
  43336 : 02;
  43337 : 0B;
  43338 : 7E;
  43339 : A4;
  43340 : A9;
  43341 : AF;
  43342 : B4;
  43343 : B8;
  43344 : BD;
  43345 : C1;
  43346 : C4;
  43347 : C6;
  43348 : C7;
  43349 : C8;
  [43350..43352] : C9;
  43353 : CF;
  43354 : A2;
  43355 : 0B;
  43356 : 03;
  43357 : 42;
  43358 : 20;
  43359 : 0C;
  [43360..43361] : 06;
  43362 : 05;
  43363 : 06;
  43364 : 07;
  [43365..43368] : 08;
  43369 : 09;
  43370 : 0D;
  43371 : 34;
  43372 : 0F;
  43373 : 03;
  43374 : 28;
  43375 : A2;
  43376 : AB;
  43377 : B0;
  43378 : B6;
  43379 : BB;
  43380 : C0;
  43381 : C3;
  43382 : C5;
  43383 : C8;
  43384 : C9;
  43385 : CA;
  [43386..43388] : CB;
  43389 : CD;
  43390 : C3;
  43391 : 26;
  43392 : 04;
  43393 : 15;
  43394 : 50;
  43395 : 19;
  [43396..43397] : 07;
  [43398..43399] : 08;
  [43400..43401] : 07;
  43402 : 08;
  43403 : 07;
  43404 : 06;
  43405 : 04;
  43406 : 03;
  43407 : 09;
  43408 : 38;
  43409 : 08;
  43410 : 01;
  43411 : 46;
  43412 : AC;
  43413 : AE;
  43414 : B3;
  43415 : B8;
  43416 : BD;
  43417 : C1;
  43418 : C5;
  43419 : C9;
  43420 : CC;
  43421 : CF;
  43422 : D1;
  43423 : D2;
  43424 : D4;
  43425 : D5;
  43426 : D7;
  43427 : 78;
  43428 : 2E;
  43429 : D1;
  43430 : DD;
  43431 : D6;
  43432 : D7;
  43433 : D8;
  43434 : D7;
  [43435..43439] : D8;
  43440 : D6;
  43441 : D5;
  43442 : D3;
  43443 : D1;
  43444 : D2;
  43445 : 45;
  43446 : 01;
  43447 : 09;
  43448 : 16;
  43449 : 4B;
  43450 : 2D;
  43451 : 08;
  43452 : 04;
  [43453..43454] : 05;
  43455 : 06;
  43456 : 07;
  [43457..43459] : 08;
  43460 : 07;
  43461 : 05;
  43462 : 04;
  43463 : 27;
  43464 : 0F;
  43465 : 14;
  43466 : 8D;
  43467 : A6;
  43468 : AB;
  43469 : B0;
  43470 : B6;
  43471 : BA;
  43472 : BF;
  43473 : C2;
  43474 : C3;
  43475 : C5;
  [43476..43477] : C6;
  [43478..43479] : C8;
  43480 : C7;
  [43481..43482] : C6;
  43483 : C9;
  43484 : 5A;
  43485 : 00;
  43486 : 05;
  43487 : 06;
  43488 : 11;
  [43489..43490] : 34;
  43491 : 0A;
  43492 : 02;
  43493 : 06;
  [43494..43497] : 0A;
  43498 : 09;
  [43499..43500] : 08;
  [43501..43502] : 07;
  43503 : 1A;
  43504 : 31;
  43505 : 34;
  43506 : A3;
  43507 : B5;
  [43508..43509] : B4;
  [43510..43529] : 80;
  43530 : E1;
  [43531..43532] : D9;
  [43533..43534] : D7;
  43535 : D6;
  43536 : DA;
  43537 : 96;
  43538 : 1C;
  43539 : 0F;
  43540 : 43;
  43541 : 21;
  43542 : 09;
  [43543..43544] : 0D;
  [43545..43548] : 0C;
  [43549..43550] : 0B;
  43551 : 09;
  43552 : 08;
  43553 : 06;
  43554 : 19;
  43555 : 31;
  43556 : 16;
  43557 : 08;
  43558 : 04;
  43559 : 06;
  43560 : 75;
  43561 : A1;
  43562 : A5;
  43563 : AC;
  43564 : B3;
  43565 : BA;
  43566 : BF;
  43567 : C2;
  43568 : C7;
  43569 : CA;
  43570 : CD;
  43571 : CF;
  [43572..43573] : D1;
  43574 : D2;
  43575 : D3;
  43576 : D2;
  43577 : D1;
  43578 : D2;
  43579 : D0;
  43580 : 47;
  43581 : 09;
  43582 : 44;
  43583 : 12;
  43584 : 09;
  43585 : 0C;
  [43586..43590] : 0E;
  43591 : 0F;
  43592 : 10;
  43593 : 0D;
  [43594..43595] : 06;
  43596 : 28;
  43597 : 20;
  43598 : 06;
  43599 : 04;
  43600 : 00;
  43601 : 57;
  43602 : A4;
  43603 : A9;
  43604 : B2;
  43605 : B9;
  43606 : BF;
  43607 : C3;
  43608 : C8;
  43609 : CA;
  43610 : CD;
  43611 : CF;
  43612 : D2;
  43613 : D4;
  43614 : D6;
  43615 : D7;
  43616 : D9;
  43617 : D7;
  43618 : BB;
  43619 : 34;
  43620 : 98;
  43621 : ED;
  43622 : DA;
  [43623..43627] : DB;
  [43628..43629] : DA;
  43630 : D9;
  [43631..43632] : D8;
  [43633..43634] : D7;
  43635 : D6;
  43636 : D9;
  43637 : BC;
  43638 : 31;
  43639 : 06;
  43640 : 4D;
  43641 : 19;
  43642 : 0B;
  [43643..43645] : 11;
  43646 : 13;
  43647 : 12;
  [43648..43649] : 11;
  43650 : 0F;
  43651 : 0C;
  [43652..43653] : 07;
  43654 : 34;
  43655 : 1A;
  43656 : 02;
  43657 : 0D;
  43658 : 80;
  43659 : A6;
  43660 : AB;
  43661 : B1;
  43662 : B7;
  43663 : BC;
  43664 : C0;
  43665 : C4;
  43666 : C7;
  43667 : C8;
  43668 : C9;
  [43669..43671] : CA;
  43672 : C9;
  43673 : CD;
  43674 : A0;
  43675 : 0B;
  43676 : 02;
  43677 : 46;
  43678 : 1D;
  43679 : 0F;
  43680 : 14;
  43681 : 13;
  43682 : 11;
  43683 : 0F;
  43684 : 11;
  43685 : 12;
  [43686..43688] : 13;
  43689 : 0E;
  43690 : 0A;
  43691 : 36;
  43692 : 10;
  43693 : 03;
  43694 : 27;
  43695 : A0;
  43696 : AB;
  43697 : B3;
  43698 : BA;
  43699 : BF;
  43700 : C3;
  43701 : C5;
  43702 : C7;
  43703 : C9;
  43704 : CB;
  43705 : CC;
  [43706..43708] : CD;
  43709 : CE;
  43710 : C0;
  43711 : 23;
  43712 : 04;
  43713 : 15;
  43714 : 54;
  43715 : 1B;
  43716 : 0F;
  43717 : 14;
  43718 : 12;
  43719 : 11;
  [43720..43722] : 10;
  43723 : 11;
  [43724..43725] : 12;
  [43726..43727] : 0E;
  43728 : 41;
  43729 : 0A;
  43730 : 01;
  43731 : 44;
  43732 : AA;
  43733 : AF;
  43734 : B6;
  43735 : BB;
  43736 : C0;
  43737 : C5;
  43738 : C8;
  43739 : CB;
  43740 : CD;
  43741 : CF;
  43742 : D1;
  43743 : D3;
  43744 : D4;
  43745 : D5;
  43746 : D8;
  43747 : 7A;
  43748 : 2F;
  43749 : D1;
  43750 : DE;
  [43751..43753] : D7;
  43754 : D8;
  43755 : D7;
  [43756..43758] : D8;
  [43759..43760] : D7;
  43761 : D6;
  43762 : D4;
  43763 : D2;
  43764 : D3;
  43765 : 47;
  43766 : 01;
  43767 : 08;
  43768 : 17;
  43769 : 4C;
  43770 : 26;
  43771 : 06;
  43772 : 0E;
  [43773..43774] : 0F;
  43775 : 11;
  [43776..43777] : 13;
  43778 : 12;
  [43779..43780] : 15;
  43781 : 13;
  43782 : 0E;
  43783 : 33;
  43784 : 0E;
  43785 : 15;
  43786 : 8E;
  43787 : A9;
  43788 : AE;
  43789 : B3;
  43790 : B9;
  43791 : BE;
  43792 : C2;
  43793 : C4;
  43794 : C6;
  [43795..43797] : C8;
  43798 : C9;
  43799 : CA;
  43800 : C9;
  43801 : C7;
  43802 : C6;
  43803 : CA;
  43804 : 5C;
  43805 : 00;
  43806 : 04;
  43807 : 06;
  43808 : 11;
  43809 : 36;
  43810 : 30;
  43811 : 08;
  43812 : 0F;
  43813 : 15;
  43814 : 16;
  [43815..43818] : 17;
  43819 : 16;
  43820 : 17;
  43821 : 18;
  43822 : 11;
  43823 : 28;
  [43824..43825] : 2D;
  43826 : 9F;
  43827 : B5;
  43828 : B7;
  43829 : B9;
  [43830..43849] : 80;
  43850 : E1;
  [43851..43853] : D9;
  43854 : D8;
  43855 : D6;
  43856 : D9;
  43857 : 96;
  43858 : 1B;
  43859 : 0C;
  43860 : 3E;
  43861 : 2C;
  43862 : 13;
  [43863..43864] : 18;
  [43865..43868] : 17;
  43869 : 18;
  43870 : 17;
  43871 : 18;
  43872 : 17;
  43873 : 0E;
  43874 : 15;
  43875 : 33;
  43876 : 17;
  43877 : 06;
  43878 : 04;
  43879 : 07;
  43880 : 77;
  43881 : A5;
  43882 : A9;
  43883 : B0;
  43884 : B8;
  43885 : BD;
  43886 : C2;
  43887 : C6;
  43888 : C9;
  43889 : CC;
  43890 : CF;
  43891 : D1;
  [43892..43894] : D3;
  43895 : D4;
  [43896..43897] : D3;
  43898 : D2;
  43899 : D1;
  43900 : 49;
  43901 : 07;
  43902 : 4A;
  43903 : 1E;
  43904 : 17;
  [43905..43906] : 1A;
  43907 : 18;
  43908 : 17;
  43909 : 18;
  43910 : 1B;
  43911 : 1C;
  [43912..43913] : 1D;
  43914 : 19;
  43915 : 0E;
  43916 : 29;
  43917 : 28;
  43918 : 07;
  43919 : 05;
  43920 : 00;
  43921 : 58;
  43922 : A7;
  43923 : AC;
  43924 : B6;
  43925 : BE;
  43926 : C3;
  43927 : C7;
  43928 : CA;
  43929 : CC;
  43930 : CE;
  43931 : D0;
  43932 : D3;
  43933 : D5;
  43934 : D7;
  43935 : D8;
  43936 : DA;
  43937 : D7;
  43938 : BB;
  43939 : 35;
  43940 : 9A;
  43941 : EE;
  43942 : DA;
  43943 : DB;
  43944 : DC;
  [43945..43949] : DB;
  43950 : DA;
  43951 : D9;
  43952 : D8;
  [43953..43954] : D7;
  43955 : D6;
  43956 : D9;
  43957 : BD;
  43958 : 30;
  43959 : 06;
  43960 : 51;
  43961 : 23;
  43962 : 1E;
  43963 : 23;
  [43964..43965] : 22;
  43966 : 21;
  [43967..43968] : 1F;
  43969 : 1E;
  43970 : 1C;
  [43971..43972] : 1A;
  43973 : 13;
  43974 : 39;
  43975 : 23;
  43976 : 05;
  43977 : 0E;
  43978 : 81;
  43979 : A8;
  43980 : AE;
  43981 : B6;
  43982 : BA;
  43983 : BF;
  43984 : C2;
  43985 : C6;
  43986 : C8;
  43987 : CA;
  [43988..43991] : CB;
  43992 : CA;
  43993 : CD;
  43994 : 9F;
  43995 : 0A;
  43996 : 02;
  43997 : 47;
  43998 : 25;
  43999 : 1F;
  44000 : 22;
  44001 : 20;
  44002 : 1E;
  [44003..44004] : 1B;
  44005 : 1F;
  [44006..44008] : 22;
  44009 : 20;
  44010 : 16;
  44011 : 38;
  44012 : 10;
  44013 : 02;
  44014 : 25;
  44015 : 9F;
  44016 : AD;
  44017 : B7;
  44018 : BE;
  44019 : C4;
  44020 : C6;
  44021 : C8;
  44022 : C9;
  44023 : CB;
  44024 : CC;
  44025 : CD;
  [44026..44027] : CE;
  44028 : CD;
  44029 : CF;
  44030 : C1;
  44031 : 22;
  44032 : 04;
  44033 : 19;
  44034 : 55;
  44035 : 21;
  [44036..44037] : 1E;
  [44038..44039] : 1C;
  44040 : 1D;
  44041 : 1C;
  44042 : 1D;
  44043 : 1F;
  44044 : 20;
  [44045..44046] : 21;
  44047 : 1E;
  44048 : 45;
  44049 : 0E;
  44050 : 03;
  44051 : 44;
  44052 : A8;
  44053 : AF;
  44054 : B7;
  44055 : BE;
  44056 : C2;
  44057 : C7;
  44058 : CA;
  44059 : CC;
  44060 : CF;
  44061 : D0;
  44062 : D2;
  [44063..44064] : D4;
  44065 : D6;
  44066 : D8;
  44067 : 7A;
  44068 : 2E;
  44069 : D3;
  44070 : DF;
  [44071..44078] : D8;
  44079 : D7;
  44080 : D8;
  44081 : D6;
  44082 : D4;
  44083 : D2;
  44084 : D5;
  44085 : 4A;
  44086 : 01;
  44087 : 09;
  44088 : 1A;
  44089 : 4C;
  44090 : 21;
  44091 : 17;
  [44092..44093] : 1B;
  44094 : 1C;
  44095 : 1D;
  44096 : 1C;
  44097 : 1B;
  44098 : 1A;
  44099 : 1C;
  [44100..44101] : 1E;
  44102 : 1A;
  44103 : 36;
  44104 : 0A;
  44105 : 17;
  44106 : 90;
  44107 : AE;
  44108 : B3;
  44109 : B8;
  44110 : BD;
  44111 : C1;
  44112 : C5;
  44113 : C6;
  44114 : C8;
  44115 : C9;
  [44116..44117] : CA;
  [44118..44120] : CB;
  44121 : C9;
  44122 : C7;
  44123 : CB;
  44124 : 60;
  44125 : 00;
  44126 : 03;
  44127 : 05;
  44128 : 0F;
  44129 : 35;
  44130 : 26;
  44131 : 15;
  44132 : 20;
  44133 : 21;
  44134 : 20;
  [44135..44137] : 1F;
  [44138..44140] : 20;
  44141 : 21;
  44142 : 1E;
  44143 : 34;
  44144 : 21;
  44145 : 2A;
  44146 : 9E;
  44147 : B6;
  44148 : BA;
  44149 : BD;
  [44150..44169] : 80;
  44170 : E3;
  44171 : DA;
  44172 : DB;
  44173 : DA;
  44174 : D9;
  44175 : D7;
  44176 : D9;
  44177 : 9B;
  44178 : 1E;
  44179 : 0B;
  44180 : 37;
  44181 : 32;
  44182 : 1B;
  44183 : 20;
  44184 : 21;
  [44185..44186] : 22;
  44187 : 21;
  44188 : 22;
  44189 : 23;
  44190 : 21;
  44191 : 22;
  44192 : 21;
  44193 : 1C;
  44194 : 17;
  44195 : 2E;
  44196 : 19;
  44197 : 06;
  44198 : 04;
  44199 : 06;
  44200 : 79;
  44201 : A8;
  44202 : AE;
  44203 : B6;
  44204 : BD;
  44205 : C2;
  44206 : C5;
  44207 : C9;
  44208 : CB;
  44209 : CE;
  44210 : D1;
  44211 : D3;
  44212 : D4;
  [44213..44215] : D5;
  44216 : D4;
  [44217..44218] : D3;
  44219 : D2;
  44220 : 4C;
  44221 : 05;
  44222 : 48;
  44223 : 26;
  44224 : 1F;
  44225 : 20;
  44226 : 1F;
  44227 : 1B;
  44228 : 1A;
  44229 : 1C;
  44230 : 20;
  44231 : 22;
  [44232..44234] : 23;
  44235 : 21;
  44236 : 2A;
  44237 : 31;
  44238 : 0A;
  44239 : 06;
  44240 : 00;
  44241 : 5C;
  44242 : AC;
  44243 : B2;
  44244 : BC;
  44245 : C2;
  44246 : C7;
  44247 : CB;
  44248 : CD;
  44249 : CF;
  44250 : D0;
  44251 : D2;
  44252 : D4;
  44253 : D6;
  44254 : D7;
  44255 : D8;
  44256 : DB;
  44257 : D8;
  44258 : BC;
  44259 : 36;
  44260 : 9B;
  44261 : EE;
  44262 : DB;
  [44263..44267] : DC;
  [44268..44270] : DB;
  44271 : DA;
  44272 : D9;
  [44273..44274] : D8;
  44275 : D7;
  44276 : D9;
  44277 : C1;
  44278 : 2F;
  44279 : 05;
  44280 : 4F;
  44281 : 2B;
  [44282..44284] : 29;
  44285 : 27;
  44286 : 26;
  44287 : 25;
  [44288..44289] : 24;
  44290 : 22;
  44291 : 20;
  44292 : 22;
  44293 : 24;
  44294 : 38;
  44295 : 29;
  44296 : 05;
  44297 : 0E;
  44298 : 85;
  44299 : AD;
  44300 : B4;
  44301 : BB;
  44302 : C0;
  44303 : C3;
  44304 : C5;
  44305 : C8;
  44306 : CA;
  44307 : CB;
  44308 : CC;
  44309 : CD;
  [44310..44311] : CC;
  44312 : CA;
  44313 : CE;
  44314 : A2;
  44315 : 0B;
  44316 : 04;
  44317 : 4A;
  44318 : 2C;
  [44319..44320] : 26;
  44321 : 25;
  44322 : 22;
  44323 : 1E;
  44324 : 1D;
  44325 : 21;
  [44326..44328] : 25;
  44329 : 26;
  44330 : 23;
  44331 : 38;
  44332 : 15;
  44333 : 01;
  44334 : 27;
  44335 : A3;
  44336 : B2;
  44337 : BC;
  44338 : C3;
  44339 : C7;
  44340 : C9;
  [44341..44342] : CB;
  44343 : CD;
  [44344..44345] : CE;
  [44346..44347] : CF;
  44348 : CE;
  44349 : D0;
  44350 : C5;
  44351 : 25;
  44352 : 04;
  44353 : 1E;
  44354 : 50;
  44355 : 23;
  44356 : 1F;
  [44357..44360] : 20;
  44361 : 21;
  [44362..44363] : 22;
  44364 : 23;
  44365 : 24;
  [44366..44367] : 26;
  44368 : 45;
  44369 : 11;
  44370 : 06;
  44371 : 48;
  44372 : AD;
  44373 : B4;
  44374 : BB;
  44375 : C1;
  44376 : C5;
  44377 : CA;
  44378 : CC;
  44379 : CE;
  44380 : CF;
  44381 : D1;
  44382 : D4;
  [44383..44384] : D5;
  44385 : D7;
  44386 : D9;
  44387 : 7A;
  44388 : 2D;
  44389 : D4;
  44390 : E0;
  [44391..44392] : D9;
  44393 : D8;
  44394 : D9;
  [44395..44396] : D8;
  44397 : D9;
  [44398..44399] : D7;
  44400 : D8;
  44401 : D7;
  44402 : D5;
  44403 : D4;
  44404 : D7;
  44405 : 4D;
  44406 : 00;
  44407 : 09;
  44408 : 1D;
  44409 : 44;
  44410 : 20;
  [44411..44412] : 1E;
  44413 : 1F;
  44414 : 1E;
  44415 : 1F;
  44416 : 1E;
  44417 : 1B;
  44418 : 19;
  44419 : 1B;
  [44420..44421] : 1E;
  44422 : 1C;
  44423 : 36;
  44424 : 06;
  44425 : 16;
  44426 : 90;
  44427 : B2;
  44428 : B8;
  44429 : BD;
  44430 : C1;
  44431 : C4;
  44432 : C7;
  44433 : C8;
  44434 : CA;
  44435 : CB;
  [44436..44437] : CC;
  [44438..44439] : CD;
  44440 : CC;
  44441 : CB;
  44442 : CA;
  44443 : CD;
  44444 : 65;
  44445 : 00;
  44446 : 03;
  44447 : 04;
  44448 : 10;
  44449 : 3A;
  44450 : 21;
  44451 : 1B;
  44452 : 22;
  44453 : 24;
  [44454..44455] : 23;
  44456 : 24;
  [44457..44459] : 22;
  [44460..44461] : 23;
  44462 : 1E;
  44463 : 35;
  44464 : 1A;
  44465 : 33;
  44466 : A5;
  44467 : BA;
  44468 : BD;
  44469 : BF;
  [44470..44489] : 80;
  44490 : E3;
  44491 : DB;
  [44492..44493] : DC;
  44494 : DA;
  44495 : D9;
  44496 : DB;
  44497 : 9F;
  44498 : 24;
  44499 : 0F;
  44500 : 2D;
  44501 : 3A;
  44502 : 1E;
  44503 : 22;
  44504 : 24;
  [44505..44508] : 25;
  44509 : 24;
  44510 : 23;
  44511 : 24;
  44512 : 22;
  44513 : 1E;
  44514 : 1A;
  44515 : 2B;
  44516 : 20;
  44517 : 06;
  44518 : 04;
  44519 : 07;
  44520 : 82;
  44521 : B0;
  44522 : B5;
  44523 : BD;
  44524 : C2;
  44525 : C6;
  44526 : C8;
  44527 : CC;
  44528 : CF;
  44529 : D1;
  44530 : D3;
  44531 : D4;
  44532 : D5;
  44533 : D6;
  44534 : D7;
  44535 : D6;
  44536 : D5;
  44537 : D4;
  [44538..44539] : D3;
  44540 : 4F;
  44541 : 03;
  44542 : 43;
  44543 : 2C;
  44544 : 20;
  44545 : 21;
  44546 : 1F;
  44547 : 1C;
  44548 : 1A;
  44549 : 1C;
  44550 : 21;
  44551 : 23;
  44552 : 25;
  [44553..44555] : 26;
  44556 : 27;
  44557 : 36;
  44558 : 0C;
  44559 : 06;
  44560 : 00;
  44561 : 64;
  44562 : B6;
  44563 : BA;
  44564 : C2;
  44565 : C7;
  44566 : CB;
  44567 : CD;
  44568 : CF;
  44569 : D1;
  44570 : D3;
  44571 : D4;
  44572 : D6;
  44573 : D7;
  44574 : D8;
  44575 : D9;
  44576 : DC;
  44577 : D8;
  44578 : BD;
  44579 : 37;
  44580 : 9B;
  44581 : EE;
  44582 : DB;
  [44583..44584] : DC;
  44585 : DD;
  [44586..44587] : DC;
  [44588..44591] : DB;
  44592 : DA;
  44593 : D9;
  [44594..44595] : D8;
  44596 : D9;
  44597 : C4;
  44598 : 2F;
  44599 : 05;
  44600 : 4A;
  44601 : 2E;
  [44602..44604] : 2A;
  44605 : 29;
  44606 : 28;
  [44607..44608] : 27;
  44609 : 26;
  44610 : 23;
  44611 : 1F;
  44612 : 24;
  44613 : 28;
  44614 : 35;
  44615 : 2D;
  44616 : 03;
  44617 : 0D;
  44618 : 8D;
  44619 : B5;
  44620 : BB;
  44621 : C1;
  44622 : C5;
  44623 : C7;
  44624 : C8;
  44625 : CB;
  [44626..44627] : CC;
  44628 : CD;
  [44629..44631] : CE;
  44632 : CD;
  44633 : D1;
  44634 : A8;
  44635 : 0C;
  44636 : 08;
  44637 : 4E;
  44638 : 2F;
  44639 : 2A;
  44640 : 28;
  44641 : 26;
  44642 : 23;
  44643 : 1D;
  44644 : 1B;
  44645 : 22;
  44646 : 27;
  [44647..44649] : 28;
  44650 : 24;
  44651 : 37;
  44652 : 1B;
  44653 : 02;
  44654 : 2C;
  44655 : AF;
  44656 : BC;
  44657 : C2;
  44658 : C7;
  44659 : CA;
  44660 : CC;
  44661 : CD;
  44662 : CE;
  44663 : D0;
  44664 : CF;
  [44665..44666] : D0;
  44667 : D1;
  44668 : D0;
  44669 : D1;
  44670 : CA;
  44671 : 29;
  44672 : 04;
  44673 : 21;
  44674 : 49;
  44675 : 1F;
  44676 : 1B;
  44677 : 20;
  44678 : 22;
  44679 : 21;
  [44680..44681] : 22;
  44682 : 23;
  44683 : 24;
  44684 : 23;
  44685 : 24;
  44686 : 25;
  44687 : 24;
  44688 : 42;
  44689 : 11;
  44690 : 07;
  44691 : 4F;
  44692 : B6;
  44693 : BB;
  44694 : C0;
  44695 : C5;
  44696 : C8;
  44697 : CB;
  44698 : CD;
  44699 : CF;
  44700 : D1;
  44701 : D4;
  44702 : D5;
  44703 : D6;
  44704 : D7;
  44705 : D9;
  44706 : DB;
  44707 : 7C;
  44708 : 2E;
  44709 : D5;
  44710 : E0;
  [44711..44712] : D9;
  44713 : D8;
  44714 : D9;
  [44715..44720] : D8;
  44721 : D9;
  44722 : D7;
  44723 : D5;
  44724 : D9;
  44725 : 50;
  44726 : 00;
  44727 : 07;
  44728 : 22;
  44729 : 3C;
  44730 : 1D;
  44731 : 1E;
  [44732..44735] : 1F;
  44736 : 1E;
  44737 : 1B;
  44738 : 18;
  44739 : 1A;
  44740 : 1E;
  44741 : 1F;
  44742 : 20;
  44743 : 37;
  44744 : 04;
  44745 : 18;
  44746 : 97;
  44747 : B8;
  44748 : BD;
  44749 : C1;
  44750 : C5;
  44751 : C6;
  44752 : C8;
  [44753..44754] : CA;
  44755 : CB;
  44756 : CC;
  44757 : CD;
  44758 : CE;
  44759 : CF;
  44760 : CE;
  44761 : CD;
  44762 : CC;
  44763 : D0;
  44764 : 6E;
  44765 : 00;
  44766 : 03;
  44767 : 05;
  44768 : 1A;
  44769 : 3F;
  44770 : 1E;
  44771 : 1C;
  44772 : 23;
  [44773..44776] : 26;
  44777 : 25;
  [44778..44779] : 24;
  44780 : 23;
  44781 : 21;
  44782 : 1D;
  44783 : 34;
  44784 : 16;
  44785 : 3F;
  44786 : B1;
  [44787..44788] : C2;
  44789 : C3;
  [44790..44809] : 80;
  44810 : E4;
  44811 : DC;
  44812 : DD;
  44813 : DC;
  44814 : DB;
  44815 : DA;
  44816 : DC;
  44817 : A4;
  44818 : 2C;
  44819 : 15;
  44820 : 22;
  44821 : 42;
  44822 : 23;
  [44823..44824] : 27;
  [44825..44828] : 26;
  [44829..44830] : 25;
  44831 : 23;
  44832 : 22;
  44833 : 1E;
  44834 : 18;
  44835 : 25;
  44836 : 2A;
  44837 : 08;
  44838 : 05;
  44839 : 0A;
  44840 : 94;
  44841 : BB;
  44842 : BE;
  44843 : C4;
  44844 : C8;
  44845 : CA;
  44846 : CD;
  44847 : CF;
  44848 : D2;
  44849 : D3;
  44850 : D5;
  [44851..44853] : D6;
  [44854..44855] : D7;
  [44856..44858] : D6;
  44859 : D4;
  44860 : 51;
  44861 : 02;
  44862 : 3B;
  44863 : 30;
  44864 : 22;
  44865 : 23;
  44866 : 20;
  44867 : 1B;
  44868 : 19;
  44869 : 1F;
  44870 : 24;
  44871 : 25;
  44872 : 26;
  44873 : 27;
  [44874..44875] : 29;
  44876 : 27;
  44877 : 36;
  44878 : 12;
  44879 : 04;
  44880 : 00;
  44881 : 70;
  44882 : C0;
  44883 : C1;
  44884 : C6;
  44885 : CB;
  44886 : CD;
  44887 : D0;
  44888 : D1;
  44889 : D3;
  44890 : D5;
  44891 : D6;
  [44892..44893] : D8;
  44894 : D9;
  44895 : DA;
  44896 : DD;
  44897 : D9;
  44898 : BE;
  44899 : 37;
  44900 : 9B;
  44901 : F0;
  [44902..44903] : DC;
  [44904..44905] : DD;
  [44906..44908] : DB;
  [44909..44910] : DC;
  [44911..44912] : DB;
  44913 : DA;
  44914 : D9;
  44915 : D8;
  44916 : DB;
  44917 : C3;
  44918 : 2C;
  44919 : 06;
  44920 : 46;
  44921 : 2D;
  44922 : 2A;
  44923 : 2B;
  [44924..44925] : 2A;
  44926 : 29;
  44927 : 28;
  44928 : 29;
  44929 : 28;
  44930 : 26;
  44931 : 20;
  44932 : 22;
  44933 : 2A;
  [44934..44935] : 30;
  44936 : 03;
  44937 : 0F;
  44938 : 9B;
  44939 : BE;
  44940 : C3;
  44941 : C7;
  44942 : C9;
  44943 : CA;
  44944 : CB;
  44945 : CC;
  [44946..44948] : CE;
  44949 : CF;
  44950 : D0;
  44951 : D1;
  44952 : D0;
  44953 : D5;
  44954 : AD;
  44955 : 0F;
  44956 : 0C;
  44957 : 4B;
  44958 : 2D;
  [44959..44960] : 2A;
  44961 : 28;
  44962 : 24;
  44963 : 1C;
  44964 : 18;
  44965 : 23;
  44966 : 29;
  [44967..44969] : 2A;
  44970 : 28;
  44971 : 35;
  44972 : 20;
  44973 : 01;
  44974 : 35;
  44975 : BE;
  44976 : C3;
  44977 : C7;
  44978 : CA;
  44979 : CD;
  44980 : CE;
  44981 : CF;
  44982 : D0;
  44983 : D1;
  [44984..44986] : D2;
  [44987..44989] : D3;
  44990 : CD;
  44991 : 2C;
  44992 : 03;
  44993 : 25;
  44994 : 3F;
  44995 : 19;
  44996 : 16;
  44997 : 22;
  44998 : 25;
  [44999..45003] : 24;
  [45004..45005] : 25;
  45006 : 24;
  45007 : 23;
  45008 : 3C;
  45009 : 0F;
  45010 : 04;
  45011 : 59;
  45012 : C3;
  45013 : C2;
  45014 : C6;
  45015 : C9;
  45016 : CB;
  45017 : CC;
  45018 : CE;
  45019 : D1;
  45020 : D3;
  45021 : D5;
  [45022..45023] : D7;
  45024 : D8;
  45025 : DA;
  45026 : DC;
  45027 : 7F;
  45028 : 2E;
  45029 : D6;
  45030 : E0;
  45031 : D8;
  [45032..45036] : D9;
  [45037..45043] : D8;
  45044 : DD;
  45045 : 54;
  45046 : 00;
  45047 : 05;
  45048 : 2B;
  45049 : 32;
  45050 : 1D;
  45051 : 21;
  [45052..45053] : 22;
  [45054..45055] : 21;
  45056 : 20;
  45057 : 1C;
  45058 : 17;
  45059 : 1A;
  45060 : 21;
  45061 : 25;
  45062 : 27;
  45063 : 36;
  45064 : 03;
  45065 : 1F;
  45066 : A6;
  45067 : C0;
  45068 : C3;
  45069 : C6;
  45070 : C8;
  45071 : CA;
  [45072..45074] : CB;
  45075 : CC;
  [45076..45077] : CE;
  [45078..45081] : CF;
  45082 : CE;
  45083 : D2;
  45084 : 75;
  45085 : 00;
  45086 : 02;
  45087 : 04;
  45088 : 2A;
  45089 : 39;
  45090 : 1F;
  45091 : 20;
  45092 : 28;
  45093 : 2A;
  45094 : 28;
  [45095..45096] : 29;
  45097 : 28;
  45098 : 26;
  45099 : 25;
  45100 : 24;
  45101 : 22;
  45102 : 20;
  45103 : 32;
  45104 : 14;
  45105 : 47;
  45106 : BD;
  [45107..45108] : C9;
  45109 : CA;
  [45110..45129] : 80;
  45130 : E4;
  45131 : DD;
  45132 : DE;
  [45133..45134] : DD;
  45135 : DA;
  45136 : DD;
  45137 : A6;
  45138 : 2F;
  45139 : 1B;
  45140 : 18;
  45141 : 40;
  [45142..45143] : 2A;
  [45144..45145] : 29;
  [45146..45147] : 28;
  [45148..45149] : 27;
  45150 : 26;
  [45151..45152] : 25;
  45153 : 1F;
  45154 : 15;
  45155 : 1E;
  45156 : 30;
  45157 : 0B;
  45158 : 05;
  45159 : 0E;
  45160 : A7;
  45161 : C6;
  45162 : C8;
  45163 : CA;
  45164 : CD;
  45165 : CF;
  45166 : D1;
  [45167..45168] : D3;
  45169 : D4;
  [45170..45171] : D6;
  45172 : D7;
  [45173..45174] : D8;
  [45175..45178] : D7;
  45179 : D5;
  45180 : 53;
  45181 : 03;
  45182 : 33;
  45183 : 34;
  [45184..45185] : 25;
  45186 : 22;
  [45187..45188] : 19;
  45189 : 23;
  45190 : 28;
  [45191..45192] : 29;
  45193 : 2B;
  45194 : 2C;
  45195 : 2A;
  45196 : 28;
  45197 : 32;
  45198 : 1A;
  45199 : 04;
  45200 : 01;
  45201 : 80;
  45202 : CA;
  45203 : C5;
  45204 : C8;
  45205 : CC;
  45206 : CE;
  45207 : D0;
  45208 : D3;
  45209 : D5;
  45210 : D6;
  [45211..45212] : D7;
  45213 : D9;
  45214 : DA;
  45215 : DB;
  45216 : DD;
  45217 : DA;
  45218 : BE;
  45219 : 37;
  45220 : 9C;
  45221 : EF;
  45222 : DC;
  45223 : DD;
  [45224..45227] : DC;
  [45228..45233] : DB;
  [45234..45235] : DA;
  45236 : DB;
  45237 : C3;
  45238 : 29;
  45239 : 09;
  45240 : 3F;
  45241 : 2D;
  45242 : 2B;
  [45243..45244] : 2C;
  [45245..45248] : 2B;
  45249 : 2C;
  45250 : 2A;
  45251 : 21;
  45252 : 22;
  45253 : 2D;
  45254 : 30;
  45255 : 35;
  45256 : 05;
  45257 : 13;
  45258 : AF;
  45259 : C7;
  45260 : CA;
  45261 : CB;
  45262 : CC;
  45263 : CD;
  45264 : CE;
  45265 : CF;
  45266 : D0;
  [45267..45268] : D1;
  45269 : D2;
  [45270..45272] : D3;
  45273 : D8;
  45274 : B2;
  45275 : 10;
  45276 : 0D;
  45277 : 46;
  45278 : 28;
  45279 : 2A;
  [45280..45281] : 29;
  45282 : 26;
  45283 : 1B;
  45284 : 18;
  45285 : 28;
  45286 : 2F;
  45287 : 2E;
  [45288..45289] : 2D;
  45290 : 2C;
  45291 : 34;
  45292 : 24;
  45293 : 00;
  45294 : 44;
  45295 : CE;
  45296 : C9;
  45297 : CB;
  45298 : CD;
  45299 : CF;
  45300 : D1;
  45301 : D2;
  [45302..45303] : D3;
  [45304..45305] : D4;
  [45306..45307] : D3;
  45308 : D4;
  45309 : D7;
  45310 : CF;
  45311 : 2B;
  45312 : 02;
  45313 : 2B;
  45314 : 37;
  45315 : 15;
  45316 : 12;
  45317 : 25;
  45318 : 29;
  45319 : 27;
  [45320..45326] : 28;
  45327 : 26;
  45328 : 3A;
  45329 : 0E;
  45330 : 01;
  45331 : 68;
  45332 : CF;
  45333 : C9;
  45334 : CB;
  45335 : CD;
  [45336..45337] : CE;
  45338 : D1;
  45339 : D3;
  45340 : D5;
  [45341..45342] : D7;
  45343 : D8;
  45344 : D9;
  45345 : DA;
  45346 : DC;
  45347 : 82;
  45348 : 30;
  45349 : D6;
  45350 : E0;
  45351 : D8;
  45352 : D9;
  45353 : D8;
  [45354..45356] : D9;
  45357 : D8;
  [45358..45361] : D9;
  45362 : D8;
  45363 : D9;
  45364 : DF;
  45365 : 56;
  45366 : 00;
  45367 : 05;
  45368 : 34;
  45369 : 2B;
  45370 : 20;
  45371 : 23;
  [45372..45374] : 24;
  [45375..45376] : 23;
  45377 : 20;
  45378 : 19;
  45379 : 1A;
  45380 : 23;
  45381 : 26;
  45382 : 27;
  45383 : 2E;
  45384 : 00;
  45385 : 25;
  45386 : B6;
  45387 : C3;
  45388 : C5;
  45389 : C8;
  45390 : C9;
  45391 : CB;
  45392 : CC;
  45393 : CD;
  [45394..45395] : CE;
  45396 : CF;
  [45397..45398] : D0;
  [45399..45400] : D1;
  [45401..45402] : D0;
  45403 : D5;
  45404 : 79;
  45405 : 00;
  45406 : 01;
  45407 : 03;
  45408 : 2E;
  45409 : 2B;
  [45410..45411] : 1D;
  45412 : 2B;
  45413 : 2E;
  45414 : 2C;
  [45415..45417] : 2A;
  45418 : 29;
  45419 : 28;
  45420 : 27;
  45421 : 26;
  45422 : 25;
  45423 : 2E;
  45424 : 10;
  45425 : 55;
  45426 : C9;
  45427 : CA;
  45428 : CD;
  45429 : CE;
  [45430..45449] : 80;
  45450 : E5;
  [45451..45454] : DE;
  45455 : DD;
  45456 : DF;
  45457 : A6;
  45458 : 30;
  45459 : 1D;
  45460 : 0E;
  45461 : 33;
  45462 : 2E;
  [45463..45465] : 2C;
  45466 : 2B;
  [45467..45469] : 2A;
  [45470..45472] : 2B;
  45473 : 22;
  45474 : 16;
  45475 : 20;
  45476 : 34;
  45477 : 14;
  45478 : 05;
  45479 : 10;
  45480 : B5;
  45481 : CA;
  45482 : CB;
  45483 : CE;
  45484 : D0;
  45485 : D2;
  45486 : D3;
  45487 : D4;
  45488 : D5;
  45489 : D6;
  45490 : D7;
  [45491..45492] : D8;
  [45493..45498] : D9;
  45499 : D7;
  45500 : 54;
  45501 : 06;
  45502 : 1D;
  45503 : 35;
  [45504..45505] : 2A;
  45506 : 23;
  45507 : 1A;
  45508 : 1E;
  45509 : 2F;
  [45510..45511] : 31;
  45512 : 32;
  45513 : 33;
  45514 : 32;
  45515 : 2F;
  45516 : 2D;
  45517 : 2E;
  45518 : 1F;
  45519 : 04;
  45520 : 01;
  45521 : 89;
  45522 : CF;
  45523 : C7;
  45524 : CA;
  45525 : CD;
  45526 : CF;
  45527 : D2;
  45528 : D4;
  45529 : D6;
  45530 : D7;
  45531 : D8;
  45532 : D9;
  45533 : DA;
  [45534..45535] : DB;
  45536 : DC;
  45537 : D9;
  45538 : BE;
  45539 : 37;
  45540 : 9D;
  45541 : F0;
  45542 : DC;
  45543 : DE;
  45544 : DD;
  [45545..45546] : DC;
  [45547..45553] : DB;
  45554 : DC;
  45555 : DA;
  45556 : DD;
  45557 : C3;
  45558 : 28;
  45559 : 08;
  45560 : 34;
  45561 : 2F;
  45562 : 2D;
  45563 : 2E;
  [45564..45566] : 2F;
  45567 : 30;
  45568 : 31;
  45569 : 32;
  45570 : 2F;
  45571 : 22;
  45572 : 1F;
  45573 : 32;
  45574 : 34;
  45575 : 2D;
  45576 : 04;
  45577 : 17;
  45578 : BF;
  45579 : CD;
  [45580..45582] : CE;
  [45583..45584] : D0;
  [45585..45586] : D1;
  45587 : D2;
  [45588..45589] : D3;
  [45590..45591] : D4;
  45592 : D5;
  45593 : DB;
  45594 : B3;
  45595 : 11;
  45596 : 07;
  45597 : 34;
  45598 : 2C;
  45599 : 2D;
  45600 : 2E;
  45601 : 2F;
  45602 : 2C;
  45603 : 1C;
  45604 : 18;
  45605 : 37;
  45606 : 3A;
  45607 : 34;
  45608 : 32;
  45609 : 31;
  45610 : 2F;
  45611 : 32;
  45612 : 1F;
  45613 : 00;
  45614 : 52;
  45615 : D8;
  45616 : CC;
  45617 : CF;
  45618 : D0;
  45619 : D1;
  45620 : D3;
  [45621..45623] : D4;
  [45624..45625] : D5;
  45626 : D6;
  45627 : D5;
  45628 : D6;
  45629 : D9;
  45630 : CE;
  45631 : 28;
  45632 : 03;
  45633 : 1B;
  45634 : 31;
  45635 : 17;
  45636 : 10;
  45637 : 36;
  45638 : 38;
  45639 : 2F;
  45640 : 2E;
  [45641..45644] : 2F;
  45645 : 2E;
  45646 : 2C;
  45647 : 2A;
  45648 : 2F;
  45649 : 0A;
  45650 : 03;
  45651 : 75;
  45652 : D6;
  [45653..45654] : CD;
  45655 : CE;
  45656 : D0;
  45657 : D2;
  45658 : D3;
  45659 : D5;
  45660 : D6;
  45661 : D7;
  45662 : D9;
  45663 : DA;
  45664 : D9;
  45665 : DB;
  45666 : DD;
  45667 : 82;
  45668 : 30;
  45669 : D8;
  45670 : E1;
  [45671..45680] : D9;
  45681 : DA;
  [45682..45683] : D9;
  45684 : DF;
  45685 : 54;
  45686 : 00;
  45687 : 06;
  45688 : 20;
  45689 : 27;
  45690 : 24;
  45691 : 26;
  45692 : 27;
  45693 : 25;
  [45694..45696] : 26;
  45697 : 28;
  45698 : 1C;
  45699 : 16;
  45700 : 25;
  [45701..45702] : 2C;
  45703 : 1F;
  45704 : 00;
  45705 : 32;
  45706 : C1;
  45707 : C3;
  45708 : C6;
  45709 : C9;
  45710 : CA;
  45711 : CC;
  45712 : CD;
  [45713..45714] : CE;
  45715 : CF;
  45716 : D0;
  [45717..45718] : D1;
  [45719..45722] : D2;
  45723 : D8;
  45724 : 7F;
  45725 : 00;
  45726 : 03;
  45727 : 06;
  45728 : 2A;
  45729 : 29;
  45730 : 1C;
  45731 : 13;
  45732 : 27;
  45733 : 32;
  [45734..45738] : 29;
  45739 : 2A;
  45740 : 29;
  45741 : 2A;
  45742 : 29;
  45743 : 20;
  45744 : 16;
  45745 : 6D;
  45746 : D3;
  [45747..45748] : CE;
  45749 : CF;
  [45750..45769] : 80;
  45770 : E6;
  45771 : DE;
  [45772..45773] : DF;
  [45774..45775] : DE;
  45776 : E1;
  45777 : A7;
  45778 : 34;
  45779 : 20;
  45780 : 0D;
  45781 : 19;
  45782 : 29;
  [45783..45784] : 26;
  45785 : 27;
  45786 : 26;
  45787 : 27;
  [45788..45789] : 28;
  45790 : 2A;
  45791 : 2B;
  45792 : 2A;
  45793 : 23;
  45794 : 17;
  45795 : 29;
  45796 : 34;
  45797 : 19;
  45798 : 08;
  45799 : 13;
  45800 : BE;
  45801 : CE;
  45802 : CD;
  45803 : D0;
  45804 : D2;
  45805 : D3;
  45806 : D4;
  [45807..45808] : D5;
  45809 : D6;
  45810 : D7;
  [45811..45812] : D8;
  45813 : D9;
  [45814..45816] : DA;
  [45817..45818] : DB;
  45819 : D8;
  45820 : 56;
  45821 : 0B;
  45822 : 0A;
  [45823..45824] : 27;
  45825 : 29;
  45826 : 1E;
  45827 : 15;
  45828 : 25;
  45829 : 33;
  [45830..45831] : 27;
  45832 : 29;
  45833 : 2C;
  45834 : 2A;
  45835 : 28;
  45836 : 27;
  45837 : 25;
  45838 : 18;
  45839 : 06;
  45840 : 01;
  45841 : 8A;
  45842 : D1;
  45843 : C9;
  45844 : CC;
  45845 : CE;
  45846 : D1;
  45847 : D3;
  45848 : D5;
  45849 : D7;
  45850 : D8;
  [45851..45852] : D9;
  45853 : DA;
  45854 : DB;
  45855 : DC;
  45856 : DD;
  45857 : D9;
  45858 : BE;
  45859 : 37;
  45860 : A0;
  45861 : F0;
  45862 : DC;
  [45863..45865] : DD;
  45866 : DC;
  [45867..45869] : DB;
  [45870..45872] : DC;
  [45873..45875] : DB;
  45876 : DD;
  45877 : C1;
  45878 : 26;
  45879 : 07;
  45880 : 1C;
  45881 : 24;
  [45882..45883] : 23;
  45884 : 24;
  [45885..45886] : 25;
  45887 : 26;
  [45888..45889] : 27;
  45890 : 26;
  45891 : 1B;
  45892 : 15;
  45893 : 2D;
  45894 : 2A;
  45895 : 16;
  45896 : 04;
  45897 : 18;
  45898 : C5;
  45899 : D1;
  [45900..45901] : CF;
  45902 : D0;
  [45903..45904] : D1;
  [45905..45906] : D2;
  45907 : D3;
  [45908..45909] : D4;
  [45910..45911] : D5;
  45912 : D6;
  45913 : DB;
  45914 : AF;
  45915 : 0E;
  45916 : 01;
  45917 : 15;
  45918 : 1A;
  45919 : 1B;
  45920 : 1D;
  [45921..45922] : 21;
  45923 : 16;
  45924 : 13;
  45925 : 30;
  45926 : 29;
  45927 : 23;
  [45928..45929] : 22;
  45930 : 20;
  45931 : 1C;
  45932 : 10;
  45933 : 00;
  45934 : 53;
  45935 : D9;
  45936 : CE;
  45937 : D0;
  [45938..45939] : D2;
  45940 : D3;
  [45941..45942] : D4;
  45943 : D5;
  45944 : D6;
  [45945..45946] : D7;
  45947 : D6;
  45948 : D7;
  45949 : D8;
  45950 : D0;
  45951 : 2A;
  45952 : 03;
  45953 : 10;
  45954 : 1A;
  45955 : 13;
  45956 : 11;
  45957 : 29;
  45958 : 26;
  45959 : 1E;
  [45960..45961] : 1D;
  [45962..45964] : 1E;
  45965 : 1C;
  45966 : 1B;
  45967 : 1A;
  45968 : 16;
  45969 : 04;
  45970 : 05;
  45971 : 7D;
  45972 : D9;
  45973 : CF;
  45974 : D0;
  45975 : D1;
  45976 : D2;
  45977 : D3;
  45978 : D4;
  45979 : D5;
  45980 : D6;
  45981 : D8;
  45982 : D9;
  [45983..45984] : DA;
  [45985..45986] : DB;
  45987 : 7F;
  45988 : 30;
  45989 : D9;
  45990 : E2;
  45991 : D9;
  [45992..45994] : DA;
  45995 : D9;
  [45996..45997] : DA;
  45998 : D9;
  45999 : DA;
  [46000..46001] : DB;
  46002 : DA;
  46003 : D9;
  46004 : DD;
  46005 : 55;
  46006 : 00;
  46007 : 06;
  46008 : 0C;
  46009 : 0F;
  46010 : 11;
  [46011..46012] : 12;
  46013 : 11;
  46014 : 10;
  46015 : 11;
  46016 : 12;
  46017 : 13;
  46018 : 10;
  46019 : 0E;
  46020 : 16;
  46021 : 1C;
  46022 : 19;
  46023 : 0A;
  46024 : 04;
  46025 : 4B;
  46026 : C9;
  46027 : C8;
  46028 : CA;
  46029 : CB;
  46030 : CC;
  [46031..46033] : CE;
  46034 : CF;
  [46035..46036] : D0;
  46037 : D1;
  [46038..46040] : D2;
  [46041..46042] : D3;
  46043 : DB;
  46044 : 84;
  46045 : 03;
  46046 : 0A;
  46047 : 0D;
  46048 : 12;
  46049 : 11;
  46050 : 0D;
  46051 : 0A;
  46052 : 12;
  46053 : 10;
  [46054..46056] : 0B;
  46057 : 0C;
  46058 : 0E;
  46059 : 10;
  46060 : 11;
  46061 : 15;
  46062 : 18;
  46063 : 12;
  46064 : 2A;
  46065 : 87;
  46066 : DC;
  [46067..46068] : D1;
  46069 : D0;
  [46070..46089] : 80;
  46090 : E6;
  [46091..46093] : DF;
  [46094..46095] : DE;
  46096 : E0;
  46097 : A8;
  46098 : 3C;
  46099 : 27;
  46100 : 13;
  46101 : 0A;
  46102 : 0E;
  46103 : 0C;
  46104 : 0B;
  [46105..46107] : 0A;
  [46108..46111] : 0C;
  46112 : 0D;
  46113 : 10;
  46114 : 11;
  46115 : 15;
  46116 : 16;
  46117 : 15;
  46118 : 0D;
  46119 : 18;
  46120 : C5;
  46121 : D5;
  46122 : D1;
  46123 : D2;
  46124 : D4;
  46125 : D5;
  [46126..46127] : D6;
  [46128..46129] : D7;
  [46130..46131] : D8;
  [46132..46133] : DA;
  [46134..46137] : DB;
  46138 : DC;
  46139 : D8;
  46140 : 5A;
  46141 : 14;
  46142 : 09;
  46143 : 0C;
  [46144..46145] : 0F;
  46146 : 0C;
  46147 : 09;
  [46148..46149] : 0C;
  [46150..46151] : 08;
  46152 : 0A;
  46153 : 0C;
  46154 : 0D;
  [46155..46157] : 0C;
  46158 : 0F;
  46159 : 0A;
  46160 : 01;
  46161 : 89;
  46162 : D6;
  46163 : CC;
  46164 : CD;
  46165 : CF;
  46166 : D2;
  46167 : D4;
  46168 : D6;
  46169 : D8;
  46170 : D9;
  [46171..46172] : DA;
  46173 : DB;
  46174 : DC;
  46175 : DD;
  46176 : DE;
  46177 : DA;
  46178 : BE;
  46179 : 38;
  46180 : A3;
  46181 : F0;
  [46182..46185] : DD;
  46186 : DC;
  [46187..46188] : DB;
  [46189..46191] : DC;
  46192 : DB;
  46193 : DC;
  [46194..46195] : DB;
  46196 : DE;
  46197 : BE;
  46198 : 23;
  46199 : 06;
  46200 : 08;
  [46201..46203] : 0A;
  [46204..46207] : 0B;
  [46208..46209] : 0A;
  [46210..46212] : 09;
  46213 : 0C;
  46214 : 0A;
  46215 : 0B;
  46216 : 09;
  46217 : 1D;
  46218 : CB;
  46219 : D6;
  46220 : D2;
  [46221..46223] : D1;
  [46224..46225] : D2;
  46226 : D3;
  [46227..46228] : D4;
  46229 : D5;
  [46230..46232] : D6;
  46233 : DA;
  46234 : AD;
  46235 : 0F;
  46236 : 03;
  [46237..46239] : 08;
  [46240..46241] : 09;
  46242 : 08;
  46243 : 07;
  46244 : 08;
  46245 : 0C;
  46246 : 0B;
  46247 : 0A;
  [46248..46249] : 0B;
  [46250..46251] : 0A;
  46252 : 0C;
  46253 : 00;
  46254 : 57;
  46255 : DD;
  46256 : D2;
  46257 : D3;
  [46258..46259] : D4;
  46260 : D5;
  46261 : D6;
  46262 : D5;
  [46263..46264] : D6;
  [46265..46267] : D8;
  46268 : D9;
  46269 : DA;
  46270 : D6;
  46271 : 34;
  46272 : 04;
  [46273..46274] : 0B;
  [46275..46276] : 09;
  46277 : 0A;
  46278 : 09;
  46279 : 06;
  46280 : 05;
  46281 : 06;
  46282 : 07;
  46283 : 08;
  [46284..46285] : 09;
  [46286..46287] : 08;
  46288 : 0D;
  46289 : 04;
  46290 : 0A;
  46291 : 87;
  46292 : DC;
  46293 : D1;
  46294 : D3;
  46295 : D4;
  [46296..46297] : D5;
  [46298..46299] : D6;
  46300 : D8;
  [46301..46303] : D9;
  46304 : DA;
  [46305..46306] : DB;
  46307 : 80;
  46308 : 31;
  46309 : DB;
  46310 : E2;
  [46311..46313] : DA;
  46314 : D9;
  [46315..46317] : DA;
  46318 : D9;
  46319 : DA;
  [46320..46321] : DB;
  46322 : D9;
  46323 : D7;
  46324 : DD;
  46325 : 57;
  46326 : 00;
  [46327..46328] : 08;
  46329 : 07;
  46330 : 06;
  46331 : 05;
  46332 : 04;
  [46333..46334] : 03;
  46335 : 05;
  [46336..46337] : 06;
  [46338..46339] : 05;
  46340 : 06;
  46341 : 0A;
  46342 : 0E;
  46343 : 0A;
  46344 : 12;
  46345 : 64;
  46346 : D2;
  46347 : CC;
  46348 : CD;
  46349 : CE;
  [46350..46351] : CF;
  [46352..46353] : D0;
  [46354..46355] : D1;
  46356 : D2;
  [46357..46359] : D3;
  46360 : D4;
  [46361..46362] : D3;
  46363 : DA;
  46364 : 86;
  46365 : 01;
  46366 : 08;
  46367 : 09;
  46368 : 07;
  [46369..46370] : 06;
  46371 : 04;
  [46372..46373] : 05;
  [46374..46378] : 04;
  46379 : 06;
  46380 : 09;
  46381 : 0F;
  46382 : 14;
  46383 : 13;
  46384 : 36;
  46385 : 90;
  46386 : DC;
  [46387..46388] : D1;
  46389 : D3;
  [46390..46409] : 80;
  46410 : E6;
  [46411..46413] : E0;
  [46414..46416] : DE;
  46417 : A2;
  46418 : 3C;
  46419 : 2B;
  46420 : 14;
  46421 : 0B;
  46422 : 0C;
  46423 : 0A;
  [46424..46426] : 08;
  [46427..46429] : 07;
  [46430..46433] : 05;
  46434 : 07;
  46435 : 08;
  46436 : 09;
  46437 : 0C;
  46438 : 0D;
  46439 : 18;
  46440 : C7;
  46441 : DA;
  [46442..46443] : D6;
  46444 : D7;
  46445 : D8;
  46446 : D7;
  [46447..46448] : D8;
  [46449..46451] : D9;
  [46452..46453] : DA;
  46454 : DB;
  [46455..46456] : DC;
  [46457..46458] : DB;
  46459 : D5;
  46460 : 5A;
  46461 : 19;
  46462 : 08;
  [46463..46464] : 07;
  [46465..46467] : 06;
  46468 : 05;
  46469 : 07;
  46470 : 08;
  [46471..46473] : 06;
  46474 : 07;
  46475 : 08;
  46476 : 0A;
  46477 : 0C;
  46478 : 0F;
  46479 : 0D;
  46480 : 02;
  46481 : 84;
  46482 : D9;
  46483 : CE;
  46484 : D0;
  46485 : D1;
  46486 : D3;
  46487 : D5;
  46488 : D6;
  46489 : D8;
  46490 : D9;
  [46491..46492] : DB;
  46493 : DC;
  [46494..46495] : DD;
  46496 : DE;
  46497 : D9;
  46498 : BD;
  46499 : 38;
  46500 : A4;
  46501 : F0;
  [46502..46505] : DD;
  46506 : DB;
  [46507..46513] : DC;
  [46514..46515] : DB;
  46516 : DD;
  46517 : B9;
  46518 : 22;
  [46519..46521] : 07;
  46522 : 06;
  [46523..46524] : 05;
  46525 : 06;
  [46526..46527] : 08;
  46528 : 06;
  46529 : 05;
  46530 : 03;
  46531 : 04;
  46532 : 05;
  46533 : 06;
  46534 : 07;
  46535 : 0A;
  46536 : 08;
  46537 : 1A;
  46538 : CA;
  46539 : D8;
  46540 : D4;
  [46541..46542] : D3;
  46543 : D4;
  46544 : D3;
  [46545..46546] : D4;
  46547 : D5;
  [46548..46549] : D6;
  [46550..46551] : D7;
  46552 : D6;
  46553 : DA;
  46554 : AC;
  46555 : 0D;
  46556 : 00;
  46557 : 04;
  [46558..46559] : 05;
  [46560..46561] : 04;
  46562 : 03;
  46563 : 02;
  46564 : 04;
  46565 : 05;
  46566 : 01;
  46567 : 00;
  [46568..46569] : 01;
  46570 : 03;
  46571 : 06;
  46572 : 08;
  46573 : 00;
  46574 : 5A;
  46575 : E4;
  [46576..46577] : D6;
  [46578..46583] : D7;
  46584 : D8;
  [46585..46587] : D9;
  46588 : D8;
  46589 : D9;
  46590 : D5;
  46591 : 36;
  46592 : 00;
  [46593..46594] : 02;
  [46595..46596] : 04;
  46597 : 02;
  [46598..46601] : 00;
  46602 : 01;
  46603 : 03;
  46604 : 04;
  [46605..46606] : 02;
  46607 : 04;
  46608 : 0A;
  46609 : 04;
  46610 : 0B;
  46611 : 89;
  46612 : DD;
  46613 : D2;
  46614 : D4;
  46615 : D5;
  46616 : D6;
  [46617..46618] : D7;
  46619 : D8;
  [46620..46623] : D9;
  46624 : DA;
  [46625..46626] : DB;
  46627 : 81;
  46628 : 32;
  46629 : DD;
  46630 : E3;
  46631 : DA;
  [46632..46633] : DB;
  46634 : DA;
  46635 : DB;
  [46636..46637] : DA;
  [46638..46640] : DB;
  46641 : DA;
  46642 : D9;
  46643 : D8;
  46644 : DC;
  46645 : 53;
  46646 : 00;
  [46647..46648] : 02;
  46649 : 01;
  [46650..46659] : 00;
  46660 : 01;
  46661 : 00;
  46662 : 05;
  46663 : 06;
  46664 : 11;
  46665 : 63;
  46666 : D5;
  46667 : CF;
  46668 : CE;
  46669 : CF;
  46670 : D0;
  46671 : D1;
  [46672..46674] : D2;
  46675 : D3;
  [46676..46677] : D4;
  [46678..46679] : D5;
  46680 : D4;
  [46681..46682] : D3;
  46683 : D9;
  46684 : 8A;
  [46685..46691] : 00;
  46692 : 03;
  46693 : 02;
  [46694..46695] : 04;
  [46696..46697] : 03;
  46698 : 01;
  46699 : 02;
  46700 : 05;
  46701 : 07;
  46702 : 0D;
  46703 : 0B;
  46704 : 30;
  46705 : 7B;
  46706 : D9;
  [46707..46709] : D3;
  [46710..46729] : 80;
  46730 : E6;
  46731 : E0;
  46732 : E1;
  46733 : E0;
  46734 : DF;
  46735 : DE;
  46736 : DF;
  46737 : A0;
  46738 : 2D;
  46739 : 22;
  46740 : 0D;
  46741 : 03;
  46742 : 06;
  [46743..46744] : 07;
  46745 : 09;
  [46746..46747] : 0A;
  [46748..46749] : 09;
  46750 : 08;
  46751 : 06;
  46752 : 04;
  46753 : 03;
  46754 : 05;
  [46755..46756] : 00;
  46757 : 02;
  46758 : 04;
  46759 : 11;
  46760 : C4;
  46761 : DB;
  46762 : D8;
  [46763..46766] : D9;
  [46767..46770] : DA;
  [46771..46773] : DB;
  46774 : DC;
  [46775..46776] : DD;
  [46777..46778] : DC;
  46779 : D8;
  46780 : 5C;
  46781 : 19;
  46782 : 09;
  [46783..46784] : 07;
  46785 : 03;
  46786 : 04;
  46787 : 07;
  46788 : 0B;
  46789 : 12;
  46790 : 10;
  46791 : 0D;
  46792 : 0C;
  46793 : 0B;
  46794 : 0C;
  46795 : 0E;
  46796 : 11;
  46797 : 15;
  [46798..46799] : 16;
  46800 : 0D;
  46801 : 8A;
  46802 : DD;
  46803 : D2;
  46804 : D3;
  46805 : D5;
  46806 : D6;
  46807 : D7;
  46808 : D8;
  46809 : DA;
  [46810..46811] : DB;
  46812 : DC;
  [46813..46814] : DD;
  46815 : DE;
  46816 : DF;
  46817 : DA;
  46818 : BF;
  46819 : 38;
  46820 : A5;
  46821 : F0;
  [46822..46823] : DD;
  [46824..46826] : DC;
  46827 : DB;
  46828 : DC;
  [46829..46832] : DD;
  [46833..46834] : DC;
  46835 : DB;
  46836 : DC;
  46837 : BA;
  46838 : 30;
  46839 : 1A;
  46840 : 17;
  46841 : 14;
  [46842..46844] : 13;
  46845 : 15;
  46846 : 18;
  46847 : 19;
  46848 : 18;
  46849 : 16;
  46850 : 0A;
  46851 : 00;
  46852 : 01;
  46853 : 11;
  46854 : 20;
  46855 : 22;
  46856 : 23;
  46857 : 38;
  46858 : D0;
  46859 : DC;
  46860 : D8;
  46861 : D7;
  [46862..46864] : D6;
  46865 : D5;
  [46866..46867] : D6;
  [46868..46869] : D7;
  [46870..46871] : D8;
  46872 : D7;
  46873 : D9;
  46874 : B5;
  46875 : 37;
  46876 : 30;
  46877 : 31;
  46878 : 34;
  [46879..46881] : 35;
  46882 : 2E;
  46883 : 0C;
  46884 : 05;
  46885 : 1A;
  46886 : 30;
  46887 : 2D;
  46888 : 2E;
  46889 : 30;
  46890 : 33;
  46891 : 37;
  46892 : 3B;
  46893 : 38;
  46894 : 82;
  46895 : E4;
  46896 : DA;
  [46897..46898] : D9;
  [46899..46902] : D8;
  [46903..46904] : D9;
  46905 : DA;
  [46906..46907] : D9;
  46908 : D8;
  46909 : D6;
  46910 : D4;
  46911 : 5D;
  46912 : 33;
  46913 : 35;
  46914 : 34;
  46915 : 13;
  46916 : 02;
  46917 : 1C;
  46918 : 40;
  46919 : 3E;
  46920 : 3F;
  46921 : 42;
  46922 : 46;
  46923 : 47;
  [46924..46925] : 45;
  46926 : 46;
  46927 : 4A;
  46928 : 4F;
  46929 : 4E;
  46930 : 4C;
  46931 : 9E;
  46932 : DD;
  46933 : D5;
  46934 : D6;
  46935 : D7;
  [46936..46937] : D8;
  46938 : D9;
  [46939..46946] : DA;
  46947 : 82;
  46948 : 30;
  46949 : DC;
  46950 : E3;
  [46951..46961] : DB;
  46962 : DA;
  46963 : D8;
  46964 : DB;
  46965 : 8C;
  46966 : 4C;
  46967 : 51;
  46968 : 50;
  46969 : 4E;
  46970 : 4A;
  [46971..46972] : 49;
  46973 : 4A;
  46974 : 4C;
  46975 : 49;
  46976 : 48;
  46977 : 4A;
  46978 : 3F;
  46979 : 0C;
  46980 : 02;
  46981 : 38;
  46982 : 5A;
  46983 : 59;
  46984 : 5E;
  46985 : 82;
  46986 : D6;
  46987 : D4;
  [46988..46989] : D2;
  [46990..46991] : D3;
  46992 : D4;
  46993 : D3;
  [46994..46996] : D4;
  46997 : D5;
  46998 : D6;
  [46999..47002] : D5;
  47003 : D6;
  47004 : BA;
  47005 : 6F;
  47006 : 69;
  47007 : 6A;
  47008 : 67;
  47009 : 6A;
  47010 : 5E;
  47011 : 11;
  47012 : 1F;
  47013 : 65;
  47014 : 76;
  47015 : 73;
  47016 : 74;
  47017 : 76;
  47018 : 77;
  47019 : 79;
  47020 : 7C;
  47021 : 7E;
  47022 : 81;
  47023 : 83;
  47024 : 90;
  47025 : A6;
  47026 : D9;
  47027 : D5;
  47028 : D3;
  47029 : D2;
  [47030..47049] : 80;
  47050 : E6;
  [47051..47052] : E0;
  [47053..47054] : DF;
  [47055..47056] : DE;
  47057 : C9;
  47058 : 9E;
  47059 : A0;
  47060 : 9A;
  47061 : 95;
  47062 : 96;
  47063 : 98;
  47064 : 9C;
  47065 : 9F;
  47066 : A0;
  47067 : A1;
  [47068..47069] : 9F;
  [47070..47071] : A0;
  47072 : 7D;
  47073 : 32;
  47074 : 0E;
  47075 : 79;
  47076 : 98;
  47077 : 92;
  47078 : 90;
  47079 : 9B;
  47080 : D3;
  47081 : D9;
  47082 : DA;
  [47083..47084] : DB;
  47085 : DA;
  [47086..47090] : DB;
  [47091..47094] : DC;
  [47095..47096] : DD;
  [47097..47098] : DE;
  47099 : DD;
  47100 : C1;
  47101 : AF;
  47102 : AA;
  47103 : A8;
  47104 : A7;
  47105 : 78;
  47106 : 20;
  47107 : 24;
  47108 : B3;
  47109 : BE;
  47110 : B5;
  47111 : B3;
  47112 : B1;
  47113 : B0;
  47114 : B2;
  47115 : B5;
  47116 : B7;
  47117 : B9;
  47118 : BA;
  [47119..47120] : BC;
  47121 : D3;
  47122 : D9;
  [47123..47125] : D8;
  [47126..47127] : D9;
  47128 : DA;
  [47129..47130] : DB;
  47131 : DC;
  [47132..47133] : DD;
  [47134..47135] : DE;
  47136 : DF;
  47137 : DA;
  47138 : C0;
  47139 : 36;
  47140 : A6;
  47141 : F1;
  47142 : DC;
  47143 : DD;
  [47144..47147] : DC;
  [47148..47150] : DD;
  47151 : DE;
  [47152..47153] : DD;
  [47154..47155] : DC;
  47156 : DB;
  47157 : D6;
  47158 : C7;
  47159 : C6;
  47160 : C5;
  47161 : C4;
  [47162..47163] : C5;
  [47164..47165] : C6;
  47166 : C5;
  47167 : C4;
  47168 : C3;
  47169 : C2;
  47170 : A4;
  47171 : 34;
  47172 : 1A;
  47173 : C4;
  47174 : CF;
  47175 : CC;
  47176 : D0;
  47177 : D7;
  47178 : DF;
  47179 : DC;
  47180 : DB;
  [47181..47182] : DA;
  47183 : D9;
  [47184..47190] : D8;
  47191 : D9;
  [47192..47194] : D8;
  47195 : D6;
  47196 : D7;
  [47197..47198] : D6;
  47199 : D7;
  47200 : D9;
  47201 : DD;
  47202 : D4;
  47203 : 6B;
  47204 : 11;
  47205 : C1;
  47206 : DD;
  [47207..47209] : D0;
  47210 : D3;
  47211 : D6;
  47212 : DA;
  47213 : DD;
  47214 : DE;
  [47215..47216] : DB;
  [47217..47218] : DA;
  [47219..47223] : D9;
  [47224..47227] : DA;
  47228 : D9;
  47229 : D8;
  [47230..47232] : D6;
  [47233..47234] : D9;
  47235 : 8C;
  47236 : 13;
  47237 : BF;
  47238 : ED;
  [47239..47240] : DA;
  47241 : DC;
  47242 : DE;
  47243 : DD;
  47244 : DC;
  47245 : DB;
  47246 : D9;
  47247 : DB;
  47248 : DD;
  47249 : DF;
  47250 : E0;
  47251 : DC;
  47252 : D9;
  47253 : D8;
  47254 : D9;
  47255 : D8;
  47256 : D9;
  [47257..47263] : DA;
  [47264..47266] : DB;
  47267 : 89;
  47268 : 31;
  47269 : DD;
  47270 : E4;
  [47271..47282] : DB;
  47283 : DA;
  47284 : D8;
  47285 : DB;
  47286 : DD;
  [47287..47288] : DE;
  47289 : DB;
  47290 : D9;
  [47291..47292] : D7;
  47293 : DA;
  47294 : DD;
  47295 : DF;
  47296 : E1;
  47297 : E3;
  47298 : D7;
  47299 : 52;
  47300 : 35;
  47301 : D9;
  47302 : E5;
  47303 : DA;
  47304 : DD;
  47305 : DC;
  47306 : D8;
  47307 : D7;
  47308 : D6;
  [47309..47315] : D5;
  47316 : D6;
  [47317..47318] : D5;
  [47319..47320] : D6;
  47321 : D7;
  47322 : D6;
  47323 : D5;
  47324 : D7;
  [47325..47326] : DD;
  47327 : DC;
  47328 : DD;
  47329 : DF;
  47330 : DA;
  47331 : 63;
  47332 : 7B;
  47333 : F4;
  47334 : E4;
  [47335..47337] : DB;
  47338 : DC;
  [47339..47341] : DD;
  47342 : DF;
  47343 : E1;
  47344 : E0;
  47345 : DD;
  47346 : D7;
  [47347..47348] : D5;
  47349 : D4;
  [47350..47369] : 80;
  47370 : E6;
  47371 : DF;
  47372 : E0;
  [47373..47375] : DF;
  47376 : DE;
  47377 : DF;
  47378 : E3;
  [47379..47381] : E4;
  47382 : E3;
  [47383..47384] : E2;
  47385 : E3;
  47386 : E2;
  47387 : E0;
  47388 : DF;
  [47389..47390] : DE;
  47391 : DF;
  47392 : C0;
  47393 : 81;
  47394 : 3A;
  47395 : EA;
  47396 : E7;
  [47397..47398] : E1;
  47399 : E0;
  [47400..47402] : DB;
  [47403..47404] : DC;
  47405 : DB;
  47406 : DC;
  47407 : DB;
  [47408..47413] : DC;
  [47414..47416] : DD;
  [47417..47418] : DE;
  47419 : DD;
  [47420..47421] : DE;
  47422 : DD;
  47423 : DE;
  47424 : DD;
  47425 : C1;
  47426 : 61;
  47427 : 55;
  47428 : FE;
  47429 : E5;
  47430 : E0;
  47431 : DD;
  47432 : DA;
  47433 : D9;
  47434 : DA;
  [47435..47436] : DB;
  47437 : DC;
  47438 : DD;
  47439 : DE;
  47440 : DF;
  47441 : DC;
  [47442..47447] : DB;
  [47448..47449] : DC;
  [47450..47451] : DD;
  47452 : DE;
  [47453..47454] : DD;
  [47455..47456] : DE;
  47457 : DA;
  47458 : C5;
  47459 : 3E;
  47460 : AD;
  47461 : F1;
  47462 : DC;
  47463 : DD;
  [47464..47467] : DC;
  [47468..47470] : DD;
  [47471..47472] : DE;
  47473 : DD;
  [47474..47476] : DC;
  47477 : DB;
  [47478..47480] : DE;
  [47481..47484] : DF;
  47485 : DE;
  47486 : DD;
  47487 : DC;
  47488 : DB;
  47489 : DA;
  47490 : CA;
  47491 : 69;
  47492 : 36;
  47493 : F5;
  47494 : E0;
  [47495..47497] : DC;
  [47498..47499] : DB;
  47500 : DC;
  [47501..47502] : DB;
  [47503..47504] : DA;
  [47505..47506] : D9;
  47507 : DA;
  [47508..47510] : D9;
  [47511..47512] : DA;
  [47513..47514] : D9;
  [47515..47516] : DA;
  [47517..47518] : D9;
  47519 : DA;
  47520 : DC;
  47521 : DF;
  47522 : D9;
  47523 : 93;
  47524 : 23;
  47525 : E3;
  47526 : E1;
  [47527..47528] : D5;
  47529 : D6;
  47530 : D7;
  47531 : D9;
  [47532..47535] : DA;
  47536 : DB;
  [47537..47538] : DA;
  [47539..47540] : D9;
  [47541..47549] : DA;
  [47550..47551] : D9;
  47552 : DA;
  47553 : DC;
  47554 : DA;
  47555 : AF;
  47556 : 29;
  47557 : D9;
  47558 : E8;
  47559 : D9;
  47560 : D7;
  [47561..47562] : D6;
  [47563..47566] : D5;
  47567 : D6;
  47568 : D8;
  [47569..47572] : D9;
  [47573..47581] : DA;
  [47582..47583] : DB;
  [47584..47585] : DC;
  47586 : DB;
  47587 : 94;
  47588 : 35;
  47589 : DF;
  47590 : E5;
  [47591..47596] : DB;
  [47597..47598] : DA;
  [47599..47603] : DB;
  47604 : DA;
  [47605..47607] : D9;
  47608 : D8;
  [47609..47612] : D6;
  47613 : D7;
  47614 : D9;
  47615 : DB;
  47616 : DD;
  47617 : DF;
  47618 : D7;
  47619 : 5F;
  47620 : 47;
  47621 : E2;
  47622 : DE;
  47623 : D3;
  47624 : D5;
  [47625..47627] : D6;
  [47628..47630] : D7;
  [47631..47633] : D6;
  [47634..47637] : D7;
  [47638..47639] : D8;
  [47640..47644] : D7;
  47645 : D6;
  [47646..47647] : D7;
  47648 : D8;
  47649 : D9;
  47650 : D7;
  47651 : 72;
  47652 : 7F;
  47653 : F1;
  47654 : DD;
  47655 : D3;
  [47656..47657] : D2;
  47658 : D3;
  47659 : D4;
  47660 : D3;
  47661 : D4;
  47662 : D5;
  [47663..47666] : D6;
  [47667..47668] : D7;
  47669 : D6;
  [47670..47689] : 80;
  47690 : E7;
  [47691..47692] : E0;
  [47693..47696] : DF;
  47697 : DE;
  [47698..47701] : DF;
  [47702..47703] : DE;
  47704 : DD;
  [47705..47706] : DC;
  47707 : DB;
  [47708..47710] : DA;
  47711 : D8;
  47712 : BA;
  47713 : 84;
  47714 : 43;
  47715 : E8;
  47716 : DF;
  [47717..47728] : DC;
  47729 : DD;
  47730 : DC;
  47731 : DD;
  47732 : DC;
  [47733..47736] : DD;
  47737 : DE;
  [47738..47739] : DD;
  [47740..47743] : DC;
  47744 : D9;
  47745 : C0;
  47746 : 66;
  47747 : 55;
  47748 : F6;
  47749 : DE;
  47750 : DB;
  47751 : DA;
  [47752..47756] : D9;
  [47757..47758] : DA;
  47759 : DB;
  [47760..47761] : DC;
  [47762..47763] : DB;
  47764 : DC;
  [47765..47766] : DB;
  47767 : DC;
  [47768..47771] : DD;
  47772 : DE;
  47773 : DD;
  [47774..47776] : DE;
  47777 : D8;
  47778 : C6;
  47779 : 43;
  47780 : B1;
  47781 : F1;
  47782 : DC;
  47783 : DD;
  [47784..47786] : DC;
  [47787..47789] : DD;
  [47790..47793] : DE;
  [47794..47796] : DD;
  47797 : DC;
  47798 : DD;
  47799 : DC;
  47800 : DD;
  [47801..47802] : DC;
  [47803..47808] : DB;
  47809 : DA;
  47810 : CB;
  47811 : 6A;
  47812 : 38;
  47813 : F4;
  47814 : DF;
  47815 : DB;
  [47816..47817] : DA;
  47818 : DB;
  47819 : DA;
  [47820..47824] : DB;
  47825 : DC;
  [47826..47831] : DB;
  [47832..47838] : DA;
  47839 : DB;
  [47840..47841] : DC;
  47842 : D5;
  47843 : 8F;
  47844 : 1E;
  47845 : E0;
  47846 : E1;
  47847 : D7;
  47848 : D8;
  [47849..47850] : D9;
  [47851..47854] : DA;
  [47855..47856] : DB;
  [47857..47859] : DA;
  [47860..47862] : DB;
  [47863..47865] : DA;
  47866 : DB;
  47867 : DA;
  47868 : D9;
  47869 : DB;
  [47870..47872] : DA;
  47873 : DB;
  47874 : D7;
  47875 : AB;
  47876 : 28;
  47877 : D2;
  47878 : E6;
  [47879..47880] : D9;
  47881 : D8;
  [47882..47887] : D7;
  47888 : D8;
  [47889..47890] : D9;
  [47891..47894] : DA;
  [47895..47896] : DB;
  [47897..47898] : DA;
  47899 : DB;
  [47900..47902] : DA;
  47903 : DB;
  [47904..47905] : DC;
  47906 : DB;
  47907 : 96;
  47908 : 37;
  47909 : E1;
  47910 : E5;
  47911 : DB;
  [47912..47913] : DC;
  [47914..47916] : DB;
  [47917..47919] : DA;
  [47920..47926] : DB;
  [47927..47928] : DA;
  47929 : D9;
  [47930..47932] : D8;
  47933 : D9;
  47934 : DA;
  47935 : DB;
  47936 : DA;
  47937 : DB;
  47938 : D3;
  47939 : 5C;
  47940 : 45;
  47941 : E3;
  47942 : E0;
  47943 : D5;
  47944 : D6;
  [47945..47950] : D7;
  [47951..47952] : D8;
  47953 : D7;
  [47954..47955] : D8;
  [47956..47958] : D9;
  [47959..47967] : D8;
  [47968..47969] : D7;
  47970 : D6;
  47971 : 6F;
  47972 : 78;
  47973 : EC;
  47974 : DC;
  47975 : D5;
  47976 : D4;
  [47977..47980] : D5;
  [47981..47984] : D6;
  [47985..47988] : D7;
  47989 : D8;
  [47990..48009] : 80;
  48010 : E7;
  [48011..48015] : E0;
  [48016..48018] : DF;
  [48019..48020] : E0;
  [48021..48022] : DF;
  48023 : DE;
  48024 : DF;
  [48025..48027] : DE;
  [48028..48029] : DD;
  48030 : DE;
  48031 : DA;
  48032 : BC;
  48033 : 85;
  48034 : 46;
  48035 : E9;
  48036 : E0;
  [48037..48038] : DE;
  [48039..48048] : DD;
  48049 : DE;
  [48050..48051] : DD;
  48052 : DE;
  [48053..48056] : DD;
  48057 : DE;
  [48058..48062] : DD;
  48063 : DE;
  48064 : D9;
  48065 : BF;
  48066 : 66;
  48067 : 54;
  48068 : F5;
  48069 : DF;
  48070 : DC;
  [48071..48072] : DB;
  [48073..48075] : DA;
  [48076..48077] : DB;
  [48078..48083] : DC;
  48084 : DD;
  [48085..48086] : DC;
  [48087..48088] : DD;
  [48089..48090] : DE;
  [48091..48094] : DD;
  [48095..48096] : DE;
  48097 : D8;
  48098 : C6;
  48099 : 44;
  48100 : B3;
  48101 : F1;
  48102 : DC;
  48103 : DD;
  [48104..48106] : DC;
  48107 : DD;
  48108 : DC;
  48109 : DD;
  [48110..48114] : DE;
  [48115..48118] : DD;
  48119 : DC;
  [48120..48121] : DD;
  [48122..48123] : DC;
  48124 : DD;
  [48125..48127] : DC;
  48128 : DD;
  48129 : DC;
  48130 : CE;
  48131 : 6A;
  48132 : 38;
  48133 : F3;
  48134 : DF;
  [48135..48141] : DC;
  48142 : DD;
  [48143..48145] : DC;
  [48146..48148] : DB;
  [48149..48151] : DC;
  [48152..48158] : DB;
  [48159..48161] : DC;
  48162 : D4;
  48163 : 90;
  48164 : 20;
  48165 : E2;
  48166 : E3;
  [48167..48168] : DA;
  [48169..48177] : DB;
  [48178..48180] : DA;
  [48181..48183] : DB;
  [48184..48192] : DA;
  48193 : DB;
  48194 : D7;
  48195 : AC;
  48196 : 2A;
  48197 : D3;
  48198 : E7;
  [48199..48202] : DA;
  [48203..48204] : D9;
  [48205..48207] : D8;
  [48208..48210] : D9;
  [48211..48212] : DA;
  [48213..48222] : DB;
  [48223..48225] : DC;
  48226 : DB;
  48227 : 99;
  48228 : 39;
  48229 : E1;
  48230 : E6;
  [48231..48233] : DC;
  [48234..48235] : DB;
  48236 : DA;
  [48237..48241] : DB;
  48242 : DC;
  48243 : DB;
  48244 : DA;
  48245 : DB;
  48246 : DC;
  [48247..48248] : DB;
  [48249..48257] : DA;
  48258 : D4;
  48259 : 60;
  48260 : 48;
  48261 : E7;
  48262 : E4;
  48263 : D8;
  48264 : D9;
  [48265..48266] : D8;
  [48267..48268] : D7;
  [48269..48272] : D8;
  [48273..48280] : D9;
  48281 : D8;
  [48282..48284] : D9;
  [48285..48287] : D8;
  [48288..48289] : D7;
  48290 : D5;
  48291 : 70;
  48292 : 75;
  48293 : EB;
  48294 : DD;
  48295 : D7;
  48296 : D6;
  48297 : D7;
  [48298..48299] : D6;
  [48300..48301] : D7;
  48302 : D8;
  [48303..48306] : D7;
  48307 : D6;
  [48308..48309] : D7;
  [48310..48329] : 80;
  48330 : E8;
  48331 : E1;
  48332 : E0;
  48333 : E1;
  [48334..48336] : E0;
  48337 : DF;
  [48338..48342] : E0;
  [48343..48346] : DF;
  [48347..48348] : DE;
  48349 : DD;
  48350 : DE;
  48351 : DA;
  48352 : BE;
  48353 : 89;
  48354 : 4B;
  48355 : EC;
  48356 : E1;
  [48357..48359] : DE;
  48360 : DD;
  48361 : DC;
  [48362..48365] : DD;
  [48366..48372] : DE;
  [48373..48375] : DD;
  48376 : DC;
  48377 : DD;
  48378 : DE;
  [48379..48380] : DD;
  48381 : DE;
  48382 : DD;
  48383 : DE;
  48384 : D9;
  48385 : C1;
  48386 : 68;
  48387 : 55;
  48388 : F5;
  48389 : DF;
  48390 : DC;
  48391 : DD;
  48392 : DC;
  [48393..48395] : DB;
  [48396..48397] : DC;
  [48398..48406] : DD;
  [48407..48416] : DE;
  48417 : D9;
  48418 : C7;
  48419 : 46;
  48420 : B3;
  48421 : F1;
  48422 : DC;
  [48423..48424] : DD;
  48425 : DC;
  [48426..48429] : DD;
  [48430..48432] : DE;
  48433 : DF;
  48434 : DE;
  [48435..48436] : DD;
  48437 : DE;
  [48438..48439] : DD;
  48440 : DE;
  [48441..48442] : DD;
  48443 : DC;
  [48444..48446] : DD;
  48447 : DC;
  48448 : DD;
  48449 : DC;
  48450 : CF;
  48451 : 69;
  48452 : 37;
  48453 : F3;
  48454 : E0;
  [48455..48456] : DC;
  48457 : DD;
  48458 : DC;
  [48459..48463] : DD;
  [48464..48469] : DC;
  48470 : DD;
  [48471..48475] : DC;
  48476 : DB;
  [48477..48479] : DC;
  [48480..48481] : DD;
  48482 : D5;
  48483 : 93;
  48484 : 22;
  48485 : E3;
  48486 : E4;
  [48487..48490] : DB;
  [48491..48494] : DC;
  48495 : DB;
  48496 : DC;
  [48497..48502] : DB;
  48503 : DC;
  [48504..48506] : DB;
  [48507..48508] : DA;
  [48509..48511] : DB;
  48512 : DA;
  48513 : DC;
  48514 : D8;
  48515 : B0;
  48516 : 2C;
  48517 : D5;
  48518 : E9;
  48519 : DB;
  [48520..48524] : DA;
  [48525..48526] : D9;
  48527 : DA;
  48528 : D9;
  [48529..48534] : DA;
  [48535..48536] : DB;
  48537 : DC;
  [48538..48539] : DB;
  [48540..48543] : DC;
  [48544..48545] : DD;
  48546 : DB;
  48547 : 9B;
  48548 : 39;
  48549 : E2;
  48550 : E7;
  48551 : DC;
  48552 : DD;
  [48553..48554] : DC;
  [48555..48559] : DB;
  [48560..48563] : DC;
  48564 : DB;
  [48565..48566] : DC;
  [48567..48568] : DB;
  [48569..48572] : DA;
  48573 : DB;
  [48574..48576] : DA;
  48577 : DB;
  48578 : D6;
  48579 : 65;
  48580 : 4C;
  48581 : E9;
  48582 : E5;
  48583 : D9;
  48584 : DA;
  [48585..48587] : D9;
  48588 : D8;
  [48589..48594] : D9;
  [48595..48598] : DA;
  [48599..48602] : D9;
  48603 : DA;
  [48604..48606] : D9;
  [48607..48609] : D8;
  48610 : D7;
  48611 : 76;
  48612 : 75;
  48613 : ED;
  48614 : DE;
  48615 : D7;
  48616 : D8;
  [48617..48622] : D7;
  48623 : D8;
  48624 : D7;
  [48625..48626] : D8;
  [48627..48628] : D7;
  48629 : D8;
  [48630..48649] : 80;
  48650 : E8;
  [48651..48653] : E1;
  48654 : E0;
  48655 : E1;
  [48656..48657] : E0;
  [48658..48661] : E1;
  [48662..48664] : E0;
  48665 : DF;
  [48666..48670] : DE;
  48671 : DB;
  48672 : C0;
  48673 : 8D;
  48674 : 4E;
  48675 : EE;
  48676 : E2;
  [48677..48678] : DE;
  [48679..48681] : DD;
  48682 : DE;
  48683 : DD;
  48684 : DE;
  48685 : DD;
  [48686..48692] : DE;
  [48693..48694] : DD;
  [48695..48696] : DE;
  [48697..48700] : DD;
  [48701..48703] : DE;
  48704 : D9;
  48705 : C3;
  48706 : 68;
  48707 : 55;
  48708 : F5;
  48709 : E0;
  48710 : DD;
  [48711..48716] : DC;
  [48717..48723] : DD;
  [48724..48728] : DE;
  48729 : DF;
  [48730..48736] : DE;
  48737 : D9;
  48738 : C8;
  48739 : 46;
  48740 : B3;
  48741 : F1;
  48742 : DC;
  48743 : DE;
  [48744..48748] : DD;
  [48749..48753] : DE;
  48754 : DF;
  [48755..48756] : DE;
  [48757..48758] : DD;
  [48759..48761] : DE;
  [48762..48764] : DD;
  48765 : DE;
  [48766..48767] : DD;
  48768 : DE;
  48769 : DC;
  48770 : D0;
  48771 : 6A;
  48772 : 37;
  48773 : F5;
  48774 : E1;
  [48775..48780] : DD;
  48781 : DC;
  [48782..48787] : DD;
  48788 : DC;
  [48789..48794] : DD;
  [48795..48797] : DC;
  [48798..48801] : DD;
  48802 : D7;
  48803 : 96;
  48804 : 26;
  [48805..48806] : E5;
  48807 : DC;
  48808 : DD;
  [48809..48811] : DC;
  48812 : DB;
  [48813..48816] : DC;
  48817 : DB;
  [48818..48819] : DA;
  [48820..48824] : DB;
  [48825..48827] : DA;
  48828 : DB;
  48829 : DA;
  [48830..48832] : DB;
  48833 : DC;
  48834 : DA;
  48835 : B3;
  48836 : 2D;
  48837 : D6;
  48838 : E9;
  48839 : DB;
  [48840..48841] : DA;
  48842 : DB;
  [48843..48854] : DA;
  [48855..48858] : DB;
  [48859..48864] : DC;
  48865 : DD;
  48866 : DB;
  48867 : 9C;
  48868 : 3A;
  48869 : E1;
  48870 : E6;
  48871 : DB;
  [48872..48874] : DC;
  48875 : DB;
  48876 : DC;
  [48877..48879] : DB;
  [48880..48889] : DC;
  [48890..48893] : DB;
  48894 : DA;
  48895 : DB;
  48896 : DA;
  48897 : DB;
  48898 : D7;
  48899 : 69;
  48900 : 4E;
  48901 : E9;
  48902 : E5;
  [48903..48905] : DA;
  [48906..48907] : D9;
  [48908..48909] : D8;
  [48910..48912] : D9;
  [48913..48918] : DA;
  48919 : D9;
  [48920..48921] : DA;
  48922 : D9;
  [48923..48925] : DA;
  [48926..48930] : D9;
  48931 : 7B;
  48932 : 75;
  48933 : ED;
  48934 : DF;
  [48935..48936] : D8;
  [48937..48939] : D7;
  48940 : D8;
  [48941..48945] : D7;
  [48946..48949] : D8;
  [48950..48969] : 80;
  48970 : E8;
  [48971..48973] : E1;
  [48974..48975] : E0;
  [48976..48981] : E1;
  [48982..48983] : E0;
  48984 : DF;
  48985 : E0;
  [48986..48987] : DF;
  [48988..48989] : DE;
  48990 : DF;
  48991 : DB;
  48992 : C2;
  48993 : 90;
  48994 : 51;
  48995 : EF;
  48996 : E1;
  [48997..48998] : DD;
  [48999..49006] : DE;
  49007 : DF;
  [49008..49011] : DE;
  49012 : DD;
  49013 : DE;
  49014 : DD;
  49015 : DE;
  49016 : DD;
  49017 : DE;
  [49018..49020] : DD;
  [49021..49022] : DE;
  49023 : DF;
  49024 : D9;
  49025 : C4;
  49026 : 6A;
  49027 : 57;
  49028 : F5;
  49029 : DF;
  [49030..49031] : DD;
  [49032..49036] : DC;
  [49037..49040] : DD;
  49041 : DE;
  [49042..49043] : DD;
  49044 : DE;
  49045 : DD;
  [49046..49049] : DE;
  49050 : DF;
  [49051..49056] : DE;
  49057 : D9;
  49058 : C8;
  49059 : 47;
  49060 : B4;
  49061 : F2;
  [49062..49063] : DE;
  [49064..49065] : DD;
  [49066..49072] : DE;
  49073 : DF;
  [49074..49078] : DE;
  49079 : DF;
  [49080..49081] : DE;
  49082 : DD;
  [49083..49084] : DE;
  49085 : DD;
  49086 : DE;
  49087 : DD;
  49088 : DE;
  49089 : DC;
  49090 : D0;
  49091 : 6C;
  49092 : 38;
  49093 : F6;
  49094 : E2;
  [49095..49096] : DE;
  49097 : DD;
  49098 : DC;
  [49099..49102] : DD;
  49103 : DC;
  [49104..49111] : DD;
  49112 : DC;
  [49113..49114] : DD;
  [49115..49116] : DC;
  [49117..49120] : DD;
  49121 : DE;
  49122 : D8;
  49123 : 99;
  49124 : 27;
  49125 : E7;
  49126 : E6;
  49127 : DC;
  [49128..49129] : DD;
  [49130..49133] : DC;
  49134 : DD;
  [49135..49136] : DC;
  [49137..49139] : DB;
  [49140..49144] : DC;
  [49145..49146] : DB;
  49147 : DA;
  [49148..49150] : DB;
  [49151..49153] : DC;
  49154 : DA;
  49155 : B4;
  49156 : 2D;
  49157 : D6;
  49158 : E9;
  49159 : DB;
  49160 : DC;
  49161 : DB;
  [49162..49165] : DA;
  49166 : DB;
  [49167..49169] : DA;
  [49170..49177] : DB;
  [49178..49182] : DC;
  49183 : DD;
  49184 : DC;
  49185 : DD;
  49186 : DA;
  49187 : 9D;
  49188 : 3B;
  49189 : E2;
  49190 : E7;
  [49191..49192] : DC;
  [49193..49194] : DB;
  49195 : DC;
  49196 : DB;
  [49197..49209] : DC;
  [49210..49215] : DB;
  49216 : DA;
  49217 : DC;
  49218 : D8;
  49219 : 6A;
  49220 : 4C;
  49221 : E7;
  49222 : E4;
  [49223..49225] : DA;
  [49226..49232] : D9;
  [49233..49237] : DA;
  49238 : D9;
  [49239..49240] : DA;
  [49241..49242] : D9;
  [49243..49247] : DA;
  49248 : D9;
  [49249..49250] : DA;
  49251 : 7D;
  49252 : 74;
  49253 : ED;
  49254 : E0;
  49255 : D9;
  [49256..49257] : D8;
  [49258..49259] : D7;
  [49260..49269] : D8;
  [49270..49289] : 80;
  49290 : E8;
  [49291..49292] : E1;
  [49293..49297] : E0;
  [49298..49301] : E1;
  [49302..49304] : E0;
  [49305..49310] : DF;
  49311 : DA;
  49312 : C3;
  49313 : 93;
  49314 : 55;
  49315 : F0;
  49316 : E1;
  [49317..49321] : DE;
  49322 : DD;
  [49323..49324] : DE;
  49325 : DF;
  [49326..49333] : DE;
  49334 : DD;
  [49335..49336] : DE;
  49337 : DD;
  [49338..49340] : DE;
  [49341..49343] : DF;
  49344 : D8;
  49345 : C4;
  49346 : 6C;
  49347 : 59;
  49348 : F6;
  49349 : DF;
  [49350..49351] : DE;
  49352 : DD;
  [49353..49354] : DC;
  [49355..49357] : DD;
  49358 : DE;
  49359 : DD;
  [49360..49366] : DE;
  49367 : DF;
  [49368..49375] : DE;
  49376 : DF;
  49377 : D9;
  49378 : C9;
  49379 : 49;
  49380 : B6;
  49381 : F1;
  [49382..49384] : DD;
  [49385..49387] : DE;
  [49388..49390] : DF;
  49391 : DE;
  [49392..49393] : DF;
  [49394..49404] : DE;
  49405 : DD;
  [49406..49407] : DE;
  49408 : DD;
  49409 : DC;
  49410 : D0;
  49411 : 6B;
  49412 : 39;
  49413 : F6;
  49414 : E2;
  [49415..49417] : DE;
  [49418..49424] : DD;
  [49425..49427] : DE;
  [49428..49436] : DD;
  [49437..49438] : DC;
  49439 : DD;
  [49440..49441] : DE;
  49442 : D9;
  49443 : 9A;
  49444 : 29;
  49445 : E8;
  49446 : E7;
  [49447..49448] : DD;
  [49449..49459] : DC;
  [49460..49462] : DB;
  [49463..49464] : DC;
  [49465..49468] : DB;
  49469 : DC;
  49470 : DB;
  [49471..49472] : DC;
  49473 : DD;
  49474 : DA;
  49475 : B5;
  49476 : 2C;
  49477 : D6;
  49478 : E9;
  49479 : DC;
  [49480..49481] : DB;
  [49482..49485] : DA;
  49486 : DB;
  [49487..49488] : DA;
  [49489..49492] : DB;
  [49493..49495] : DC;
  [49496..49497] : DB;
  [49498..49500] : DC;
  [49501..49503] : DD;
  49504 : DC;
  49505 : DD;
  49506 : DA;
  49507 : 99;
  49508 : 3A;
  49509 : E5;
  49510 : E9;
  [49511..49513] : DC;
  49514 : DB;
  49515 : DC;
  49516 : DB;
  [49517..49519] : DC;
  49520 : DB;
  [49521..49527] : DC;
  [49528..49536] : DB;
  49537 : DC;
  49538 : D9;
  49539 : 6B;
  49540 : 4A;
  49541 : E7;
  49542 : E5;
  49543 : DA;
  [49544..49545] : DB;
  [49546..49547] : DA;
  49548 : D9;
  [49549..49570] : DA;
  49571 : 80;
  49572 : 72;
  49573 : EC;
  49574 : E1;
  [49575..49577] : D9;
  49578 : D8;
  [49579..49580] : D9;
  [49581..49583] : D8;
  49584 : D9;
  [49585..49587] : D8;
  49588 : D7;
  49589 : D8;
  [49590..49609] : 80;
  49610 : E8;
  [49611..49612] : E1;
  [49613..49617] : E0;
  [49618..49619] : E1;
  49620 : E2;
  49621 : E1;
  [49622..49627] : E0;
  [49628..49630] : DF;
  49631 : DA;
  49632 : C5;
  49633 : 95;
  49634 : 58;
  49635 : F0;
  49636 : E2;
  [49637..49638] : DE;
  49639 : DF;
  [49640..49646] : DE;
  [49647..49648] : DF;
  [49649..49659] : DE;
  [49660..49663] : DF;
  49664 : D9;
  49665 : C5;
  49666 : 6D;
  49667 : 5B;
  49668 : F6;
  49669 : DF;
  [49670..49672] : DD;
  49673 : DE;
  [49674..49675] : DD;
  [49676..49678] : DE;
  49679 : DD;
  49680 : DE;
  49681 : DF;
  [49682..49683] : DE;
  49684 : DD;
  [49685..49687] : DE;
  49688 : DF;
  [49689..49690] : DE;
  49691 : DF;
  49692 : DE;
  [49693..49694] : DF;
  49695 : DE;
  49696 : DF;
  49697 : DA;
  49698 : CA;
  49699 : 4C;
  49700 : B7;
  49701 : F0;
  [49702..49704] : DE;
  49705 : DD;
  [49706..49707] : DE;
  [49708..49709] : DF;
  49710 : E0;
  [49711..49713] : DF;
  49714 : DE;
  49715 : DF;
  [49716..49718] : DE;
  49719 : DF;
  [49720..49721] : DE;
  49722 : DF;
  [49723..49725] : DE;
  49726 : DD;
  [49727..49728] : DE;
  49729 : DC;
  49730 : D0;
  49731 : 6B;
  49732 : 3A;
  49733 : F6;
  49734 : E2;
  [49735..49738] : DE;
  [49739..49743] : DD;
  49744 : DE;
  49745 : DF;
  49746 : DE;
  [49747..49748] : DF;
  49749 : DE;
  [49750..49752] : DD;
  [49753..49761] : DE;
  49762 : D9;
  49763 : 9A;
  49764 : 2B;
  49765 : E9;
  49766 : E6;
  49767 : DD;
  49768 : DC;
  49769 : DD;
  [49770..49779] : DC;
  [49780..49781] : DB;
  [49782..49788] : DC;
  49789 : DB;
  [49790..49792] : DC;
  49793 : DD;
  49794 : DB;
  49795 : B6;
  49796 : 2D;
  49797 : D7;
  49798 : E9;
  [49799..49801] : DC;
  [49802..49808] : DB;
  49809 : DC;
  49810 : DB;
  [49811..49813] : DC;
  49814 : DB;
  [49815..49822] : DC;
  49823 : DD;
  49824 : DC;
  49825 : DD;
  49826 : D9;
  49827 : 98;
  49828 : 38;
  49829 : E5;
  49830 : EA;
  [49831..49837] : DC;
  49838 : DB;
  [49839..49841] : DC;
  49842 : DD;
  49843 : DC;
  49844 : DB;
  [49845..49847] : DC;
  [49848..49852] : DB;
  [49853..49857] : DC;
  49858 : DA;
  49859 : 6C;
  49860 : 4A;
  49861 : E7;
  49862 : E6;
  [49863..49866] : DB;
  [49867..49868] : DA;
  49869 : D9;
  [49870..49871] : DA;
  49872 : DB;
  [49873..49875] : DA;
  49876 : D9;
  [49877..49887] : DA;
  49888 : D9;
  49889 : DA;
  49890 : D9;
  49891 : 81;
  49892 : 73;
  49893 : EC;
  49894 : E1;
  [49895..49896] : DA;
  [49897..49902] : D9;
  [49903..49909] : D8;
  [49910..49929] : 80;
  49930 : E9;
  [49931..49933] : E1;
  [49934..49935] : E0;
  49936 : E1;
  49937 : E0;
  [49938..49941] : E1;
  [49942..49944] : E0;
  49945 : DF;
  [49946..49947] : E0;
  [49948..49949] : DF;
  49950 : E0;
  49951 : DA;
  49952 : C5;
  49953 : 95;
  49954 : 5A;
  49955 : F2;
  49956 : E2;
  49957 : DF;
  [49958..49961] : DE;
  [49962..49964] : DF;
  49965 : DE;
  [49966..49967] : DF;
  [49968..49976] : DE;
  [49977..49982] : DF;
  49983 : E0;
  49984 : D9;
  49985 : C6;
  49986 : 6D;
  49987 : 5D;
  49988 : F6;
  49989 : E0;
  [49990..49991] : DE;
  [49992..49994] : DD;
  [49995..50002] : DE;
  50003 : DD;
  [50004..50005] : DE;
  50006 : DF;
  50007 : DE;
  50008 : DF;
  [50009..50010] : DE;
  [50011..50013] : DF;
  50014 : DE;
  [50015..50016] : DF;
  50017 : DA;
  50018 : CC;
  50019 : 4F;
  50020 : B8;
  50021 : F0;
  [50022..50026] : DE;
  50027 : DF;
  50028 : E0;
  [50029..50033] : DF;
  50034 : DE;
  50035 : DF;
  50036 : DE;
  [50037..50038] : DF;
  50039 : DE;
  [50040..50041] : DF;
  [50042..50048] : DE;
  50049 : DD;
  50050 : D0;
  50051 : 6B;
  50052 : 3A;
  50053 : F6;
  50054 : E2;
  [50055..50057] : DF;
  [50058..50060] : DE;
  50061 : DD;
  50062 : DC;
  [50063..50064] : DD;
  [50065..50067] : DF;
  [50068..50070] : DE;
  50071 : DD;
  50072 : DE;
  50073 : DD;
  [50074..50078] : DE;
  [50079..50081] : DF;
  50082 : D9;
  50083 : 9A;
  50084 : 29;
  50085 : E9;
  50086 : E8;
  [50087..50089] : DD;
  [50090..50093] : DC;
  50094 : DD;
  50095 : DC;
  50096 : DD;
  [50097..50098] : DC;
  50099 : DB;
  [50100..50111] : DC;
  [50112..50113] : DD;
  50114 : DB;
  50115 : B7;
  50116 : 2E;
  50117 : D9;
  50118 : EA;
  [50119..50121] : DC;
  50122 : DB;
  50123 : DA;
  50124 : DB;
  50125 : DA;
  50126 : DB;
  [50127..50131] : DC;
  [50132..50133] : DD;
  [50134..50142] : DC;
  50143 : DD;
  50144 : DC;
  50145 : DD;
  50146 : D9;
  50147 : 99;
  50148 : 37;
  50149 : E5;
  50150 : EB;
  [50151..50152] : DC;
  [50153..50156] : DD;
  50157 : DC;
  50158 : DD;
  [50159..50166] : DC;
  50167 : DB;
  [50168..50176] : DC;
  50177 : DD;
  50178 : DA;
  50179 : 6C;
  50180 : 49;
  [50181..50182] : E7;
  [50183..50187] : DB;
  [50188..50191] : DA;
  [50192..50193] : DB;
  [50194..50197] : DA;
  50198 : DB;
  [50199..50209] : DA;
  50210 : D9;
  50211 : 82;
  50212 : 72;
  50213 : EE;
  50214 : E2;
  50215 : D9;
  [50216..50219] : DA;
  [50220..50223] : D9;
  [50224..50226] : D8;
  50227 : D9;
  50228 : D8;
  50229 : D9;
  [50230..50249] : 80;
  50250 : E9;
  50251 : E1;
  50252 : E2;
  [50253..50257] : E0;
  [50258..50262] : E1;
  50263 : E0;
  50264 : E1;
  50265 : E0;
  50266 : DF;
  50267 : E0;
  50268 : DF;
  [50269..50270] : E0;
  50271 : DB;
  50272 : C6;
  50273 : 96;
  50274 : 5B;
  50275 : F2;
  50276 : E2;
  [50277..50278] : DF;
  [50279..50281] : DE;
  [50282..50284] : DF;
  50285 : E0;
  [50286..50289] : DF;
  [50290..50291] : DE;
  [50292..50294] : DF;
  50295 : DE;
  [50296..50297] : DF;
  50298 : DE;
  [50299..50302] : DF;
  50303 : E0;
  50304 : D8;
  50305 : C6;
  50306 : 6C;
  50307 : 5F;
  50308 : F8;
  50309 : E0;
  50310 : DE;
  [50311..50314] : DD;
  [50315..50317] : DE;
  [50318..50319] : DF;
  [50320..50325] : DE;
  [50326..50327] : DF;
  [50328..50330] : DE;
  [50331..50335] : DF;
  50336 : E0;
  50337 : DB;
  50338 : CE;
  50339 : 51;
  50340 : BA;
  50341 : F1;
  [50342..50346] : DE;
  [50347..50348] : DF;
  50349 : DE;
  [50350..50360] : DF;
  50361 : DE;
  50362 : DF;
  [50363..50368] : DE;
  50369 : DC;
  50370 : D1;
  50371 : 6A;
  50372 : 3C;
  50373 : F7;
  50374 : E2;
  [50375..50378] : DF;
  50379 : DE;
  [50380..50384] : DD;
  50385 : DF;
  [50386..50387] : DE;
  [50388..50389] : DF;
  [50390..50393] : DE;
  50394 : DD;
  50395 : DE;
  50396 : DD;
  50397 : DE;
  [50398..50401] : DF;
  50402 : DA;
  50403 : 9B;
  50404 : 28;
  50405 : E8;
  50406 : E7;
  50407 : DE;
  [50408..50411] : DD;
  [50412..50420] : DC;
  50421 : DB;
  [50422..50427] : DC;
  50428 : DD;
  50429 : DC;
  [50430..50433] : DD;
  50434 : DB;
  50435 : B7;
  50436 : 2F;
  50437 : D9;
  50438 : EA;
  50439 : DC;
  [50440..50447] : DB;
  [50448..50449] : DC;
  [50450..50452] : DD;
  [50453..50456] : DC;
  50457 : DB;
  [50458..50465] : DC;
  50466 : DA;
  50467 : 9D;
  50468 : 37;
  50469 : E3;
  50470 : EA;
  [50471..50476] : DC;
  50477 : DB;
  [50478..50479] : DD;
  [50480..50486] : DC;
  50487 : DB;
  [50488..50489] : DC;
  50490 : DB;
  [50491..50497] : DC;
  50498 : DA;
  50499 : 6F;
  50500 : 49;
  [50501..50502] : E7;
  [50503..50505] : DC;
  [50506..50508] : DB;
  [50509..50511] : DA;
  [50512..50513] : DB;
  [50514..50530] : DA;
  50531 : 83;
  50532 : 71;
  50533 : EE;
  50534 : E3;
  [50535..50539] : DA;
  [50540..50541] : D9;
  50542 : DA;
  [50543..50544] : D9;
  [50545..50546] : D8;
  50547 : D9;
  50548 : D8;
  50549 : D9;
  [50550..50569] : 80;
  50570 : E9;
  [50571..50574] : E1;
  [50575..50577] : E0;
  [50578..50580] : E1;
  50581 : E0;
  50582 : E1;
  [50583..50589] : E0;
  50590 : E1;
  50591 : DB;
  50592 : C6;
  50593 : 95;
  50594 : 5B;
  50595 : F3;
  50596 : E3;
  [50597..50598] : DF;
  [50599..50600] : DE;
  [50601..50606] : DF;
  50607 : DE;
  [50608..50611] : DF;
  50612 : E0;
  [50613..50622] : DF;
  50623 : E0;
  50624 : D8;
  50625 : C6;
  50626 : 6A;
  50627 : 61;
  50628 : F8;
  50629 : E0;
  [50630..50632] : DE;
  [50633..50635] : DD;
  [50636..50638] : DE;
  50639 : DF;
  [50640..50643] : DE;
  50644 : DF;
  50645 : DE;
  50646 : DF;
  [50647..50650] : DE;
  50651 : DF;
  50652 : E0;
  50653 : DF;
  [50654..50656] : E0;
  50657 : DC;
  50658 : D0;
  50659 : 53;
  50660 : BC;
  50661 : F0;
  50662 : DE;
  [50663..50669] : DF;
  [50670..50671] : DE;
  50672 : DF;
  50673 : DE;
  [50674..50677] : DF;
  [50678..50681] : DE;
  50682 : DF;
  [50683..50688] : DE;
  50689 : DD;
  50690 : D1;
  50691 : 6C;
  50692 : 3D;
  50693 : F7;
  50694 : E2;
  [50695..50697] : DF;
  [50698..50700] : DE;
  50701 : DD;
  50702 : DE;
  [50703..50704] : DD;
  [50705..50708] : DE;
  [50709..50711] : DF;
  [50712..50718] : DE;
  [50719..50720] : DF;
  50721 : DE;
  50722 : DA;
  50723 : 9C;
  50724 : 2A;
  50725 : E9;
  50726 : E7;
  50727 : DE;
  [50728..50731] : DD;
  50732 : DC;
  50733 : DD;
  [50734..50740] : DC;
  [50741..50742] : DB;
  [50743..50745] : DC;
  [50746..50750] : DD;
  50751 : DC;
  [50752..50753] : DD;
  50754 : DB;
  50755 : B8;
  50756 : 32;
  50757 : DA;
  50758 : EB;
  50759 : DD;
  50760 : DC;
  [50761..50764] : DB;
  [50765..50767] : DC;
  50768 : DD;
  [50769..50777] : DC;
  [50778..50780] : DB;
  [50781..50785] : DC;
  50786 : DA;
  50787 : A0;
  50788 : 38;
  50789 : E2;
  50790 : EA;
  [50791..50797] : DC;
  [50798..50800] : DD;
  50801 : DC;
  [50802..50803] : DD;
  [50804..50808] : DC;
  [50809..50810] : DB;
  [50811..50817] : DC;
  50818 : DA;
  50819 : 72;
  50820 : 4A;
  50821 : E7;
  50822 : E8;
  50823 : DB;
  [50824..50826] : DC;
  [50827..50832] : DB;
  [50833..50840] : DA;
  50841 : DB;
  [50842..50848] : DA;
  50849 : DB;
  50850 : DA;
  50851 : 87;
  50852 : 70;
  50853 : ED;
  50854 : E3;
  50855 : DA;
  50856 : DB;
  [50857..50859] : DA;
  50860 : D9;
  [50861..50863] : DA;
  [50864..50868] : D9;
  50869 : DA;
  [50870..50889] : 80;
  50890 : E9;
  [50891..50892] : E1;
  50893 : E0;
  50894 : E1;
  [50895..50897] : E0;
  [50898..50899] : E1;
  [50900..50906] : E0;
  [50907..50910] : E1;
  50911 : DB;
  50912 : C6;
  50913 : 93;
  50914 : 5E;
  50915 : F5;
  50916 : E3;
  [50917..50922] : DF;
  [50923..50924] : E0;
  [50925..50927] : DF;
  50928 : DE;
  50929 : DF;
  50930 : E0;
  [50931..50932] : DF;
  50933 : E0;
  [50934..50936] : DF;
  50937 : E0;
  [50938..50942] : DF;
  50943 : E0;
  50944 : D9;
  50945 : C8;
  50946 : 6B;
  50947 : 63;
  50948 : F7;
  50949 : DF;
  50950 : DE;
  50951 : DF;
  [50952..50957] : DE;
  50958 : DF;
  [50959..50961] : DE;
  50962 : DD;
  [50963..50965] : DE;
  50966 : DF;
  50967 : DE;
  [50968..50971] : DF;
  50972 : E0;
  [50973..50974] : DF;
  50975 : E0;
  50976 : DF;
  50977 : DC;
  50978 : D1;
  50979 : 55;
  50980 : BE;
  50981 : F1;
  [50982..50985] : DF;
  50986 : E0;
  [50987..50992] : DF;
  50993 : DE;
  [50994..50998] : DF;
  [50999..51000] : DE;
  [51001..51002] : DF;
  [51003..51005] : DE;
  51006 : DF;
  [51007..51008] : DE;
  51009 : DD;
  51010 : D0;
  51011 : 6E;
  51012 : 3E;
  51013 : F8;
  51014 : E2;
  51015 : DE;
  [51016..51020] : DF;
  [51021..51024] : DE;
  51025 : DD;
  [51026..51030] : DE;
  51031 : DF;
  [51032..51038] : DE;
  [51039..51041] : DF;
  51042 : D9;
  51043 : 9C;
  51044 : 2B;
  51045 : EB;
  51046 : E7;
  51047 : DE;
  51048 : DD;
  [51049..51050] : DE;
  [51051..51053] : DD;
  [51054..51055] : DC;
  51056 : DD;
  [51057..51059] : DC;
  51060 : DB;
  [51061..51068] : DC;
  [51069..51073] : DD;
  51074 : DB;
  51075 : BA;
  51076 : 35;
  51077 : DA;
  51078 : EA;
  [51079..51080] : DD;
  51081 : DC;
  51082 : DB;
  [51083..51084] : DC;
  51085 : DB;
  [51086..51087] : DC;
  [51088..51093] : DD;
  51094 : DC;
  51095 : DD;
  [51096..51100] : DC;
  [51101..51103] : DB;
  51104 : DC;
  51105 : DD;
  51106 : DB;
  51107 : A0;
  51108 : 38;
  51109 : E2;
  51110 : EA;
  51111 : DB;
  [51112..51118] : DC;
  [51119..51120] : DD;
  [51121..51122] : DE;
  51123 : DD;
  [51124..51129] : DC;
  51130 : DB;
  [51131..51136] : DC;
  51137 : DD;
  51138 : DA;
  51139 : 75;
  51140 : 4A;
  [51141..51142] : E7;
  51143 : DB;
  [51144..51145] : DC;
  [51146..51148] : DB;
  51149 : DC;
  [51150..51153] : DB;
  51154 : DA;
  51155 : DB;
  [51156..51160] : DA;
  [51161..51162] : D9;
  [51163..51167] : DA;
  [51168..51169] : DB;
  51170 : DC;
  51171 : 8D;
  51172 : 6C;
  51173 : EB;
  51174 : E3;
  51175 : DA;
  51176 : DB;
  [51177..51178] : DA;
  [51179..51180] : D9;
  [51181..51183] : DA;
  51184 : D9;
  51185 : DA;
  [51186..51189] : D9;
  [51190..51209] : 80;
  51210 : E8;
  [51211..51213] : E1;
  51214 : E0;
  51215 : E1;
  [51216..51222] : E0;
  [51223..51230] : E1;
  51231 : DC;
  51232 : C5;
  51233 : 8F;
  51234 : 62;
  51235 : F6;
  51236 : E3;
  [51237..51238] : E0;
  [51239..51241] : DF;
  [51242..51244] : E0;
  [51245..51247] : DF;
  51248 : DE;
  [51249..51251] : DF;
  51252 : DE;
  51253 : DF;
  51254 : E0;
  [51255..51262] : DF;
  51263 : E0;
  51264 : D8;
  51265 : C9;
  51266 : 6A;
  51267 : 65;
  51268 : F7;
  51269 : E0;
  [51270..51278] : DE;
  [51279..51281] : DF;
  [51282..51287] : DE;
  [51288..51290] : DF;
  51291 : E0;
  [51292..51293] : DF;
  [51294..51296] : E0;
  51297 : DC;
  51298 : D1;
  51299 : 58;
  51300 : C0;
  51301 : F0;
  [51302..51303] : DE;
  [51304..51307] : DF;
  51308 : DE;
  [51309..51314] : DF;
  [51315..51316] : DE;
  51317 : DF;
  [51318..51321] : DE;
  51322 : DF;
  [51323..51326] : DE;
  [51327..51328] : DF;
  51329 : DD;
  51330 : D1;
  51331 : 71;
  51332 : 41;
  51333 : F8;
  51334 : E2;
  51335 : DE;
  [51336..51339] : DF;
  [51340..51342] : DE;
  [51343..51344] : DD;
  [51345..51356] : DE;
  [51357..51358] : DF;
  [51359..51361] : DE;
  51362 : D8;
  51363 : 9A;
  51364 : 2D;
  51365 : EE;
  51366 : E8;
  [51367..51371] : DE;
  51372 : DD;
  51373 : DE;
  [51374..51379] : DD;
  [51380..51388] : DC;
  [51389..51393] : DD;
  51394 : DB;
  51395 : B9;
  51396 : 37;
  51397 : DD;
  51398 : EA;
  [51399..51400] : DD;
  51401 : DC;
  51402 : DB;
  51403 : DC;
  [51404..51406] : DB;
  [51407..51408] : DC;
  [51409..51414] : DD;
  [51415..51418] : DC;
  [51419..51420] : DB;
  51421 : DC;
  51422 : DB;
  [51423..51425] : DC;
  51426 : D9;
  51427 : 9F;
  51428 : 39;
  51429 : E3;
  51430 : EA;
  51431 : DB;
  [51432..51439] : DC;
  51440 : DD;
  51441 : DE;
  [51442..51445] : DD;
  [51446..51447] : DC;
  51448 : DB;
  [51449..51454] : DC;
  [51455..51457] : DD;
  51458 : DB;
  51459 : 77;
  51460 : 49;
  51461 : E6;
  51462 : E8;
  [51463..51464] : DB;
  [51465..51466] : DC;
  [51467..51469] : DB;
  [51470..51471] : DC;
  51472 : DB;
  [51473..51475] : DA;
  51476 : D9;
  [51477..51478] : DA;
  [51479..51480] : D9;
  [51481..51484] : DA;
  51485 : DB;
  [51486..51487] : DA;
  [51488..51490] : DB;
  51491 : 8F;
  51492 : 6A;
  51493 : EA;
  51494 : E3;
  51495 : DB;
  [51496..51497] : DA;
  51498 : DB;
  [51499..51505] : DA;
  51506 : D9;
  51507 : D8;
  [51508..51509] : D9;
  [51510..51529] : 80;
  51530 : E8;
  [51531..51534] : E1;
  [51535..51539] : E0;
  51540 : E1;
  [51541..51543] : E0;
  [51544..51545] : E1;
  51546 : E0;
  [51547..51549] : E1;
  51550 : E2;
  51551 : DB;
  51552 : C4;
  51553 : 8D;
  51554 : 63;
  51555 : F7;
  51556 : E3;
  51557 : DF;
  51558 : E0;
  [51559..51560] : DF;
  [51561..51563] : E0;
  51564 : DF;
  [51565..51567] : E0;
  [51568..51571] : DF;
  51572 : DE;
  [51573..51575] : DF;
  51576 : DE;
  51577 : DF;
  [51578..51579] : DE;
  [51580..51583] : DF;
  51584 : D8;
  51585 : C9;
  51586 : 6A;
  51587 : 68;
  51588 : F8;
  51589 : E0;
  51590 : DE;
  51591 : DD;
  [51592..51593] : DE;
  51594 : DD;
  [51595..51596] : DE;
  51597 : DF;
  51598 : DE;
  [51599..51601] : DF;
  [51602..51607] : DE;
  51608 : DF;
  51609 : E0;
  [51610..51613] : DF;
  51614 : E0;
  51615 : DF;
  51616 : E0;
  51617 : DC;
  51618 : D1;
  51619 : 5A;
  51620 : C1;
  51621 : EF;
  [51622..51630] : DF;
  51631 : DE;
  [51632..51634] : DF;
  [51635..51636] : DE;
  51637 : DF;
  51638 : DE;
  [51639..51642] : DF;
  [51643..51646] : DE;
  [51647..51648] : DF;
  51649 : DD;
  51650 : D2;
  51651 : 71;
  51652 : 42;
  51653 : F9;
  51654 : E2;
  51655 : DF;
  [51656..51657] : DE;
  51658 : DF;
  51659 : DE;
  51660 : DF;
  51661 : DE;
  51662 : DF;
  [51663..51675] : DE;
  [51676..51680] : DF;
  51681 : DE;
  51682 : D8;
  51683 : 99;
  51684 : 2C;
  51685 : EE;
  51686 : E8;
  51687 : DF;
  [51688..51691] : DE;
  [51692..51696] : DD;
  51697 : DC;
  [51698..51701] : DD;
  51702 : DC;
  51703 : DD;
  [51704..51708] : DC;
  [51709..51712] : DD;
  51713 : DE;
  51714 : DC;
  51715 : BA;
  51716 : 39;
  51717 : DE;
  51718 : EA;
  [51719..51720] : DD;
  51721 : DC;
  [51722..51725] : DB;
  [51726..51727] : DC;
  [51728..51734] : DD;
  [51735..51741] : DC;
  51742 : DB;
  [51743..51745] : DC;
  51746 : DA;
  51747 : 9F;
  51748 : 38;
  51749 : E2;
  51750 : EA;
  [51751..51756] : DC;
  51757 : DB;
  [51758..51760] : DC;
  [51761..51762] : DD;
  51763 : DC;
  51764 : DD;
  [51765..51768] : DC;
  51769 : DB;
  [51770..51777] : DC;
  51778 : DA;
  51779 : 78;
  51780 : 48;
  51781 : E6;
  51782 : E8;
  [51783..51790] : DB;
  51791 : DC;
  51792 : DB;
  [51793..51796] : DA;
  51797 : D9;
  [51798..51804] : DA;
  [51805..51806] : DB;
  [51807..51810] : DA;
  51811 : 90;
  51812 : 69;
  51813 : EA;
  51814 : E3;
  [51815..51822] : DA;
  [51823..51827] : D9;
  51828 : DA;
  51829 : D9;
  [51830..51849] : 80;
  51850 : E8;
  [51851..51852] : E1;
  [51853..51865] : E0;
  [51866..51868] : E1;
  [51869..51870] : E2;
  51871 : DB;
  51872 : C4;
  51873 : 8D;
  51874 : 63;
  51875 : F8;
  51876 : E3;
  [51877..51883] : E0;
  [51884..51885] : DF;
  [51886..51887] : E0;
  [51888..51892] : DF;
  [51893..51894] : DE;
  [51895..51900] : DF;
  51901 : E0;
  51902 : DF;
  51903 : E0;
  51904 : D8;
  51905 : C8;
  [51906..51907] : 6A;
  51908 : F9;
  51909 : E0;
  [51910..51916] : DE;
  [51917..51922] : DF;
  51923 : DE;
  [51924..51925] : DF;
  [51926..51927] : DE;
  [51928..51929] : DF;
  51930 : E0;
  51931 : DF;
  51932 : DE;
  [51933..51935] : DF;
  51936 : E0;
  51937 : DC;
  51938 : D2;
  51939 : 5B;
  51940 : C2;
  51941 : EF;
  [51942..51944] : DE;
  [51945..51951] : DF;
  51952 : DE;
  [51953..51956] : DF;
  [51957..51958] : DE;
  [51959..51962] : DF;
  51963 : DE;
  51964 : DF;
  [51965..51966] : DE;
  [51967..51968] : DF;
  51969 : DD;
  51970 : D1;
  51971 : 6E;
  51972 : 43;
  51973 : F8;
  51974 : E2;
  [51975..51985] : DE;
  51986 : DD;
  [51987..52001] : DE;
  52002 : D9;
  52003 : 9A;
  52004 : 2C;
  52005 : EE;
  52006 : E8;
  [52007..52012] : DE;
  [52013..52016] : DD;
  52017 : DE;
  52018 : DD;
  52019 : DE;
  [52020..52022] : DD;
  [52023..52025] : DC;
  [52026..52027] : DB;
  [52028..52029] : DC;
  [52030..52032] : DD;
  52033 : DE;
  52034 : DB;
  52035 : BB;
  52036 : 3A;
  52037 : DE;
  52038 : EB;
  52039 : DE;
  52040 : DD;
  [52041..52042] : DC;
  [52043..52047] : DB;
  [52048..52049] : DD;
  [52050..52065] : DC;
  52066 : D9;
  52067 : 9F;
  52068 : 37;
  52069 : E0;
  52070 : EB;
  [52071..52072] : DC;
  [52073..52074] : DB;
  [52075..52076] : DC;
  52077 : DB;
  [52078..52080] : DC;
  [52081..52083] : DD;
  [52084..52085] : DC;
  [52086..52087] : DD;
  [52088..52089] : DC;
  [52090..52093] : DD;
  [52094..52096] : DC;
  52097 : DD;
  52098 : DB;
  52099 : 7B;
  52100 : 49;
  52101 : E6;
  52102 : E9;
  [52103..52104] : DB;
  [52105..52106] : DC;
  [52107..52108] : DB;
  52109 : DC;
  52110 : DB;
  52111 : DC;
  [52112..52113] : DB;
  [52114..52120] : DA;
  52121 : DB;
  [52122..52123] : DA;
  [52124..52125] : DB;
  [52126..52128] : DA;
  52129 : DB;
  52130 : DA;
  52131 : 92;
  52132 : 69;
  52133 : EA;
  52134 : E4;
  [52135..52136] : DA;
  52137 : DB;
  [52138..52140] : DA;
  [52141..52143] : D9;
  52144 : DA;
  [52145..52147] : D9;
  [52148..52149] : DA;
  [52150..52169] : 80;
  52170 : E8;
  52171 : E1;
  52172 : E2;
  52173 : E0;
  [52174..52175] : E1;
  [52176..52185] : E0;
  [52186..52190] : E1;
  52191 : DC;
  52192 : C5;
  52193 : 8E;
  52194 : 64;
  52195 : F8;
  52196 : E4;
  [52197..52202] : E0;
  52203 : DF;
  [52204..52208] : E0;
  [52209..52210] : DF;
  52211 : DE;
  [52212..52222] : DF;
  52223 : E0;
  52224 : D7;
  52225 : C7;
  52226 : 67;
  52227 : 6F;
  52228 : FA;
  52229 : DF;
  [52230..52237] : DE;
  [52238..52245] : DF;
  52246 : DE;
  [52247..52255] : DF;
  52256 : E0;
  52257 : DB;
  52258 : D1;
  52259 : 5A;
  52260 : C2;
  52261 : EF;
  [52262..52274] : DF;
  [52275..52278] : DE;
  [52279..52283] : DF;
  52284 : DE;
  [52285..52288] : DF;
  52289 : DD;
  52290 : D0;
  52291 : 6D;
  52292 : 43;
  52293 : F9;
  52294 : E2;
  [52295..52296] : DE;
  52297 : DD;
  52298 : DE;
  52299 : DF;
  [52300..52314] : DE;
  [52315..52316] : DD;
  [52317..52320] : DE;
  52321 : DF;
  52322 : D9;
  52323 : 9C;
  52324 : 2D;
  52325 : EF;
  52326 : E8;
  [52327..52329] : DE;
  [52330..52331] : DD;
  [52332..52333] : DE;
  52334 : DD;
  52335 : DC;
  [52336..52342] : DD;
  [52343..52344] : DC;
  [52345..52346] : DB;
  [52347..52351] : DC;
  [52352..52353] : DD;
  52354 : DB;
  52355 : BB;
  52356 : 39;
  52357 : DD;
  52358 : EA;
  [52359..52360] : DD;
  52361 : DC;
  [52362..52367] : DB;
  52368 : DC;
  [52369..52370] : DD;
  [52371..52373] : DC;
  52374 : DB;
  [52375..52378] : DC;
  52379 : DB;
  [52380..52385] : DC;
  52386 : D9;
  52387 : A1;
  52388 : 36;
  52389 : DF;
  52390 : EA;
  52391 : DB;
  52392 : DC;
  52393 : DB;
  52394 : DC;
  [52395..52399] : DB;
  [52400..52410] : DC;
  [52411..52412] : DD;
  [52413..52417] : DC;
  52418 : DB;
  52419 : 7D;
  52420 : 4A;
  52421 : E5;
  52422 : E8;
  52423 : DB;
  [52424..52425] : DC;
  52426 : DB;
  52427 : DC;
  52428 : DB;
  52429 : DC;
  [52430..52435] : DB;
  [52436..52448] : DA;
  52449 : DB;
  52450 : DA;
  52451 : 96;
  52452 : 69;
  52453 : EA;
  52454 : E5;
  [52455..52459] : DA;
  [52460..52461] : D9;
  [52462..52465] : DA;
  52466 : D9;
  [52467..52469] : DA;
  [52470..52489] : 80;
  52490 : E8;
  [52491..52494] : E1;
  [52495..52504] : E0;
  [52505..52506] : E1;
  [52507..52508] : E0;
  52509 : E1;
  52510 : E2;
  52511 : DB;
  52512 : C5;
  52513 : 8E;
  52514 : 65;
  52515 : F7;
  52516 : E3;
  52517 : E1;
  [52518..52519] : E0;
  [52520..52523] : DF;
  [52524..52528] : E0;
  52529 : DF;
  52530 : E0;
  52531 : DF;
  [52532..52533] : DE;
  [52534..52543] : DF;
  52544 : D6;
  52545 : C7;
  52546 : 66;
  52547 : 73;
  52548 : FA;
  52549 : E0;
  [52550..52552] : DF;
  [52553..52554] : DE;
  [52555..52556] : DD;
  52557 : DE;
  [52558..52559] : DF;
  [52560..52561] : DE;
  [52562..52564] : DF;
  [52565..52568] : DE;
  [52569..52575] : DF;
  52576 : E0;
  52577 : DB;
  52578 : D1;
  52579 : 59;
  52580 : C3;
  52581 : EF;
  [52582..52590] : DF;
  52591 : DE;
  [52592..52594] : DF;
  [52595..52596] : DE;
  [52597..52599] : DF;
  52600 : DE;
  [52601..52602] : DF;
  [52603..52605] : DE;
  [52606..52608] : DF;
  52609 : DD;
  52610 : D1;
  52611 : 6D;
  52612 : 44;
  52613 : F9;
  52614 : E2;
  52615 : DD;
  52616 : DE;
  52617 : DD;
  52618 : DE;
  52619 : DF;
  [52620..52630] : DE;
  52631 : DD;
  [52632..52635] : DE;
  [52636..52638] : DD;
  [52639..52641] : DE;
  52642 : D8;
  52643 : 9B;
  52644 : 2E;
  52645 : EF;
  52646 : E8;
  [52647..52648] : DE;
  52649 : DD;
  52650 : DE;
  [52651..52654] : DD;
  52655 : DC;
  [52656..52657] : DD;
  52658 : DC;
  [52659..52660] : DD;
  52661 : DC;
  52662 : DD;
  [52663..52664] : DC;
  52665 : DB;
  [52666..52673] : DC;
  52674 : DB;
  52675 : BB;
  52676 : 3A;
  52677 : DE;
  52678 : EB;
  52679 : DE;
  [52680..52681] : DD;
  52682 : DC;
  52683 : DB;
  [52684..52685] : DC;
  [52686..52687] : DB;
  [52688..52689] : DC;
  52690 : DD;
  52691 : DC;
  52692 : DB;
  [52693..52698] : DC;
  [52699..52701] : DB;
  [52702..52704] : DC;
  52705 : DD;
  52706 : DA;
  52707 : A2;
  52708 : 37;
  52709 : DF;
  52710 : EB;
  [52711..52719] : DB;
  [52720..52722] : DC;
  52723 : DD;
  [52724..52726] : DC;
  [52727..52731] : DD;
  [52732..52737] : DC;
  52738 : DB;
  52739 : 7E;
  52740 : 49;
  52741 : E4;
  52742 : E9;
  52743 : DB;
  [52744..52745] : DC;
  52746 : DB;
  52747 : DC;
  52748 : DB;
  52749 : DA;
  [52750..52752] : DB;
  52753 : DC;
  52754 : DB;
  [52755..52756] : DA;
  52757 : D9;
  [52758..52759] : DA;
  52760 : DB;
  [52761..52768] : DA;
  52769 : DB;
  52770 : DA;
  52771 : 99;
  52772 : 67;
  52773 : E9;
  52774 : E4;
  [52775..52777] : DA;
  52778 : D9;
  [52779..52789] : DA;
  [52790..52809] : 80;
  52810 : E8;
  52811 : E1;
  [52812..52813] : E2;
  [52814..52815] : E1;
  52816 : E2;
  [52817..52820] : E1;
  52821 : E0;
  [52822..52825] : E1;
  [52826..52827] : E0;
  52828 : E1;
  52829 : E0;
  52830 : E1;
  52831 : DB;
  52832 : C6;
  52833 : 8F;
  52834 : 68;
  52835 : F7;
  52836 : E3;
  52837 : E1;
  [52838..52840] : E0;
  [52841..52843] : DF;
  [52844..52850] : E0;
  [52851..52863] : DF;
  52864 : D6;
  52865 : C7;
  52866 : 67;
  52867 : 77;
  52868 : FA;
  52869 : E0;
  [52870..52873] : DF;
  52874 : DE;
  52875 : DD;
  [52876..52878] : DE;
  52879 : DF;
  [52880..52881] : DE;
  [52882..52883] : DF;
  [52884..52885] : DE;
  52886 : DF;
  [52887..52888] : DE;
  52889 : DF;
  [52890..52891] : DE;
  [52892..52895] : DF;
  52896 : E0;
  52897 : DB;
  52898 : CF;
  52899 : 56;
  52900 : C5;
  52901 : EF;
  52902 : DF;
  [52903..52907] : DE;
  [52908..52909] : DF;
  [52910..52914] : DE;
  [52915..52922] : DF;
  52923 : DE;
  [52924..52926] : DF;
  52927 : DE;
  52928 : DF;
  52929 : DD;
  52930 : D1;
  52931 : 6E;
  52932 : 47;
  52933 : FA;
  52934 : E2;
  [52935..52937] : DD;
  [52938..52940] : DE;
  52941 : DD;
  [52942..52944] : DE;
  52945 : DF;
  [52946..52948] : DE;
  [52949..52951] : DD;
  52952 : DE;
  52953 : DD;
  [52954..52955] : DE;
  [52956..52958] : DD;
  [52959..52961] : DE;
  52962 : D8;
  52963 : 9B;
  52964 : 2D;
  52965 : EE;
  52966 : E8;
  [52967..52968] : DE;
  [52969..52972] : DD;
  [52973..52976] : DC;
  52977 : DD;
  [52978..52983] : DC;
  [52984..52985] : DB;
  [52986..52988] : DC;
  52989 : DB;
  [52990..52991] : DC;
  52992 : DB;
  52993 : DC;
  52994 : DA;
  52995 : BA;
  52996 : 3C;
  52997 : E0;
  52998 : EC;
  [52999..53000] : DE;
  53001 : DD;
  [53002..53003] : DC;
  53004 : DB;
  53005 : DC;
  [53006..53009] : DB;
  [53010..53011] : DD;
  53012 : DC;
  53013 : DB;
  [53014..53024] : DC;
  53025 : DD;
  53026 : D9;
  53027 : A1;
  53028 : 36;
  53029 : DF;
  53030 : EB;
  53031 : DB;
  [53032..53033] : DC;
  [53034..53035] : DB;
  [53036..53038] : DC;
  53039 : DB;
  [53040..53053] : DC;
  53054 : DD;
  [53055..53056] : DC;
  53057 : DD;
  53058 : DB;
  53059 : 7E;
  53060 : 47;
  53061 : E4;
  53062 : EA;
  [53063..53064] : DB;
  [53065..53067] : DC;
  [53068..53071] : DB;
  53072 : DC;
  [53073..53074] : DB;
  53075 : DA;
  53076 : DB;
  [53077..53079] : DA;
  53080 : DB;
  53081 : DA;
  53082 : D9;
  [53083..53088] : DA;
  [53089..53090] : DB;
  53091 : 9A;
  53092 : 64;
  53093 : E8;
  53094 : E6;
  [53095..53098] : DA;
  53099 : DB;
  53100 : DA;
  53101 : D9;
  [53102..53109] : DA;
  [53110..53129] : 80;
  53130 : E8;
  [53131..53132] : E2;
  53133 : E1;
  [53134..53137] : E2;
  [53138..53142] : E1;
  53143 : E0;
  53144 : E1;
  [53145..53146] : E0;
  53147 : E1;
  [53148..53149] : E0;
  53150 : E1;
  53151 : DA;
  53152 : C6;
  53153 : 8D;
  53154 : 68;
  53155 : F8;
  53156 : E4;
  [53157..53158] : E1;
  [53159..53160] : E0;
  [53161..53163] : DF;
  53164 : E0;
  53165 : E1;
  53166 : E0;
  [53167..53168] : E1;
  [53169..53172] : E0;
  [53173..53183] : DF;
  53184 : D6;
  53185 : C8;
  53186 : 66;
  53187 : 7A;
  53188 : FA;
  53189 : E0;
  [53190..53193] : DF;
  [53194..53195] : DE;
  53196 : DF;
  53197 : DE;
  [53198..53199] : DF;
  [53200..53202] : DE;
  53203 : DF;
  [53204..53205] : DE;
  53206 : DF;
  [53207..53211] : DE;
  [53212..53214] : DF;
  [53215..53216] : E0;
  53217 : DA;
  53218 : CE;
  53219 : 55;
  53220 : C7;
  53221 : EE;
  53222 : DF;
  [53223..53228] : DE;
  [53229..53230] : DF;
  53231 : DD;
  53232 : DE;
  [53233..53237] : DF;
  53238 : DE;
  [53239..53243] : DF;
  53244 : E0;
  [53245..53248] : DF;
  53249 : DD;
  53250 : D1;
  53251 : 6D;
  53252 : 49;
  53253 : FB;
  53254 : E2;
  53255 : DE;
  53256 : DD;
  [53257..53261] : DE;
  53262 : DD;
  [53263..53264] : DE;
  53265 : DF;
  [53266..53267] : DE;
  [53268..53271] : DD;
  [53272..53273] : DE;
  [53274..53276] : DD;
  53277 : DC;
  [53278..53280] : DD;
  53281 : DE;
  53282 : D9;
  53283 : 9C;
  53284 : 2E;
  53285 : EE;
  53286 : E7;
  53287 : DE;
  [53288..53291] : DD;
  [53292..53298] : DC;
  53299 : DB;
  [53300..53303] : DC;
  [53304..53306] : DB;
  [53307..53309] : DC;
  [53310..53312] : DB;
  53313 : DC;
  53314 : DA;
  53315 : BA;
  53316 : 3D;
  53317 : E2;
  53318 : EC;
  53319 : DE;
  [53320..53321] : DD;
  [53322..53323] : DC;
  [53324..53325] : DB;
  53326 : DC;
  53327 : DB;
  [53328..53329] : DC;
  [53330..53331] : DD;
  53332 : DC;
  [53333..53334] : DB;
  53335 : DC;
  53336 : DD;
  [53337..53338] : DC;
  53339 : DB;
  [53340..53342] : DC;
  [53343..53345] : DD;
  53346 : D8;
  53347 : A0;
  53348 : 35;
  53349 : E0;
  53350 : EC;
  [53351..53352] : DC;
  53353 : DB;
  [53354..53355] : DC;
  [53356..53359] : DB;
  [53360..53361] : DC;
  [53362..53364] : DB;
  [53365..53366] : DC;
  53367 : DB;
  [53368..53376] : DC;
  53377 : DD;
  53378 : D9;
  53379 : 7E;
  53380 : 45;
  53381 : E4;
  53382 : EB;
  53383 : DB;
  [53384..53386] : DC;
  [53387..53396] : DB;
  [53397..53398] : DA;
  [53399..53400] : DB;
  [53401..53405] : DA;
  [53406..53407] : DB;
  53408 : DA;
  [53409..53410] : DB;
  53411 : 9B;
  53412 : 62;
  53413 : E8;
  53414 : E6;
  53415 : DA;
  53416 : DB;
  53417 : DA;
  53418 : DB;
  [53419..53429] : DA;
  [53430..53449] : 80;
  53450 : E9;
  53451 : E1;
  53452 : E2;
  53453 : E1;
  [53454..53459] : E2;
  [53460..53463] : E1;
  [53464..53465] : E0;
  53466 : E1;
  [53467..53469] : E0;
  53470 : E1;
  53471 : DB;
  53472 : C6;
  53473 : 8B;
  53474 : 6A;
  53475 : F8;
  53476 : E4;
  53477 : E0;
  [53478..53479] : E1;
  [53480..53486] : E0;
  [53487..53488] : E1;
  [53489..53490] : E0;
  53491 : DF;
  53492 : E0;
  [53493..53503] : DF;
  53504 : D6;
  53505 : C8;
  53506 : 66;
  53507 : 7C;
  53508 : FA;
  [53509..53510] : DF;
  53511 : DE;
  [53512..53514] : DF;
  [53515..53517] : DE;
  53518 : DF;
  [53519..53520] : DE;
  53521 : DF;
  [53522..53524] : DE;
  53525 : DF;
  53526 : DE;
  [53527..53528] : DF;
  [53529..53530] : DE;
  53531 : DF;
  [53532..53533] : DE;
  [53534..53535] : DF;
  53536 : E0;
  53537 : DA;
  53538 : CD;
  53539 : 54;
  53540 : CA;
  53541 : ED;
  [53542..53548] : DE;
  [53549..53550] : DF;
  [53551..53552] : DE;
  53553 : DF;
  [53554..53559] : DE;
  [53560..53562] : DF;
  [53563..53564] : E0;
  [53565..53568] : DF;
  53569 : DD;
  53570 : D1;
  53571 : 6C;
  53572 : 49;
  53573 : FB;
  53574 : E2;
  53575 : DE;
  [53576..53577] : DD;
  [53578..53587] : DE;
  [53588..53591] : DD;
  53592 : DE;
  [53593..53600] : DD;
  53601 : DF;
  53602 : D9;
  53603 : 9C;
  53604 : 30;
  53605 : F0;
  53606 : E7;
  53607 : DE;
  [53608..53610] : DD;
  53611 : DC;
  53612 : DD;
  [53613..53617] : DC;
  53618 : DB;
  53619 : DC;
  [53620..53621] : DB;
  [53622..53625] : DC;
  53626 : DB;
  [53627..53631] : DC;
  53632 : DB;
  53633 : DC;
  53634 : DA;
  53635 : BB;
  53636 : 3D;
  53637 : E2;
  53638 : EC;
  53639 : DE;
  53640 : DD;
  [53641..53643] : DC;
  [53644..53648] : DB;
  [53649..53654] : DC;
  53655 : DB;
  [53656..53661] : DC;
  [53662..53665] : DD;
  53666 : D8;
  53667 : A0;
  53668 : 34;
  53669 : E0;
  53670 : ED;
  53671 : DC;
  [53672..53674] : DB;
  [53675..53676] : DC;
  [53677..53678] : DB;
  53679 : DC;
  53680 : DB;
  53681 : DC;
  [53682..53687] : DB;
  [53688..53690] : DC;
  53691 : DB;
  53692 : DC;
  53693 : DB;
  53694 : DC;
  53695 : DB;
  [53696..53697] : DC;
  53698 : D9;
  53699 : 7E;
  53700 : 44;
  53701 : E4;
  53702 : EB;
  [53703..53704] : DB;
  [53705..53707] : DC;
  [53708..53714] : DB;
  [53715..53717] : DA;
  [53718..53720] : DB;
  [53721..53726] : DA;
  53727 : DB;
  53728 : DA;
  53729 : DB;
  53730 : DA;
  53731 : 9C;
  53732 : 61;
  53733 : E8;
  53734 : E7;
  [53735..53736] : DB;
  53737 : DA;
  53738 : DB;
  [53739..53749] : DA;
  [53750..53769] : 80;
  53770 : E9;
  53771 : E1;
  [53772..53778] : E2;
  [53779..53782] : E1;
  53783 : E0;
  53784 : E1;
  [53785..53789] : E0;
  53790 : E1;
  53791 : DA;
  53792 : C4;
  53793 : 88;
  53794 : 6A;
  53795 : F9;
  53796 : E3;
  [53797..53799] : E0;
  53800 : E1;
  53801 : E0;
  53802 : DF;
  [53803..53804] : E0;
  53805 : DF;
  [53806..53808] : E0;
  53809 : DF;
  53810 : E0;
  [53811..53822] : DF;
  53823 : E0;
  53824 : D6;
  53825 : C8;
  53826 : 64;
  53827 : 7D;
  53828 : FB;
  [53829..53830] : DF;
  [53831..53833] : DE;
  53834 : DF;
  [53835..53840] : DE;
  53841 : DF;
  [53842..53844] : DE;
  53845 : DF;
  53846 : DE;
  [53847..53848] : DF;
  [53849..53850] : DE;
  53851 : DF;
  [53852..53853] : DE;
  [53854..53856] : DF;
  53857 : DA;
  53858 : CD;
  53859 : 54;
  53860 : CD;
  53861 : ED;
  [53862..53865] : DE;
  [53866..53871] : DF;
  [53872..53873] : DE;
  53874 : DF;
  [53875..53879] : DE;
  [53880..53888] : DF;
  53889 : DC;
  53890 : D0;
  53891 : 6C;
  53892 : 4B;
  53893 : FB;
  53894 : E2;
  53895 : DE;
  [53896..53898] : DD;
  53899 : DE;
  53900 : DD;
  [53901..53907] : DE;
  [53908..53911] : DD;
  [53912..53913] : DE;
  [53914..53915] : DD;
  53916 : DE;
  53917 : DD;
  [53918..53921] : DE;
  53922 : D8;
  53923 : 9A;
  53924 : 30;
  53925 : EF;
  53926 : E7;
  53927 : DE;
  [53928..53929] : DD;
  [53930..53937] : DC;
  [53938..53940] : DB;
  [53941..53942] : DC;
  53943 : DB;
  [53944..53951] : DC;
  53952 : DB;
  53953 : DC;
  53954 : DA;
  53955 : BB;
  53956 : 3D;
  53957 : E3;
  53958 : EC;
  53959 : DE;
  53960 : DD;
  [53961..53962] : DC;
  [53963..53968] : DB;
  [53969..53970] : DC;
  [53971..53973] : DB;
  53974 : DC;
  [53975..53979] : DB;
  [53980..53984] : DC;
  53985 : DD;
  53986 : D8;
  53987 : A1;
  53988 : 35;
  53989 : E0;
  53990 : EE;
  [53991..53993] : DC;
  53994 : DB;
  [53995..53999] : DC;
  [54000..54001] : DB;
  54002 : DC;
  [54003..54004] : DB;
  54005 : DA;
  [54006..54007] : DB;
  [54008..54009] : DC;
  [54010..54013] : DB;
  54014 : DC;
  54015 : DB;
  [54016..54017] : DC;
  54018 : D9;
  54019 : 80;
  54020 : 44;
  54021 : E4;
  54022 : ED;
  [54023..54027] : DC;
  54028 : DB;
  54029 : DA;
  54030 : DB;
  54031 : DA;
  [54032..54035] : DB;
  [54036..54037] : DA;
  54038 : DB;
  54039 : DA;
  54040 : DB;
  [54041..54042] : DA;
  54043 : DB;
  [54044..54046] : DA;
  [54047..54048] : DB;
  54049 : DC;
  54050 : DB;
  54051 : 9D;
  54052 : 61;
  54053 : E7;
  54054 : E9;
  [54055..54058] : DB;
  [54059..54064] : DA;
  54065 : DB;
  [54066..54068] : DA;
  54069 : D9;
  [54070..54089] : 80;
  54090 : E9;
  54091 : E2;
  [54092..54093] : E3;
  [54094..54097] : E2;
  [54098..54101] : E1;
  [54102..54103] : E0;
  54104 : E1;
  [54105..54109] : E0;
  54110 : E1;
  54111 : D9;
  54112 : C4;
  54113 : 86;
  54114 : 6C;
  54115 : F9;
  54116 : E3;
  54117 : E1;
  [54118..54121] : E0;
  54122 : DF;
  [54123..54124] : E0;
  [54125..54137] : DF;
  [54138..54139] : DE;
  54140 : DF;
  54141 : E0;
  [54142..54143] : DF;
  54144 : D6;
  54145 : C8;
  54146 : 62;
  54147 : 80;
  54148 : FB;
  54149 : DF;
  [54150..54154] : DE;
  54155 : DF;
  [54156..54160] : DE;
  54161 : DF;
  [54162..54163] : DE;
  [54164..54169] : DF;
  54170 : DE;
  54171 : DF;
  [54172..54175] : DE;
  54176 : DF;
  54177 : D9;
  54178 : CC;
  54179 : 53;
  54180 : D0;
  54181 : ED;
  54182 : DE;
  54183 : DF;
  [54184..54186] : DE;
  [54187..54188] : DF;
  54189 : DE;
  [54190..54191] : DF;
  [54192..54193] : DE;
  54194 : DF;
  54195 : DE;
  54196 : DF;
  [54197..54200] : DE;
  [54201..54208] : DF;
  54209 : DD;
  54210 : D1;
  54211 : 6B;
  54212 : 4D;
  54213 : FB;
  54214 : E3;
  54215 : DE;
  [54216..54221] : DD;
  [54222..54224] : DE;
  54225 : DF;
  [54226..54227] : DE;
  [54228..54230] : DD;
  54231 : DC;
  54232 : DD;
  [54233..54234] : DE;
  [54235..54236] : DD;
  54237 : DC;
  54238 : DD;
  [54239..54241] : DE;
  54242 : D8;
  54243 : 9A;
  54244 : 31;
  54245 : EF;
  54246 : E7;
  [54247..54249] : DD;
  [54250..54256] : DC;
  [54257..54259] : DB;
  [54260..54273] : DC;
  54274 : DA;
  54275 : BB;
  54276 : 3E;
  54277 : E3;
  54278 : EC;
  54279 : DE;
  [54280..54282] : DD;
  [54283..54289] : DB;
  54290 : DC;
  [54291..54295] : DB;
  54296 : DC;
  [54297..54301] : DB;
  [54302..54304] : DC;
  54305 : DD;
  54306 : D8;
  54307 : A1;
  54308 : 34;
  54309 : E0;
  54310 : EE;
  [54311..54312] : DC;
  54313 : DB;
  [54314..54317] : DC;
  [54318..54324] : DB;
  54325 : DC;
  [54326..54335] : DB;
  54336 : DD;
  54337 : DC;
  54338 : D9;
  54339 : 82;
  54340 : 44;
  54341 : E4;
  54342 : EE;
  [54343..54346] : DC;
  [54347..54349] : DB;
  [54350..54353] : DA;
  54354 : DB;
  [54355..54358] : DA;
  [54359..54361] : DB;
  [54362..54366] : DA;
  [54367..54369] : DB;
  54370 : DC;
  54371 : 9F;
  54372 : 60;
  54373 : E6;
  54374 : E9;
  [54375..54378] : DB;
  [54379..54380] : D9;
  [54381..54382] : DA;
  54383 : DB;
  [54384..54385] : DA;
  54386 : D9;
  [54387..54388] : DA;
  54389 : D9;
  [54390..54409] : 80;
  54410 : E9;
  [54411..54413] : E3;
  [54414..54418] : E2;
  [54419..54421] : E1;
  54422 : E0;
  [54423..54424] : E1;
  [54425..54426] : E0;
  [54427..54428] : E1;
  54429 : E0;
  54430 : E1;
  54431 : D9;
  54432 : C3;
  54433 : 83;
  54434 : 70;
  54435 : F9;
  54436 : E4;
  54437 : E1;
  [54438..54442] : E0;
  [54443..54444] : DF;
  [54445..54451] : E0;
  [54452..54453] : DF;
  [54454..54456] : DE;
  54457 : DF;
  [54458..54459] : DE;
  [54460..54462] : DF;
  54463 : E0;
  54464 : D6;
  54465 : C7;
  54466 : 61;
  54467 : 82;
  54468 : FA;
  54469 : DE;
  [54470..54472] : DF;
  [54473..54475] : DE;
  54476 : DF;
  [54477..54479] : DE;
  54480 : DF;
  [54481..54486] : DE;
  54487 : DF;
  [54488..54489] : DE;
  54490 : DF;
  [54491..54493] : DE;
  [54494..54496] : DF;
  54497 : D9;
  54498 : CB;
  54499 : 52;
  54500 : D3;
  54501 : EE;
  [54502..54504] : DF;
  [54505..54506] : DE;
  [54507..54508] : DF;
  [54509..54511] : DE;
  54512 : DF;
  [54513..54516] : DE;
  [54517..54518] : DD;
  [54519..54520] : DE;
  [54521..54523] : DF;
  54524 : DE;
  [54525..54528] : DF;
  54529 : DD;
  54530 : D1;
  54531 : 6B;
  54532 : 4D;
  54533 : FB;
  54534 : E3;
  [54535..54536] : DE;
  [54537..54541] : DD;
  [54542..54548] : DE;
  [54549..54550] : DD;
  54551 : DC;
  [54552..54557] : DD;
  [54558..54560] : DE;
  54561 : DD;
  54562 : D7;
  54563 : 99;
  54564 : 31;
  54565 : F0;
  54566 : E6;
  [54567..54569] : DD;
  [54570..54575] : DC;
  54576 : DB;
  54577 : DC;
  54578 : DB;
  54579 : DC;
  54580 : DB;
  [54581..54586] : DC;
  54587 : DD;
  [54588..54590] : DC;
  [54591..54593] : DD;
  54594 : DA;
  54595 : BA;
  54596 : 3D;
  54597 : E4;
  54598 : EC;
  54599 : DE;
  [54600..54601] : DD;
  54602 : DB;
  [54603..54604] : DC;
  [54605..54609] : DB;
  54610 : DC;
  [54611..54617] : DB;
  54618 : DC;
  [54619..54620] : DB;
  [54621..54624] : DC;
  54625 : DD;
  54626 : D9;
  54627 : A0;
  54628 : 32;
  54629 : E0;
  54630 : EF;
  54631 : DC;
  [54632..54633] : DD;
  [54634..54638] : DC;
  [54639..54640] : DB;
  54641 : DA;
  [54642..54644] : DB;
  54645 : DC;
  [54646..54651] : DB;
  54652 : DA;
  [54653..54656] : DB;
  54657 : DC;
  54658 : DA;
  54659 : 85;
  54660 : 43;
  54661 : E3;
  54662 : EE;
  [54663..54666] : DC;
  [54667..54669] : DB;
  [54670..54671] : DA;
  54672 : DB;
  [54673..54674] : DA;
  [54675..54679] : DB;
  [54680..54684] : DA;
  [54685..54688] : DB;
  54689 : DC;
  54690 : DB;
  54691 : 9F;
  54692 : 5D;
  54693 : E5;
  54694 : E9;
  [54695..54697] : DB;
  [54698..54699] : DA;
  54700 : D9;
  [54701..54708] : DA;
  54709 : D9;
  [54710..54729] : 80;
  54730 : EA;
  [54731..54734] : E3;
  [54735..54738] : E2;
  [54739..54742] : E1;
  [54743..54749] : E0;
  54750 : E1;
  54751 : D8;
  54752 : C3;
  54753 : 81;
  54754 : 72;
  54755 : F9;
  54756 : E3;
  54757 : E1;
  [54758..54766] : E0;
  54767 : DF;
  54768 : E0;
  [54769..54770] : DF;
  54771 : DE;
  [54772..54780] : DF;
  54781 : E0;
  54782 : DF;
  54783 : E0;
  54784 : D6;
  54785 : C7;
  54786 : 5F;
  54787 : 86;
  54788 : F9;
  [54789..54791] : DF;
  [54792..54796] : DE;
  54797 : DF;
  [54798..54804] : DE;
  [54805..54806] : DD;
  [54807..54808] : DE;
  [54809..54810] : DF;
  [54811..54814] : DE;
  [54815..54816] : DF;
  54817 : D8;
  54818 : CA;
  54819 : 53;
  54820 : D5;
  54821 : ED;
  [54822..54831] : DF;
  [54832..54834] : DE;
  54835 : DF;
  [54836..54839] : DE;
  [54840..54844] : DF;
  [54845..54846] : E0;
  54847 : DF;
  54848 : E0;
  54849 : DC;
  54850 : D1;
  54851 : 6A;
  54852 : 4D;
  54853 : FB;
  54854 : E3;
  [54855..54856] : DE;
  54857 : DD;
  54858 : DC;
  [54859..54861] : DD;
  [54862..54863] : DE;
  [54864..54865] : DF;
  [54866..54867] : DE;
  [54868..54871] : DD;
  54872 : DC;
  [54873..54874] : DD;
  54875 : DE;
  54876 : DD;
  54877 : DC;
  54878 : DD;
  54879 : DE;
  [54880..54881] : DD;
  54882 : D6;
  54883 : 97;
  54884 : 31;
  54885 : F0;
  54886 : E6;
  54887 : DE;
  [54888..54889] : DD;
  [54890..54895] : DC;
  [54896..54897] : DB;
  [54898..54899] : DC;
  54900 : DB;
  [54901..54906] : DC;
  54907 : DD;
  [54908..54910] : DC;
  [54911..54913] : DD;
  54914 : DA;
  54915 : B8;
  54916 : 3D;
  54917 : E4;
  54918 : EC;
  54919 : DF;
  54920 : DD;
  [54921..54925] : DC;
  [54926..54927] : DB;
  54928 : DA;
  54929 : DB;
  [54930..54932] : DC;
  [54933..54934] : DB;
  54935 : DC;
  [54936..54939] : DB;
  [54940..54944] : DC;
  54945 : DD;
  54946 : D9;
  54947 : 9F;
  54948 : 30;
  54949 : DF;
  54950 : EE;
  [54951..54953] : DD;
  [54954..54958] : DC;
  [54959..54965] : DB;
  [54966..54967] : DA;
  [54968..54975] : DB;
  54976 : DA;
  54977 : DC;
  54978 : DA;
  54979 : 8A;
  54980 : 43;
  54981 : E3;
  54982 : EE;
  [54983..54986] : DC;
  [54987..54992] : DB;
  54993 : DA;
  [54994..54995] : DB;
  54996 : DA;
  [54997..54998] : DB;
  [54999..55002] : DA;
  [55003..55004] : D9;
  [55005..55006] : DA;
  [55007..55010] : DB;
  55011 : 9F;
  55012 : 5A;
  55013 : E4;
  55014 : E9;
  55015 : DA;
  55016 : DB;
  [55017..55020] : DA;
  55021 : D9;
  [55022..55023] : DA;
  55024 : D9;
  [55025..55029] : DA;
  [55030..55049] : 80;
  55050 : EA;
  [55051..55053] : E3;
  55054 : E2;
  55055 : E3;
  [55056..55057] : E2;
  55058 : E1;
  55059 : E2;
  [55060..55067] : E1;
  55068 : E0;
  [55069..55070] : E1;
  55071 : D7;
  55072 : C3;
  55073 : 80;
  55074 : 73;
  55075 : FA;
  55076 : E4;
  55077 : E0;
  [55078..55079] : E1;
  55080 : E0;
  [55081..55082] : DF;
  [55083..55086] : E0;
  55087 : DF;
  55088 : E0;
  [55089..55090] : DF;
  55091 : DE;
  [55092..55097] : DF;
  55098 : E0;
  55099 : DF;
  55100 : DE;
  [55101..55102] : DF;
  55103 : E0;
  55104 : D6;
  55105 : C5;
  55106 : 5E;
  55107 : 89;
  55108 : FA;
  [55109..55110] : DF;
  55111 : DE;
  55112 : DF;
  [55113..55118] : DE;
  55119 : DF;
  55120 : DD;
  55121 : DE;
  55122 : DD;
  [55123..55124] : DE;
  [55125..55126] : DD;
  [55127..55129] : DE;
  55130 : DF;
  [55131..55132] : DE;
  55133 : DF;
  55134 : DE;
  [55135..55136] : DF;
  55137 : D7;
  55138 : CA;
  55139 : 53;
  55140 : D8;
  55141 : EE;
  [55142..55144] : DF;
  55145 : DE;
  [55146..55152] : DF;
  [55153..55155] : DE;
  55156 : DD;
  [55157..55161] : DE;
  55162 : DF;
  [55163..55164] : DE;
  [55165..55168] : DF;
  55169 : DC;
  55170 : D0;
  55171 : 69;
  55172 : 4C;
  55173 : FB;
  55174 : E3;
  [55175..55177] : DE;
  [55178..55181] : DD;
  55182 : DE;
  55183 : DD;
  [55184..55186] : DE;
  [55187..55190] : DD;
  55191 : DC;
  [55192..55201] : DD;
  55202 : D6;
  55203 : 97;
  55204 : 31;
  55205 : F1;
  55206 : E7;
  [55207..55209] : DD;
  55210 : DC;
  55211 : DD;
  [55212..55216] : DC;
  55217 : DB;
  55218 : DC;
  [55219..55220] : DB;
  [55221..55228] : DC;
  [55229..55231] : DD;
  55232 : DC;
  55233 : DD;
  55234 : DA;
  55235 : B8;
  55236 : 3E;
  55237 : E4;
  55238 : EC;
  55239 : DE;
  55240 : DD;
  55241 : DC;
  55242 : DB;
  [55243..55244] : DC;
  [55245..55248] : DB;
  [55249..55254] : DC;
  [55255..55263] : DB;
  [55264..55265] : DC;
  55266 : D9;
  55267 : A1;
  55268 : 31;
  55269 : DF;
  55270 : EF;
  55271 : DC;
  [55272..55273] : DD;
  [55274..55276] : DC;
  [55277..55280] : DB;
  [55281..55287] : DA;
  55288 : DB;
  55289 : DC;
  55290 : DB;
  [55291..55292] : DA;
  [55293..55295] : DB;
  55296 : DA;
  55297 : DB;
  55298 : D9;
  55299 : 8D;
  55300 : 44;
  55301 : E1;
  55302 : EE;
  55303 : DD;
  [55304..55305] : DC;
  [55306..55312] : DB;
  55313 : DA;
  55314 : DB;
  55315 : DA;
  [55316..55317] : DB;
  55318 : DA;
  55319 : DB;
  [55320..55322] : DA;
  [55323..55324] : D9;
  [55325..55326] : DA;
  [55327..55329] : DB;
  55330 : DA;
  55331 : A0;
  55332 : 58;
  55333 : E2;
  55334 : EA;
  [55335..55338] : DB;
  55339 : D9;
  55340 : DA;
  [55341..55342] : D9;
  [55343..55347] : DA;
  55348 : D9;
  55349 : DA;
  [55350..55369] : 80;
  55370 : E9;
  [55371..55375] : E2;
  [55376..55377] : E1;
  [55378..55379] : E2;
  [55380..55382] : E1;
  55383 : E0;
  [55384..55389] : E1;
  55390 : E2;
  55391 : D8;
  55392 : C2;
  55393 : 7D;
  55394 : 74;
  55395 : FA;
  55396 : E3;
  [55397..55409] : E0;
  [55410..55417] : DF;
  55418 : E0;
  [55419..55422] : DF;
  55423 : E0;
  55424 : D5;
  55425 : C4;
  55426 : 5C;
  55427 : 8C;
  55428 : FA;
  [55429..55433] : DF;
  55434 : DE;
  [55435..55438] : DF;
  [55439..55442] : DE;
  [55443..55446] : DD;
  [55447..55449] : DE;
  55450 : DF;
  [55451..55452] : DE;
  [55453..55454] : DF;
  55455 : E0;
  55456 : DF;
  55457 : D7;
  55458 : CA;
  55459 : 54;
  55460 : DB;
  55461 : EE;
  [55462..55463] : DF;
  55464 : DE;
  [55465..55471] : DF;
  [55472..55475] : DE;
  55476 : DD;
  [55477..55479] : DE;
  [55480..55482] : DF;
  [55483..55484] : DE;
  [55485..55487] : DF;
  55488 : DE;
  55489 : DD;
  55490 : D1;
  55491 : 67;
  55492 : 4D;
  55493 : FC;
  55494 : E3;
  55495 : DE;
  55496 : DD;
  [55497..55498] : DE;
  [55499..55500] : DD;
  [55501..55505] : DE;
  [55506..55507] : DD;
  [55508..55509] : DE;
  [55510..55511] : DD;
  55512 : DC;
  [55513..55514] : DD;
  [55515..55516] : DC;
  55517 : DD;
  [55518..55519] : DC;
  [55520..55521] : DD;
  55522 : D6;
  55523 : 96;
  55524 : 2F;
  55525 : F0;
  55526 : E6;
  55527 : DD;
  55528 : DE;
  55529 : DD;
  55530 : DC;
  [55531..55532] : DD;
  [55533..55534] : DC;
  55535 : DB;
  [55536..55537] : DC;
  [55538..55539] : DB;
  [55540..55546] : DC;
  55547 : DD;
  55548 : DC;
  55549 : DD;
  [55550..55551] : DC;
  [55552..55553] : DD;
  55554 : DA;
  55555 : BA;
  55556 : 3D;
  55557 : E3;
  55558 : EC;
  55559 : DE;
  [55560..55561] : DD;
  [55562..55565] : DB;
  [55566..55567] : DC;
  55568 : DB;
  [55569..55575] : DC;
  55576 : DA;
  [55577..55578] : DB;
  [55579..55582] : DC;
  55583 : DB;
  55584 : DC;
  55585 : DD;
  55586 : DA;
  55587 : A3;
  55588 : 32;
  55589 : DF;
  55590 : EF;
  55591 : DD;
  [55592..55594] : DC;
  [55595..55600] : DB;
  55601 : DA;
  55602 : DB;
  55603 : DA;
  55604 : DB;
  [55605..55606] : DA;
  [55607..55611] : DB;
  [55612..55615] : DA;
  [55616..55617] : DB;
  55618 : D9;
  55619 : 8D;
  55620 : 44;
  55621 : DF;
  55622 : EE;
  55623 : DD;
  [55624..55625] : DC;
  [55626..55635] : DB;
  55636 : DA;
  [55637..55638] : DB;
  55639 : DA;
  55640 : DB;
  [55641..55650] : DA;
  55651 : A4;
  55652 : 5A;
  55653 : E1;
  55654 : E9;
  [55655..55656] : DB;
  [55657..55659] : DA;
  55660 : D9;
  55661 : DA;
  55662 : D9;
  [55663..55665] : DA;
  55666 : D9;
  [55667..55669] : DA;
  [55670..55689] : 80;
  55690 : E9;
  [55691..55695] : E2;
  [55696..55706] : E1;
  55707 : E0;
  [55708..55709] : E1;
  55710 : E2;
  55711 : D7;
  55712 : C2;
  55713 : 7A;
  55714 : 7C;
  55715 : FA;
  55716 : E3;
  [55717..55721] : E0;
  55722 : E1;
  55723 : E0;
  55724 : DF;
  55725 : E0;
  55726 : DF;
  [55727..55729] : E0;
  [55730..55733] : DF;
  55734 : DE;
  55735 : DF;
  [55736..55737] : E0;
  [55738..55739] : DF;
  55740 : E0;
  [55741..55743] : DF;
  55744 : D4;
  55745 : C3;
  55746 : 5B;
  55747 : 8F;
  55748 : F9;
  [55749..55750] : DF;
  55751 : DE;
  55752 : DF;
  [55753..55755] : DE;
  [55756..55758] : DF;
  55759 : DE;
  55760 : DD;
  [55761..55762] : DE;
  [55763..55766] : DD;
  [55767..55771] : DE;
  [55772..55774] : DF;
  55775 : E0;
  55776 : DF;
  55777 : D7;
  55778 : C9;
  55779 : 55;
  55780 : DF;
  55781 : ED;
  [55782..55790] : DF;
  [55791..55792] : DE;
  55793 : DF;
  [55794..55795] : DE;
  55796 : DD;
  [55797..55798] : DE;
  55799 : DD;
  [55800..55808] : DE;
  55809 : DC;
  55810 : D0;
  55811 : 65;
  55812 : 4D;
  55813 : FB;
  55814 : E3;
  [55815..55818] : DE;
  [55819..55820] : DD;
  [55821..55822] : DE;
  55823 : DD;
  [55824..55825] : DE;
  [55826..55831] : DD;
  [55832..55833] : DC;
  55834 : DD;
  [55835..55838] : DC;
  55839 : DD;
  55840 : DC;
  55841 : DD;
  55842 : D6;
  55843 : 97;
  55844 : 30;
  55845 : F1;
  55846 : E6;
  55847 : DE;
  [55848..55850] : DD;
  [55851..55857] : DC;
  [55858..55859] : DB;
  [55860..55866] : DC;
  55867 : DD;
  [55868..55871] : DC;
  [55872..55873] : DD;
  55874 : DB;
  55875 : BC;
  55876 : 3D;
  55877 : E3;
  55878 : EB;
  55879 : DE;
  55880 : DD;
  [55881..55883] : DC;
  [55884..55886] : DB;
  [55887..55894] : DC;
  [55895..55897] : DB;
  55898 : DC;
  55899 : DB;
  [55900..55902] : DC;
  55903 : DB;
  55904 : DC;
  55905 : DD;
  55906 : D9;
  55907 : A5;
  55908 : 32;
  55909 : DC;
  55910 : EF;
  55911 : DD;
  [55912..55914] : DC;
  [55915..55921] : DB;
  [55922..55926] : DA;
  55927 : DB;
  [55928..55930] : DA;
  [55931..55937] : DB;
  55938 : D9;
  55939 : 8D;
  55940 : 42;
  55941 : DE;
  55942 : ED;
  [55943..55944] : DC;
  [55945..55947] : DB;
  [55948..55949] : DA;
  [55950..55952] : DB;
  [55953..55955] : DA;
  55956 : DB;
  [55957..55958] : DA;
  55959 : DB;
  [55960..55961] : DA;
  55962 : D9;
  [55963..55966] : DA;
  55967 : D9;
  [55968..55969] : DA;
  55970 : D9;
  55971 : A8;
  55972 : 5D;
  55973 : E1;
  55974 : EA;
  [55975..55977] : DB;
  55978 : DA;
  55979 : DB;
  55980 : DA;
  [55981..55982] : D9;
  [55983..55985] : DA;
  [55986..55987] : D9;
  [55988..55989] : DA;
  [55990..56009] : 80;
  56010 : E9;
  [56011..56012] : E2;
  [56013..56023] : E1;
  [56024..56026] : E2;
  56027 : E1;
  56028 : E0;
  [56029..56030] : E2;
  56031 : D6;
  56032 : C1;
  56033 : 77;
  56034 : 80;
  56035 : FA;
  56036 : E3;
  [56037..56042] : E0;
  [56043..56046] : DF;
  56047 : E0;
  [56048..56049] : DF;
  56050 : E0;
  [56051..56053] : DF;
  [56054..56055] : E0;
  [56056..56061] : DF;
  56062 : DE;
  56063 : DF;
  56064 : D4;
  56065 : C3;
  56066 : 5B;
  56067 : 91;
  56068 : F9;
  [56069..56070] : DF;
  [56071..56073] : DE;
  56074 : DF;
  [56075..56079] : DE;
  56080 : DD;
  [56081..56082] : DE;
  [56083..56085] : DD;
  [56086..56087] : DE;
  56088 : DD;
  [56089..56093] : DE;
  [56094..56095] : DF;
  56096 : E0;
  56097 : D7;
  56098 : C9;
  56099 : 54;
  56100 : E1;
  56101 : ED;
  [56102..56105] : DF;
  56106 : DE;
  [56107..56110] : DF;
  [56111..56112] : DE;
  [56113..56114] : DF;
  56115 : DE;
  56116 : DF;
  56117 : DE;
  [56118..56120] : DD;
  [56121..56123] : DE;
  56124 : DD;
  [56125..56128] : DE;
  56129 : DC;
  56130 : CF;
  56131 : 61;
  56132 : 4E;
  56133 : FB;
  56134 : E3;
  [56135..56136] : DE;
  56137 : DD;
  56138 : DE;
  [56139..56142] : DD;
  56143 : DE;
  [56144..56150] : DD;
  56151 : DC;
  [56152..56153] : DD;
  56154 : DC;
  56155 : DD;
  [56156..56157] : DC;
  56158 : DD;
  [56159..56160] : DC;
  56161 : DD;
  56162 : D7;
  56163 : 98;
  56164 : 31;
  56165 : F1;
  56166 : E5;
  56167 : DE;
  56168 : DD;
  56169 : DC;
  56170 : DD;
  [56171..56176] : DC;
  [56177..56178] : DB;
  [56179..56181] : DC;
  56182 : DD;
  [56183..56189] : DC;
  [56190..56191] : DD;
  56192 : DE;
  56193 : DD;
  56194 : DB;
  56195 : BD;
  56196 : 3E;
  56197 : E4;
  56198 : EC;
  [56199..56200] : DD;
  [56201..56205] : DC;
  [56206..56207] : DB;
  [56208..56214] : DC;
  [56215..56219] : DB;
  [56220..56223] : DC;
  [56224..56225] : DD;
  56226 : D9;
  56227 : A5;
  56228 : 31;
  56229 : DB;
  56230 : EE;
  [56231..56233] : DC;
  [56234..56235] : DB;
  [56236..56237] : DC;
  [56238..56241] : DB;
  [56242..56249] : DA;
  [56250..56253] : DB;
  [56254..56255] : DA;
  [56256..56257] : DB;
  56258 : D9;
  56259 : 8C;
  56260 : 3F;
  56261 : DC;
  56262 : EE;
  56263 : DD;
  56264 : DC;
  [56265..56266] : DB;
  [56267..56269] : DA;
  56270 : DB;
  [56271..56272] : DA;
  [56273..56274] : DB;
  56275 : DA;
  [56276..56280] : DB;
  [56281..56289] : DA;
  56290 : D8;
  56291 : A9;
  56292 : 5B;
  56293 : DF;
  56294 : EA;
  [56295..56296] : DB;
  [56297..56299] : DA;
  56300 : D9;
  [56301..56302] : DA;
  [56303..56304] : D9;
  56305 : DA;
  [56306..56307] : D9;
  [56308..56309] : DA;
  [56310..56329] : 80;
  56330 : E8;
  56331 : E1;
  56332 : E2;
  [56333..56340] : E1;
  56341 : E0;
  [56342..56343] : E1;
  56344 : E2;
  [56345..56349] : E1;
  56350 : E2;
  56351 : D6;
  56352 : C0;
  56353 : 76;
  56354 : 82;
  56355 : FA;
  56356 : E2;
  56357 : E1;
  [56358..56365] : E0;
  56366 : DF;
  [56367..56368] : E0;
  [56369..56370] : DF;
  56371 : E0;
  [56372..56374] : DF;
  56375 : E0;
  [56376..56378] : DF;
  56379 : DE;
  [56380..56382] : DF;
  56383 : E0;
  56384 : D4;
  56385 : C3;
  56386 : 5C;
  56387 : 93;
  56388 : F8;
  56389 : E0;
  56390 : DF;
  56391 : DE;
  56392 : DF;
  [56393..56400] : DE;
  [56401..56406] : DD;
  [56407..56411] : DE;
  [56412..56416] : DF;
  56417 : D7;
  56418 : C7;
  56419 : 53;
  56420 : E4;
  56421 : EC;
  [56422..56428] : DF;
  56429 : DE;
  [56430..56431] : DF;
  [56432..56433] : DE;
  56434 : DF;
  [56435..56437] : DE;
  [56438..56441] : DD;
  56442 : DE;
  [56443..56444] : DD;
  [56445..56446] : DE;
  56447 : DD;
  56448 : DE;
  56449 : DC;
  56450 : CF;
  56451 : 60;
  56452 : 4F;
  56453 : FC;
  56454 : E3;
  [56455..56456] : DD;
  [56457..56458] : DE;
  56459 : DD;
  56460 : DC;
  [56461..56464] : DD;
  [56465..56470] : DC;
  [56471..56472] : DD;
  [56473..56474] : DC;
  56475 : DD;
  [56476..56477] : DC;
  56478 : DD;
  56479 : DC;
  [56480..56481] : DD;
  56482 : D6;
  56483 : 97;
  56484 : 33;
  56485 : F3;
  56486 : E5;
  [56487..56488] : DE;
  [56489..56491] : DD;
  [56492..56494] : DC;
  [56495..56496] : DB;
  56497 : DC;
  56498 : DB;
  [56499..56505] : DC;
  56506 : DB;
  [56507..56512] : DC;
  56513 : DD;
  56514 : DA;
  56515 : BD;
  56516 : 3F;
  56517 : E5;
  56518 : EB;
  [56519..56521] : DD;
  56522 : DC;
  [56523..56526] : DB;
  56527 : DC;
  56528 : DB;
  [56529..56535] : DC;
  [56536..56537] : DB;
  [56538..56545] : DC;
  56546 : D9;
  56547 : A3;
  56548 : 30;
  56549 : DA;
  56550 : ED;
  56551 : DB;
  56552 : DC;
  [56553..56556] : DB;
  [56557..56558] : DC;
  56559 : DB;
  [56560..56565] : DA;
  56566 : D9;
  [56567..56570] : DA;
  56571 : DB;
  56572 : DA;
  [56573..56577] : DB;
  56578 : D8;
  56579 : 8B;
  56580 : 3C;
  56581 : DB;
  56582 : EF;
  56583 : DC;
  [56584..56585] : DB;
  [56586..56587] : DA;
  [56588..56589] : D9;
  [56590..56598] : DA;
  56599 : DB;
  [56600..56602] : DA;
  [56603..56604] : DB;
  56605 : DA;
  [56606..56607] : D9;
  [56608..56609] : DA;
  56610 : D8;
  56611 : A9;
  56612 : 57;
  56613 : DC;
  56614 : EA;
  [56615..56617] : DB;
  56618 : DA;
  56619 : D9;
  [56620..56621] : DA;
  [56622..56624] : D9;
  [56625..56629] : DA;
  [56630..56649] : 80;
  56650 : E8;
  56651 : E1;
  56652 : E2;
  [56653..56657] : E1;
  [56658..56661] : E0;
  [56662..56663] : E1;
  [56664..56667] : E2;
  56668 : E1;
  [56669..56670] : E2;
  56671 : D5;
  56672 : C0;
  56673 : 75;
  56674 : 84;
  56675 : FA;
  56676 : E2;
  [56677..56678] : E1;
  [56679..56685] : E0;
  [56686..56687] : DF;
  [56688..56689] : E0;
  56690 : DF;
  [56691..56693] : E0;
  56694 : DF;
  [56695..56697] : E0;
  [56698..56700] : DF;
  56701 : DE;
  [56702..56703] : DF;
  56704 : D3;
  56705 : C4;
  56706 : 5C;
  56707 : 96;
  56708 : F8;
  56709 : DF;
  [56710..56713] : DE;
  [56714..56715] : DF;
  [56716..56718] : DE;
  [56719..56727] : DD;
  56728 : DE;
  [56729..56731] : DD;
  56732 : DE;
  56733 : DF;
  56734 : E0;
  [56735..56736] : DF;
  56737 : D6;
  56738 : C6;
  56739 : 52;
  56740 : E5;
  56741 : EA;
  [56742..56745] : DE;
  [56746..56748] : DF;
  [56749..56753] : DE;
  56754 : DF;
  56755 : DE;
  56756 : DF;
  [56757..56758] : DE;
  56759 : DD;
  [56760..56762] : DE;
  [56763..56764] : DD;
  [56765..56767] : DE;
  56768 : DF;
  56769 : DC;
  56770 : CF;
  56771 : 5E;
  56772 : 4E;
  56773 : FC;
  56774 : E2;
  56775 : DE;
  [56776..56785] : DD;
  [56786..56787] : DC;
  56788 : DB;
  56789 : DC;
  [56790..56791] : DD;
  [56792..56795] : DC;
  56796 : DD;
  56797 : DE;
  [56798..56801] : DD;
  56802 : D6;
  56803 : 96;
  56804 : 33;
  56805 : F3;
  56806 : E5;
  [56807..56809] : DD;
  [56810..56814] : DC;
  [56815..56816] : DB;
  56817 : DC;
  56818 : DB;
  [56819..56820] : DC;
  [56821..56823] : DD;
  56824 : DC;
  56825 : DB;
  [56826..56833] : DC;
  56834 : DB;
  56835 : BC;
  56836 : 3F;
  56837 : E6;
  56838 : EB;
  [56839..56840] : DD;
  56841 : DC;
  [56842..56845] : DB;
  [56846..56847] : DC;
  [56848..56849] : DB;
  [56850..56852] : DC;
  [56853..56854] : DB;
  56855 : DC;
  56856 : DB;
  56857 : DC;
  [56858..56860] : DB;
  [56861..56862] : DC;
  56863 : DB;
  56864 : DC;
  56865 : DD;
  56866 : D9;
  56867 : A4;
  56868 : 2E;
  56869 : D9;
  56870 : ED;
  56871 : DA;
  56872 : DB;
  56873 : DA;
  [56874..56876] : DB;
  [56877..56879] : DC;
  56880 : DB;
  [56881..56887] : DA;
  [56888..56893] : DB;
  56894 : DA;
  [56895..56896] : DB;
  56897 : DC;
  56898 : D9;
  56899 : 8B;
  56900 : 39;
  56901 : D9;
  56902 : F0;
  56903 : DC;
  [56904..56905] : DB;
  56906 : DA;
  [56907..56908] : D9;
  56909 : DA;
  56910 : D9;
  [56911..56918] : DA;
  56919 : DB;
  56920 : DA;
  [56921..56924] : DB;
  [56925..56926] : DA;
  [56927..56928] : D9;
  56929 : DA;
  56930 : D8;
  56931 : AB;
  56932 : 54;
  56933 : DA;
  56934 : EB;
  [56935..56936] : DA;
  56937 : D9;
  56938 : DA;
  [56939..56940] : D9;
  [56941..56942] : DA;
  [56943..56947] : D9;
  56948 : DA;
  56949 : D9;
  [56950..56969] : 80;
  56970 : E8;
  [56971..56975] : E1;
  56976 : E0;
  [56977..56978] : E1;
  [56979..56981] : E0;
  [56982..56985] : E1;
  56986 : E2;
  [56987..56989] : E1;
  56990 : E2;
  56991 : D4;
  56992 : C0;
  56993 : 75;
  56994 : 86;
  56995 : FA;
  56996 : E2;
  [56997..56998] : E1;
  [56999..57000] : E0;
  57001 : E1;
  [57002..57003] : E0;
  57004 : DF;
  57005 : E0;
  [57006..57008] : DF;
  [57009..57010] : E0;
  [57011..57013] : DF;
  [57014..57017] : E0;
  [57018..57019] : DF;
  57020 : DE;
  [57021..57023] : DF;
  57024 : D4;
  57025 : C5;
  57026 : 5C;
  57027 : 97;
  57028 : F7;
  [57029..57031] : DF;
  57032 : DE;
  57033 : DD;
  [57034..57036] : DE;
  57037 : DD;
  [57038..57039] : DE;
  [57040..57048] : DD;
  [57049..57052] : DE;
  57053 : DF;
  [57054..57056] : E0;
  57057 : D6;
  57058 : C6;
  57059 : 50;
  57060 : E6;
  57061 : EA;
  57062 : DE;
  57063 : DF;
  57064 : DE;
  [57065..57069] : DF;
  [57070..57071] : DE;
  [57072..57078] : DF;
  57079 : DD;
  [57080..57082] : DE;
  57083 : DD;
  [57084..57087] : DE;
  57088 : DF;
  57089 : DC;
  57090 : CF;
  57091 : 5E;
  57092 : 4E;
  57093 : FC;
  57094 : E2;
  57095 : DD;
  57096 : DC;
  [57097..57099] : DD;
  57100 : DE;
  [57101..57102] : DD;
  57103 : DC;
  57104 : DE;
  57105 : DD;
  [57106..57108] : DC;
  [57109..57110] : DD;
  [57111..57112] : DC;
  [57113..57114] : DD;
  [57115..57116] : DC;
  [57117..57121] : DD;
  57122 : D7;
  57123 : 97;
  57124 : 32;
  57125 : F3;
  57126 : E5;
  [57127..57128] : DC;
  57129 : DD;
  [57130..57131] : DC;
  57132 : DB;
  [57133..57134] : DC;
  [57135..57139] : DB;
  [57140..57141] : DC;
  [57142..57143] : DD;
  [57144..57148] : DC;
  57149 : DB;
  57150 : DC;
  57151 : DB;
  57152 : DC;
  57153 : DD;
  57154 : DB;
  57155 : BC;
  57156 : 3F;
  57157 : E6;
  57158 : EC;
  57159 : DD;
  57160 : DC;
  57161 : DB;
  [57162..57163] : DC;
  [57164..57166] : DB;
  [57167..57169] : DC;
  57170 : DB;
  57171 : DC;
  [57172..57178] : DB;
  [57179..57185] : DC;
  57186 : D8;
  57187 : A4;
  57188 : 2E;
  57189 : D8;
  57190 : EE;
  [57191..57197] : DB;
  [57198..57199] : DC;
  57200 : DA;
  [57201..57203] : DB;
  [57204..57208] : DA;
  [57209..57216] : DB;
  57217 : DC;
  57218 : D9;
  57219 : 8D;
  57220 : 39;
  57221 : D7;
  57222 : EF;
  57223 : DC;
  [57224..57225] : DB;
  57226 : DA;
  [57227..57234] : D9;
  [57235..57238] : DA;
  [57239..57240] : DB;
  57241 : DA;
  57242 : DB;
  57243 : DA;
  [57244..57245] : DB;
  57246 : DA;
  [57247..57249] : D9;
  57250 : D7;
  57251 : AC;
  57252 : 54;
  57253 : D9;
  57254 : EB;
  [57255..57256] : D9;
  57257 : DA;
  [57258..57267] : D9;
  [57268..57269] : DA;
  [57270..57289] : 80;
  57290 : E8;
  57291 : E0;
  [57292..57298] : E1;
  57299 : E0;
  [57300..57302] : E1;
  57303 : E0;
  [57304..57310] : E1;
  57311 : D4;
  57312 : C0;
  57313 : 74;
  57314 : 87;
  57315 : FA;
  57316 : E2;
  [57317..57318] : E1;
  [57319..57323] : E0;
  [57324..57326] : DF;
  57327 : E0;
  [57328..57331] : DF;
  57332 : E0;
  [57333..57335] : DF;
  57336 : E0;
  [57337..57338] : DF;
  [57339..57340] : DE;
  [57341..57342] : DF;
  57343 : E0;
  57344 : D4;
  57345 : C5;
  57346 : 5B;
  57347 : 98;
  57348 : F7;
  57349 : DF;
  57350 : DE;
  [57351..57352] : DF;
  [57353..57358] : DE;
  [57359..57367] : DD;
  [57368..57370] : DE;
  57371 : DD;
  57372 : DE;
  57373 : DF;
  [57374..57376] : E0;
  57377 : D7;
  57378 : C5;
  57379 : 4F;
  57380 : E7;
  57381 : EA;
  [57382..57384] : DE;
  [57385..57397] : DF;
  [57398..57401] : DE;
  [57402..57404] : DD;
  [57405..57406] : DE;
  [57407..57408] : DF;
  57409 : DC;
  57410 : CF;
  57411 : 5D;
  57412 : 4D;
  57413 : FC;
  57414 : E2;
  [57415..57424] : DD;
  57425 : DE;
  [57426..57427] : DD;
  57428 : DC;
  [57429..57431] : DD;
  57432 : DC;
  [57433..57438] : DD;
  [57439..57440] : DC;
  57441 : DD;
  57442 : D7;
  57443 : 95;
  57444 : 31;
  57445 : F3;
  57446 : E4;
  [57447..57450] : DC;
  [57451..57452] : DB;
  [57453..57454] : DC;
  57455 : DB;
  57456 : DC;
  57457 : DB;
  [57458..57459] : DC;
  [57460..57461] : DB;
  [57462..57466] : DC;
  [57467..57468] : DB;
  [57469..57470] : DC;
  [57471..57472] : DB;
  57473 : DC;
  57474 : DB;
  57475 : BB;
  57476 : 3D;
  57477 : E5;
  57478 : EC;
  57479 : DD;
  [57480..57482] : DC;
  [57483..57486] : DB;
  [57487..57488] : DC;
  57489 : DB;
  [57490..57491] : DC;
  [57492..57495] : DB;
  [57496..57504] : DC;
  57505 : DD;
  57506 : D9;
  57507 : A6;
  57508 : 2D;
  57509 : D7;
  57510 : EE;
  57511 : DB;
  [57512..57513] : DA;
  [57514..57523] : DB;
  [57524..57525] : DA;
  57526 : DB;
  57527 : DA;
  [57528..57531] : DB;
  57532 : DC;
  [57533..57536] : DB;
  57537 : DC;
  57538 : D9;
  57539 : 8E;
  57540 : 37;
  57541 : D4;
  57542 : EF;
  57543 : DB;
  [57544..57546] : DA;
  [57547..57548] : D9;
  57549 : D8;
  [57550..57553] : D9;
  [57554..57558] : DA;
  [57559..57564] : DB;
  [57565..57566] : DA;
  57567 : D9;
  57568 : DA;
  57569 : D9;
  57570 : D7;
  57571 : AD;
  57572 : 54;
  57573 : D8;
  57574 : EA;
  [57575..57578] : D9;
  [57579..57580] : D8;
  [57581..57587] : D9;
  [57588..57589] : DA;
  [57590..57609] : 80;
  57610 : E7;
  57611 : E0;
  57612 : E1;
  [57613..57614] : E2;
  [57615..57620] : E1;
  [57621..57622] : E0;
  [57623..57630] : E1;
  57631 : D4;
  57632 : BE;
  57633 : 72;
  57634 : 8A;
  57635 : FA;
  57636 : E2;
  [57637..57639] : E1;
  [57640..57642] : E0;
  57643 : DF;
  57644 : E0;
  [57645..57658] : DF;
  57659 : DE;
  [57660..57662] : DF;
  57663 : E0;
  57664 : D4;
  57665 : C5;
  57666 : 5A;
  57667 : 9A;
  57668 : F6;
  57669 : DF;
  [57670..57671] : DE;
  57672 : DF;
  [57673..57680] : DE;
  [57681..57684] : DD;
  57685 : DC;
  [57686..57689] : DD;
  57690 : DE;
  57691 : DD;
  57692 : DE;
  [57693..57695] : DF;
  57696 : E0;
  57697 : D6;
  57698 : C5;
  57699 : 4E;
  57700 : E8;
  57701 : E9;
  [57702..57703] : DE;
  [57704..57711] : DF;
  57712 : DE;
  [57713..57714] : DF;
  [57715..57718] : DE;
  57719 : DD;
  57720 : DE;
  57721 : DD;
  [57722..57727] : DE;
  57728 : DF;
  57729 : DC;
  57730 : CE;
  57731 : 5C;
  57732 : 4E;
  57733 : FB;
  57734 : E2;
  [57735..57736] : DD;
  57737 : DE;
  [57738..57743] : DD;
  57744 : DC;
  [57745..57746] : DD;
  [57747..57750] : DC;
  [57751..57752] : DD;
  57753 : DC;
  [57754..57760] : DD;
  57761 : DE;
  57762 : D7;
  57763 : 94;
  57764 : 31;
  57765 : F2;
  57766 : E3;
  [57767..57768] : DC;
  [57769..57771] : DB;
  57772 : DC;
  57773 : DB;
  [57774..57776] : DC;
  57777 : DB;
  [57778..57779] : DC;
  57780 : DB;
  [57781..57782] : DC;
  [57783..57784] : DB;
  [57785..57787] : DC;
  57788 : DB;
  [57789..57793] : DC;
  57794 : DB;
  57795 : BB;
  57796 : 3E;
  57797 : E5;
  57798 : EB;
  57799 : DD;
  [57800..57801] : DC;
  [57802..57804] : DB;
  57805 : DC;
  [57806..57807] : DB;
  57808 : DC;
  57809 : DB;
  [57810..57811] : DC;
  [57812..57815] : DB;
  [57816..57824] : DC;
  57825 : DD;
  57826 : D9;
  57827 : A9;
  57828 : 2E;
  57829 : D6;
  57830 : EE;
  [57831..57836] : DA;
  [57837..57848] : DB;
  57849 : DC;
  57850 : DB;
  [57851..57852] : DC;
  [57853..57856] : DB;
  57857 : DC;
  57858 : D9;
  57859 : 90;
  57860 : 36;
  57861 : D3;
  57862 : EF;
  57863 : DB;
  [57864..57867] : DA;
  57868 : D9;
  57869 : D8;
  [57870..57873] : D9;
  [57874..57878] : DA;
  [57879..57884] : DB;
  [57885..57888] : DA;
  57889 : D9;
  57890 : D8;
  57891 : AE;
  57892 : 54;
  57893 : D7;
  57894 : EB;
  57895 : DA;
  [57896..57898] : D9;
  [57899..57902] : D8;
  [57903..57907] : D9;
  [57908..57909] : DA;
  [57910..57929] : 80;
  57930 : E7;
  57931 : E0;
  57932 : E2;
  57933 : E1;
  57934 : E2;
  [57935..57940] : E1;
  [57941..57942] : E0;
  57943 : E1;
  57944 : E0;
  [57945..57948] : E1;
  57949 : E0;
  57950 : E1;
  57951 : D3;
  57952 : BD;
  57953 : 71;
  57954 : 8E;
  57955 : FA;
  57956 : E2;
  [57957..57960] : E1;
  [57961..57964] : E0;
  [57965..57979] : DF;
  57980 : E0;
  57981 : DF;
  [57982..57983] : E0;
  57984 : D4;
  57985 : C4;
  57986 : 59;
  57987 : 9D;
  57988 : F7;
  57989 : E0;
  [57990..57991] : DF;
  [57992..57993] : DE;
  57994 : DF;
  [57995..57997] : DE;
  57998 : DF;
  [57999..58001] : DE;
  [58002..58003] : DD;
  [58004..58006] : DC;
  [58007..58008] : DD;
  58009 : DC;
  [58010..58011] : DD;
  [58012..58013] : DE;
  [58014..58016] : DF;
  58017 : D6;
  58018 : C4;
  58019 : 4D;
  58020 : E9;
  58021 : EA;
  [58022..58023] : DF;
  58024 : DE;
  [58025..58033] : DF;
  [58034..58037] : DE;
  58038 : DD;
  [58039..58047] : DE;
  58048 : DF;
  58049 : DB;
  58050 : CD;
  58051 : 5F;
  58052 : 53;
  58053 : FC;
  58054 : E1;
  [58055..58057] : DD;
  [58058..58068] : DC;
  [58069..58071] : DD;
  [58072..58073] : DC;
  58074 : DD;
  58075 : DC;
  [58076..58081] : DD;
  58082 : D7;
  58083 : 95;
  58084 : 32;
  58085 : F3;
  58086 : E4;
  [58087..58088] : DC;
  58089 : DB;
  [58090..58092] : DC;
  [58093..58094] : DB;
  [58095..58099] : DC;
  [58100..58103] : DB;
  [58104..58105] : DC;
  58106 : DB;
  58107 : DC;
  [58108..58110] : DB;
  [58111..58113] : DC;
  58114 : DB;
  58115 : BC;
  58116 : 3E;
  58117 : E4;
  58118 : EA;
  [58119..58120] : DD;
  58121 : DC;
  58122 : DB;
  58123 : DC;
  58124 : DB;
  [58125..58128] : DC;
  [58129..58131] : DB;
  [58132..58133] : DC;
  [58134..58137] : DB;
  [58138..58144] : DC;
  58145 : DD;
  58146 : DA;
  58147 : A9;
  58148 : 2F;
  58149 : D4;
  58150 : EE;
  [58151..58156] : DA;
  [58157..58158] : DB;
  58159 : DC;
  [58160..58163] : DB;
  58164 : DC;
  [58165..58169] : DB;
  58170 : DC;
  [58171..58176] : DB;
  58177 : DC;
  58178 : D9;
  58179 : 94;
  58180 : 36;
  58181 : D3;
  58182 : F0;
  58183 : DB;
  [58184..58185] : DA;
  58186 : D9;
  58187 : DA;
  [58188..58191] : D9;
  58192 : DA;
  58193 : D9;
  [58194..58202] : DA;
  [58203..58204] : DB;
  [58205..58206] : DA;
  58207 : D9;
  [58208..58209] : DA;
  58210 : D8;
  58211 : B0;
  58212 : 52;
  58213 : D6;
  58214 : EB;
  58215 : D9;
  58216 : D8;
  [58217..58219] : D9;
  [58220..58221] : D8;
  58222 : D9;
  [58223..58225] : D8;
  [58226..58228] : D9;
  58229 : DA;
  [58230..58249] : 80;
  58250 : E7;
  58251 : E0;
  58252 : E1;
  58253 : E2;
  [58254..58257] : E1;
  [58258..58259] : E0;
  58260 : E1;
  58261 : E0;
  58262 : E1;
  58263 : E0;
  58264 : E1;
  [58265..58266] : E0;
  [58267..58269] : E1;
  58270 : E2;
  58271 : D2;
  58272 : BD;
  58273 : 70;
  58274 : 92;
  58275 : FA;
  58276 : E2;
  [58277..58278] : E0;
  58279 : E1;
  58280 : E0;
  58281 : DF;
  [58282..58283] : E0;
  58284 : DF;
  58285 : DE;
  58286 : DF;
  [58287..58288] : E0;
  [58289..58291] : DF;
  58292 : DE;
  [58293..58297] : DF;
  [58298..58300] : E0;
  58301 : DF;
  58302 : E0;
  58303 : E1;
  58304 : D4;
  58305 : C4;
  58306 : 57;
  58307 : A1;
  58308 : F7;
  58309 : E0;
  58310 : DF;
  [58311..58319] : DE;
  58320 : DF;
  [58321..58322] : DE;
  [58323..58325] : DD;
  58326 : DC;
  58327 : DD;
  58328 : DC;
  [58329..58331] : DD;
  [58332..58333] : DE;
  [58334..58335] : DF;
  58336 : E0;
  58337 : D6;
  58338 : C4;
  58339 : 4D;
  58340 : E9;
  58341 : EA;
  [58342..58343] : DE;
  [58344..58346] : DF;
  58347 : DE;
  [58348..58349] : DF;
  [58350..58352] : DE;
  [58353..58354] : DF;
  [58355..58359] : DE;
  58360 : DD;
  [58361..58366] : DE;
  [58367..58368] : DF;
  58369 : DB;
  58370 : CD;
  58371 : 60;
  58372 : 58;
  58373 : FC;
  58374 : E2;
  [58375..58378] : DD;
  [58379..58384] : DC;
  58385 : DD;
  [58386..58387] : DC;
  [58388..58390] : DD;
  [58391..58392] : DC;
  [58393..58395] : DD;
  58396 : DC;
  [58397..58398] : DD;
  58399 : DC;
  58400 : DD;
  58401 : DE;
  58402 : D7;
  58403 : 95;
  58404 : 34;
  58405 : F5;
  58406 : E4;
  58407 : DC;
  58408 : DD;
  [58409..58417] : DC;
  [58418..58419] : DB;
  [58420..58421] : DC;
  58422 : DB;
  [58423..58426] : DC;
  [58427..58431] : DB;
  [58432..58433] : DC;
  58434 : DA;
  58435 : BB;
  58436 : 3C;
  58437 : E4;
  58438 : EA;
  58439 : DD;
  [58440..58441] : DC;
  [58442..58444] : DB;
  58445 : DC;
  [58446..58453] : DB;
  [58454..58455] : DC;
  [58456..58457] : DB;
  [58458..58462] : DC;
  [58463..58464] : DD;
  58465 : DE;
  58466 : DA;
  58467 : A8;
  58468 : 2F;
  58469 : D5;
  58470 : EF;
  [58471..58472] : DB;
  [58473..58476] : DA;
  [58477..58489] : DB;
  58490 : DA;
  [58491..58493] : DB;
  [58494..58495] : DA;
  58496 : DB;
  58497 : DC;
  58498 : D9;
  58499 : 97;
  58500 : 35;
  58501 : D3;
  58502 : F1;
  58503 : DB;
  [58504..58505] : DA;
  [58506..58508] : D9;
  [58509..58510] : DA;
  58511 : D9;
  58512 : DA;
  58513 : D9;
  [58514..58522] : DA;
  [58523..58525] : DB;
  [58526..58529] : DA;
  58530 : D9;
  58531 : B1;
  58532 : 50;
  58533 : D5;
  58534 : EC;
  58535 : D8;
  [58536..58537] : D9;
  [58538..58541] : D8;
  58542 : D9;
  [58543..58545] : D8;
  [58546..58549] : D9;
  [58550..58569] : 80;
  58570 : E8;
  58571 : E1;
  [58572..58574] : E2;
  [58575..58578] : E1;
  [58579..58585] : E0;
  [58586..58589] : E1;
  58590 : E2;
  58591 : D2;
  58592 : BE;
  58593 : 6E;
  58594 : 95;
  58595 : FA;
  58596 : E2;
  [58597..58599] : E0;
  [58600..58601] : DF;
  [58602..58604] : E0;
  [58605..58609] : DF;
  58610 : DE;
  [58611..58613] : DF;
  58614 : E0;
  [58615..58616] : DF;
  [58617..58618] : E0;
  58619 : E1;
  [58620..58623] : E0;
  58624 : D3;
  58625 : C4;
  58626 : 55;
  58627 : A2;
  58628 : F6;
  58629 : E0;
  58630 : DF;
  58631 : DE;
  58632 : DF;
  [58633..58636] : DE;
  [58637..58638] : DF;
  [58639..58642] : DE;
  [58643..58646] : DD;
  [58647..58648] : DC;
  58649 : DD;
  [58650..58652] : DE;
  [58653..58655] : DF;
  58656 : E0;
  58657 : D6;
  58658 : C4;
  58659 : 4C;
  [58660..58661] : EA;
  58662 : DF;
  58663 : DE;
  [58664..58665] : DF;
  [58666..58670] : DE;
  [58671..58674] : DF;
  [58675..58677] : DE;
  58678 : DD;
  [58679..58686] : DE;
  [58687..58688] : DF;
  58689 : DB;
  58690 : CC;
  58691 : 5E;
  58692 : 59;
  58693 : FC;
  58694 : E1;
  [58695..58697] : DD;
  [58698..58704] : DC;
  58705 : DD;
  [58706..58707] : DC;
  58708 : DD;
  [58709..58712] : DC;
  58713 : DD;
  [58714..58717] : DC;
  [58718..58721] : DD;
  58722 : D6;
  58723 : 95;
  58724 : 36;
  58725 : F6;
  58726 : E5;
  58727 : DC;
  58728 : DD;
  [58729..58738] : DC;
  [58739..58743] : DB;
  58744 : DC;
  58745 : DB;
  58746 : DC;
  [58747..58749] : DB;
  58750 : DC;
  58751 : DB;
  [58752..58753] : DC;
  58754 : DA;
  58755 : BC;
  58756 : 3C;
  58757 : E3;
  58758 : EB;
  58759 : DD;
  58760 : DC;
  [58761..58764] : DB;
  [58765..58766] : DC;
  58767 : DB;
  58768 : DC;
  [58769..58773] : DB;
  58774 : DC;
  [58775..58777] : DB;
  [58778..58783] : DC;
  58784 : DD;
  58785 : DE;
  58786 : D9;
  58787 : A8;
  58788 : 30;
  58789 : D5;
  58790 : F0;
  58791 : DC;
  [58792..58796] : DB;
  58797 : DC;
  [58798..58807] : DB;
  58808 : DA;
  58809 : DB;
  [58810..58811] : DA;
  58812 : DB;
  58813 : DA;
  [58814..58816] : DB;
  58817 : DC;
  58818 : D9;
  58819 : 98;
  58820 : 35;
  58821 : D2;
  58822 : F2;
  58823 : DD;
  58824 : DA;
  [58825..58827] : D9;
  58828 : DA;
  [58829..58834] : D9;
  [58835..58836] : DA;
  58837 : D9;
  [58838..58840] : DA;
  58841 : D9;
  [58842..58843] : DA;
  58844 : DB;
  [58845..58849] : DA;
  58850 : D8;
  58851 : B2;
  58852 : 4E;
  58853 : D4;
  58854 : ED;
  [58855..58857] : D9;
  [58858..58861] : D8;
  58862 : D9;
  58863 : D8;
  58864 : D9;
  58865 : D8;
  [58866..58869] : D9;
  [58870..58889] : 80;
  58890 : E8;
  [58891..58893] : E1;
  58894 : E2;
  [58895..58899] : E1;
  [58900..58902] : E0;
  58903 : E1;
  58904 : E0;
  [58905..58909] : E1;
  58910 : E2;
  58911 : D2;
  58912 : BF;
  58913 : 6F;
  58914 : 96;
  58915 : FA;
  58916 : E1;
  [58917..58919] : E0;
  [58920..58925] : DF;
  58926 : E0;
  [58927..58933] : DF;
  58934 : E0;
  58935 : DF;
  [58936..58938] : E0;
  58939 : E1;
  [58940..58943] : E0;
  58944 : D3;
  58945 : C4;
  58946 : 53;
  58947 : A1;
  58948 : F6;
  58949 : E0;
  [58950..58953] : DE;
  58954 : DD;
  [58955..58956] : DE;
  58957 : DF;
  58958 : DE;
  58959 : DF;
  [58960..58962] : DE;
  [58963..58967] : DD;
  58968 : DC;
  [58969..58971] : DD;
  58972 : DE;
  [58973..58974] : DF;
  [58975..58976] : E0;
  58977 : D6;
  58978 : C4;
  58979 : 4C;
  58980 : EA;
  58981 : E9;
  [58982..58986] : DF;
  [58987..58992] : DE;
  58993 : DF;
  [58994..58997] : DE;
  [58998..58999] : DD;
  [59000..59001] : DE;
  59002 : DD;
  [59003..59005] : DE;
  59006 : DF;
  59007 : DE;
  59008 : DF;
  59009 : DA;
  59010 : CD;
  59011 : 5F;
  59012 : 58;
  59013 : FC;
  59014 : E2;
  [59015..59016] : DD;
  [59017..59018] : DC;
  59019 : DB;
  [59020..59025] : DC;
  59026 : DB;
  [59027..59028] : DC;
  59029 : DD;
  [59030..59036] : DC;
  59037 : DB;
  [59038..59039] : DC;
  59040 : DD;
  59041 : DE;
  59042 : D6;
  59043 : 96;
  59044 : 35;
  59045 : F6;
  59046 : E5;
  [59047..59048] : DD;
  [59049..59059] : DC;
  [59060..59065] : DB;
  [59066..59073] : DC;
  59074 : D9;
  59075 : BB;
  59076 : 3C;
  59077 : E3;
  59078 : EB;
  59079 : DD;
  [59080..59081] : DC;
  [59082..59084] : DB;
  [59085..59086] : DC;
  [59087..59088] : DB;
  59089 : DC;
  [59090..59093] : DB;
  [59094..59096] : DC;
  59097 : DB;
  [59098..59102] : DC;
  [59103..59105] : DD;
  59106 : D8;
  59107 : A8;
  59108 : 2F;
  59109 : D4;
  59110 : F1;
  59111 : DC;
  [59112..59113] : DB;
  [59114..59116] : DA;
  59117 : DB;
  59118 : DC;
  59119 : DB;
  59120 : DA;
  [59121..59124] : DB;
  59125 : DA;
  59126 : DB;
  [59127..59128] : DA;
  59129 : DB;
  [59130..59131] : DA;
  59132 : DB;
  [59133..59135] : DA;
  59136 : DB;
  59137 : DC;
  59138 : D9;
  59139 : 98;
  59140 : 34;
  59141 : D1;
  59142 : F2;
  59143 : DC;
  [59144..59145] : DA;
  [59146..59148] : D9;
  59149 : DA;
  [59150..59151] : D9;
  59152 : DA;
  [59153..59154] : D9;
  59155 : DA;
  [59156..59157] : D9;
  [59158..59162] : DA;
  59163 : DB;
  [59164..59167] : DA;
  59168 : D9;
  59169 : DA;
  59170 : D9;
  59171 : B2;
  59172 : 4F;
  59173 : D4;
  59174 : EE;
  59175 : D9;
  [59176..59179] : D8;
  59180 : D9;
  [59181..59182] : D8;
  [59183..59189] : D9;
  [59190..59209] : 80;
  59210 : E8;
  59211 : E1;
  59212 : E2;
  [59213..59215] : E1;
  59216 : E0;
  [59217..59218] : E1;
  [59219..59226] : E0;
  [59227..59229] : E1;
  59230 : E2;
  59231 : D2;
  59232 : BF;
  59233 : 6E;
  59234 : 9A;
  59235 : FA;
  59236 : E2;
  [59237..59238] : E0;
  [59239..59245] : DF;
  59246 : E0;
  [59247..59248] : DF;
  [59249..59250] : E0;
  [59251..59254] : DF;
  59255 : E0;
  59256 : DF;
  [59257..59261] : E0;
  [59262..59263] : E1;
  59264 : D2;
  59265 : C3;
  59266 : 52;
  59267 : A2;
  59268 : F6;
  59269 : DF;
  [59270..59271] : DE;
  59272 : DD;
  [59273..59279] : DE;
  59280 : DF;
  [59281..59283] : DE;
  [59284..59286] : DD;
  59287 : DE;
  [59288..59289] : DD;
  [59290..59292] : DE;
  [59293..59294] : DF;
  [59295..59296] : E0;
  59297 : D6;
  59298 : C2;
  59299 : 4B;
  59300 : EB;
  59301 : EA;
  [59302..59303] : DF;
  [59304..59315] : DE;
  59316 : DD;
  59317 : DE;
  [59318..59322] : DD;
  [59323..59324] : DE;
  [59325..59328] : DF;
  59329 : DB;
  59330 : CD;
  59331 : 5C;
  59332 : 58;
  59333 : FB;
  59334 : E2;
  [59335..59336] : DD;
  [59337..59338] : DC;
  59339 : DB;
  [59340..59346] : DC;
  [59347..59348] : DD;
  59349 : DC;
  59350 : DD;
  [59351..59353] : DC;
  [59354..59357] : DB;
  59358 : DD;
  59359 : DC;
  59360 : DD;
  59361 : DE;
  59362 : D6;
  59363 : 96;
  59364 : 35;
  59365 : F6;
  59366 : E5;
  59367 : DD;
  [59368..59374] : DC;
  59375 : DD;
  [59376..59380] : DC;
  [59381..59385] : DB;
  [59386..59387] : DC;
  59388 : DB;
  [59389..59391] : DC;
  59392 : DB;
  59393 : DD;
  59394 : D9;
  59395 : BB;
  59396 : 3C;
  59397 : E2;
  59398 : EB;
  59399 : DD;
  [59400..59401] : DC;
  [59402..59404] : DB;
  59405 : DC;
  [59406..59412] : DB;
  [59413..59414] : DC;
  59415 : DB;
  59416 : DC;
  59417 : DD;
  [59418..59419] : DC;
  59420 : DB;
  59421 : DC;
  59422 : DD;
  [59423..59424] : DC;
  59425 : DD;
  59426 : D8;
  59427 : A9;
  59428 : 2F;
  59429 : D4;
  59430 : F1;
  [59431..59432] : DC;
  59433 : DB;
  [59434..59436] : DA;
  [59437..59438] : DB;
  59439 : DC;
  [59440..59443] : DB;
  [59444..59453] : DA;
  59454 : DB;
  [59455..59456] : DA;
  59457 : DB;
  59458 : D8;
  59459 : 9A;
  59460 : 34;
  59461 : CF;
  59462 : F2;
  59463 : DC;
  [59464..59466] : DA;
  [59467..59468] : D9;
  [59469..59471] : DA;
  [59472..59475] : D9;
  59476 : DA;
  59477 : D9;
  59478 : DA;
  59479 : D9;
  [59480..59482] : DA;
  59483 : DB;
  [59484..59485] : DA;
  59486 : DB;
  [59487..59489] : DA;
  59490 : D8;
  59491 : B3;
  59492 : 4E;
  59493 : D1;
  59494 : EE;
  [59495..59506] : D9;
  [59507..59508] : DA;
  59509 : D9;
  [59510..59529] : 80;
  59530 : E7;
  [59531..59535] : E1;
  59536 : E0;
  [59537..59538] : E1;
  [59539..59542] : E0;
  59543 : DF;
  [59544..59545] : E0;
  [59546..59548] : E1;
  59549 : E2;
  59550 : E3;
  59551 : D1;
  59552 : BE;
  59553 : 6B;
  59554 : 9E;
  59555 : FA;
  59556 : E1;
  [59557..59559] : E0;
  [59560..59561] : DF;
  [59562..59567] : E0;
  [59568..59570] : DF;
  [59571..59572] : E0;
  [59573..59576] : DF;
  [59577..59582] : E0;
  59583 : E1;
  59584 : D1;
  59585 : C1;
  59586 : 52;
  59587 : A4;
  59588 : F6;
  59589 : DF;
  [59590..59591] : DE;
  [59592..59594] : DD;
  [59595..59596] : DE;
  59597 : DF;
  59598 : DE;
  59599 : DD;
  [59600..59602] : DE;
  59603 : DD;
  [59604..59607] : DE;
  [59608..59610] : DD;
  [59611..59612] : DE;
  59613 : DF;
  59614 : E0;
  59615 : DF;
  59616 : E0;
  59617 : D6;
  59618 : BF;
  59619 : 4A;
  59620 : EB;
  59621 : E9;
  59622 : DF;
  [59623..59626] : DE;
  59627 : DF;
  59628 : DE;
  59629 : DF;
  59630 : DE;
  59631 : DD;
  [59632..59633] : DE;
  59634 : DD;
  [59635..59637] : DE;
  59638 : DD;
  59639 : DE;
  [59640..59643] : DD;
  [59644..59645] : DE;
  [59646..59647] : DF;
  59648 : E0;
  59649 : DB;
  59650 : CC;
  59651 : 5A;
  59652 : 59;
  59653 : FC;
  59654 : E2;
  59655 : DD;
  [59656..59665] : DC;
  59666 : DD;
  [59667..59668] : DC;
  59669 : DD;
  [59670..59674] : DC;
  [59675..59676] : DB;
  [59677..59679] : DC;
  [59680..59681] : DD;
  59682 : D5;
  59683 : 97;
  59684 : 37;
  59685 : F6;
  59686 : E5;
  [59687..59688] : DC;
  59689 : DB;
  [59690..59699] : DC;
  [59700..59701] : DB;
  [59702..59703] : DC;
  [59704..59705] : DB;
  [59706..59708] : DC;
  [59709..59710] : DB;
  [59711..59713] : DC;
  59714 : D7;
  59715 : BB;
  59716 : 3B;
  59717 : E2;
  59718 : EB;
  [59719..59721] : DC;
  [59722..59732] : DB;
  [59733..59740] : DC;
  59741 : DD;
  [59742..59744] : DC;
  59745 : DD;
  59746 : D7;
  59747 : A8;
  59748 : 2E;
  59749 : D5;
  59750 : F1;
  [59751..59752] : DC;
  [59753..59758] : DB;
  59759 : DC;
  [59760..59763] : DB;
  [59764..59765] : DA;
  59766 : D9;
  [59767..59774] : DA;
  [59775..59776] : DB;
  59777 : DC;
  59778 : D8;
  59779 : 9B;
  59780 : 34;
  59781 : CD;
  59782 : F3;
  59783 : DD;
  [59784..59786] : DA;
  [59787..59793] : D9;
  [59794..59796] : DA;
  [59797..59798] : D9;
  [59799..59802] : DA;
  59803 : DB;
  [59804..59809] : DA;
  59810 : D8;
  59811 : B4;
  59812 : 4E;
  59813 : CF;
  59814 : EE;
  59815 : D9;
  59816 : D8;
  [59817..59827] : D9;
  59828 : DA;
  59829 : D9;
  [59830..59849] : 80;
  59850 : E8;
  59851 : E1;
  [59852..59853] : E2;
  [59854..59856] : E1;
  [59857..59859] : E0;
  59860 : E1;
  [59861..59863] : E0;
  [59864..59868] : E1;
  [59869..59870] : E2;
  59871 : D1;
  59872 : BD;
  59873 : 69;
  59874 : 9E;
  59875 : FA;
  59876 : E2;
  [59877..59879] : E0;
  [59880..59881] : DF;
  [59882..59887] : E0;
  [59888..59890] : DF;
  59891 : E0;
  59892 : DF;
  [59893..59903] : E0;
  59904 : D0;
  59905 : C0;
  59906 : 53;
  59907 : A9;
  59908 : F7;
  59909 : DF;
  59910 : DE;
  59911 : DF;
  59912 : DD;
  59913 : DC;
  59914 : DD;
  [59915..59917] : DE;
  59918 : DF;
  [59919..59920] : DE;
  59921 : DD;
  [59922..59925] : DE;
  [59926..59928] : DD;
  [59929..59930] : DE;
  59931 : DD;
  [59932..59933] : DE;
  [59934..59935] : DF;
  59936 : E0;
  59937 : D5;
  59938 : BD;
  59939 : 4B;
  59940 : ED;
  59941 : E9;
  59942 : DF;
  59943 : DE;
  59944 : DD;
  [59945..59947] : DE;
  [59948..59950] : DF;
  [59951..59960] : DE;
  [59961..59962] : DD;
  [59963..59965] : DE;
  59966 : DF;
  [59967..59968] : E0;
  59969 : DA;
  59970 : CB;
  59971 : 59;
  59972 : 5A;
  59973 : FB;
  59974 : E1;
  [59975..59976] : DD;
  [59977..59990] : DC;
  59991 : DD;
  59992 : DC;
  59993 : DD;
  [59994..59999] : DC;
  [60000..60001] : DD;
  60002 : D5;
  60003 : 97;
  60004 : 38;
  60005 : F7;
  60006 : E5;
  60007 : DB;
  [60008..60009] : DC;
  60010 : DB;
  60011 : DC;
  60012 : DD;
  [60013..60014] : DC;
  60015 : DD;
  [60016..60019] : DC;
  [60020..60021] : DB;
  60022 : DC;
  [60023..60024] : DB;
  60025 : DC;
  [60026..60030] : DB;
  [60031..60033] : DC;
  60034 : D7;
  60035 : BB;
  60036 : 3B;
  60037 : E2;
  60038 : EB;
  [60039..60041] : DC;
  [60042..60045] : DB;
  60046 : DC;
  [60047..60051] : DB;
  [60052..60059] : DC;
  [60060..60062] : DD;
  [60063..60064] : DC;
  60065 : DD;
  60066 : D6;
  60067 : A6;
  60068 : 2C;
  60069 : D5;
  60070 : F1;
  60071 : DC;
  [60072..60081] : DB;
  60082 : DC;
  [60083..60084] : DB;
  [60085..60088] : DA;
  [60089..60090] : D9;
  [60091..60093] : DA;
  60094 : DB;
  60095 : DA;
  [60096..60097] : DB;
  60098 : D9;
  60099 : 9C;
  60100 : 31;
  60101 : CA;
  60102 : F3;
  60103 : DC;
  60104 : DB;
  60105 : DA;
  [60106..60107] : D9;
  60108 : D8;
  [60109..60112] : D9;
  60113 : DA;
  [60114..60116] : D9;
  [60117..60128] : DA;
  60129 : D9;
  60130 : D8;
  60131 : B7;
  60132 : 4E;
  60133 : CD;
  60134 : EF;
  60135 : D9;
  [60136..60137] : D8;
  [60138..60143] : D9;
  [60144..60148] : DA;
  60149 : D9;
  [60150..60169] : 80;
  60170 : E8;
  [60171..60178] : E1;
  [60179..60186] : E0;
  [60187..60188] : E1;
  [60189..60190] : E2;
  60191 : D0;
  60192 : BD;
  60193 : 68;
  60194 : 9F;
  60195 : FA;
  60196 : E2;
  [60197..60199] : E0;
  60200 : DF;
  [60201..60206] : E0;
  60207 : DF;
  60208 : E0;
  60209 : DF;
  [60210..60211] : E0;
  [60212..60213] : DF;
  [60214..60215] : E0;
  60216 : DF;
  [60217..60223] : E0;
  60224 : D0;
  60225 : C0;
  60226 : 52;
  60227 : AB;
  60228 : F7;
  60229 : E0;
  60230 : DE;
  [60231..60235] : DD;
  [60236..60245] : DE;
  [60246..60249] : DD;
  60250 : DE;
  60251 : DD;
  [60252..60253] : DE;
  [60254..60256] : E0;
  60257 : D4;
  60258 : BC;
  60259 : 4A;
  60260 : ED;
  60261 : E9;
  60262 : DF;
  [60263..60267] : DE;
  [60268..60271] : DF;
  [60272..60277] : DE;
  60278 : DD;
  [60279..60282] : DE;
  60283 : DD;
  [60284..60285] : DE;
  [60286..60287] : DF;
  60288 : E0;
  60289 : DA;
  60290 : CB;
  60291 : 58;
  60292 : 5A;
  60293 : FC;
  60294 : E1;
  60295 : DD;
  [60296..60298] : DC;
  60299 : DB;
  [60300..60303] : DC;
  60304 : DD;
  [60305..60307] : DC;
  [60308..60309] : DD;
  [60310..60316] : DC;
  60317 : DB;
  [60318..60320] : DC;
  60321 : DD;
  60322 : D4;
  60323 : 96;
  60324 : 37;
  60325 : F7;
  60326 : E5;
  60327 : DC;
  60328 : DB;
  [60329..60334] : DC;
  [60335..60336] : DD;
  [60337..60339] : DC;
  [60340..60342] : DB;
  [60343..60344] : DC;
  [60345..60350] : DB;
  [60351..60353] : DC;
  60354 : D6;
  60355 : BA;
  60356 : 3B;
  60357 : E3;
  60358 : EC;
  [60359..60360] : DC;
  60361 : DB;
  [60362..60364] : DA;
  [60365..60370] : DB;
  [60371..60372] : DC;
  [60373..60374] : DD;
  60375 : DC;
  60376 : DD;
  [60377..60379] : DC;
  [60380..60381] : DD;
  60382 : DE;
  60383 : DD;
  60384 : DC;
  60385 : DD;
  60386 : D6;
  60387 : A5;
  60388 : 2B;
  60389 : D3;
  60390 : F1;
  [60391..60396] : DB;
  60397 : DC;
  [60398..60400] : DB;
  [60401..60402] : DC;
  [60403..60405] : DB;
  [60406..60409] : DA;
  [60410..60411] : D9;
  60412 : DA;
  60413 : DB;
  60414 : DA;
  60415 : DB;
  60416 : DA;
  60417 : DC;
  60418 : D8;
  60419 : 9C;
  60420 : 30;
  60421 : C8;
  60422 : F3;
  60423 : DC;
  [60424..60425] : DA;
  [60426..60428] : D9;
  [60429..60432] : D8;
  [60433..60435] : D9;
  [60436..60443] : DA;
  60444 : D9;
  [60445..60446] : DA;
  [60447..60449] : D9;
  60450 : D7;
  60451 : B9;
  60452 : 51;
  60453 : CC;
  60454 : EF;
  60455 : D9;
  [60456..60460] : D8;
  [60461..60462] : D9;
  [60463..60466] : DA;
  60467 : D9;
  [60468..60469] : DA;
  [60470..60489] : 80;
  60490 : E8;
  [60491..60496] : E1;
  [60497..60501] : E0;
  60502 : E1;
  [60503..60504] : E0;
  [60505..60507] : E1;
  60508 : E2;
  60509 : E1;
  60510 : E2;
  60511 : D0;
  60512 : BD;
  60513 : 66;
  60514 : A1;
  60515 : FB;
  60516 : E2;
  60517 : E0;
  [60518..60519] : DF;
  [60520..60526] : E0;
  60527 : DF;
  [60528..60529] : E0;
  [60530..60531] : DF;
  60532 : E0;
  60533 : DF;
  60534 : E0;
  60535 : DF;
  [60536..60538] : E0;
  60539 : DF;
  [60540..60543] : E0;
  60544 : D1;
  60545 : C1;
  60546 : 51;
  60547 : AB;
  60548 : F7;
  60549 : E0;
  [60550..60552] : DE;
  [60553..60554] : DD;
  [60555..60558] : DE;
  60559 : DD;
  [60560..60562] : DE;
  60563 : DD;
  [60564..60567] : DE;
  60568 : DD;
  60569 : DE;
  [60570..60572] : DD;
  60573 : DE;
  [60574..60576] : DF;
  60577 : D3;
  60578 : BA;
  60579 : 47;
  60580 : EC;
  60581 : E9;
  60582 : DF;
  [60583..60586] : DE;
  [60587..60588] : DF;
  [60589..60596] : DE;
  60597 : DD;
  [60598..60600] : DE;
  60601 : DF;
  [60602..60605] : DE;
  [60606..60608] : DF;
  60609 : DA;
  60610 : CB;
  60611 : 56;
  60612 : 59;
  60613 : FB;
  60614 : E2;
  60615 : DD;
  [60616..60617] : DC;
  60618 : DB;
  [60619..60623] : DC;
  60624 : DD;
  60625 : DC;
  60626 : DD;
  [60627..60629] : DC;
  60630 : DB;
  [60631..60637] : DC;
  60638 : DB;
  60639 : DC;
  [60640..60641] : DD;
  60642 : D5;
  60643 : 96;
  60644 : 36;
  60645 : F7;
  60646 : E5;
  [60647..60654] : DC;
  60655 : DD;
  60656 : DC;
  [60657..60669] : DB;
  [60670..60673] : DC;
  60674 : D6;
  60675 : BC;
  60676 : 3C;
  60677 : E3;
  60678 : EC;
  60679 : DC;
  [60680..60681] : DB;
  60682 : DA;
  [60683..60684] : DB;
  60685 : DA;
  [60686..60689] : DB;
  [60690..60694] : DC;
  60695 : DD;
  60696 : DC;
  60697 : DD;
  [60698..60700] : DC;
  60701 : DD;
  [60702..60704] : DC;
  60705 : DD;
  60706 : D6;
  60707 : A7;
  60708 : 2B;
  60709 : D2;
  60710 : F2;
  [60711..60714] : DB;
  [60715..60716] : DC;
  60717 : DB;
  [60718..60720] : DC;
  60721 : DB;
  60722 : DC;
  [60723..60726] : DB;
  [60727..60728] : DA;
  60729 : DB;
  [60730..60731] : DA;
  [60732..60737] : DB;
  60738 : D7;
  60739 : A0;
  60740 : 32;
  60741 : C9;
  60742 : F4;
  60743 : DD;
  60744 : DA;
  60745 : DB;
  [60746..60747] : DA;
  60748 : D9;
  [60749..60750] : D8;
  [60751..60754] : D9;
  [60755..60765] : DA;
  [60766..60767] : D9;
  60768 : D8;
  60769 : D9;
  60770 : D8;
  60771 : BB;
  60772 : 52;
  60773 : CB;
  60774 : EF;
  60775 : D9;
  [60776..60780] : D8;
  [60781..60782] : D9;
  [60783..60785] : DA;
  60786 : D9;
  [60787..60789] : DA;
  [60790..60809] : 80;
  60810 : E8;
  [60811..60814] : E1;
  [60815..60816] : E0;
  60817 : E1;
  [60818..60820] : E0;
  60821 : E1;
  [60822..60825] : E0;
  [60826..60829] : E1;
  60830 : E2;
  60831 : D0;
  60832 : BE;
  60833 : 65;
  60834 : A1;
  60835 : FA;
  60836 : E1;
  60837 : E0;
  60838 : DF;
  60839 : E0;
  60840 : DF;
  [60841..60850] : E0;
  [60851..60853] : DF;
  60854 : E0;
  [60855..60857] : DF;
  [60858..60863] : E0;
  60864 : D1;
  60865 : C2;
  60866 : 51;
  60867 : AB;
  60868 : F7;
  60869 : E0;
  60870 : DF;
  60871 : DE;
  [60872..60874] : DD;
  [60875..60879] : DE;
  [60880..60881] : DD;
  60882 : DE;
  [60883..60885] : DD;
  [60886..60893] : DE;
  [60894..60896] : DF;
  60897 : D3;
  60898 : B7;
  60899 : 43;
  60900 : EC;
  60901 : E9;
  [60902..60903] : DF;
  [60904..60912] : DE;
  [60913..60914] : DD;
  60915 : DE;
  60916 : DD;
  [60917..60918] : DE;
  [60919..60921] : DD;
  [60922..60925] : DE;
  [60926..60928] : DF;
  60929 : DA;
  60930 : CC;
  60931 : 54;
  60932 : 5A;
  60933 : FB;
  60934 : E2;
  [60935..60936] : DD;
  [60937..60939] : DC;
  60940 : DB;
  [60941..60943] : DC;
  60944 : DD;
  60945 : DC;
  [60946..60947] : DD;
  60948 : DC;
  60949 : DB;
  60950 : DC;
  60951 : DB;
  60952 : DC;
  60953 : DB;
  60954 : DC;
  60955 : DD;
  [60956..60959] : DC;
  [60960..60961] : DD;
  60962 : D5;
  60963 : 96;
  60964 : 36;
  60965 : F6;
  60966 : E5;
  [60967..60974] : DC;
  60975 : DB;
  60976 : DC;
  [60977..60978] : DB;
  60979 : DA;
  [60980..60986] : DB;
  [60987..60988] : DA;
  [60989..60992] : DB;
  60993 : DC;
  60994 : D6;
  60995 : BD;
  60996 : 3D;
  60997 : E4;
  60998 : ED;
  60999 : DC;
  [61000..61009] : DB;
  [61010..61013] : DC;
  [61014..61015] : DD;
  [61016..61018] : DC;
  61019 : DD;
  61020 : DC;
  61021 : DD;
  [61022..61023] : DC;
  [61024..61025] : DD;
  61026 : D6;
  61027 : A9;
  61028 : 2B;
  61029 : D0;
  61030 : F2;
  [61031..61035] : DB;
  61036 : DC;
  61037 : DB;
  [61038..61039] : DC;
  [61040..61041] : DB;
  61042 : DC;
  [61043..61045] : DB;
  [61046..61049] : DA;
  [61050..61052] : DB;
  [61053..61055] : DA;
  [61056..61057] : DB;
  61058 : D8;
  61059 : A2;
  61060 : 32;
  61061 : C8;
  61062 : F4;
  61063 : DD;
  [61064..61066] : DA;
  [61067..61071] : D9;
  [61072..61073] : D8;
  [61074..61078] : D9;
  [61079..61080] : DA;
  [61081..61082] : D9;
  61083 : DA;
  [61084..61086] : D9;
  61087 : DA;
  [61088..61089] : D9;
  61090 : D8;
  61091 : BE;
  61092 : 55;
  61093 : C9;
  61094 : EF;
  61095 : D9;
  61096 : D7;
  [61097..61098] : D8;
  61099 : D7;
  [61100..61104] : D9;
  [61105..61109] : DA;
  [61110..61129] : 80;
  61130 : E8;
  [61131..61134] : E1;
  [61135..61146] : E0;
  [61147..61149] : E1;
  61150 : E2;
  61151 : D0;
  61152 : BE;
  61153 : 63;
  61154 : A3;
  61155 : FA;
  61156 : E1;
  [61157..61159] : E0;
  61160 : DF;
  [61161..61168] : E0;
  [61169..61170] : DF;
  61171 : E0;
  [61172..61179] : DF;
  [61180..61183] : E0;
  61184 : D1;
  61185 : C2;
  61186 : 50;
  61187 : AE;
  61188 : F6;
  61189 : DF;
  61190 : DE;
  61191 : DF;
  [61192..61193] : DE;
  [61194..61195] : DD;
  61196 : DE;
  61197 : DD;
  [61198..61200] : DE;
  61201 : DD;
  61202 : DE;
  [61203..61204] : DD;
  [61205..61208] : DE;
  61209 : DD;
  61210 : DE;
  61211 : DD;
  61212 : DE;
  [61213..61216] : DF;
  61217 : D2;
  61218 : B6;
  61219 : 43;
  61220 : EC;
  61221 : E9;
  [61222..61223] : DF;
  61224 : DE;
  61225 : DD;
  [61226..61232] : DE;
  [61233..61236] : DD;
  [61237..61241] : DE;
  61242 : DD;
  61243 : DE;
  [61244..61248] : DF;
  61249 : DA;
  61250 : CB;
  61251 : 53;
  61252 : 5D;
  61253 : FC;
  61254 : E1;
  [61255..61256] : DD;
  [61257..61265] : DC;
  61266 : DD;
  [61267..61270] : DC;
  [61271..61272] : DB;
  [61273..61278] : DC;
  [61279..61281] : DD;
  61282 : D5;
  61283 : 96;
  61284 : 37;
  61285 : F7;
  61286 : E4;
  61287 : DB;
  [61288..61291] : DC;
  [61292..61293] : DB;
  61294 : DC;
  [61295..61297] : DB;
  [61298..61301] : DA;
  [61302..61305] : DB;
  [61306..61307] : DA;
  [61308..61312] : DB;
  61313 : DC;
  61314 : D6;
  61315 : BD;
  61316 : 3D;
  61317 : E4;
  61318 : ED;
  61319 : DC;
  [61320..61325] : DB;
  61326 : DC;
  [61327..61329] : DB;
  [61330..61344] : DC;
  61345 : DD;
  61346 : D6;
  61347 : AA;
  61348 : 2C;
  61349 : D0;
  61350 : F2;
  [61351..61355] : DB;
  [61356..61359] : DC;
  61360 : DB;
  [61361..61362] : DC;
  [61363..61364] : DB;
  [61365..61367] : DA;
  [61368..61373] : DB;
  61374 : DA;
  [61375..61376] : DB;
  61377 : DC;
  61378 : D8;
  61379 : A3;
  61380 : 31;
  61381 : C6;
  61382 : F4;
  61383 : DC;
  [61384..61386] : DA;
  [61387..61389] : D9;
  [61390..61391] : D8;
  [61392..61393] : D9;
  61394 : DA;
  [61395..61396] : D9;
  [61397..61398] : DA;
  61399 : D9;
  61400 : DA;
  [61401..61405] : D9;
  61406 : DA;
  [61407..61408] : D9;
  [61409..61410] : DA;
  61411 : BF;
  61412 : 56;
  61413 : C7;
  61414 : EF;
  61415 : DA;
  61416 : D8;
  [61417..61418] : D7;
  [61419..61422] : D8;
  [61423..61426] : D9;
  [61427..61429] : DA;
  [61430..61449] : 80;
  61450 : E8;
  [61451..61454] : E1;
  [61455..61458] : E0;
  61459 : DF;
  [61460..61465] : E0;
  [61466..61470] : E1;
  61471 : D0;
  61472 : BF;
  61473 : 63;
  61474 : A4;
  61475 : FA;
  61476 : E1;
  [61477..61479] : DF;
  [61480..61484] : E0;
  [61485..61486] : DF;
  61487 : E0;
  [61488..61490] : DF;
  61491 : DE;
  [61492..61493] : DF;
  61494 : DE;
  [61495..61498] : DF;
  [61499..61501] : E0;
  [61502..61503] : E1;
  61504 : D0;
  61505 : BF;
  61506 : 50;
  61507 : AF;
  61508 : F6;
  61509 : E0;
  61510 : DF;
  [61511..61512] : DE;
  61513 : DD;
  [61514..61515] : DE;
  [61516..61518] : DD;
  61519 : DE;
  [61520..61521] : DD;
  [61522..61523] : DE;
  61524 : DD;
  [61525..61529] : DE;
  61530 : DD;
  61531 : DE;
  61532 : DD;
  61533 : DE;
  [61534..61536] : DF;
  61537 : D1;
  61538 : B5;
  61539 : 45;
  61540 : EC;
  61541 : E9;
  [61542..61543] : DF;
  [61544..61546] : DE;
  61547 : DD;
  [61548..61551] : DE;
  [61552..61559] : DD;
  [61560..61565] : DE;
  [61566..61568] : DF;
  61569 : DA;
  61570 : CB;
  61571 : 54;
  61572 : 64;
  61573 : FC;
  61574 : E1;
  61575 : DD;
  [61576..61578] : DC;
  [61579..61580] : DB;
  [61581..61583] : DC;
  61584 : DB;
  [61585..61588] : DC;
  61589 : DD;
  [61590..61591] : DC;
  [61592..61595] : DB;
  [61596..61599] : DC;
  [61600..61601] : DD;
  61602 : D4;
  61603 : 95;
  61604 : 37;
  61605 : F6;
  61606 : E5;
  [61607..61608] : DB;
  [61609..61611] : DC;
  [61612..61613] : DB;
  61614 : DC;
  61615 : DA;
  61616 : DB;
  [61617..61619] : DA;
  61620 : DB;
  [61621..61622] : DA;
  61623 : DB;
  [61624..61627] : DA;
  [61628..61632] : DB;
  61633 : DC;
  61634 : D5;
  61635 : BB;
  61636 : 3C;
  61637 : E4;
  61638 : EC;
  [61639..61640] : DC;
  [61641..61643] : DB;
  61644 : DA;
  61645 : DB;
  61646 : DA;
  [61647..61650] : DB;
  [61651..61654] : DC;
  [61655..61656] : DB;
  [61657..61658] : DC;
  [61659..61660] : DB;
  [61661..61664] : DC;
  61665 : DD;
  61666 : D6;
  61667 : A9;
  61668 : 2C;
  61669 : D2;
  61670 : F2;
  [61671..61673] : DB;
  [61674..61679] : DC;
  [61680..61682] : DB;
  [61683..61684] : DA;
  [61685..61686] : DB;
  61687 : DA;
  [61688..61691] : DB;
  61692 : DC;
  61693 : DB;
  [61694..61695] : DA;
  61696 : DB;
  61697 : DC;
  61698 : D8;
  61699 : A3;
  61700 : 2E;
  61701 : C5;
  61702 : F5;
  61703 : DD;
  [61704..61705] : DA;
  [61706..61716] : D9;
  61717 : DA;
  [61718..61719] : D9;
  61720 : DA;
  [61721..61727] : D9;
  61728 : DA;
  61729 : DB;
  61730 : D9;
  61731 : C1;
  61732 : 56;
  61733 : C6;
  61734 : F2;
  61735 : DA;
  [61736..61737] : D9;
  61738 : D8;
  61739 : D7;
  [61740..61742] : D8;
  61743 : D9;
  [61744..61745] : D8;
  [61746..61747] : D9;
  [61748..61749] : DA;
  [61750..61769] : 80;
  61770 : E9;
  [61771..61773] : E1;
  [61774..61777] : E0;
  61778 : DF;
  61779 : E0;
  61780 : DF;
  [61781..61786] : E0;
  [61787..61790] : E1;
  61791 : D0;
  61792 : BE;
  61793 : 63;
  61794 : A5;
  61795 : F9;
  61796 : E0;
  [61797..61800] : DF;
  61801 : E0;
  [61802..61803] : DF;
  61804 : E0;
  [61805..61808] : DF;
  61809 : E0;
  [61810..61811] : DF;
  [61812..61814] : DE;
  61815 : DF;
  [61816..61817] : DE;
  61818 : DF;
  [61819..61822] : E0;
  61823 : E1;
  61824 : CF;
  61825 : BD;
  61826 : 4E;
  61827 : B0;
  61828 : F5;
  [61829..61830] : DF;
  [61831..61832] : DE;
  61833 : DD;
  [61834..61835] : DE;
  [61836..61837] : DD;
  [61838..61839] : DE;
  [61840..61841] : DD;
  61842 : DE;
  [61843..61844] : DD;
  [61845..61847] : DE;
  61848 : DD;
  61849 : DE;
  [61850..61852] : DD;
  61853 : DE;
  [61854..61855] : DF;
  61856 : DE;
  61857 : D2;
  61858 : B5;
  61859 : 46;
  61860 : ED;
  61861 : E9;
  [61862..61865] : DE;
  61866 : DD;
  [61867..61868] : DE;
  [61869..61876] : DD;
  [61877..61878] : DC;
  [61879..61880] : DD;
  [61881..61885] : DE;
  [61886..61888] : DF;
  61889 : DA;
  61890 : CD;
  61891 : 54;
  61892 : 67;
  61893 : FD;
  61894 : E1;
  61895 : DD;
  [61896..61897] : DC;
  61898 : DD;
  61899 : DC;
  61900 : DB;
  [61901..61909] : DC;
  61910 : DB;
  61911 : DC;
  [61912..61915] : DB;
  [61916..61918] : DC;
  [61919..61920] : DD;
  61921 : DE;
  61922 : D4;
  61923 : 94;
  61924 : 37;
  61925 : F6;
  61926 : E4;
  61927 : DC;
  [61928..61929] : DB;
  61930 : DC;
  [61931..61932] : DB;
  61933 : DC;
  [61934..61937] : DB;
  [61938..61941] : DA;
  61942 : DB;
  [61943..61948] : DA;
  61949 : DB;
  61950 : DA;
  61951 : DB;
  61952 : DC;
  61953 : DB;
  61954 : D5;
  61955 : BB;
  61956 : 3B;
  61957 : E5;
  61958 : ED;
  61959 : DD;
  61960 : DC;
  61961 : DB;
  [61962..61964] : DA;
  [61965..61966] : DB;
  [61967..61969] : DA;
  [61970..61972] : DB;
  [61973..61974] : DC;
  [61975..61981] : DB;
  61982 : DC;
  61983 : DB;
  [61984..61985] : DC;
  61986 : D5;
  61987 : AA;
  61988 : 2D;
  61989 : D3;
  61990 : F3;
  [61991..61993] : DB;
  61994 : DC;
  61995 : DB;
  [61996..61998] : DC;
  [61999..62000] : DB;
  62001 : DC;
  62002 : DB;
  [62003..62004] : DA;
  62005 : DB;
  62006 : DA;
  [62007..62012] : DB;
  [62013..62015] : DA;
  62016 : DB;
  62017 : DC;
  62018 : D8;
  62019 : A4;
  62020 : 2D;
  62021 : C3;
  62022 : F6;
  62023 : DD;
  [62024..62025] : DA;
  62026 : D9;
  62027 : DA;
  62028 : D9;
  62029 : D8;
  [62030..62032] : D9;
  [62033..62034] : DA;
  [62035..62036] : D9;
  [62037..62040] : DA;
  [62041..62043] : D9;
  [62044..62045] : DA;
  [62046..62047] : D9;
  [62048..62049] : DA;
  62050 : D8;
  62051 : C2;
  62052 : 57;
  62053 : C6;
  62054 : F4;
  62055 : DB;
  [62056..62057] : D9;
  62058 : D8;
  62059 : D7;
  [62060..62064] : D8;
  [62065..62067] : D9;
  62068 : DA;
  62069 : D9;
  [62070..62089] : 80;
  62090 : E8;
  [62091..62094] : E1;
  [62095..62097] : E0;
  62098 : DF;
  [62099..62106] : E0;
  62107 : E1;
  [62108..62110] : E2;
  62111 : CF;
  62112 : BE;
  62113 : 63;
  62114 : A6;
  62115 : F9;
  62116 : E0;
  [62117..62120] : DF;
  [62121..62122] : E0;
  [62123..62127] : DF;
  62128 : E0;
  [62129..62139] : DF;
  [62140..62143] : E0;
  62144 : CF;
  62145 : BD;
  62146 : 4E;
  62147 : B1;
  62148 : F5;
  62149 : E0;
  62150 : DF;
  [62151..62154] : DE;
  [62155..62156] : DD;
  [62157..62159] : DE;
  62160 : DD;
  [62161..62166] : DE;
  [62167..62172] : DD;
  [62173..62174] : DE;
  62175 : DF;
  62176 : DE;
  62177 : D2;
  62178 : B5;
  62179 : 46;
  62180 : ED;
  62181 : E9;
  62182 : DF;
  [62183..62185] : DE;
  62186 : DD;
  [62187..62188] : DE;
  [62189..62194] : DD;
  [62195..62198] : DC;
  [62199..62201] : DD;
  [62202..62205] : DE;
  [62206..62208] : DF;
  62209 : DA;
  62210 : CD;
  62211 : 53;
  62212 : 67;
  62213 : FC;
  62214 : E1;
  [62215..62217] : DD;
  62218 : DC;
  [62219..62220] : DB;
  62221 : DC;
  62222 : DB;
  [62223..62229] : DC;
  [62230..62232] : DB;
  62233 : DA;
  [62234..62236] : DB;
  [62237..62238] : DC;
  [62239..62241] : DD;
  62242 : D4;
  62243 : 93;
  62244 : 37;
  62245 : F6;
  62246 : E4;
  [62247..62248] : DB;
  62249 : DA;
  [62250..62254] : DB;
  62255 : DC;
  [62256..62257] : DB;
  [62258..62265] : DA;
  [62266..62267] : D9;
  [62268..62269] : DA;
  [62270..62272] : DB;
  62273 : DC;
  62274 : D5;
  62275 : BB;
  62276 : 3B;
  62277 : E4;
  62278 : EE;
  62279 : DC;
  [62280..62281] : DB;
  [62282..62284] : DA;
  [62285..62286] : DB;
  [62287..62291] : DA;
  [62292..62296] : DB;
  62297 : DA;
  [62298..62305] : DB;
  62306 : D5;
  62307 : AB;
  62308 : 2D;
  62309 : D1;
  62310 : F3;
  [62311..62312] : DC;
  [62313..62314] : DB;
  [62315..62319] : DC;
  62320 : DB;
  [62321..62328] : DA;
  [62329..62333] : DB;
  62334 : DA;
  [62335..62337] : DB;
  62338 : D8;
  62339 : A6;
  62340 : 2D;
  62341 : C3;
  62342 : F5;
  62343 : DD;
  [62344..62346] : DA;
  [62347..62348] : D9;
  62349 : D8;
  [62350..62354] : DA;
  [62355..62356] : D9;
  [62357..62359] : DA;
  [62360..62361] : D9;
  [62362..62364] : DA;
  [62365..62369] : D9;
  62370 : D8;
  62371 : C4;
  62372 : 59;
  62373 : C5;
  62374 : F5;
  62375 : DB;
  [62376..62377] : D9;
  [62378..62386] : D8;
  [62387..62389] : D9;
  [62390..62409] : 80;
  62410 : E8;
  [62411..62414] : E1;
  62415 : E0;
  [62416..62417] : DF;
  62418 : E0;
  [62419..62420] : DF;
  [62421..62424] : E0;
  [62425..62430] : E1;
  62431 : CE;
  62432 : BF;
  62433 : 62;
  62434 : A5;
  62435 : F9;
  62436 : E1;
  [62437..62439] : DF;
  62440 : DE;
  [62441..62444] : DF;
  [62445..62446] : E0;
  62447 : DF;
  62448 : E0;
  62449 : DF;
  62450 : E0;
  62451 : DF;
  62452 : DE;
  62453 : DF;
  62454 : DE;
  [62455..62460] : DF;
  62461 : E0;
  62462 : DF;
  62463 : E0;
  62464 : CE;
  62465 : BE;
  62466 : 4D;
  62467 : B2;
  62468 : F6;
  [62469..62471] : DF;
  62472 : DE;
  [62473..62474] : DD;
  62475 : DE;
  62476 : DD;
  62477 : DE;
  [62478..62479] : DD;
  [62480..62481] : DE;
  [62482..62483] : DD;
  [62484..62492] : DE;
  [62493..62496] : DF;
  62497 : D3;
  62498 : B5;
  62499 : 46;
  62500 : ED;
  62501 : E9;
  [62502..62504] : DF;
  62505 : DE;
  62506 : DD;
  [62507..62508] : DE;
  [62509..62510] : DD;
  62511 : DE;
  [62512..62516] : DD;
  [62517..62518] : DC;
  62519 : DD;
  62520 : DC;
  [62521..62524] : DD;
  [62525..62526] : DE;
  [62527..62528] : DF;
  62529 : DA;
  62530 : CB;
  62531 : 4F;
  62532 : 67;
  62533 : FC;
  62534 : E1;
  62535 : DD;
  [62536..62538] : DC;
  [62539..62540] : DB;
  [62541..62542] : DC;
  62543 : DB;
  [62544..62546] : DC;
  62547 : DB;
  [62548..62549] : DC;
  [62550..62552] : DB;
  [62553..62554] : DA;
  [62555..62558] : DB;
  62559 : DC;
  [62560..62561] : DD;
  62562 : D3;
  62563 : 92;
  62564 : 36;
  62565 : F6;
  62566 : E3;
  [62567..62569] : DA;
  [62570..62579] : DB;
  [62580..62581] : DA;
  62582 : DB;
  [62583..62588] : DA;
  [62589..62592] : DB;
  62593 : DC;
  62594 : D6;
  62595 : BB;
  62596 : 3A;
  62597 : E3;
  62598 : EE;
  62599 : DD;
  [62600..62601] : DB;
  62602 : DA;
  [62603..62604] : DB;
  62605 : DC;
  62606 : DB;
  [62607..62608] : DA;
  62609 : DB;
  [62610..62611] : DA;
  62612 : DB;
  [62613..62617] : DA;
  62618 : DB;
  62619 : DA;
  [62620..62624] : DB;
  62625 : DC;
  62626 : D5;
  62627 : AB;
  62628 : 2C;
  62629 : D0;
  62630 : F3;
  62631 : DC;
  [62632..62634] : DB;
  [62635..62638] : DC;
  62639 : DB;
  62640 : DA;
  62641 : DB;
  [62642..62650] : DA;
  [62651..62652] : DB;
  62653 : DA;
  [62654..62657] : DB;
  62658 : D7;
  62659 : A7;
  62660 : 2D;
  62661 : C0;
  62662 : F5;
  62663 : DD;
  [62664..62665] : DA;
  62666 : D9;
  [62667..62668] : D8;
  [62669..62670] : D9;
  [62671..62675] : DA;
  [62676..62678] : D9;
  [62679..62680] : DA;
  62681 : D9;
  [62682..62683] : DA;
  [62684..62687] : D9;
  [62688..62689] : DA;
  62690 : D8;
  62691 : C6;
  62692 : 5A;
  62693 : C4;
  62694 : F6;
  62695 : DC;
  62696 : DA;
  [62697..62701] : D9;
  [62702..62705] : D8;
  [62706..62709] : D9;
  [62710..62729] : 80;
  62730 : E8;
  [62731..62733] : E1;
  [62734..62735] : E0;
  62736 : DF;
  62737 : E0;
  62738 : DF;
  [62739..62746] : E0;
  62747 : E1;
  62748 : E2;
  [62749..62750] : E1;
  62751 : CD;
  62752 : BE;
  62753 : 61;
  62754 : A6;
  62755 : F9;
  62756 : E1;
  [62757..62773] : DF;
  62774 : DE;
  [62775..62778] : DF;
  62779 : DE;
  62780 : DF;
  [62781..62782] : E0;
  62783 : DF;
  62784 : CD;
  62785 : BF;
  62786 : 4D;
  62787 : B3;
  62788 : F6;
  62789 : E0;
  [62790..62791] : DF;
  62792 : DE;
  [62793..62797] : DD;
  62798 : DE;
  62799 : DD;
  [62800..62801] : DE;
  62802 : DD;
  [62803..62813] : DE;
  [62814..62816] : DF;
  62817 : D3;
  62818 : B5;
  62819 : 46;
  62820 : EE;
  62821 : E8;
  62822 : DE;
  62823 : DF;
  [62824..62828] : DE;
  [62829..62834] : DD;
  62835 : DC;
  62836 : DD;
  62837 : DC;
  62838 : DB;
  [62839..62840] : DC;
  [62841..62844] : DD;
  [62845..62847] : DE;
  62848 : DF;
  62849 : D9;
  62850 : CA;
  62851 : 4E;
  62852 : 67;
  62853 : FC;
  62854 : E1;
  [62855..62857] : DD;
  62858 : DC;
  [62859..62863] : DB;
  [62864..62869] : DC;
  [62870..62878] : DB;
  62879 : DC;
  [62880..62881] : DD;
  62882 : D3;
  62883 : 91;
  62884 : 35;
  62885 : F5;
  62886 : E3;
  [62887..62888] : DA;
  62889 : D9;
  62890 : DA;
  [62891..62892] : DB;
  [62893..62894] : DA;
  [62895..62898] : DB;
  [62899..62907] : DA;
  62908 : DB;
  62909 : DA;
  [62910..62912] : DB;
  62913 : DC;
  62914 : D6;
  62915 : BC;
  62916 : 3A;
  62917 : E3;
  62918 : EE;
  62919 : DD;
  [62920..62921] : DC;
  62922 : DB;
  62923 : DA;
  [62924..62926] : DB;
  [62927..62937] : DA;
  [62938..62939] : DB;
  62940 : DA;
  [62941..62942] : DB;
  [62943..62944] : DA;
  62945 : DB;
  62946 : D5;
  62947 : AC;
  62948 : 2B;
  62949 : CE;
  62950 : F3;
  [62951..62952] : DC;
  62953 : DB;
  62954 : DC;
  62955 : DD;
  62956 : DB;
  62957 : DC;
  [62958..62960] : DB;
  [62961..62962] : DA;
  [62963..62964] : D9;
  [62965..62971] : DA;
  [62972..62974] : DB;
  62975 : DA;
  [62976..62977] : DB;
  62978 : D7;
  62979 : A8;
  62980 : 2D;
  62981 : BF;
  62982 : F6;
  62983 : DE;
  62984 : DB;
  62985 : DA;
  62986 : D9;
  62987 : D8;
  [62988..62989] : D9;
  [62990..62996] : DA;
  62997 : D9;
  [62998..63003] : DA;
  63004 : D9;
  63005 : DA;
  63006 : D9;
  [63007..63009] : DA;
  63010 : D9;
  63011 : C5;
  63012 : 59;
  63013 : C1;
  63014 : F6;
  63015 : DC;
  [63016..63019] : DA;
  [63020..63022] : D9;
  63023 : D8;
  [63024..63027] : D9;
  63028 : DA;
  63029 : D9;
  [63030..63049] : 80;
  63050 : E8;
  [63051..63052] : E1;
  [63053..63056] : E0;
  63057 : DF;
  [63058..63066] : E0;
  63067 : E1;
  63068 : E0;
  [63069..63070] : E1;
  63071 : CE;
  63072 : BE;
  63073 : 5F;
  63074 : A8;
  63075 : F8;
  63076 : E0;
  63077 : DF;
  63078 : E0;
  [63079..63083] : DF;
  63084 : E0;
  [63085..63093] : DF;
  63094 : DE;
  [63095..63101] : DF;
  [63102..63103] : E0;
  63104 : CE;
  63105 : BE;
  63106 : 4C;
  63107 : B3;
  63108 : F6;
  [63109..63110] : DF;
  63111 : DE;
  [63112..63114] : DD;
  63115 : DE;
  [63116..63117] : DD;
  63118 : DE;
  [63119..63120] : DD;
  [63121..63122] : DE;
  63123 : DF;
  [63124..63125] : DE;
  63126 : DF;
  [63127..63133] : DE;
  [63134..63136] : DF;
  63137 : D2;
  63138 : B4;
  63139 : 46;
  63140 : ED;
  63141 : E8;
  [63142..63149] : DE;
  [63150..63154] : DD;
  [63155..63159] : DC;
  63160 : DD;
  63161 : DC;
  [63162..63165] : DD;
  [63166..63167] : DE;
  63168 : DF;
  63169 : D8;
  63170 : C8;
  63171 : 4D;
  63172 : 68;
  63173 : FC;
  63174 : E1;
  [63175..63176] : DD;
  [63177..63179] : DC;
  [63180..63181] : DB;
  63182 : DA;
  [63183..63186] : DB;
  [63187..63188] : DC;
  [63189..63193] : DB;
  63194 : DC;
  [63195..63198] : DB;
  [63199..63201] : DC;
  63202 : D3;
  63203 : 91;
  63204 : 36;
  63205 : F5;
  63206 : E2;
  [63207..63209] : D9;
  [63210..63224] : DA;
  [63225..63227] : DB;
  63228 : DA;
  [63229..63230] : DB;
  [63231..63232] : DA;
  63233 : DC;
  63234 : D7;
  63235 : BC;
  63236 : 39;
  63237 : E3;
  63238 : EE;
  63239 : DD;
  63240 : DC;
  [63241..63246] : DB;
  [63247..63249] : DA;
  63250 : D9;
  [63251..63264] : DA;
  63265 : DB;
  63266 : D4;
  63267 : AB;
  63268 : 29;
  63269 : CC;
  63270 : F3;
  63271 : DC;
  [63272..63273] : DB;
  63274 : DC;
  63275 : DB;
  63276 : DC;
  [63277..63279] : DB;
  [63280..63291] : DA;
  [63292..63296] : DB;
  63297 : DC;
  63298 : D8;
  63299 : A9;
  63300 : 2C;
  63301 : BE;
  63302 : F6;
  63303 : DE;
  [63304..63305] : DA;
  [63306..63307] : D9;
  63308 : D8;
  63309 : D9;
  [63310..63317] : DA;
  63318 : D9;
  [63319..63323] : DA;
  63324 : D9;
  63325 : DA;
  [63326..63327] : D9;
  63328 : DA;
  63329 : DB;
  63330 : DA;
  63331 : C6;
  63332 : 57;
  63333 : BE;
  63334 : F7;
  63335 : DD;
  [63336..63339] : DA;
  [63340..63349] : D9;
  [63350..63369] : 80;
  63370 : E8;
  [63371..63372] : E1;
  [63373..63375] : E0;
  63376 : E1;
  [63377..63388] : E0;
  [63389..63390] : E1;
  63391 : CD;
  63392 : BE;
  63393 : 5D;
  63394 : A7;
  63395 : F8;
  63396 : E0;
  [63397..63404] : DF;
  [63405..63407] : E0;
  [63408..63414] : DF;
  63415 : E0;
  63416 : DF;
  63417 : E0;
  [63418..63419] : DF;
  63420 : E0;
  63421 : DF;
  63422 : E0;
  63423 : DF;
  63424 : CD;
  63425 : BE;
  63426 : 4C;
  63427 : B4;
  63428 : F5;
  63429 : DF;
  [63430..63431] : DE;
  [63432..63433] : DD;
  63434 : DE;
  [63435..63438] : DD;
  63439 : DE;
  [63440..63441] : DD;
  [63442..63447] : DE;
  [63448..63450] : DF;
  [63451..63452] : DE;
  [63453..63455] : DF;
  63456 : DE;
  63457 : D2;
  63458 : B4;
  63459 : 47;
  63460 : EE;
  63461 : E8;
  [63462..63465] : DE;
  [63466..63468] : DD;
  [63469..63473] : DE;
  [63474..63477] : DD;
  [63478..63479] : DC;
  [63480..63483] : DD;
  [63484..63485] : DE;
  [63486..63488] : DF;
  63489 : D8;
  63490 : C8;
  63491 : 4C;
  63492 : 6B;
  63493 : FC;
  63494 : E1;
  63495 : DD;
  [63496..63498] : DC;
  [63499..63505] : DB;
  [63506..63509] : DC;
  63510 : DB;
  63511 : DC;
  [63512..63513] : DB;
  63514 : DC;
  [63515..63518] : DB;
  [63519..63521] : DC;
  63522 : D3;
  63523 : 93;
  63524 : 36;
  63525 : F5;
  63526 : E2;
  [63527..63529] : D9;
  63530 : DB;
  63531 : DA;
  63532 : D9;
  [63533..63545] : DA;
  [63546..63547] : DB;
  [63548..63550] : DA;
  [63551..63552] : DB;
  63553 : DC;
  63554 : D7;
  63555 : BC;
  63556 : 3A;
  63557 : E4;
  63558 : EE;
  63559 : DD;
  63560 : DC;
  [63561..63562] : DB;
  63563 : DA;
  [63564..63569] : DB;
  63570 : DA;
  [63571..63572] : D9;
  [63573..63575] : DA;
  63576 : DB;
  [63577..63582] : DA;
  63583 : DB;
  [63584..63585] : DA;
  63586 : D4;
  63587 : AB;
  63588 : 28;
  63589 : CB;
  63590 : F2;
  [63591..63600] : DB;
  [63601..63604] : DA;
  63605 : DB;
  [63606..63610] : DA;
  [63611..63616] : DB;
  63617 : DC;
  63618 : D9;
  63619 : A9;
  63620 : 2A;
  63621 : BD;
  63622 : F7;
  63623 : DE;
  [63624..63626] : DA;
  [63627..63632] : D9;
  63633 : DA;
  63634 : DB;
  [63635..63637] : DA;
  63638 : D9;
  [63639..63644] : DA;
  63645 : D9;
  [63646..63648] : DA;
  63649 : DB;
  63650 : DA;
  63651 : C6;
  63652 : 55;
  63653 : BC;
  63654 : F7;
  63655 : DD;
  63656 : D9;
  [63657..63658] : DA;
  [63659..63661] : D9;
  63662 : D8;
  [63663..63669] : D9;
  [63670..63689] : 80;
  63690 : E8;
  63691 : E0;
  [63692..63693] : E1;
  [63694..63699] : E0;
  [63700..63702] : E1;
  [63703..63706] : E0;
  [63707..63710] : E1;
  63711 : CD;
  63712 : BE;
  63713 : 5D;
  63714 : A9;
  63715 : F8;
  63716 : E0;
  [63717..63720] : DF;
  63721 : E0;
  [63722..63729] : DF;
  [63730..63731] : E0;
  63732 : DF;
  [63733..63738] : E0;
  [63739..63743] : DF;
  63744 : CD;
  63745 : BD;
  63746 : 4B;
  63747 : B5;
  63748 : F5;
  [63749..63754] : DE;
  [63755..63760] : DD;
  63761 : DE;
  63762 : DF;
  63763 : DE;
  63764 : DF;
  [63765..63766] : DE;
  [63767..63770] : DF;
  63771 : DE;
  63772 : DD;
  [63773..63776] : DE;
  63777 : D2;
  63778 : B3;
  63779 : 48;
  63780 : EF;
  63781 : E9;
  [63782..63786] : DE;
  [63787..63788] : DD;
  [63789..63792] : DE;
  63793 : DD;
  63794 : DE;
  [63795..63803] : DD;
  [63804..63805] : DE;
  63806 : DF;
  [63807..63808] : E0;
  63809 : D8;
  63810 : C8;
  63811 : 4E;
  63812 : 6D;
  63813 : FB;
  63814 : E0;
  63815 : DD;
  63816 : DC;
  63817 : DB;
  63818 : DC;
  [63819..63823] : DB;
  [63824..63827] : DC;
  63828 : DB;
  [63829..63830] : DC;
  63831 : DB;
  63832 : DC;
  63833 : DB;
  63834 : DC;
  [63835..63836] : DB;
  [63837..63840] : DC;
  63841 : DB;
  63842 : D3;
  63843 : 93;
  63844 : 37;
  63845 : F6;
  63846 : E3;
  63847 : D8;
  [63848..63849] : D9;
  [63850..63855] : DA;
  63856 : DB;
  [63857..63858] : DA;
  63859 : D9;
  63860 : DA;
  63861 : D9;
  63862 : DA;
  63863 : D9;
  63864 : DA;
  63865 : DB;
  [63866..63868] : DA;
  [63869..63871] : DB;
  63872 : DA;
  63873 : DB;
  63874 : D7;
  63875 : BC;
  63876 : 39;
  63877 : E4;
  63878 : EE;
  63879 : DC;
  [63880..63885] : DB;
  63886 : DC;
  [63887..63888] : DB;
  [63889..63890] : DA;
  63891 : D9;
  [63892..63896] : DA;
  63897 : DB;
  63898 : DA;
  63899 : DB;
  [63900..63903] : DA;
  63904 : DB;
  63905 : DA;
  63906 : D4;
  63907 : AD;
  63908 : 29;
  63909 : C8;
  63910 : F2;
  [63911..63912] : DB;
  63913 : DA;
  [63914..63919] : DB;
  [63920..63925] : DA;
  63926 : DB;
  [63927..63930] : DA;
  [63931..63932] : DB;
  63933 : DA;
  63934 : DB;
  63935 : DC;
  63936 : DB;
  63937 : DC;
  63938 : D8;
  63939 : A8;
  63940 : 29;
  63941 : BC;
  63942 : F8;
  63943 : DF;
  63944 : DB;
  [63945..63948] : DA;
  [63949..63953] : D9;
  63954 : DA;
  63955 : D9;
  63956 : DA;
  63957 : D9;
  [63958..63965] : DA;
  63966 : D9;
  63967 : DA;
  [63968..63970] : DB;
  63971 : C6;
  63972 : 55;
  63973 : B9;
  63974 : F7;
  63975 : DD;
  [63976..63983] : D9;
  63984 : D8;
  [63985..63987] : D9;
  [63988..63989] : D8;
  [63990..64009] : 80;
  64010 : E7;
  64011 : E0;
  [64012..64013] : E1;
  64014 : E0;
  64015 : DF;
  [64016..64019] : E0;
  [64020..64022] : E1;
  [64023..64027] : E0;
  64028 : E1;
  [64029..64030] : E0;
  64031 : CD;
  64032 : BF;
  64033 : 5C;
  64034 : AB;
  64035 : F9;
  64036 : E0;
  [64037..64040] : DF;
  64041 : E0;
  [64042..64049] : DF;
  [64050..64051] : E0;
  [64052..64056] : DF;
  64057 : E0;
  [64058..64059] : DF;
  64060 : E0;
  [64061..64062] : DF;
  64063 : E0;
  64064 : CE;
  64065 : BD;
  64066 : 4A;
  64067 : B4;
  64068 : F6;
  64069 : DF;
  64070 : DE;
  64071 : DF;
  [64072..64073] : DE;
  [64074..64075] : DD;
  64076 : DC;
  [64077..64081] : DD;
  [64082..64086] : DE;
  64087 : DF;
  64088 : DE;
  [64089..64090] : DF;
  64091 : DE;
  64092 : DD;
  64093 : DE;
  [64094..64095] : DF;
  64096 : DE;
  64097 : D2;
  64098 : B1;
  64099 : 47;
  64100 : EF;
  64101 : E9;
  [64102..64103] : DE;
  [64104..64105] : DD;
  64106 : DE;
  [64107..64108] : DD;
  [64109..64112] : DE;
  [64113..64114] : DD;
  [64115..64116] : DE;
  [64117..64120] : DD;
  64121 : DC;
  [64122..64123] : DD;
  [64124..64125] : DE;
  64126 : DF;
  [64127..64128] : E0;
  64129 : D9;
  64130 : CA;
  64131 : 4D;
  64132 : 6D;
  64133 : FB;
  64134 : E0;
  64135 : DD;
  64136 : DC;
  64137 : DB;
  64138 : DC;
  [64139..64144] : DB;
  [64145..64147] : DC;
  64148 : DB;
  [64149..64154] : DC;
  [64155..64158] : DB;
  [64159..64161] : DC;
  64162 : D4;
  64163 : 93;
  64164 : 38;
  64165 : F6;
  64166 : E3;
  64167 : DA;
  [64168..64170] : D9;
  [64171..64180] : DA;
  64181 : D9;
  [64182..64189] : DA;
  [64190..64193] : DB;
  64194 : D7;
  64195 : BB;
  64196 : 37;
  64197 : E4;
  64198 : EF;
  64199 : DC;
  64200 : DB;
  [64201..64202] : DC;
  [64203..64208] : DB;
  [64209..64210] : DA;
  64211 : D9;
  [64212..64225] : DA;
  64226 : D4;
  64227 : AE;
  64228 : 2A;
  64229 : C7;
  64230 : F2;
  64231 : DB;
  [64232..64234] : DA;
  [64235..64239] : DB;
  [64240..64245] : DA;
  [64246..64247] : DB;
  [64248..64250] : DA;
  [64251..64253] : DB;
  64254 : DA;
  64255 : DC;
  64256 : DB;
  64257 : DC;
  64258 : D8;
  64259 : A9;
  64260 : 2A;
  64261 : BA;
  64262 : F8;
  64263 : DE;
  [64264..64268] : DA;
  [64269..64280] : D9;
  [64281..64285] : DA;
  64286 : D9;
  64287 : DA;
  [64288..64289] : DB;
  64290 : DA;
  64291 : C6;
  64292 : 56;
  64293 : B6;
  64294 : F7;
  64295 : DD;
  [64296..64297] : D9;
  [64298..64304] : D8;
  64305 : D9;
  [64306..64309] : D8;
  [64310..64329] : 80;
  64330 : E8;
  [64331..64333] : E1;
  64334 : E0;
  [64335..64336] : DF;
  [64337..64338] : E0;
  64339 : E1;
  [64340..64342] : E0;
  64343 : E1;
  [64344..64347] : E0;
  [64348..64349] : E1;
  64350 : E0;
  64351 : CD;
  64352 : BE;
  64353 : 5B;
  64354 : AD;
  64355 : F9;
  64356 : E1;
  64357 : E0;
  [64358..64367] : DF;
  64368 : E0;
  [64369..64371] : DF;
  64372 : E0;
  [64373..64376] : DF;
  64377 : E0;
  [64378..64380] : DF;
  [64381..64383] : E0;
  64384 : CE;
  64385 : BE;
  64386 : 4A;
  64387 : B5;
  64388 : F5;
  [64389..64394] : DE;
  [64395..64401] : DD;
  [64402..64403] : DE;
  64404 : DF;
  [64405..64407] : DE;
  64408 : DF;
  [64409..64411] : DE;
  [64412..64413] : DD;
  [64414..64415] : DF;
  64416 : DE;
  64417 : D1;
  64418 : AF;
  64419 : 46;
  64420 : EF;
  64421 : E9;
  [64422..64423] : DE;
  64424 : DD;
  [64425..64426] : DE;
  64427 : DD;
  64428 : DE;
  [64429..64431] : DD;
  [64432..64433] : DE;
  [64434..64436] : DD;
  64437 : DE;
  [64438..64440] : DD;
  64441 : DC;
  [64442..64444] : DD;
  64445 : DE;
  64446 : DF;
  [64447..64448] : E0;
  64449 : DA;
  64450 : CC;
  64451 : 4D;
  64452 : 6E;
  64453 : FC;
  64454 : E1;
  64455 : DD;
  64456 : DC;
  64457 : DB;
  64458 : DC;
  [64459..64461] : DB;
  [64462..64464] : DC;
  64465 : DD;
  [64466..64472] : DC;
  64473 : DB;
  64474 : DC;
  [64475..64476] : DB;
  [64477..64481] : DC;
  64482 : D4;
  64483 : 92;
  64484 : 3A;
  64485 : F7;
  64486 : E4;
  [64487..64488] : DA;
  64489 : D9;
  [64490..64497] : DA;
  64498 : DB;
  [64499..64500] : DA;
  64501 : DB;
  [64502..64503] : DA;
  64504 : DB;
  [64505..64510] : DA;
  [64511..64512] : DB;
  64513 : DC;
  64514 : D7;
  64515 : B9;
  64516 : 36;
  64517 : E3;
  64518 : EE;
  64519 : DC;
  64520 : DB;
  64521 : DC;
  [64522..64527] : DB;
  64528 : DC;
  64529 : DB;
  [64530..64543] : DA;
  [64544..64545] : D9;
  64546 : D3;
  64547 : AE;
  64548 : 29;
  64549 : C5;
  64550 : F2;
  64551 : DB;
  [64552..64564] : DA;
  [64565..64569] : DB;
  64570 : DA;
  [64571..64576] : DB;
  64577 : DC;
  64578 : D8;
  64579 : A9;
  64580 : 2A;
  64581 : B7;
  64582 : F8;
  64583 : DF;
  [64584..64588] : DA;
  [64589..64598] : D9;
  64599 : D8;
  [64600..64601] : D9;
  [64602..64609] : DA;
  64610 : D9;
  64611 : C6;
  64612 : 56;
  64613 : B3;
  64614 : F7;
  64615 : DD;
  [64616..64619] : D9;
  64620 : D8;
  64621 : D9;
  [64622..64624] : D8;
  64625 : D9;
  [64626..64628] : D8;
  64629 : D7;
  [64630..64649] : 80;
  64650 : E8;
  64651 : E0;
  [64652..64653] : E1;
  64654 : E0;
  [64655..64656] : DF;
  [64657..64658] : E0;
  64659 : E1;
  [64660..64662] : E0;
  [64663..64664] : E1;
  [64665..64668] : E0;
  64669 : E1;
  64670 : E0;
  64671 : CD;
  64672 : BE;
  64673 : 5B;
  64674 : AE;
  64675 : F9;
  64676 : E1;
  [64677..64679] : DF;
  [64680..64682] : DE;
  [64683..64687] : DF;
  64688 : DE;
  [64689..64690] : DF;
  64691 : E0;
  [64692..64693] : DF;
  64694 : DE;
  64695 : DF;
  [64696..64698] : E0;
  64699 : DF;
  [64700..64703] : E0;
  64704 : CD;
  64705 : BD;
  64706 : 4A;
  64707 : B4;
  64708 : F5;
  64709 : DF;
  [64710..64718] : DE;
  64719 : DD;
  [64720..64730] : DE;
  [64731..64732] : DD;
  [64733..64736] : DE;
  64737 : D1;
  64738 : AE;
  64739 : 44;
  64740 : F0;
  64741 : E8;
  [64742..64745] : DE;
  [64746..64747] : DD;
  64748 : DE;
  64749 : DD;
  [64750..64753] : DE;
  [64754..64755] : DD;
  64756 : DC;
  [64757..64760] : DD;
  64761 : DC;
  [64762..64763] : DD;
  [64764..64765] : DE;
  [64766..64768] : DF;
  64769 : DA;
  64770 : CC;
  64771 : 4B;
  64772 : 6F;
  64773 : FC;
  64774 : E1;
  [64775..64778] : DC;
  [64779..64783] : DB;
  [64784..64790] : DC;
  [64791..64792] : DB;
  [64793..64794] : DC;
  64795 : DB;
  64796 : DC;
  64797 : DB;
  [64798..64801] : DC;
  64802 : D4;
  64803 : 92;
  64804 : 3B;
  64805 : F7;
  64806 : E4;
  [64807..64811] : D9;
  64812 : DA;
  64813 : D9;
  [64814..64815] : DA;
  64816 : DB;
  [64817..64830] : DA;
  64831 : DC;
  [64832..64833] : DB;
  64834 : D7;
  64835 : B8;
  64836 : 35;
  64837 : E2;
  64838 : EE;
  [64839..64840] : DC;
  [64841..64845] : DB;
  64846 : DC;
  [64847..64849] : DB;
  [64850..64854] : DA;
  64855 : D9;
  [64856..64858] : DA;
  64859 : D9;
  [64860..64861] : DA;
  64862 : D9;
  64863 : DA;
  64864 : D9;
  64865 : DA;
  64866 : D4;
  64867 : AD;
  64868 : 28;
  64869 : C3;
  64870 : F3;
  64871 : DA;
  [64872..64874] : D9;
  [64875..64886] : DA;
  [64887..64888] : DB;
  64889 : DA;
  64890 : DB;
  [64891..64893] : DA;
  [64894..64895] : DB;
  64896 : DA;
  64897 : DB;
  64898 : D9;
  64899 : AA;
  64900 : 29;
  64901 : B5;
  64902 : F8;
  64903 : DE;
  [64904..64906] : DA;
  [64907..64909] : D9;
  [64910..64911] : DA;
  [64912..64916] : D9;
  64917 : D8;
  [64918..64922] : D9;
  [64923..64929] : DA;
  64930 : D9;
  64931 : C7;
  64932 : 56;
  64933 : B0;
  64934 : F7;
  64935 : DD;
  [64936..64945] : D8;
  64946 : D7;
  [64947..64949] : D8;
  [64950..64969] : 80;
  64970 : E8;
  [64971..64972] : E1;
  [64973..64977] : E0;
  [64978..64979] : E1;
  64980 : E0;
  64981 : DF;
  [64982..64987] : E0;
  [64988..64989] : E1;
  64990 : E0;
  64991 : CD;
  64992 : BE;
  64993 : 58;
  64994 : AE;
  64995 : F8;
  64996 : E1;
  64997 : E0;
  [64998..64999] : DF;
  65000 : DE;
  [65001..65005] : DF;
  [65006..65007] : DE;
  [65008..65018] : DF;
  65019 : E0;
  [65020..65021] : DF;
  [65022..65023] : E0;
  65024 : CD;
  65025 : BE;
  65026 : 49;
  65027 : B5;
  65028 : F4;
  65029 : DF;
  [65030..65033] : DE;
  65034 : DF;
  [65035..65038] : DE;
  [65039..65040] : DD;
  [65041..65050] : DE;
  [65051..65053] : DD;
  [65054..65055] : DE;
  65056 : DD;
  65057 : CF;
  65058 : AC;
  65059 : 45;
  65060 : EF;
  65061 : E8;
  [65062..65066] : DE;
  [65067..65069] : DD;
  65070 : DE;
  [65071..65072] : DD;
  [65073..65074] : DE;
  [65075..65084] : DD;
  65085 : DE;
  65086 : DF;
  65087 : DE;
  65088 : DF;
  65089 : D9;
  65090 : CC;
  65091 : 4A;
  65092 : 73;
  65093 : FE;
  65094 : E1;
  [65095..65097] : DC;
  [65098..65100] : DB;
  65101 : DA;
  65102 : DB;
  [65103..65113] : DC;
  65114 : DB;
  65115 : DC;
  65116 : DB;
  [65117..65121] : DC;
  65122 : D3;
  65123 : 91;
  65124 : 3A;
  65125 : F8;
  65126 : E3;
  65127 : D9;
  65128 : D8;
  [65129..65130] : D9;
  [65131..65133] : DA;
  65134 : DB;
  [65135..65147] : DA;
  65148 : D9;
  [65149..65150] : DA;
  [65151..65153] : DB;
  65154 : D5;
  65155 : B8;
  65156 : 35;
  65157 : E1;
  65158 : ED;
  [65159..65160] : DC;
  [65161..65162] : DB;
  [65163..65164] : DC;
  [65165..65167] : DB;
  65168 : DC;
  65169 : DB;
  65170 : DA;
  65171 : DB;
  [65172..65173] : DA;
  65174 : D9;
  [65175..65176] : DA;
  65177 : D9;
  [65178..65181] : DA;
  65182 : D9;
  [65183..65185] : DA;
  65186 : D3;
  65187 : AB;
  65188 : 26;
  65189 : C2;
  65190 : F3;
  65191 : DA;
  [65192..65193] : D9;
  65194 : DA;
  [65195..65197] : DB;
  [65198..65200] : DA;
  65201 : DB;
  65202 : D9;
  [65203..65204] : DA;
  65205 : DB;
  [65206..65207] : DA;
  65208 : DB;
  [65209..65216] : DA;
  65217 : DB;
  65218 : D8;
  65219 : AB;
  65220 : 29;
  65221 : B4;
  65222 : F9;
  65223 : DF;
  65224 : DA;
  65225 : D9;
  65226 : DA;
  [65227..65238] : D9;
  [65239..65240] : DA;
  [65241..65243] : D9;
  [65244..65247] : DA;
  65248 : DB;
  [65249..65250] : DA;
  65251 : C8;
  65252 : 56;
  65253 : AC;
  65254 : F6;
  65255 : DD;
  [65256..65257] : D8;
  65258 : D7;
  [65259..65261] : D8;
  [65262..65263] : D7;
  [65264..65265] : D8;
  [65266..65269] : D7;
  [65270..65289] : 80;
  65290 : E8;
  [65291..65292] : E1;
  [65293..65297] : E0;
  65298 : DF;
  [65299..65303] : E0;
  65304 : DF;
  [65305..65306] : E0;
  [65307..65310] : E1;
  65311 : CC;
  65312 : BD;
  65313 : 57;
  65314 : AF;
  65315 : F8;
  65316 : E0;
  [65317..65319] : DF;
  65320 : DE;
  [65321..65323] : DF;
  65324 : DE;
  [65325..65329] : DF;
  65330 : DE;
  [65331..65332] : E0;
  [65333..65338] : DF;
  [65339..65343] : E0;
  65344 : CD;
  65345 : BE;
  65346 : 47;
  65347 : B5;
  65348 : F4;
  [65349..65350] : DE;
  65351 : DF;
  [65352..65354] : DE;
  [65355..65357] : DF;
  [65358..65361] : DE;
  65362 : DD;
  [65363..65365] : DE;
  65366 : DD;
  [65367..65369] : DE;
  [65370..65373] : DD;
  65374 : DE;
  65375 : DF;
  65376 : DE;
  65377 : CF;
  65378 : AB;
  65379 : 44;
  65380 : F0;
  65381 : E8;
  [65382..65384] : DD;
  65385 : DE;
  [65386..65389] : DD;
  65390 : DE;
  [65391..65392] : DD;
  [65393..65394] : DE;
  65395 : DD;
  65396 : DC;
  [65397..65398] : DD;
  65399 : DC;
  [65400..65403] : DD;
  [65404..65406] : DE;
  [65407..65408] : DF;
  65409 : D9;
  65410 : CB;
  65411 : 48;
  65412 : 75;
  65413 : FE;
  65414 : E1;
  [65415..65417] : DC;
  [65418..65419] : DB;
  [65420..65424] : DC;
  65425 : DB;
  65426 : DC;
  [65427..65428] : DB;
  65429 : DC;
  65430 : DB;
  65431 : DC;
  [65432..65436] : DB;
  [65437..65440] : DC;
  65441 : DB;
  65442 : D3;
  65443 : 8F;
  65444 : 39;
  65445 : F8;
  65446 : E3;
  65447 : D9;
  [65448..65449] : D8;
  65450 : D9;
  [65451..65456] : DA;
  [65457..65458] : DB;
  [65459..65468] : DA;
  [65469..65472] : DB;
  65473 : DC;
  65474 : D6;
  65475 : B9;
  65476 : 35;
  65477 : E1;
  65478 : EE;
  65479 : DC;
  [65480..65483] : DB;
  65484 : DC;
  [65485..65490] : DB;
  65491 : DA;
  [65492..65493] : DB;
  [65494..65498] : DA;
  65499 : D9;
  [65500..65502] : DA;
  [65503..65504] : D9;
  65505 : DA;
  65506 : D4;
  65507 : AC;
  65508 : 26;
  65509 : C1;
  65510 : F3;
  [65511..65513] : D9;
  [65514..65522] : DA;
  [65523..65524] : D9;
  [65525..65527] : DA;
  65528 : DB;
  [65529..65532] : DA;
  65533 : D9;
  [65534..65536] : DA;
  65537 : DB;
  65538 : D7;
  65539 : AD;
  65540 : 2A;
  65541 : B3;
  65542 : F8;
  65543 : DE;
  65544 : DA;
  [65545..65550] : D9;
  65551 : DA;
  [65552..65558] : D9;
  [65559..65560] : DA;
  [65561..65562] : D9;
  65563 : DA;
  [65564..65566] : D9;
  [65567..65569] : DA;
  65570 : D9;
  65571 : C9;
  65572 : 56;
  65573 : A9;
  65574 : F6;
  65575 : DD;
  [65576..65577] : D8;
  [65578..65579] : D7;
  65580 : D8;
  [65581..65583] : D7;
  [65584..65585] : D8;
  [65586..65589] : D7;
  [65590..65609] : 80;
  65610 : E8;
  65611 : E0;
  65612 : E1;
  [65613..65614] : E0;
  [65615..65617] : DF;
  65618 : E0;
  [65619..65620] : DF;
  [65621..65628] : E0;
  [65629..65630] : E1;
  65631 : CD;
  65632 : BD;
  65633 : 56;
  65634 : B0;
  65635 : F8;
  65636 : E1;
  65637 : DF;
  65638 : DE;
  [65639..65641] : DF;
  65642 : E0;
  [65643..65645] : DF;
  65646 : E0;
  [65647..65654] : DF;
  65655 : DE;
  [65656..65657] : DF;
  65658 : E0;
  65659 : DF;
  [65660..65663] : E0;
  65664 : CD;
  65665 : BE;
  65666 : 47;
  65667 : B5;
  65668 : F4;
  [65669..65670] : DE;
  [65671..65672] : DF;
  65673 : DE;
  65674 : DF;
  65675 : E0;
  [65676..65677] : DE;
  65678 : DF;
  [65679..65692] : DE;
  65693 : DD;
  [65694..65695] : DE;
  65696 : DD;
  65697 : CF;
  65698 : AA;
  65699 : 43;
  65700 : F0;
  65701 : E7;
  [65702..65706] : DD;
  65707 : DC;
  [65708..65712] : DD;
  65713 : DE;
  [65714..65717] : DD;
  [65718..65719] : DC;
  [65720..65722] : DD;
  [65723..65724] : DE;
  65725 : DD;
  65726 : DE;
  [65727..65728] : DF;
  65729 : D9;
  65730 : CC;
  65731 : 47;
  65732 : 73;
  65733 : FE;
  65734 : E1;
  [65735..65736] : DC;
  [65737..65739] : DB;
  65740 : DC;
  65741 : DB;
  [65742..65743] : DC;
  65744 : DD;
  65745 : DB;
  65746 : DC;
  65747 : DB;
  [65748..65749] : DC;
  [65750..65753] : DB;
  [65754..65755] : DA;
  [65756..65758] : DB;
  [65759..65761] : DC;
  65762 : D3;
  65763 : 8E;
  65764 : 38;
  65765 : F8;
  65766 : E3;
  [65767..65768] : D8;
  [65769..65770] : D9;
  65771 : DA;
  [65772..65773] : D9;
  [65774..65778] : DA;
  65779 : D9;
  65780 : DB;
  [65781..65789] : DA;
  65790 : DB;
  65791 : DC;
  65792 : DB;
  65793 : DC;
  65794 : D6;
  65795 : B8;
  65796 : 34;
  65797 : E1;
  65798 : ED;
  65799 : DB;
  65800 : DA;
  [65801..65810] : DB;
  65811 : DA;
  65812 : DB;
  [65813..65814] : DA;
  65815 : DB;
  [65816..65818] : DA;
  65819 : D9;
  65820 : DA;
  65821 : D9;
  [65822..65825] : DA;
  65826 : D3;
  65827 : AD;
  65828 : 27;
  65829 : C1;
  65830 : F4;
  65831 : DA;
  [65832..65833] : D9;
  65834 : DA;
  [65835..65836] : D9;
  65837 : DB;
  [65838..65846] : DA;
  65847 : D9;
  [65848..65852] : DA;
  65853 : D9;
  [65854..65856] : DA;
  65857 : DB;
  65858 : D7;
  65859 : AE;
  65860 : 2A;
  65861 : B0;
  65862 : F7;
  65863 : DE;
  65864 : D9;
  65865 : DA;
  [65866..65877] : D9;
  [65878..65880] : DA;
  [65881..65886] : D9;
  [65887..65889] : DA;
  65890 : D9;
  65891 : C8;
  65892 : 56;
  65893 : A8;
  65894 : F7;
  65895 : DD;
  [65896..65897] : D8;
  [65898..65901] : D7;
  [65902..65906] : D8;
  [65907..65909] : D7;
  [65910..65929] : 80;
  65930 : E7;
  65931 : E0;
  [65932..65933] : E1;
  65934 : E0;
  [65935..65936] : DF;
  [65937..65946] : E0;
  [65947..65949] : E1;
  65950 : E0;
  65951 : CC;
  65952 : BD;
  65953 : 56;
  65954 : B0;
  65955 : F8;
  65956 : E1;
  [65957..65970] : DF;
  65971 : E0;
  [65972..65976] : DF;
  [65977..65978] : E0;
  65979 : DF;
  65980 : E0;
  [65981..65983] : DF;
  65984 : CE;
  65985 : BF;
  65986 : 45;
  65987 : B5;
  65988 : F4;
  [65989..65990] : DF;
  65991 : DE;
  [65992..65993] : DF;
  65994 : DE;
  [65995..65996] : DF;
  [65997..66000] : DE;
  [66001..66002] : DD;
  66003 : DE;
  66004 : DD;
  [66005..66006] : DE;
  66007 : DD;
  [66008..66016] : DE;
  66017 : CF;
  66018 : A8;
  66019 : 41;
  66020 : EF;
  66021 : E7;
  [66022..66023] : DD;
  66024 : DC;
  66025 : DD;
  66026 : DC;
  [66027..66029] : DD;
  [66030..66033] : DE;
  [66034..66037] : DD;
  66038 : DC;
  [66039..66044] : DD;
  [66045..66046] : DE;
  [66047..66048] : DF;
  66049 : D9;
  66050 : CB;
  66051 : 44;
  66052 : 72;
  66053 : FD;
  66054 : E1;
  66055 : DD;
  66056 : DC;
  66057 : DB;
  66058 : DC;
  66059 : DB;
  66060 : DC;
  66061 : DB;
  [66062..66065] : DC;
  [66066..66067] : DB;
  [66068..66069] : DC;
  [66070..66075] : DB;
  66076 : DA;
  66077 : DB;
  66078 : DC;
  [66079..66081] : DB;
  66082 : D3;
  66083 : 8D;
  66084 : 37;
  66085 : F7;
  66086 : E3;
  [66087..66088] : D8;
  66089 : D9;
  [66090..66092] : DA;
  66093 : D8;
  66094 : D9;
  [66095..66098] : DA;
  66099 : D9;
  [66100..66101] : DA;
  [66102..66103] : DB;
  [66104..66110] : DA;
  [66111..66113] : DC;
  66114 : D6;
  66115 : B7;
  66116 : 33;
  66117 : E0;
  66118 : ED;
  66119 : DB;
  [66120..66125] : DA;
  [66126..66130] : DB;
  66131 : DA;
  66132 : DB;
  [66133..66136] : DA;
  66137 : DB;
  [66138..66141] : DA;
  66142 : D9;
  66143 : DA;
  [66144..66145] : D9;
  66146 : D2;
  66147 : AC;
  66148 : 28;
  66149 : C0;
  66150 : F4;
  [66151..66154] : D9;
  [66155..66157] : DA;
  66158 : DB;
  [66159..66163] : DA;
  [66164..66165] : D9;
  [66166..66167] : DA;
  66168 : D9;
  66169 : DA;
  [66170..66172] : D9;
  [66173..66175] : DA;
  66176 : DB;
  66177 : DA;
  66178 : D7;
  66179 : AE;
  66180 : 29;
  66181 : AC;
  66182 : F6;
  66183 : DE;
  66184 : D9;
  [66185..66186] : DA;
  [66187..66193] : D9;
  66194 : DA;
  [66195..66198] : D9;
  [66199..66200] : DA;
  [66201..66210] : D9;
  66211 : C8;
  66212 : 55;
  66213 : A5;
  66214 : F6;
  66215 : DD;
  [66216..66218] : D8;
  [66219..66220] : D7;
  [66221..66224] : D8;
  66225 : D7;
  [66226..66228] : D8;
  66229 : D7;
  [66230..66249] : 80;
  66250 : E7;
  66251 : E0;
  66252 : E1;
  66253 : E0;
  [66254..66257] : DF;
  [66258..66260] : E0;
  66261 : DF;
  [66262..66267] : E0;
  [66268..66269] : E1;
  66270 : E0;
  66271 : CB;
  66272 : BC;
  66273 : 55;
  66274 : B1;
  66275 : F8;
  66276 : E1;
  [66277..66280] : DF;
  [66281..66282] : DE;
  [66283..66284] : DF;
  [66285..66286] : E0;
  [66287..66293] : DF;
  66294 : E0;
  [66295..66296] : DF;
  [66297..66298] : E0;
  66299 : DF;
  [66300..66303] : E0;
  66304 : CD;
  66305 : BE;
  66306 : 43;
  66307 : B5;
  66308 : F4;
  66309 : DE;
  [66310..66311] : DF;
  [66312..66320] : DE;
  66321 : DD;
  [66322..66323] : DE;
  66324 : DD;
  66325 : DE;
  66326 : DD;
  [66327..66330] : DE;
  [66331..66332] : DD;
  [66333..66336] : DE;
  66337 : CF;
  66338 : A7;
  66339 : 40;
  66340 : EF;
  66341 : E8;
  66342 : DE;
  [66343..66346] : DD;
  66347 : DC;
  [66348..66350] : DD;
  [66351..66352] : DE;
  [66353..66355] : DD;
  66356 : DC;
  66357 : DD;
  66358 : DC;
  [66359..66363] : DD;
  66364 : DE;
  [66365..66366] : DD;
  66367 : DE;
  66368 : DF;
  66369 : D8;
  66370 : CA;
  66371 : 42;
  66372 : 73;
  66373 : FE;
  66374 : E0;
  [66375..66379] : DC;
  [66380..66381] : DB;
  [66382..66386] : DC;
  [66387..66390] : DB;
  66391 : DA;
  [66392..66393] : DB;
  66394 : DA;
  66395 : D9;
  66396 : DA;
  66397 : DB;
  [66398..66401] : DC;
  66402 : D1;
  66403 : 8B;
  66404 : 37;
  66405 : F7;
  66406 : E4;
  66407 : D8;
  [66408..66409] : D9;
  [66410..66412] : DA;
  [66413..66416] : D9;
  [66417..66418] : DA;
  66419 : D9;
  [66420..66421] : DA;
  [66422..66423] : DB;
  66424 : DA;
  66425 : DB;
  [66426..66427] : DA;
  [66428..66429] : DB;
  66430 : DA;
  66431 : DB;
  66432 : DA;
  66433 : DC;
  66434 : D6;
  66435 : B6;
  66436 : 32;
  66437 : DF;
  66438 : EC;
  66439 : DB;
  [66440..66442] : DA;
  [66443..66446] : DB;
  66447 : DA;
  [66448..66451] : DB;
  [66452..66455] : DA;
  66456 : DB;
  [66457..66459] : DA;
  [66460..66462] : D9;
  [66463..66465] : DA;
  66466 : D2;
  66467 : AC;
  66468 : 28;
  66469 : C1;
  66470 : F4;
  [66471..66477] : D9;
  [66478..66480] : DA;
  [66481..66488] : D9;
  66489 : DA;
  [66490..66494] : D9;
  66495 : DA;
  66496 : D9;
  66497 : DA;
  66498 : D7;
  66499 : AD;
  66500 : 28;
  66501 : A8;
  66502 : F6;
  66503 : DE;
  [66504..66506] : D9;
  66507 : DA;
  [66508..66512] : D9;
  66513 : D8;
  66514 : D9;
  66515 : DA;
  [66516..66517] : D9;
  66518 : DA;
  [66519..66520] : D9;
  66521 : DA;
  66522 : D9;
  66523 : D8;
  [66524..66530] : D9;
  66531 : C7;
  66532 : 54;
  66533 : A3;
  66534 : F6;
  66535 : DD;
  [66536..66537] : D7;
  66538 : D8;
  66539 : D7;
  [66540..66542] : D8;
  66543 : D7;
  [66544..66547] : D8;
  [66548..66549] : D7;
  [66550..66569] : 80;
  66570 : E7;
  [66571..66576] : E0;
  66577 : DF;
  66578 : E0;
  [66579..66580] : DF;
  [66581..66588] : E0;
  66589 : E1;
  66590 : E0;
  66591 : CA;
  66592 : BA;
  66593 : 52;
  66594 : B1;
  66595 : F8;
  66596 : E1;
  [66597..66603] : DF;
  66604 : DE;
  [66605..66615] : DF;
  [66616..66617] : E0;
  66618 : DF;
  [66619..66623] : E0;
  66624 : CD;
  66625 : BD;
  66626 : 43;
  66627 : B5;
  66628 : F3;
  [66629..66631] : DF;
  [66632..66633] : DE;
  66634 : DD;
  [66635..66640] : DE;
  [66641..66642] : DD;
  [66643..66649] : DE;
  66650 : DF;
  [66651..66653] : DE;
  [66654..66655] : DF;
  66656 : DE;
  66657 : CE;
  66658 : A8;
  66659 : 41;
  66660 : F0;
  66661 : E8;
  [66662..66669] : DD;
  66670 : DE;
  [66671..66677] : DD;
  [66678..66680] : DC;
  [66681..66684] : DD;
  66685 : DC;
  66686 : DD;
  [66687..66688] : DE;
  66689 : D7;
  66690 : C8;
  66691 : 40;
  66692 : 74;
  66693 : FE;
  66694 : E0;
  66695 : DD;
  66696 : DC;
  [66697..66701] : DB;
  66702 : DC;
  [66703..66704] : DB;
  [66705..66706] : DC;
  66707 : DB;
  [66708..66709] : DA;
  66710 : DB;
  [66711..66716] : DA;
  66717 : DB;
  [66718..66721] : DC;
  66722 : D1;
  66723 : 8A;
  66724 : 35;
  66725 : F6;
  66726 : E4;
  66727 : D9;
  [66728..66729] : DA;
  [66730..66731] : D9;
  [66732..66735] : DA;
  66736 : D9;
  [66737..66741] : DA;
  [66742..66745] : DB;
  [66746..66747] : DA;
  [66748..66751] : DB;
  66752 : DA;
  66753 : DB;
  66754 : D6;
  66755 : B6;
  66756 : 32;
  66757 : DF;
  66758 : EC;
  66759 : DB;
  [66760..66761] : DA;
  66762 : DB;
  66763 : DA;
  66764 : DB;
  66765 : DA;
  [66766..66769] : DB;
  [66770..66781] : DA;
  [66782..66783] : D9;
  [66784..66785] : DA;
  66786 : D3;
  66787 : AB;
  66788 : 29;
  66789 : C1;
  66790 : F4;
  66791 : D9;
  66792 : D8;
  [66793..66795] : D9;
  66796 : DA;
  [66797..66798] : D9;
  66799 : DA;
  [66800..66801] : D9;
  66802 : DA;
  [66803..66808] : D9;
  [66809..66811] : DA;
  [66812..66814] : D9;
  [66815..66816] : DA;
  66817 : DB;
  66818 : D6;
  66819 : AC;
  66820 : 25;
  66821 : A6;
  66822 : F6;
  66823 : DE;
  [66824..66841] : D9;
  [66842..66843] : D8;
  [66844..66847] : D9;
  [66848..66849] : DA;
  66850 : D9;
  66851 : C8;
  66852 : 52;
  66853 : 9F;
  66854 : F7;
  66855 : DF;
  66856 : D8;
  [66857..66858] : D7;
  [66859..66860] : D8;
  [66861..66862] : D7;
  [66863..66865] : D8;
  66866 : D7;
  66867 : D8;
  [66868..66869] : D7;
  [66870..66889] : 80;
  66890 : E7;
  [66891..66894] : E0;
  66895 : DF;
  66896 : E0;
  [66897..66899] : DF;
  [66900..66902] : E0;
  [66903..66904] : DF;
  [66905..66908] : E0;
  66909 : E1;
  66910 : E0;
  66911 : C9;
  66912 : B7;
  66913 : 4F;
  66914 : B1;
  66915 : F8;
  66916 : E0;
  [66917..66919] : DF;
  66920 : DE;
  66921 : DF;
  66922 : DE;
  [66923..66940] : DF;
  [66941..66942] : E0;
  66943 : DF;
  66944 : CD;
  66945 : BC;
  66946 : 40;
  66947 : B5;
  66948 : F4;
  [66949..66950] : E0;
  66951 : DF;
  [66952..66958] : DE;
  [66959..66962] : DD;
  66963 : DE;
  66964 : DD;
  [66965..66971] : DE;
  66972 : DD;
  66973 : DE;
  [66974..66976] : DF;
  66977 : CF;
  66978 : A7;
  66979 : 42;
  66980 : F0;
  66981 : E8;
  [66982..66997] : DD;
  66998 : DC;
  [66999..67005] : DD;
  [67006..67008] : DE;
  67009 : D7;
  67010 : C8;
  67011 : 3E;
  67012 : 75;
  67013 : FE;
  67014 : E0;
  [67015..67016] : DC;
  67017 : DB;
  67018 : DC;
  [67019..67020] : DB;
  67021 : DC;
  [67022..67024] : DB;
  [67025..67026] : DC;
  [67027..67028] : DB;
  67029 : DA;
  67030 : DB;
  67031 : DA;
  67032 : DB;
  [67033..67037] : DA;
  67038 : DB;
  [67039..67041] : DC;
  67042 : D0;
  67043 : 89;
  67044 : 36;
  67045 : F7;
  67046 : E4;
  [67047..67048] : D9;
  67049 : DA;
  67050 : D9;
  [67051..67053] : DA;
  [67054..67056] : D9;
  [67057..67059] : DA;
  67060 : D9;
  67061 : DA;
  [67062..67064] : DB;
  [67065..67067] : DA;
  [67068..67069] : DB;
  67070 : DA;
  67071 : DB;
  67072 : DA;
  67073 : DB;
  67074 : D6;
  67075 : B7;
  67076 : 32;
  67077 : DF;
  67078 : EE;
  67079 : DB;
  67080 : DA;
  [67081..67083] : DB;
  67084 : DA;
  [67085..67089] : DB;
  [67090..67094] : DA;
  67095 : DB;
  [67096..67099] : DA;
  [67100..67103] : D9;
  [67104..67105] : DA;
  67106 : D3;
  67107 : AB;
  67108 : 28;
  67109 : C0;
  67110 : F4;
  67111 : DA;
  [67112..67113] : D8;
  [67114..67119] : D9;
  [67120..67121] : DA;
  [67122..67124] : D9;
  67125 : DA;
  [67126..67128] : D9;
  67129 : DA;
  [67130..67133] : D9;
  [67134..67136] : DA;
  67137 : DB;
  67138 : D6;
  67139 : AB;
  67140 : 24;
  67141 : A5;
  67142 : F7;
  67143 : DF;
  [67144..67152] : D9;
  67153 : D8;
  67154 : D9;
  67155 : DA;
  [67156..67157] : D9;
  67158 : DA;
  67159 : D9;
  67160 : D8;
  [67161..67168] : D9;
  67169 : DA;
  67170 : D9;
  67171 : C8;
  67172 : 51;
  67173 : 9B;
  67174 : F7;
  67175 : DF;
  [67176..67179] : D7;
  67180 : D8;
  67181 : D7;
  [67182..67188] : D8;
  67189 : D7;
  [67190..67209] : 80;
  67210 : E7;
  [67211..67213] : E0;
  [67214..67221] : DF;
  67222 : E0;
  [67223..67225] : DF;
  [67226..67228] : E0;
  67229 : E1;
  67230 : E0;
  67231 : C9;
  67232 : B7;
  67233 : 4E;
  67234 : B2;
  67235 : F8;
  67236 : E1;
  [67237..67240] : DF;
  [67241..67242] : DE;
  [67243..67245] : DF;
  67246 : E0;
  67247 : DE;
  67248 : DF;
  67249 : DE;
  67250 : DF;
  [67251..67253] : DE;
  67254 : DF;
  [67255..67257] : DE;
  [67258..67263] : DF;
  67264 : CD;
  67265 : BD;
  67266 : 3F;
  67267 : B6;
  67268 : F5;
  [67269..67271] : DF;
  [67272..67278] : DE;
  [67279..67281] : DD;
  67282 : DE;
  [67283..67285] : DD;
  [67286..67287] : DE;
  67288 : DF;
  [67289..67292] : DE;
  [67293..67296] : DF;
  67297 : D0;
  67298 : A7;
  67299 : 3F;
  67300 : F0;
  67301 : E8;
  [67302..67309] : DD;
  67310 : DC;
  [67311..67316] : DD;
  67317 : DE;
  [67318..67321] : DD;
  67322 : DE;
  67323 : DD;
  67324 : DE;
  67325 : DD;
  [67326..67328] : DE;
  67329 : D7;
  67330 : C7;
  67331 : 3D;
  67332 : 75;
  67333 : FE;
  67334 : E0;
  [67335..67336] : DC;
  [67337..67339] : DB;
  67340 : DC;
  [67341..67344] : DB;
  67345 : DC;
  [67346..67349] : DB;
  67350 : DA;
  67351 : DB;
  67352 : DA;
  67353 : DB;
  [67354..67355] : DA;
  67356 : DB;
  67357 : DA;
  67358 : DB;
  [67359..67360] : DC;
  67361 : DB;
  67362 : D0;
  67363 : 89;
  67364 : 37;
  67365 : F7;
  67366 : E4;
  67367 : D9;
  [67368..67371] : DA;
  [67372..67374] : D9;
  67375 : DA;
  67376 : D9;
  [67377..67381] : DA;
  [67382..67383] : DB;
  67384 : DA;
  67385 : DB;
  [67386..67387] : DA;
  [67388..67392] : DB;
  67393 : DC;
  67394 : D7;
  67395 : B7;
  67396 : 32;
  67397 : DF;
  67398 : EE;
  67399 : DB;
  [67400..67401] : DA;
  67402 : DB;
  67403 : DA;
  [67404..67409] : DB;
  67410 : DA;
  67411 : DB;
  [67412..67417] : DA;
  [67418..67419] : D9;
  67420 : DA;
  [67421..67422] : D9;
  [67423..67425] : DA;
  67426 : D2;
  67427 : AB;
  67428 : 27;
  67429 : BE;
  67430 : F4;
  67431 : D9;
  [67432..67434] : D8;
  67435 : D9;
  67436 : DA;
  [67437..67439] : D9;
  67440 : DA;
  [67441..67446] : D9;
  67447 : DA;
  67448 : D9;
  [67449..67451] : DA;
  67452 : D9;
  67453 : DA;
  67454 : D9;
  [67455..67456] : DA;
  67457 : DB;
  67458 : D6;
  67459 : AC;
  67460 : 25;
  67461 : A4;
  67462 : F7;
  67463 : DF;
  [67464..67477] : D9;
  67478 : DA;
  [67479..67485] : D9;
  67486 : DA;
  [67487..67490] : D9;
  67491 : C8;
  67492 : 50;
  67493 : 97;
  67494 : F6;
  67495 : DE;
  [67496..67499] : D7;
  [67500..67502] : D8;
  67503 : D7;
  [67504..67508] : D8;
  67509 : D7;
  [67510..67529] : 80;
  67530 : E7;
  [67531..67533] : E0;
  67534 : DF;
  [67535..67536] : E0;
  [67537..67539] : DF;
  67540 : DE;
  [67541..67543] : DF;
  [67544..67545] : E0;
  67546 : DF;
  [67547..67548] : E0;
  67549 : E1;
  67550 : DF;
  67551 : C9;
  67552 : B8;
  67553 : 4D;
  67554 : B2;
  67555 : F8;
  67556 : E1;
  [67557..67561] : DF;
  [67562..67563] : DE;
  [67564..67570] : DF;
  [67571..67575] : DE;
  [67576..67583] : DF;
  67584 : CD;
  67585 : BD;
  67586 : 3C;
  67587 : B6;
  67588 : F5;
  [67589..67591] : DF;
  [67592..67598] : DE;
  [67599..67603] : DD;
  67604 : DE;
  67605 : DD;
  [67606..67613] : DE;
  [67614..67615] : DF;
  67616 : E0;
  67617 : D1;
  67618 : A5;
  67619 : 3C;
  67620 : EF;
  67621 : E7;
  [67622..67626] : DE;
  [67627..67630] : DD;
  67631 : DE;
  67632 : DD;
  67633 : DE;
  [67634..67637] : DD;
  67638 : DE;
  [67639..67640] : DD;
  67641 : DF;
  [67642..67644] : DE;
  67645 : DD;
  [67646..67648] : DE;
  67649 : D7;
  67650 : C8;
  67651 : 3C;
  67652 : 75;
  67653 : FE;
  67654 : E0;
  [67655..67656] : DC;
  [67657..67662] : DB;
  [67663..67664] : DC;
  [67665..67670] : DB;
  67671 : DA;
  [67672..67674] : DB;
  [67675..67676] : DA;
  [67677..67678] : DB;
  [67679..67681] : DC;
  67682 : D1;
  67683 : 88;
  67684 : 36;
  67685 : F6;
  67686 : E4;
  67687 : D9;
  [67688..67690] : DA;
  67691 : D9;
  [67692..67694] : DA;
  [67695..67696] : D9;
  67697 : DA;
  67698 : DB;
  [67699..67704] : DA;
  67705 : DB;
  [67706..67707] : DA;
  67708 : DB;
  67709 : DC;
  [67710..67712] : DB;
  67713 : DC;
  67714 : D7;
  67715 : B5;
  67716 : 2F;
  67717 : DD;
  67718 : EE;
  [67719..67721] : DB;
  [67722..67723] : DA;
  [67724..67725] : DB;
  67726 : DC;
  [67727..67730] : DB;
  [67731..67732] : DA;
  67733 : DB;
  [67734..67740] : DA;
  [67741..67743] : D9;
  [67744..67745] : DA;
  67746 : D2;
  67747 : AB;
  67748 : 25;
  67749 : BB;
  67750 : F5;
  67751 : D9;
  [67752..67754] : D8;
  [67755..67766] : D9;
  [67767..67769] : DA;
  [67770..67771] : D9;
  [67772..67775] : DA;
  [67776..67777] : DB;
  67778 : D8;
  67779 : AD;
  67780 : 24;
  67781 : A3;
  67782 : F7;
  67783 : DF;
  [67784..67785] : D9;
  67786 : D8;
  [67787..67788] : D9;
  67789 : D8;
  [67790..67791] : D9;
  67792 : D8;
  [67793..67797] : D9;
  67798 : D8;
  [67799..67809] : D9;
  67810 : D8;
  67811 : C8;
  67812 : 50;
  67813 : 92;
  67814 : F5;
  67815 : DF;
  [67816..67817] : D7;
  67818 : D8;
  [67819..67820] : D7;
  67821 : D8;
  67822 : D7;
  [67823..67827] : D8;
  [67828..67829] : D7;
  [67830..67849] : 80;
  67850 : E7;
  [67851..67854] : E0;
  [67855..67857] : DF;
  67858 : E0;
  67859 : DF;
  67860 : DE;
  [67861..67863] : DF;
  67864 : E0;
  [67865..67866] : DF;
  [67867..67869] : E0;
  67870 : DF;
  67871 : C9;
  67872 : B7;
  67873 : 4C;
  67874 : B1;
  67875 : F7;
  67876 : E0;
  [67877..67879] : DF;
  67880 : DE;
  67881 : DF;
  [67882..67883] : DE;
  [67884..67885] : DF;
  [67886..67889] : DE;
  67890 : DF;
  [67891..67896] : DE;
  [67897..67903] : DF;
  67904 : CE;
  67905 : BD;
  67906 : 3B;
  67907 : B7;
  67908 : F6;
  [67909..67910] : DF;
  [67911..67919] : DE;
  67920 : DD;
  67921 : DE;
  [67922..67927] : DD;
  [67928..67932] : DE;
  [67933..67935] : DF;
  67936 : E0;
  67937 : D3;
  67938 : A3;
  67939 : 39;
  67940 : F0;
  67941 : E8;
  [67942..67945] : DE;
  [67946..67957] : DD;
  [67958..67963] : DE;
  67964 : DD;
  [67965..67968] : DE;
  67969 : D7;
  67970 : C6;
  67971 : 3A;
  67972 : 76;
  67973 : FE;
  67974 : E0;
  67975 : DB;
  67976 : DC;
  [67977..67993] : DB;
  [67994..67995] : DA;
  [67996..67997] : DB;
  [67998..68001] : DC;
  68002 : D1;
  68003 : 86;
  68004 : 35;
  68005 : F5;
  68006 : E4;
  68007 : D9;
  [68008..68012] : DA;
  68013 : D9;
  68014 : DA;
  68015 : DB;
  [68016..68017] : DA;
  68018 : DB;
  68019 : DA;
  [68020..68021] : D9;
  [68022..68025] : DA;
  68026 : DB;
  68027 : DA;
  [68028..68030] : DB;
  68031 : DC;
  [68032..68033] : DB;
  68034 : D6;
  68035 : B2;
  68036 : 2D;
  68037 : DC;
  68038 : EE;
  [68039..68041] : DB;
  [68042..68043] : DA;
  [68044..68046] : DB;
  68047 : DA;
  68048 : DB;
  [68049..68065] : DA;
  68066 : D2;
  68067 : AC;
  68068 : 25;
  68069 : B9;
  68070 : F5;
  68071 : D9;
  [68072..68074] : D8;
  68075 : D9;
  68076 : D8;
  [68077..68079] : D9;
  68080 : D8;
  [68081..68084] : D9;
  [68085..68086] : DA;
  68087 : D9;
  [68088..68091] : DA;
  [68092..68093] : D9;
  [68094..68096] : DA;
  68097 : DB;
  68098 : D7;
  68099 : AF;
  68100 : 24;
  68101 : 9E;
  68102 : F7;
  68103 : E0;
  [68104..68106] : D8;
  [68107..68108] : D9;
  68109 : D8;
  [68110..68111] : D9;
  [68112..68113] : D8;
  [68114..68117] : D9;
  [68118..68122] : D8;
  [68123..68124] : D9;
  [68125..68127] : D8;
  [68128..68129] : D9;
  68130 : D8;
  68131 : C9;
  68132 : 52;
  68133 : 8E;
  68134 : F5;
  68135 : DF;
  [68136..68142] : D7;
  [68143..68146] : D8;
  [68147..68149] : D7;
  [68150..68169] : 80;
  68170 : E7;
  [68171..68175] : E0;
  [68176..68180] : DF;
  68181 : DE;
  [68182..68183] : DF;
  68184 : E0;
  [68185..68187] : DF;
  [68188..68189] : E0;
  68190 : DF;
  68191 : CA;
  68192 : B6;
  68193 : 4A;
  68194 : B3;
  68195 : F8;
  68196 : E0;
  68197 : DF;
  [68198..68199] : DE;
  [68200..68201] : DF;
  [68202..68203] : DE;
  68204 : DF;
  68205 : DE;
  [68206..68207] : DF;
  [68208..68215] : DE;
  [68216..68217] : DF;
  68218 : DE;
  [68219..68223] : DF;
  68224 : CE;
  68225 : BC;
  68226 : 3B;
  68227 : B6;
  68228 : F6;
  [68229..68232] : DF;
  [68233..68239] : DE;
  68240 : DD;
  68241 : DE;
  [68242..68246] : DD;
  [68247..68252] : DE;
  [68253..68255] : DF;
  68256 : E0;
  68257 : D2;
  68258 : A2;
  68259 : 39;
  68260 : F0;
  68261 : E7;
  [68262..68263] : DE;
  [68264..68273] : DD;
  [68274..68275] : DE;
  [68276..68277] : DD;
  [68278..68282] : DE;
  [68283..68284] : DD;
  [68285..68288] : DE;
  68289 : D6;
  68290 : C3;
  68291 : 38;
  68292 : 75;
  68293 : FE;
  68294 : DF;
  [68295..68297] : DB;
  68298 : DA;
  [68299..68309] : DB;
  68310 : DA;
  68311 : DB;
  68312 : DA;
  68313 : DB;
  [68314..68315] : DA;
  [68316..68317] : DB;
  [68318..68321] : DC;
  68322 : CF;
  68323 : 86;
  68324 : 35;
  68325 : F5;
  68326 : E4;
  [68327..68328] : DA;
  68329 : DB;
  [68330..68331] : DA;
  68332 : D9;
  68333 : DA;
  [68334..68335] : DB;
  [68336..68338] : DA;
  [68339..68341] : D9;
  [68342..68349] : DA;
  68350 : DB;
  68351 : DC;
  68352 : DB;
  68353 : DC;
  68354 : D4;
  68355 : B0;
  68356 : 2C;
  68357 : DC;
  68358 : EF;
  [68359..68360] : DB;
  [68361..68367] : DA;
  [68368..68369] : DB;
  [68370..68380] : DA;
  68381 : D9;
  [68382..68383] : DA;
  [68384..68385] : D9;
  68386 : D2;
  68387 : AC;
  68388 : 27;
  68389 : BA;
  68390 : F6;
  68391 : D8;
  [68392..68393] : D7;
  68394 : D8;
  68395 : D7;
  [68396..68398] : D8;
  [68399..68404] : D9;
  [68405..68406] : DA;
  [68407..68409] : D9;
  [68410..68412] : DA;
  68413 : D9;
  [68414..68416] : DA;
  68417 : D9;
  68418 : D7;
  68419 : B0;
  68420 : 22;
  68421 : 99;
  68422 : F8;
  68423 : E0;
  [68424..68426] : D8;
  68427 : D9;
  [68428..68430] : D8;
  [68431..68435] : D9;
  68436 : D8;
  68437 : D9;
  [68438..68444] : D8;
  [68445..68446] : D9;
  [68447..68450] : D8;
  68451 : CB;
  68452 : 54;
  68453 : 8C;
  68454 : F6;
  68455 : DF;
  [68456..68459] : D6;
  [68460..68463] : D7;
  [68464..68467] : D8;
  68468 : D7;
  68469 : D6;
  [68470..68489] : 80;
  68490 : E7;
  [68491..68495] : E0;
  [68496..68507] : DF;
  68508 : E0;
  68509 : E1;
  68510 : E0;
  68511 : CA;
  68512 : B4;
  68513 : 47;
  68514 : B7;
  68515 : F6;
  68516 : E0;
  [68517..68518] : DF;
  [68519..68523] : DE;
  [68524..68528] : DF;
  [68529..68530] : DE;
  68531 : DD;
  [68532..68535] : DE;
  [68536..68540] : DF;
  68541 : DE;
  [68542..68543] : DF;
  68544 : CC;
  68545 : BA;
  68546 : 3A;
  68547 : B9;
  68548 : F5;
  [68549..68553] : DE;
  68554 : DF;
  [68555..68557] : DE;
  68558 : DF;
  [68559..68570] : DE;
  [68571..68572] : DF;
  68573 : DE;
  [68574..68576] : DF;
  68577 : D0;
  68578 : 9F;
  68579 : 3A;
  68580 : F0;
  68581 : E7;
  [68582..68587] : DD;
  [68588..68589] : DE;
  [68590..68591] : DD;
  [68592..68594] : DE;
  [68595..68602] : DD;
  68603 : DC;
  [68604..68605] : DD;
  [68606..68608] : DE;
  68609 : D5;
  68610 : C0;
  68611 : 38;
  68612 : 77;
  68613 : FD;
  68614 : DE;
  68615 : DA;
  68616 : DB;
  [68617..68619] : DA;
  [68620..68623] : DB;
  68624 : DC;
  [68625..68627] : DB;
  68628 : DA;
  [68629..68631] : DB;
  68632 : DA;
  [68633..68640] : DB;
  68641 : DA;
  68642 : CB;
  68643 : 83;
  68644 : 39;
  68645 : F5;
  68646 : E4;
  [68647..68648] : D9;
  [68649..68651] : DA;
  [68652..68655] : DB;
  [68656..68658] : DA;
  [68659..68664] : D9;
  [68665..68666] : DA;
  [68667..68669] : D9;
  [68670..68671] : DA;
  [68672..68673] : DB;
  68674 : D2;
  68675 : AB;
  68676 : 2E;
  68677 : DC;
  68678 : F0;
  68679 : DB;
  68680 : D9;
  68681 : DA;
  68682 : DB;
  [68683..68689] : DA;
  68690 : DB;
  [68691..68697] : DA;
  [68698..68700] : D9;
  [68701..68703] : D8;
  [68704..68705] : D9;
  68706 : D1;
  68707 : A9;
  68708 : 2A;
  68709 : BA;
  68710 : F7;
  68711 : D8;
  68712 : D5;
  68713 : D6;
  68714 : D7;
  68715 : D6;
  68716 : D7;
  [68717..68718] : D8;
  68719 : D9;
  [68720..68721] : D8;
  [68722..68725] : D9;
  68726 : DA;
  [68727..68733] : D9;
  68734 : DA;
  68735 : D9;
  68736 : DA;
  68737 : DB;
  68738 : D7;
  68739 : AD;
  68740 : 1E;
  68741 : 93;
  68742 : F8;
  68743 : E1;
  [68744..68745] : D8;
  68746 : D9;
  68747 : D8;
  68748 : D7;
  [68749..68750] : D8;
  [68751..68752] : D9;
  68753 : DA;
  68754 : D9;
  [68755..68761] : D8;
  68762 : D9;
  [68763..68766] : D8;
  68767 : D9;
  [68768..68770] : D8;
  68771 : CA;
  68772 : 53;
  68773 : 89;
  68774 : F9;
  68775 : E0;
  68776 : D6;
  [68777..68779] : D5;
  68780 : D6;
  [68781..68782] : D7;
  [68783..68787] : D8;
  68788 : D7;
  68789 : D6;
  [68790..68809] : 80;
  68810 : E7;
  [68811..68816] : E0;
  [68817..68818] : DF;
  [68819..68820] : DE;
  [68821..68826] : DF;
  [68827..68828] : E0;
  68829 : E2;
  68830 : E1;
  68831 : C7;
  68832 : AF;
  68833 : 43;
  68834 : B9;
  68835 : F6;
  68836 : DF;
  68837 : DD;
  [68838..68841] : DE;
  68842 : DD;
  68843 : DE;
  [68844..68848] : DF;
  [68849..68852] : DE;
  68853 : DF;
  68854 : DE;
  [68855..68863] : DF;
  68864 : C9;
  68865 : B1;
  68866 : 31;
  68867 : BA;
  68868 : F7;
  68869 : DF;
  [68870..68873] : DE;
  [68874..68877] : DF;
  [68878..68879] : DE;
  68880 : DF;
  [68881..68884] : DE;
  68885 : DF;
  [68886..68887] : DE;
  68888 : DF;
  [68889..68891] : DE;
  [68892..68895] : DF;
  68896 : DD;
  68897 : CA;
  68898 : 92;
  68899 : 39;
  68900 : F2;
  68901 : EB;
  68902 : DE;
  [68903..68906] : DD;
  [68907..68915] : DE;
  [68916..68920] : DD;
  68921 : DE;
  [68922..68925] : DD;
  [68926..68927] : DE;
  68928 : DF;
  68929 : D5;
  68930 : BB;
  68931 : 36;
  68932 : 77;
  68933 : FB;
  68934 : DF;
  68935 : DA;
  68936 : D9;
  68937 : DA;
  68938 : DB;
  68939 : DA;
  [68940..68946] : DB;
  68947 : DC;
  [68948..68953] : DB;
  68954 : DC;
  [68955..68956] : DB;
  68957 : DC;
  [68958..68959] : DB;
  68960 : DA;
  68961 : D5;
  68962 : C1;
  68963 : 72;
  68964 : 37;
  68965 : F2;
  68966 : E9;
  68967 : DB;
  68968 : D9;
  68969 : DA;
  68970 : D9;
  68971 : DA;
  [68972..68974] : DB;
  68975 : DA;
  68976 : DB;
  [68977..68978] : DA;
  [68979..68980] : D9;
  68981 : D8;
  [68982..68985] : D9;
  68986 : DA;
  [68987..68993] : D9;
  68994 : CC;
  68995 : 99;
  68996 : 2A;
  68997 : D8;
  68998 : F4;
  68999 : DD;
  [69000..69001] : DA;
  69002 : DB;
  [69003..69005] : DA;
  [69006..69010] : DB;
  [69011..69017] : DA;
  69018 : D9;
  69019 : DA;
  [69020..69021] : D9;
  [69022..69025] : D8;
  69026 : C8;
  69027 : 94;
  69028 : 1F;
  69029 : AA;
  69030 : F6;
  69031 : DA;
  69032 : D4;
  69033 : D5;
  [69034..69035] : D7;
  69036 : D8;
  69037 : D9;
  [69038..69041] : D8;
  [69042..69045] : D9;
  69046 : DA;
  69047 : D9;
  69048 : DA;
  [69049..69051] : D9;
  [69052..69053] : DA;
  [69054..69055] : DB;
  69056 : DD;
  69057 : DE;
  69058 : D2;
  69059 : 9B;
  69060 : 1E;
  69061 : 7F;
  69062 : F6;
  69063 : E3;
  69064 : DA;
  69065 : D8;
  69066 : D9;
  [69067..69068] : D8;
  [69069..69071] : D9;
  [69072..69074] : DA;
  69075 : D9;
  69076 : D8;
  [69077..69078] : D7;
  69079 : D8;
  [69080..69087] : D9;
  69088 : D8;
  69089 : D7;
  69090 : D2;
  69091 : B4;
  69092 : 3F;
  69093 : 74;
  69094 : EE;
  69095 : E1;
  69096 : D8;
  [69097..69098] : D6;
  69099 : D7;
  [69100..69101] : D8;
  [69102..69104] : D7;
  69105 : D8;
  69106 : D9;
  [69107..69108] : D8;
  69109 : D6;
  [69110..69129] : 80;
  69130 : E7;
  [69131..69138] : E0;
  69139 : DF;
  [69140..69141] : DE;
  [69142..69143] : DF;
  69144 : E0;
  [69145..69146] : DF;
  69147 : E0;
  69148 : E1;
  69149 : E3;
  69150 : DE;
  69151 : BB;
  69152 : 90;
  69153 : 30;
  69154 : A2;
  69155 : F7;
  69156 : E0;
  [69157..69158] : DD;
  69159 : DE;
  [69160..69163] : DF;
  69164 : E0;
  [69165..69168] : DF;
  69169 : DE;
  [69170..69171] : DF;
  [69172..69173] : DE;
  [69174..69180] : DF;
  69181 : E0;
  69182 : E1;
  69183 : DB;
  69184 : BF;
  69185 : 90;
  69186 : 27;
  69187 : 9D;
  69188 : FA;
  69189 : E3;
  [69190..69191] : DF;
  69192 : E0;
  69193 : DF;
  69194 : DE;
  [69195..69198] : DF;
  69199 : DE;
  69200 : E0;
  [69201..69202] : DF;
  69203 : E0;
  69204 : DF;
  69205 : E0;
  [69206..69210] : DF;
  [69211..69212] : E0;
  [69213..69214] : DE;
  69215 : DC;
  69216 : D3;
  69217 : B8;
  69218 : 6C;
  69219 : 2A;
  69220 : DD;
  69221 : F2;
  69222 : E1;
  [69223..69224] : DF;
  [69225..69226] : DE;
  [69227..69231] : DF;
  [69232..69235] : DE;
  [69236..69239] : DD;
  69240 : DE;
  [69241..69243] : DD;
  [69244..69247] : DC;
  69248 : D8;
  69249 : C5;
  69250 : 9B;
  69251 : 2E;
  69252 : 5C;
  69253 : F3;
  69254 : E4;
  69255 : DB;
  [69256..69257] : DA;
  69258 : DB;
  [69259..69260] : DC;
  [69261..69262] : DB;
  69263 : DA;
  [69264..69265] : DB;
  [69266..69267] : DC;
  69268 : DB;
  69269 : DA;
  69270 : DB;
  [69271..69273] : DA;
  [69274..69275] : DB;
  69276 : DC;
  [69277..69278] : DB;
  69279 : D9;
  69280 : D6;
  69281 : CA;
  69282 : AB;
  69283 : 4D;
  69284 : 25;
  69285 : C9;
  69286 : F1;
  69287 : E0;
  [69288..69289] : DB;
  [69290..69299] : DA;
  [69300..69302] : D9;
  [69303..69304] : DA;
  [69305..69309] : D9;
  69310 : D8;
  69311 : D9;
  69312 : D7;
  69313 : D0;
  69314 : B9;
  69315 : 6A;
  69316 : 22;
  69317 : 9C;
  69318 : F4;
  69319 : E1;
  69320 : DB;
  [69321..69324] : DA;
  [69325..69326] : D9;
  [69327..69328] : DA;
  [69329..69331] : D9;
  69332 : D8;
  69333 : D9;
  [69334..69337] : D8;
  [69338..69340] : D9;
  [69341..69342] : D8;
  69343 : D7;
  69344 : D5;
  69345 : D0;
  69346 : B1;
  69347 : 5D;
  69348 : 23;
  69349 : 6B;
  69350 : E9;
  69351 : E1;
  69352 : D8;
  69353 : D7;
  [69354..69356] : D9;
  [69357..69359] : D8;
  69360 : D7;
  69361 : D6;
  [69362..69365] : D7;
  [69366..69368] : D6;
  69369 : D5;
  [69370..69371] : D6;
  69372 : D7;
  69373 : D8;
  69374 : D9;
  69375 : D8;
  69376 : D9;
  69377 : D3;
  69378 : BB;
  69379 : 66;
  69380 : 31;
  69381 : 4C;
  69382 : D2;
  69383 : EA;
  69384 : DE;
  69385 : D7;
  69386 : D5;
  69387 : D4;
  [69388..69395] : D5;
  [69396..69397] : D4;
  69398 : D3;
  69399 : D4;
  69400 : D6;
  69401 : D7;
  69402 : D8;
  69403 : D9;
  [69404..69405] : D8;
  69406 : D6;
  69407 : D4;
  69408 : D0;
  69409 : CB;
  69410 : B7;
  69411 : 75;
  69412 : 2E;
  69413 : 3F;
  69414 : B3;
  69415 : DF;
  69416 : D9;
  [69417..69418] : D4;
  69419 : D5;
  69420 : D6;
  69421 : D5;
  69422 : D4;
  [69423..69425] : D3;
  [69426..69427] : D4;
  69428 : D2;
  69429 : CF;
  [69430..69449] : 80;
  69450 : E5;
  69451 : DE;
  69452 : DF;
  [69453..69454] : DE;
  69455 : DD;
  [69456..69458] : DC;
  69459 : DB;
  [69460..69461] : DC;
  [69462..69464] : DD;
  [69465..69466] : DC;
  [69467..69468] : DB;
  69469 : D8;
  69470 : C6;
  69471 : 97;
  69472 : 54;
  69473 : 39;
  69474 : 65;
  69475 : E1;
  69476 : E7;
  69477 : E0;
  69478 : DC;
  69479 : DB;
  [69480..69483] : DC;
  69484 : DB;
  [69485..69486] : DC;
  69487 : DB;
  69488 : DC;
  [69489..69497] : DA;
  69498 : DB;
  [69499..69500] : DA;
  69501 : D9;
  69502 : D7;
  69503 : C6;
  69504 : 9B;
  69505 : 59;
  69506 : 3A;
  69507 : 5B;
  69508 : DB;
  69509 : EA;
  69510 : E0;
  69511 : DC;
  69512 : D9;
  69513 : D8;
  69514 : D6;
  [69515..69516] : D7;
  69517 : D8;
  [69518..69519] : D9;
  [69520..69522] : DA;
  [69523..69529] : D9;
  69530 : D8;
  69531 : D9;
  69532 : D8;
  69533 : D7;
  69534 : D6;
  69535 : D0;
  69536 : B6;
  69537 : 88;
  69538 : 3D;
  69539 : 27;
  69540 : 7E;
  [69541..69542] : E2;
  69543 : DA;
  69544 : D7;
  [69545..69547] : D6;
  69548 : D5;
  [69549..69552] : D4;
  [69553..69557] : D3;
  69558 : D2;
  [69559..69560] : D1;
  69561 : D2;
  69562 : D0;
  69563 : CE;
  69564 : CD;
  [69565..69566] : CB;
  69567 : CA;
  69568 : BB;
  69569 : 96;
  69570 : 56;
  69571 : 2F;
  69572 : 35;
  69573 : 9B;
  69574 : DD;
  69575 : D7;
  69576 : CD;
  69577 : CA;
  69578 : C9;
  [69579..69580] : CA;
  [69581..69582] : C9;
  [69583..69586] : C7;
  [69587..69590] : C6;
  [69591..69595] : C5;
  69596 : C4;
  69597 : C3;
  69598 : C2;
  69599 : C1;
  69600 : BD;
  69601 : 9F;
  69602 : 63;
  69603 : 2B;
  69604 : 23;
  69605 : 4E;
  69606 : B8;
  69607 : CC;
  69608 : C0;
  [69609..69610] : BD;
  [69611..69612] : BE;
  69613 : BD;
  69614 : BB;
  [69615..69618] : BA;
  [69619..69621] : BB;
  69622 : BA;
  [69623..69624] : B9;
  69625 : B8;
  [69626..69627] : B7;
  [69628..69629] : B5;
  [69630..69632] : B4;
  69633 : A0;
  69634 : 69;
  69635 : 34;
  69636 : 2B;
  69637 : 32;
  69638 : 8B;
  69639 : B7;
  69640 : AF;
  69641 : A8;
  69642 : A7;
  69643 : A8;
  [69644..69646] : A7;
  [69647..69648] : A5;
  69649 : A4;
  [69650..69652] : A3;
  69653 : A2;
  69654 : A1;
  [69655..69656] : A0;
  [69657..69658] : A1;
  69659 : A2;
  69660 : A0;
  69661 : 9E;
  69662 : 9B;
  69663 : 9A;
  69664 : 9B;
  69665 : 8B;
  69666 : 50;
  69667 : 24;
  69668 : 27;
  69669 : 24;
  69670 : 5E;
  69671 : 9F;
  69672 : A2;
  69673 : 99;
  [69674..69675] : 97;
  69676 : 96;
  [69677..69678] : 97;
  69679 : 96;
  [69680..69683] : 94;
  69684 : 8E;
  [69685..69686] : 8C;
  69687 : 8B;
  69688 : 8C;
  69689 : 8B;
  [69690..69691] : 8C;
  [69692..69693] : 8D;
  69694 : 8C;
  69695 : 8A;
  69696 : 88;
  69697 : 7B;
  69698 : 49;
  69699 : 1D;
  69700 : 22;
  69701 : 20;
  69702 : 38;
  69703 : 7D;
  69704 : 8D;
  69705 : 82;
  69706 : 7E;
  69707 : 7D;
  69708 : 7B;
  69709 : 7A;
  69710 : 79;
  69711 : 76;
  69712 : 70;
  69713 : 6E;
  69714 : 6F;
  69715 : 70;
  69716 : 6F;
  69717 : 6E;
  [69718..69719] : 6D;
  69720 : 6F;
  [69721..69722] : 72;
  69723 : 6E;
  69724 : 6C;
  69725 : 69;
  69726 : 67;
  69727 : 64;
  69728 : 61;
  69729 : 5B;
  69730 : 3E;
  69731 : 18;
  69732 : 17;
  69733 : 15;
  69734 : 1C;
  69735 : 51;
  69736 : 69;
  69737 : 62;
  [69738..69739] : 5F;
  69740 : 61;
  [69741..69742] : 60;
  69743 : 5F;
  69744 : 5E;
  69745 : 5D;
  69746 : 5A;
  69747 : 59;
  69748 : 56;
  69749 : 55;
  [69750..69769] : 80;
  69770 : B2;
  [69771..69772] : 9B;
  69773 : 9A;
  69774 : 95;
  69775 : 91;
  69776 : 8E;
  [69777..69778] : 8B;
  [69779..69782] : 8C;
  69783 : 90;
  69784 : 91;
  69785 : 8D;
  69786 : 89;
  69787 : 87;
  69788 : 85;
  69789 : 81;
  69790 : 69;
  69791 : 3E;
  69792 : 33;
  69793 : 37;
  69794 : 33;
  69795 : 52;
  69796 : 87;
  69797 : 8C;
  69798 : 84;
  [69799..69801] : 80;
  69802 : 7F;
  [69803..69805] : 7E;
  [69806..69807] : 7F;
  69808 : 80;
  69809 : 7E;
  69810 : 7C;
  [69811..69812] : 78;
  [69813..69814] : 77;
  69815 : 79;
  [69816..69817] : 7A;
  69818 : 79;
  69819 : 76;
  69820 : 73;
  69821 : 71;
  69822 : 70;
  69823 : 5B;
  69824 : 38;
  69825 : 2F;
  69826 : 2D;
  69827 : 24;
  69828 : 3C;
  69829 : 6F;
  69830 : 77;
  69831 : 6C;
  69832 : 68;
  69833 : 67;
  69834 : 65;
  [69835..69838] : 66;
  [69839..69841] : 67;
  69842 : 66;
  [69843..69845] : 64;
  69846 : 63;
  69847 : 62;
  69848 : 5F;
  69849 : 5D;
  69850 : 5B;
  [69851..69852] : 59;
  69853 : 5A;
  69854 : 5B;
  69855 : 59;
  69856 : 41;
  69857 : 25;
  69858 : 1D;
  69859 : 1B;
  69860 : 15;
  69861 : 38;
  [69862..69863] : 59;
  69864 : 56;
  69865 : 55;
  [69866..69868] : 56;
  69869 : 54;
  69870 : 53;
  [69871..69872] : 52;
  69873 : 51;
  69874 : 53;
  69875 : 52;
  69876 : 51;
  69877 : 50;
  [69878..69879] : 4E;
  69880 : 4D;
  69881 : 4B;
  69882 : 48;
  69883 : 45;
  69884 : 41;
  [69885..69886] : 40;
  69887 : 43;
  69888 : 38;
  69889 : 1F;
  69890 : 16;
  69891 : 18;
  69892 : 17;
  69893 : 14;
  69894 : 31;
  69895 : 40;
  69896 : 3A;
  69897 : 37;
  [69898..69900] : 35;
  69901 : 34;
  69902 : 33;
  69903 : 32;
  [69904..69905] : 31;
  [69906..69907] : 30;
  [69908..69909] : 2F;
  69910 : 2E;
  [69911..69913] : 2D;
  69914 : 2C;
  [69915..69916] : 2B;
  69917 : 2A;
  [69918..69919] : 29;
  69920 : 2A;
  69921 : 1A;
  [69922..69923] : 0D;
  69924 : 0A;
  69925 : 03;
  69926 : 0C;
  [69927..69928] : 24;
  69929 : 22;
  69930 : 24;
  69931 : 25;
  69932 : 26;
  69933 : 25;
  69934 : 23;
  69935 : 20;
  [69936..69941] : 1F;
  [69942..69943] : 1E;
  [69944..69945] : 1D;
  [69946..69947] : 1B;
  69948 : 1A;
  [69949..69951] : 19;
  69952 : 1A;
  69953 : 13;
  69954 : 09;
  69955 : 0B;
  69956 : 0A;
  69957 : 06;
  69958 : 02;
  69959 : 0F;
  69960 : 11;
  69961 : 10;
  [69962..69964] : 0F;
  [69965..69975] : 0E;
  [69976..69978] : 0D;
  69979 : 0C;
  69980 : 0B;
  69981 : 0A;
  [69982..69983] : 09;
  69984 : 0A;
  69985 : 07;
  69986 : 02;
  69987 : 07;
  69988 : 08;
  69989 : 07;
  69990 : 02;
  69991 : 06;
  69992 : 0A;
  [69993..69995] : 07;
  [69996..69998] : 08;
  69999 : 09;
  [70000..70004] : 08;
  [70005..70007] : 07;
  70008 : 08;
  70009 : 07;
  70010 : 08;
  70011 : 07;
  70012 : 08;
  70013 : 07;
  [70014..70016] : 05;
  70017 : 03;
  70018 : 01;
  70019 : 05;
  70020 : 06;
  70021 : 08;
  70022 : 06;
  70023 : 03;
  [70024..70027] : 06;
  [70028..70029] : 04;
  70030 : 03;
  70031 : 02;
  70032 : 01;
  70033 : 00;
  [70034..70036] : 01;
  [70037..70039] : 00;
  [70040..70042] : 01;
  [70043..70049] : 00;
  70050 : 01;
  70051 : 07;
  70052 : 08;
  70053 : 09;
  70054 : 06;
  70055 : 01;
  [70056..70059] : 00;
  70060 : 01;
  [70061..70065] : 02;
  [70066..70068] : 00;
  70069 : 01;
  [70070..70089] : 80;
  70090 : 46;
  70091 : 0D;
  70092 : 0F;
  70093 : 0D;
  [70094..70095] : 0C;
  70096 : 0D;
  70097 : 09;
  70098 : 08;
  70099 : 0A;
  [70100..70102] : 09;
  [70103..70104] : 0A;
  70105 : 07;
  70106 : 06;
  70107 : 05;
  [70108..70109] : 04;
  70110 : 03;
  70111 : 04;
  70112 : 07;
  70113 : 09;
  70114 : 0A;
  70115 : 07;
  70116 : 05;
  70117 : 06;
  70118 : 05;
  70119 : 04;
  [70120..70123] : 03;
  70124 : 05;
  [70125..70126] : 04;
  70127 : 05;
  [70128..70129] : 06;
  70130 : 07;
  [70131..70132] : 05;
  [70133..70134] : 04;
  70135 : 05;
  [70136..70138] : 04;
  [70139..70140] : 03;
  [70141..70143] : 02;
  70144 : 03;
  70145 : 04;
  70146 : 06;
  70147 : 07;
  70148 : 04;
  [70149..70150] : 01;
  70151 : 00;
  [70152..70154] : 01;
  70155 : 00;
  70156 : 01;
  [70157..70158] : 00;
  70159 : 01;
  70160 : 00;
  [70161..70168] : 01;
  [70169..70175] : 00;
  70176 : 03;
  [70177..70179] : 06;
  70180 : 05;
  70181 : 01;
  [70182..70187] : 00;
  [70188..70189] : 01;
  [70190..70192] : 00;
  [70193..70195] : 01;
  [70196..70207] : 00;
  70208 : 02;
  70209 : 05;
  70210 : 06;
  [70211..70213] : 07;
  70214 : 04;
  [70215..70216] : 02;
  70217 : 01;
  [70218..70219] : 02;
  [70220..70224] : 01;
  [70225..70227] : 02;
  [70228..70240] : 01;
  70241 : 04;
  70242 : 06;
  [70243..70244] : 05;
  70245 : 04;
  70246 : 03;
  70247 : 01;
  [70248..70250] : 02;
  [70251..70253] : 03;
  70254 : 02;
  [70255..70256] : 01;
  70257 : 02;
  [70258..70259] : 01;
  70260 : 03;
  [70261..70263] : 02;
  [70264..70265] : 03;
  70266 : 02;
  [70267..70269] : 03;
  [70270..70271] : 04;
  70272 : 03;
  70273 : 05;
  70274 : 06;
  [70275..70278] : 05;
  [70279..70280] : 04;
  [70281..70289] : 05;
  [70290..70293] : 06;
  [70294..70297] : 07;
  70298 : 06;
  [70299..70304] : 05;
  [70305..70306] : 06;
  70307 : 07;
  [70308..70310] : 08;
  70311 : 07;
  [70312..70315] : 05;
  70316 : 06;
  70317 : 05;
  [70318..70319] : 06;
  [70320..70321] : 07;
  70322 : 06;
  [70323..70324] : 07;
  [70325..70326] : 06;
  [70327..70333] : 07;
  70334 : 06;
  70335 : 07;
  70336 : 06;
  70337 : 07;
  [70338..70339] : 08;
  [70340..70342] : 07;
  [70343..70344] : 08;
  70345 : 07;
  70346 : 08;
  [70347..70349] : 07;
  [70350..70351] : 06;
  [70352..70353] : 07;
  70354 : 06;
  [70355..70356] : 07;
  [70357..70362] : 06;
  [70363..70366] : 05;
  [70367..70368] : 06;
  70369 : 07;
  [70370..70372] : 08;
  70373 : 07;
  70374 : 06;
  [70375..70378] : 07;
  [70379..70382] : 06;
  [70383..70385] : 07;
  70386 : 08;
  70387 : 09;
  [70388..70389] : 0A;
  [70390..70409] : 80;
  70410 : 42;
  70411 : 03;
  [70412..70413] : 07;
  70414 : 06;
  70415 : 07;
  70416 : 06;
  70417 : 07;
  [70418..70419] : 06;
  70420 : 05;
  [70421..70423] : 06;
  70424 : 05;
  [70425..70428] : 06;
  70429 : 07;
  [70430..70431] : 06;
  [70432..70434] : 07;
  70435 : 08;
  70436 : 07;
  [70437..70439] : 06;
  [70440..70443] : 05;
  70444 : 06;
  70445 : 07;
  70446 : 06;
  [70447..70451] : 07;
  70452 : 06;
  [70453..70455] : 07;
  [70456..70457] : 06;
  [70458..70464] : 07;
  [70465..70468] : 06;
  [70469..70470] : 05;
  [70471..70476] : 06;
  70477 : 05;
  70478 : 06;
  70479 : 05;
  [70480..70488] : 06;
  70489 : 05;
  70490 : 04;
  [70491..70492] : 05;
  [70493..70494] : 04;
  70495 : 05;
  [70496..70500] : 06;
  70501 : 05;
  [70502..70503] : 06;
  [70504..70509] : 05;
  [70510..70511] : 06;
  [70512..70517] : 05;
  70518 : 04;
  [70519..70522] : 05;
  [70523..70524] : 04;
  [70525..70533] : 05;
  [70534..70539] : 06;
  [70540..70541] : 05;
  [70542..70546] : 06;
  [70547..70548] : 05;
  [70549..70551] : 06;
  [70552..70560] : 05;
  [70561..70562] : 06;
  [70563..70564] : 07;
  [70565..70566] : 06;
  [70567..70568] : 07;
  70569 : 06;
  [70570..70572] : 05;
  [70573..70576] : 06;
  [70577..70579] : 05;
  [70580..70583] : 06;
  70584 : 05;
  [70585..70586] : 06;
  70587 : 07;
  [70588..70589] : 06;
  70590 : 07;
  [70591..70599] : 06;
  [70600..70606] : 07;
  [70607..70608] : 08;
  [70609..70613] : 09;
  70614 : 0A;
  [70615..70616] : 0B;
  [70617..70618] : 0A;
  70619 : 09;
  70620 : 0A;
  [70621..70622] : 08;
  [70623..70628] : 09;
  70629 : 0A;
  [70630..70632] : 09;
  70633 : 08;
  [70634..70636] : 09;
  70637 : 08;
  [70638..70641] : 0A;
  70642 : 0B;
  [70643..70644] : 0A;
  70645 : 09;
  [70646..70647] : 0B;
  70648 : 0A;
  [70649..70652] : 0B;
  [70653..70654] : 0A;
  [70655..70657] : 0B;
  [70658..70659] : 0C;
  [70660..70662] : 0B;
  70663 : 0A;
  70664 : 09;
  [70665..70666] : 0A;
  70667 : 09;
  70668 : 0A;
  70669 : 0B;
  70670 : 0A;
  [70671..70672] : 0B;
  70673 : 0C;
  [70674..70676] : 0B;
  70677 : 0D;
  70678 : 0C;
  [70679..70681] : 0B;
  70682 : 0A;
  70683 : 0B;
  70684 : 0A;
  [70685..70686] : 09;
  [70687..70689] : 0A;
  [70690..70694] : 0B;
  [70695..70696] : 0C;
  [70697..70698] : 0B;
  [70699..70703] : 0A;
  [70704..70705] : 0B;
  70706 : 0C;
  70707 : 0E;
  [70708..70709] : 0F;
  [70710..70729] : 80;
  70730 : 46;
  70731 : 05;
  70732 : 09;
  70733 : 08;
  [70734..70736] : 07;
  [70737..70740] : 06;
  [70741..70742] : 05;
  [70743..70746] : 06;
  [70747..70749] : 07;
  [70750..70751] : 06;
  [70752..70757] : 07;
  [70758..70764] : 06;
  [70765..70781] : 07;
  [70782..70785] : 08;
  [70786..70794] : 07;
  [70795..70796] : 08;
  [70797..70800] : 07;
  [70801..70806] : 08;
  70807 : 07;
  70808 : 08;
  70809 : 07;
  [70810..70811] : 06;
  [70812..70815] : 07;
  [70816..70819] : 08;
  70820 : 09;
  [70821..70822] : 08;
  70823 : 09;
  [70824..70826] : 08;
  70827 : 09;
  70828 : 0A;
  [70829..70832] : 09;
  [70833..70834] : 0A;
  [70835..70837] : 09;
  70838 : 0A;
  [70839..70843] : 09;
  70844 : 0A;
  70845 : 0B;
  70846 : 0A;
  [70847..70849] : 09;
  70850 : 07;
  70851 : 08;
  [70852..70853] : 09;
  70854 : 0B;
  70855 : 0A;
  [70856..70859] : 0B;
  70860 : 0C;
  70861 : 0B;
  70862 : 0C;
  [70863..70866] : 0D;
  [70867..70868] : 0C;
  70869 : 0D;
  [70870..70875] : 0C;
  [70876..70878] : 0D;
  70879 : 0C;
  [70880..70883] : 0D;
  70884 : 0C;
  70885 : 0D;
  [70886..70890] : 0E;
  [70891..70896] : 0F;
  70897 : 0E;
  [70898..70899] : 0F;
  [70900..70902] : 0E;
  70903 : 0D;
  [70904..70908] : 0E;
  70909 : 0F;
  70910 : 0E;
  70911 : 0D;
  70912 : 0C;
  [70913..70914] : 0B;
  70915 : 0A;
  [70916..70917] : 0B;
  70918 : 0C;
  [70919..70920] : 0D;
  [70921..70922] : 0E;
  70923 : 0D;
  70924 : 0E;
  70925 : 0F;
  70926 : 0E;
  70927 : 0F;
  70928 : 0E;
  [70929..70931] : 0F;
  [70932..70933] : 10;
  [70934..70937] : 11;
  [70938..70940] : 10;
  70941 : 0F;
  [70942..70944] : 10;
  70945 : 0F;
  70946 : 0E;
  70947 : 0D;
  70948 : 0E;
  [70949..70950] : 10;
  [70951..70954] : 0F;
  70955 : 0E;
  70956 : 0F;
  70957 : 0E;
  [70958..70959] : 0F;
  [70960..70971] : 0E;
  70972 : 10;
  [70973..70974] : 0F;
  [70975..70976] : 10;
  70977 : 0F;
  [70978..70980] : 0E;
  70981 : 0F;
  [70982..70983] : 0E;
  70984 : 0D;
  70985 : 0E;
  [70986..70988] : 0D;
  [70989..70991] : 0E;
  [70992..70996] : 0F;
  [70997..70998] : 0E;
  70999 : 0F;
  71000 : 0E;
  [71001..71002] : 0D;
  71003 : 0C;
  [71004..71007] : 0D;
  [71008..71009] : 0C;
  [71010..71012] : 0B;
  [71013..71014] : 0C;
  71015 : 0D;
  71016 : 0E;
  71017 : 0D;
  71018 : 0E;
  [71019..71020] : 0D;
  [71021..71022] : 0C;
  71023 : 0B;
  [71024..71026] : 0C;
  [71027..71029] : 0D;
  [71030..71049] : 80;
  71050 : 49;
  71051 : 0B;
  71052 : 0E;
  [71053..71055] : 0D;
  [71056..71058] : 0C;
  [71059..71060] : 0D;
  [71061..71062] : 0C;
  71063 : 0D;
  71064 : 0C;
  [71065..71066] : 0D;
  [71067..71070] : 0E;
  [71071..71074] : 0D;
  [71075..71077] : 0C;
  71078 : 0D;
  71079 : 0E;
  [71080..71081] : 0D;
  71082 : 0E;
  [71083..71084] : 0F;
  [71085..71087] : 0E;
  [71088..71090] : 0F;
  71091 : 10;
  71092 : 0F;
  71093 : 0E;
  [71094..71096] : 0F;
  71097 : 0E;
  [71098..71099] : 0D;
  71100 : 0E;
  [71101..71105] : 0D;
  71106 : 0C;
  71107 : 0B;
  71108 : 0C;
  71109 : 0E;
  [71110..71112] : 0F;
  [71113..71119] : 0E;
  [71120..71122] : 10;
  71123 : 0E;
  [71124..71125] : 0F;
  71126 : 0E;
  [71127..71129] : 0D;
  [71130..71131] : 0C;
  [71132..71133] : 0D;
  [71134..71137] : 0E;
  [71138..71139] : 0D;
  [71140..71141] : 0C;
  71142 : 0D;
  71143 : 0E;
  71144 : 0F;
  [71145..71147] : 0E;
  71148 : 0F;
  71149 : 0E;
  [71150..71151] : 0F;
  71152 : 0E;
  [71153..71154] : 0F;
  71155 : 0E;
  71156 : 0D;
  [71157..71158] : 0E;
  71159 : 0F;
  71160 : 0E;
  [71161..71167] : 0F;
  [71168..71170] : 0E;
  71171 : 0C;
  71172 : 0B;
  71173 : 0D;
  [71174..71175] : 0E;
  [71176..71177] : 0F;
  71178 : 10;
  71179 : 0F;
  [71180..71182] : 10;
  [71183..71187] : 11;
  [71188..71193] : 0F;
  [71194..71195] : 0E;
  71196 : 0F;
  71197 : 10;
  71198 : 0F;
  71199 : 0E;
  71200 : 0F;
  71201 : 10;
  71202 : 11;
  [71203..71204] : 10;
  [71205..71206] : 11;
  71207 : 10;
  71208 : 0F;
  71209 : 0E;
  71210 : 0D;
  71211 : 0E;
  [71212..71213] : 0F;
  71214 : 0E;
  71215 : 0D;
  [71216..71217] : 0E;
  71218 : 10;
  [71219..71221] : 0F;
  [71222..71224] : 10;
  [71225..71226] : 0F;
  [71227..71229] : 10;
  [71230..71232] : 0F;
  [71233..71234] : 10;
  71235 : 0E;
  71236 : 0F;
  71237 : 10;
  [71238..71241] : 0E;
  71242 : 0D;
  [71243..71244] : 0E;
  71245 : 0D;
  [71246..71249] : 0E;
  71250 : 0D;
  [71251..71254] : 0E;
  [71255..71258] : 0F;
  71259 : 0E;
  71260 : 0D;
  [71261..71262] : 0E;
  71263 : 0F;
  71264 : 10;
  71265 : 12;
  [71266..71267] : 15;
  71268 : 13;
  71269 : 12;
  [71270..71271] : 10;
  [71272..71275] : 0F;
  71276 : 10;
  71277 : 11;
  71278 : 10;
  71279 : 0E;
  71280 : 0D;
  71281 : 0E;
  71282 : 0D;
  71283 : 0E;
  [71284..71285] : 0D;
  71286 : 0F;
  [71287..71288] : 10;
  71289 : 11;
  [71290..71291] : 10;
  71292 : 11;
  71293 : 12;
  71294 : 11;
  71295 : 10;
  71296 : 11;
  71297 : 15;
  71298 : 16;
  [71299..71300] : 15;
  71301 : 14;
  71302 : 12;
  71303 : 11;
  [71304..71307] : 10;
  71308 : 0F;
  71309 : 10;
  [71310..71311] : 11;
  71312 : 13;
  71313 : 12;
  71314 : 11;
  71315 : 12;
  71316 : 11;
  71317 : 10;
  [71318..71319] : 11;
  [71320..71321] : 10;
  [71322..71323] : 11;
  [71324..71325] : 10;
  71326 : 11;
  71327 : 12;
  71328 : 13;
  71329 : 14;
  71330 : 11;
  [71331..71332] : 10;
  71333 : 12;
  [71334..71335] : 11;
  [71336..71337] : 12;
  [71338..71341] : 11;
  71342 : 12;
  [71343..71346] : 11;
  71347 : 10;
  [71348..71349] : 11;
  [71350..71369] : 80;
  71370 : 47;
  71371 : 08;
  [71372..71376] : 0B;
  [71377..71382] : 0C;
  [71383..71384] : 0D;
  [71385..71386] : 0E;
  [71387..71388] : 0D;
  71389 : 0E;
  [71390..71391] : 0D;
  [71392..71393] : 0E;
  71394 : 0D;
  [71395..71396] : 0F;
  [71397..71399] : 0E;
  71400 : 0D;
  [71401..71403] : 0E;
  [71404..71405] : 0D;
  71406 : 0C;
  71407 : 0F;
  71408 : 0D;
  71409 : 0E;
  [71410..71413] : 0F;
  [71414..71416] : 0E;
  [71417..71418] : 0F;
  [71419..71420] : 0D;
  71421 : 0C;
  [71422..71423] : 0D;
  [71424..71425] : 0E;
  71426 : 10;
  [71427..71428] : 11;
  71429 : 10;
  [71430..71431] : 0F;
  [71432..71434] : 0E;
  71435 : 0D;
  71436 : 0E;
  [71437..71438] : 0D;
  71439 : 0E;
  71440 : 0F;
  71441 : 0E;
  [71442..71443] : 0F;
  71444 : 0E;
  71445 : 0F;
  [71446..71447] : 0E;
  [71448..71449] : 10;
  [71450..71451] : 0F;
  71452 : 10;
  [71453..71457] : 12;
  71458 : 13;
  71459 : 14;
  [71460..71461] : 13;
  71462 : 11;
  [71463..71464] : 10;
  71465 : 11;
  [71466..71472] : 10;
  [71473..71474] : 0F;
  [71475..71476] : 10;
  [71477..71478] : 0F;
  71479 : 0E;
  [71480..71484] : 10;
  [71485..71487] : 11;
  71488 : 12;
  71489 : 14;
  [71490..71491] : 16;
  [71492..71493] : 14;
  71494 : 15;
  [71495..71499] : 12;
  71500 : 13;
  [71501..71504] : 14;
  [71505..71510] : 13;
  71511 : 12;
  71512 : 13;
  71513 : 14;
  71514 : 13;
  [71515..71516] : 14;
  [71517..71518] : 15;
  71519 : 14;
  71520 : 13;
  71521 : 15;
  71522 : 19;
  71523 : 1B;
  71524 : 17;
  71525 : 16;
  71526 : 13;
  [71527..71528] : 12;
  71529 : 14;
  71530 : 13;
  [71531..71534] : 14;
  [71535..71536] : 15;
  [71537..71538] : 16;
  [71539..71545] : 17;
  71546 : 16;
  71547 : 17;
  [71548..71549] : 18;
  [71550..71552] : 17;
  71553 : 1B;
  71554 : 1D;
  71555 : 1E;
  71556 : 1C;
  71557 : 19;
  [71558..71561] : 18;
  71562 : 17;
  71563 : 18;
  [71564..71570] : 19;
  [71571..71572] : 1B;
  71573 : 1A;
  71574 : 1B;
  [71575..71579] : 1C;
  71580 : 1B;
  71581 : 1A;
  [71582..71583] : 1B;
  71584 : 1C;
  71585 : 20;
  71586 : 23;
  71587 : 24;
  71588 : 22;
  71589 : 21;
  [71590..71591] : 20;
  71592 : 21;
  71593 : 23;
  71594 : 24;
  [71595..71596] : 25;
  71597 : 27;
  71598 : 26;
  71599 : 25;
  [71600..71601] : 23;
  71602 : 24;
  [71603..71606] : 25;
  71607 : 26;
  [71608..71611] : 25;
  71612 : 24;
  [71613..71614] : 26;
  71615 : 25;
  71616 : 26;
  [71617..71618] : 29;
  [71619..71620] : 28;
  71621 : 27;
  71622 : 26;
  71623 : 27;
  [71624..71625] : 26;
  [71626..71627] : 25;
  71628 : 26;
  71629 : 27;
  71630 : 28;
  71631 : 29;
  [71632..71633] : 2A;
  71634 : 29;
  71635 : 26;
  71636 : 25;
  71637 : 24;
  71638 : 23;
  71639 : 24;
  71640 : 23;
  [71641..71642] : 21;
  71643 : 22;
  71644 : 23;
  [71645..71646] : 25;
  [71647..71649] : 26;
  71650 : 24;
  71651 : 23;
  71652 : 22;
  [71653..71656] : 21;
  71657 : 20;
  71658 : 1F;
  71659 : 20;
  71660 : 1F;
  [71661..71664] : 20;
  [71665..71666] : 21;
  71667 : 20;
  [71668..71669] : 21;
  [71670..71689] : 80;
  71690 : 49;
  71691 : 0D;
  [71692..71694] : 10;
  71695 : 11;
  [71696..71697] : 12;
  71698 : 13;
  71699 : 12;
  [71700..71702] : 13;
  [71703..71704] : 14;
  71705 : 13;
  [71706..71708] : 14;
  71709 : 15;
  [71710..71712] : 14;
  71713 : 15;
  71714 : 14;
  71715 : 15;
  71716 : 16;
  71717 : 17;
  71718 : 16;
  71719 : 17;
  [71720..71722] : 18;
  [71723..71724] : 19;
  71725 : 18;
  71726 : 19;
  71727 : 1A;
  71728 : 1B;
  [71729..71731] : 1A;
  71732 : 19;
  71733 : 1A;
  71734 : 19;
  [71735..71738] : 1A;
  [71739..71740] : 19;
  71741 : 18;
  [71742..71743] : 19;
  71744 : 1B;
  71745 : 1D;
  [71746..71747] : 20;
  [71748..71749] : 1E;
  71750 : 1C;
  [71751..71752] : 1B;
  [71753..71755] : 1C;
  [71756..71757] : 1D;
  71758 : 1C;
  [71759..71760] : 1D;
  71761 : 1E;
  [71762..71763] : 1F;
  71764 : 1E;
  [71765..71766] : 1F;
  [71767..71769] : 20;
  [71770..71771] : 1F;
  71772 : 21;
  [71773..71776] : 22;
  71777 : 24;
  71778 : 27;
  71779 : 2A;
  71780 : 29;
  71781 : 28;
  71782 : 26;
  71783 : 24;
  71784 : 23;
  71785 : 24;
  71786 : 23;
  71787 : 24;
  [71788..71789] : 23;
  71790 : 22;
  71791 : 23;
  71792 : 24;
  71793 : 23;
  [71794..71798] : 22;
  71799 : 21;
  71800 : 22;
  [71801..71804] : 23;
  71805 : 22;
  [71806..71807] : 23;
  71808 : 24;
  71809 : 26;
  71810 : 27;
  71811 : 29;
  71812 : 2A;
  [71813..71814] : 29;
  71815 : 28;
  [71816..71817] : 25;
  71818 : 26;
  71819 : 27;
  71820 : 28;
  71821 : 26;
  71822 : 29;
  71823 : 28;
  [71824..71829] : 27;
  71830 : 28;
  71831 : 29;
  71832 : 28;
  [71833..71834] : 29;
  [71835..71838] : 2A;
  71839 : 29;
  71840 : 28;
  71841 : 27;
  [71842..71843] : 28;
  71844 : 26;
  [71845..71846] : 24;
  71847 : 25;
  71848 : 26;
  [71849..71850] : 27;
  [71851..71852] : 28;
  71853 : 2A;
  71854 : 29;
  [71855..71856] : 2A;
  [71857..71858] : 29;
  [71859..71860] : 2A;
  71861 : 2B;
  [71862..71863] : 2C;
  71864 : 2D;
  71865 : 2C;
  [71866..71867] : 2B;
  71868 : 2C;
  71869 : 2D;
  [71870..71871] : 2C;
  71872 : 2D;
  71873 : 2E;
  71874 : 2D;
  71875 : 2C;
  71876 : 2A;
  71877 : 29;
  71878 : 28;
  [71879..71881] : 27;
  71882 : 28;
  [71883..71884] : 2A;
  71885 : 28;
  71886 : 2A;
  [71887..71888] : 2B;
  [71889..71891] : 2C;
  [71892..71893] : 2A;
  71894 : 28;
  71895 : 26;
  71896 : 27;
  [71897..71898] : 25;
  71899 : 26;
  [71900..71901] : 27;
  71902 : 28;
  71903 : 26;
  [71904..71905] : 25;
  71906 : 24;
  71907 : 23;
  [71908..71909] : 24;
  71910 : 25;
  71911 : 26;
  71912 : 25;
  71913 : 26;
  71914 : 25;
  71915 : 26;
  71916 : 25;
  71917 : 26;
  [71918..71920] : 25;
  [71921..71922] : 29;
  [71923..71924] : 28;
  71925 : 26;
  71926 : 25;
  [71927..71930] : 26;
  [71931..71932] : 25;
  [71933..71935] : 26;
  71936 : 25;
  71937 : 22;
  71938 : 20;
  [71939..71940] : 1F;
  71941 : 21;
  71942 : 22;
  71943 : 21;
  71944 : 20;
  71945 : 22;
  71946 : 21;
  71947 : 20;
  71948 : 24;
  71949 : 25;
  71950 : 23;
  71951 : 25;
  71952 : 26;
  71953 : 28;
  71954 : 27;
  71955 : 23;
  71956 : 22;
  71957 : 24;
  71958 : 21;
  71959 : 23;
  71960 : 21;
  71961 : 22;
  71962 : 1F;
  71963 : 1E;
  71964 : 1F;
  [71965..71966] : 20;
  [71967..71968] : 21;
  71969 : 1F;
  71970 : 20;
  71971 : 1E;
  71972 : 1F;
  [71973..71975] : 1D;
  [71976..71978] : 1C;
  71979 : 1A;
  71980 : 19;
  71981 : 1A;
  71982 : 1B;
  [71983..71984] : 1A;
  [71985..71986] : 19;
  [71987..71989] : 1A;
  [71990..72009] : 80;
  72010 : 52;
  72011 : 1D;
  [72012..72013] : 21;
  [72014..72015] : 22;
  [72016..72017] : 20;
  72018 : 1F;
  [72019..72023] : 21;
  [72024..72027] : 20;
  72028 : 22;
  [72029..72033] : 23;
  [72034..72035] : 24;
  72036 : 25;
  72037 : 23;
  [72038..72039] : 25;
  72040 : 26;
  [72041..72043] : 25;
  [72044..72047] : 27;
  72048 : 28;
  [72049..72051] : 27;
  [72052..72053] : 26;
  72054 : 25;
  72055 : 24;
  72056 : 25;
  [72057..72060] : 24;
  [72061..72062] : 25;
  72063 : 26;
  [72064..72065] : 27;
  72066 : 28;
  [72067..72069] : 26;
  72070 : 28;
  72071 : 26;
  [72072..72073] : 27;
  72074 : 26;
  72075 : 25;
  72076 : 27;
  72077 : 28;
  72078 : 27;
  [72079..72082] : 25;
  72083 : 26;
  [72084..72085] : 25;
  [72086..72089] : 26;
  72090 : 25;
  72091 : 24;
  [72092..72093] : 25;
  72094 : 26;
  [72095..72096] : 25;
  [72097..72099] : 27;
  72100 : 26;
  72101 : 27;
  72102 : 28;
  [72103..72104] : 27;
  [72105..72106] : 26;
  [72107..72110] : 25;
  [72111..72112] : 26;
  [72113..72114] : 27;
  [72115..72116] : 25;
  72117 : 26;
  [72118..72122] : 24;
  72123 : 22;
  72124 : 21;
  [72125..72126] : 22;
  [72127..72129] : 23;
  72130 : 24;
  72131 : 23;
  [72132..72133] : 24;
  72134 : 22;
  72135 : 24;
  72136 : 23;
  [72137..72139] : 22;
  72140 : 21;
  [72141..72142] : 22;
  72143 : 20;
  72144 : 21;
  [72145..72146] : 20;
  [72147..72150] : 21;
  [72151..72152] : 20;
  72153 : 1E;
  72154 : 1F;
  72155 : 20;
  72156 : 1D;
  72157 : 1B;
  72158 : 1C;
  72159 : 1A;
  [72160..72161] : 19;
  [72162..72163] : 1A;
  72164 : 19;
  [72165..72167] : 1A;
  72168 : 1D;
  [72169..72170] : 1B;
  72171 : 1C;
  72172 : 20;
  72173 : 1E;
  72174 : 1D;
  72175 : 1F;
  72176 : 1C;
  72177 : 1B;
  72178 : 1C;
  [72179..72180] : 1B;
  [72181..72183] : 1A;
  72184 : 1B;
  72185 : 18;
  [72186..72187] : 16;
  [72188..72189] : 18;
  [72190..72191] : 17;
  72192 : 19;
  72193 : 18;
  [72194..72196] : 17;
  72197 : 16;
  72198 : 15;
  72199 : 16;
  [72200..72201] : 17;
  [72202..72203] : 16;
  [72204..72205] : 17;
  72206 : 16;
  72207 : 14;
  72208 : 16;
  [72209..72210] : 17;
  72211 : 16;
  72212 : 18;
  [72213..72215] : 17;
  72216 : 16;
  72217 : 1A;
  [72218..72220] : 1B;
  72221 : 18;
  72222 : 17;
  72223 : 16;
  72224 : 15;
  72225 : 16;
  [72226..72227] : 13;
  72228 : 14;
  72229 : 15;
  72230 : 13;
  [72231..72236] : 14;
  [72237..72238] : 13;
  72239 : 16;
  72240 : 1B;
  [72241..72243] : 16;
  [72244..72246] : 15;
  [72247..72248] : 14;
  [72249..72251] : 13;
  [72252..72253] : 15;
  [72254..72256] : 16;
  [72257..72258] : 14;
  72259 : 15;
  72260 : 16;
  72261 : 15;
  [72262..72265] : 14;
  72266 : 15;
  72267 : 14;
  72268 : 13;
  72269 : 14;
  [72270..72271] : 15;
  72272 : 16;
  72273 : 15;
  72274 : 18;
  72275 : 16;
  [72276..72280] : 15;
  72281 : 16;
  72282 : 17;
  72283 : 16;
  [72284..72285] : 13;
  72286 : 14;
  72287 : 12;
  [72288..72289] : 13;
  72290 : 14;
  [72291..72292] : 13;
  72293 : 12;
  72294 : 13;
  72295 : 14;
  72296 : 13;
  72297 : 14;
  72298 : 15;
  [72299..72301] : 16;
  72302 : 15;
  [72303..72305] : 14;
  72306 : 15;
  [72307..72309] : 14;
  [72310..72329] : 80;
  72330 : 59;
  72331 : 28;
  72332 : 2D;
  [72333..72335] : 2A;
  [72336..72338] : 2B;
  72339 : 2A;
  [72340..72341] : 29;
  72342 : 2C;
  72343 : 29;
  72344 : 2A;
  [72345..72347] : 29;
  72348 : 28;
  72349 : 2A;
  72350 : 2B;
  [72351..72352] : 2A;
  72353 : 2D;
  [72354..72355] : 2A;
  72356 : 2C;
  72357 : 2D;
  [72358..72360] : 2A;
  [72361..72362] : 29;
  [72363..72364] : 28;
  [72365..72366] : 27;
  72367 : 28;
  72368 : 26;
  72369 : 27;
  72370 : 25;
  [72371..72372] : 26;
  [72373..72374] : 25;
  72375 : 24;
  [72376..72377] : 23;
  72378 : 22;
  72379 : 21;
  72380 : 22;
  [72381..72383] : 23;
  72384 : 24;
  72385 : 26;
  72386 : 24;
  [72387..72388] : 23;
  72389 : 22;
  72390 : 24;
  72391 : 23;
  [72392..72393] : 24;
  72394 : 22;
  72395 : 23;
  72396 : 25;
  72397 : 23;
  72398 : 22;
  72399 : 20;
  [72400..72403] : 1F;
  72404 : 21;
  72405 : 20;
  [72406..72408] : 21;
  [72409..72410] : 1F;
  [72411..72412] : 20;
  [72413..72414] : 1F;
  72415 : 20;
  [72416..72418] : 1F;
  72419 : 1E;
  [72420..72422] : 1F;
  [72423..72424] : 20;
  72425 : 1E;
  72426 : 1F;
  72427 : 1E;
  72428 : 1D;
  [72429..72430] : 1E;
  72431 : 1F;
  [72432..72434] : 1E;
  [72435..72436] : 1F;
  72437 : 1E;
  [72438..72442] : 1D;
  [72443..72444] : 1B;
  [72445..72446] : 1C;
  72447 : 1D;
  72448 : 1E;
  [72449..72450] : 1D;
  72451 : 1C;
  [72452..72453] : 1B;
  72454 : 1A;
  72455 : 18;
  [72456..72457] : 1A;
  [72458..72459] : 1B;
  [72460..72461] : 1A;
  72462 : 19;
  [72463..72464] : 17;
  72465 : 18;
  [72466..72467] : 19;
  72468 : 1A;
  [72469..72470] : 18;
  [72471..72474] : 16;
  [72475..72476] : 14;
  [72477..72478] : 13;
  72479 : 12;
  72480 : 13;
  [72481..72483] : 12;
  [72484..72487] : 13;
  72488 : 12;
  72489 : 14;
  72490 : 13;
  72491 : 12;
  [72492..72493] : 13;
  [72494..72495] : 12;
  [72496..72497] : 11;
  [72498..72499] : 13;
  72500 : 11;
  72501 : 12;
  72502 : 11;
  [72503..72505] : 10;
  72506 : 0F;
  72507 : 0E;
  72508 : 0F;
  [72509..72510] : 10;
  [72511..72512] : 11;
  [72513..72514] : 10;
  72515 : 12;
  [72516..72517] : 11;
  72518 : 12;
  72519 : 13;
  [72520..72521] : 15;
  72522 : 11;
  72523 : 10;
  [72524..72525] : 0F;
  [72526..72527] : 10;
  72528 : 0F;
  72529 : 10;
  72530 : 17;
  72531 : 16;
  72532 : 17;
  72533 : 15;
  [72534..72535] : 16;
  [72536..72537] : 13;
  72538 : 12;
  72539 : 14;
  [72540..72541] : 15;
  [72542..72543] : 12;
  [72544..72546] : 11;
  72547 : 13;
  72548 : 14;
  72549 : 12;
  [72550..72551] : 11;
  72552 : 10;
  72553 : 11;
  72554 : 12;
  72555 : 13;
  72556 : 11;
  [72557..72558] : 12;
  [72559..72561] : 13;
  72562 : 12;
  72563 : 13;
  72564 : 15;
  [72565..72566] : 14;
  72567 : 13;
  72568 : 14;
  72569 : 12;
  72570 : 0F;
  72571 : 10;
  72572 : 12;
  72573 : 13;
  72574 : 14;
  72575 : 15;
  72576 : 14;
  72577 : 12;
  [72578..72579] : 14;
  72580 : 13;
  72581 : 14;
  [72582..72583] : 15;
  72584 : 16;
  72585 : 15;
  [72586..72587] : 14;
  72588 : 13;
  72589 : 12;
  [72590..72592] : 13;
  [72593..72594] : 12;
  72595 : 13;
  72596 : 12;
  [72597..72598] : 11;
  [72599..72601] : 12;
  72602 : 11;
  [72603..72604] : 10;
  72605 : 11;
  72606 : 12;
  72607 : 11;
  72608 : 12;
  72609 : 13;
  [72610..72612] : 12;
  72613 : 13;
  [72614..72616] : 12;
  [72617..72619] : 13;
  72620 : 14;
  [72621..72622] : 13;
  72623 : 12;
  72624 : 13;
  72625 : 14;
  72626 : 13;
  [72627..72628] : 12;
  72629 : 14;
  [72630..72649] : 80;
  72650 : 5A;
  72651 : 28;
  72652 : 29;
  [72653..72654] : 27;
  [72655..72656] : 28;
  [72657..72658] : 27;
  72659 : 25;
  [72660..72661] : 26;
  [72662..72667] : 25;
  72668 : 23;
  [72669..72671] : 24;
  72672 : 23;
  72673 : 25;
  [72674..72675] : 24;
  72676 : 25;
  72677 : 27;
  72678 : 25;
  [72679..72683] : 24;
  [72684..72685] : 23;
  72686 : 24;
  [72687..72688] : 25;
  [72689..72691] : 22;
  [72692..72694] : 21;
  [72695..72700] : 1F;
  72701 : 20;
  [72702..72704] : 21;
  [72705..72707] : 20;
  72708 : 1F;
  72709 : 1E;
  [72710..72711] : 20;
  72712 : 1F;
  [72713..72715] : 20;
  [72716..72717] : 21;
  [72718..72720] : 1F;
  72721 : 20;
  [72722..72723] : 1F;
  [72724..72726] : 1D;
  [72727..72729] : 1E;
  72730 : 1F;
  72731 : 1E;
  [72732..72734] : 1D;
  72735 : 1C;
  [72736..72737] : 1B;
  [72738..72739] : 1A;
  72740 : 1B;
  [72741..72744] : 1A;
  [72745..72747] : 1B;
  [72748..72749] : 1C;
  [72750..72757] : 1B;
  [72758..72759] : 1A;
  [72760..72761] : 1C;
  [72762..72764] : 1B;
  [72765..72766] : 1A;
  72767 : 1B;
  72768 : 1C;
  [72769..72771] : 1B;
  72772 : 1C;
  72773 : 1B;
  72774 : 19;
  72775 : 1A;
  72776 : 1B;
  [72777..72778] : 19;
  [72779..72780] : 18;
  72781 : 19;
  72782 : 18;
  72783 : 1A;
  72784 : 19;
  [72785..72787] : 18;
  72788 : 17;
  [72789..72790] : 19;
  72791 : 17;
  72792 : 16;
  [72793..72794] : 17;
  [72795..72796] : 15;
  72797 : 14;
  [72798..72799] : 13;
  72800 : 14;
  [72801..72803] : 13;
  [72804..72805] : 15;
  [72806..72807] : 14;
  72808 : 12;
  72809 : 14;
  [72810..72813] : 13;
  72814 : 10;
  72815 : 0F;
  [72816..72817] : 10;
  72818 : 0F;
  72819 : 10;
  72820 : 11;
  [72821..72822] : 10;
  [72823..72824] : 0F;
  [72825..72826] : 0E;
  72827 : 0D;
  [72828..72829] : 0E;
  [72830..72832] : 0F;
  [72833..72834] : 10;
  72835 : 0F;
  72836 : 10;
  72837 : 11;
  72838 : 12;
  [72839..72841] : 13;
  [72842..72845] : 16;
  [72846..72847] : 12;
  72848 : 11;
  [72849..72853] : 10;
  72854 : 0F;
  [72855..72858] : 11;
  [72859..72860] : 12;
  [72861..72862] : 11;
  72863 : 10;
  [72864..72866] : 0F;
  72867 : 10;
  72868 : 0F;
  [72869..72871] : 0E;
  72872 : 0F;
  [72873..72874] : 10;
  72875 : 0F;
  72876 : 0E;
  72877 : 10;
  [72878..72881] : 11;
  72882 : 12;
  [72883..72884] : 13;
  72885 : 15;
  72886 : 13;
  72887 : 15;
  [72888..72889] : 14;
  72890 : 17;
  [72891..72892] : 16;
  72893 : 15;
  [72894..72896] : 16;
  72897 : 15;
  72898 : 17;
  72899 : 16;
  [72900..72901] : 15;
  [72902..72906] : 17;
  [72907..72908] : 18;
  [72909..72910] : 16;
  72911 : 15;
  72912 : 14;
  [72913..72914] : 15;
  [72915..72922] : 14;
  72923 : 13;
  [72924..72926] : 14;
  72927 : 13;
  72928 : 14;
  72929 : 15;
  [72930..72931] : 14;
  72932 : 13;
  [72933..72939] : 11;
  72940 : 10;
  72941 : 11;
  72942 : 10;
  [72943..72944] : 11;
  72945 : 10;
  72946 : 11;
  72947 : 10;
  72948 : 0F;
  72949 : 11;
  [72950..72969] : 80;
  72970 : 59;
  [72971..72972] : 26;
  72973 : 24;
  72974 : 25;
  [72975..72977] : 24;
  72978 : 21;
  [72979..72981] : 22;
  72982 : 24;
  72983 : 22;
  72984 : 23;
  72985 : 24;
  [72986..72988] : 22;
  72989 : 20;
  72990 : 21;
  72991 : 20;
  [72992..72993] : 1E;
  72994 : 21;
  72995 : 1F;
  72996 : 20;
  72997 : 21;
  [72998..72999] : 22;
  [73000..73001] : 21;
  [73002..73003] : 22;
  [73004..73005] : 21;
  73006 : 22;
  73007 : 21;
  [73008..73011] : 20;
  [73012..73014] : 1F;
  [73015..73016] : 1E;
  [73017..73020] : 1D;
  73021 : 1E;
  [73022..73024] : 1F;
  [73025..73026] : 1E;
  [73027..73028] : 1D;
  [73029..73033] : 1E;
  73034 : 1F;
  73035 : 1D;
  73036 : 1E;
  [73037..73038] : 1F;
  73039 : 1E;
  [73040..73042] : 1D;
  73043 : 1E;
  73044 : 1C;
  [73045..73047] : 1B;
  [73048..73053] : 1D;
  [73054..73058] : 1C;
  73059 : 1A;
  [73060..73061] : 1B;
  73062 : 1A;
  [73063..73064] : 1B;
  [73065..73066] : 1A;
  [73067..73068] : 1B;
  [73069..73071] : 1A;
  73072 : 1B;
  73073 : 1A;
  [73074..73076] : 19;
  73077 : 1A;
  [73078..73079] : 19;
  73080 : 1B;
  [73081..73084] : 1A;
  73085 : 1B;
  [73086..73087] : 1C;
  73088 : 1A;
  [73089..73090] : 1B;
  73091 : 1A;
  73092 : 19;
  [73093..73094] : 17;
  73095 : 19;
  [73096..73098] : 18;
  73099 : 17;
  73100 : 16;
  73101 : 15;
  [73102..73103] : 16;
  [73104..73106] : 17;
  73107 : 18;
  73108 : 16;
  [73109..73111] : 15;
  73112 : 18;
  73113 : 17;
  73114 : 18;
  73115 : 17;
  73116 : 19;
  [73117..73118] : 18;
  [73119..73120] : 19;
  73121 : 15;
  73122 : 13;
  73123 : 15;
  [73124..73126] : 18;
  [73127..73129] : 19;
  [73130..73131] : 18;
  73132 : 19;
  73133 : 16;
  73134 : 15;
  73135 : 14;
  [73136..73142] : 15;
  [73143..73144] : 14;
  73145 : 12;
  73146 : 15;
  [73147..73149] : 14;
  73150 : 11;
  73151 : 13;
  73152 : 14;
  73153 : 13;
  73154 : 14;
  [73155..73156] : 13;
  73157 : 14;
  [73158..73159] : 13;
  73160 : 14;
  73161 : 13;
  73162 : 14;
  [73163..73166] : 12;
  73167 : 11;
  73168 : 0F;
  [73169..73170] : 0E;
  [73171..73172] : 0F;
  [73173..73175] : 10;
  73176 : 11;
  73177 : 13;
  73178 : 12;
  73179 : 11;
  73180 : 0E;
  73181 : 0F;
  73182 : 11;
  73183 : 12;
  73184 : 14;
  73185 : 13;
  73186 : 11;
  73187 : 0E;
  73188 : 0D;
  [73189..73190] : 0C;
  [73191..73192] : 0D;
  73193 : 0C;
  [73194..73196] : 0D;
  73197 : 0E;
  73198 : 0D;
  [73199..73208] : 0E;
  73209 : 0F;
  [73210..73212] : 10;
  [73213..73214] : 12;
  73215 : 13;
  73216 : 14;
  [73217..73218] : 15;
  [73219..73220] : 14;
  [73221..73223] : 13;
  [73224..73225] : 16;
  [73226..73229] : 17;
  [73230..73232] : 15;
  73233 : 19;
  73234 : 18;
  [73235..73236] : 16;
  73237 : 15;
  [73238..73239] : 14;
  [73240..73241] : 16;
  [73242..73245] : 15;
  73246 : 14;
  73247 : 16;
  [73248..73249] : 18;
  [73250..73251] : 17;
  73252 : 16;
  73253 : 17;
  73254 : 16;
  73255 : 14;
  73256 : 15;
  73257 : 13;
  [73258..73261] : 12;
  [73262..73263] : 10;
  [73264..73266] : 11;
  [73267..73269] : 0F;
  [73270..73289] : 80;
  73290 : 57;
  73291 : 22;
  73292 : 24;
  73293 : 23;
  73294 : 25;
  [73295..73296] : 23;
  [73297..73298] : 24;
  73299 : 23;
  73300 : 22;
  [73301..73302] : 24;
  73303 : 22;
  73304 : 23;
  [73305..73306] : 24;
  73307 : 23;
  73308 : 22;
  73309 : 21;
  73310 : 22;
  [73311..73312] : 21;
  73313 : 20;
  [73314..73315] : 1F;
  73316 : 21;
  [73317..73318] : 20;
  73319 : 21;
  73320 : 20;
  [73321..73322] : 22;
  [73323..73324] : 20;
  [73325..73327] : 21;
  73328 : 20;
  73329 : 21;
  73330 : 20;
  73331 : 21;
  73332 : 20;
  73333 : 1F;
  [73334..73335] : 1E;
  73336 : 1D;
  73337 : 1C;
  73338 : 1E;
  73339 : 1D;
  73340 : 1C;
  73341 : 1D;
  73342 : 1E;
  73343 : 1D;
  73344 : 1E;
  [73345..73346] : 1C;
  73347 : 1B;
  [73348..73349] : 1C;
  [73350..73351] : 1D;
  73352 : 1C;
  73353 : 1D;
  73354 : 1C;
  [73355..73356] : 1B;
  73357 : 1C;
  [73358..73359] : 1B;
  [73360..73361] : 1A;
  73362 : 1B;
  73363 : 1A;
  [73364..73365] : 19;
  73366 : 1A;
  73367 : 19;
  [73368..73371] : 1A;
  73372 : 1B;
  73373 : 1C;
  [73374..73377] : 1B;
  73378 : 19;
  [73379..73381] : 1A;
  [73382..73383] : 17;
  73384 : 18;
  73385 : 19;
  [73386..73387] : 18;
  73388 : 19;
  73389 : 1A;
  [73390..73393] : 19;
  [73394..73395] : 18;
  73396 : 19;
  73397 : 18;
  73398 : 16;
  73399 : 17;
  73400 : 18;
  [73401..73402] : 19;
  73403 : 18;
  [73404..73405] : 19;
  73406 : 18;
  73407 : 19;
  73408 : 1B;
  [73409..73410] : 19;
  73411 : 1A;
  73412 : 18;
  [73413..73415] : 19;
  [73416..73418] : 18;
  [73419..73421] : 16;
  [73422..73423] : 17;
  [73424..73425] : 18;
  73426 : 15;
  73427 : 17;
  [73428..73429] : 19;
  73430 : 16;
  73431 : 17;
  73432 : 18;
  73433 : 15;
  [73434..73435] : 14;
  73436 : 16;
  73437 : 17;
  73438 : 14;
  73439 : 13;
  [73440..73441] : 15;
  73442 : 14;
  73443 : 18;
  73444 : 17;
  73445 : 14;
  73446 : 19;
  73447 : 18;
  73448 : 15;
  [73449..73450] : 17;
  73451 : 16;
  [73452..73453] : 15;
  [73454..73455] : 17;
  73456 : 13;
  73457 : 17;
  73458 : 15;
  73459 : 14;
  [73460..73461] : 17;
  73462 : 18;
  73463 : 16;
  73464 : 14;
  73465 : 15;
  73466 : 14;
  73467 : 13;
  73468 : 15;
  [73469..73470] : 14;
  73471 : 13;
  73472 : 12;
  73473 : 15;
  73474 : 13;
  73475 : 10;
  [73476..73477] : 13;
  73478 : 14;
  [73479..73480] : 13;
  [73481..73482] : 11;
  73483 : 10;
  73484 : 0D;
  73485 : 10;
  73486 : 14;
  73487 : 15;
  [73488..73489] : 13;
  73490 : 12;
  73491 : 10;
  73492 : 12;
  73493 : 11;
  73494 : 14;
  73495 : 15;
  73496 : 13;
  73497 : 15;
  73498 : 12;
  73499 : 13;
  [73500..73501] : 12;
  73502 : 10;
  73503 : 0F;
  73504 : 0E;
  73505 : 0F;
  73506 : 0E;
  73507 : 0D;
  73508 : 0E;
  [73509..73510] : 10;
  73511 : 0F;
  [73512..73513] : 0E;
  73514 : 0F;
  [73515..73517] : 0E;
  73518 : 0F;
  73519 : 0E;
  73520 : 0F;
  [73521..73524] : 0E;
  73525 : 0D;
  [73526..73528] : 0E;
  73529 : 0D;
  [73530..73532] : 0E;
  73533 : 0F;
  73534 : 10;
  73535 : 0F;
  [73536..73537] : 10;
  73538 : 11;
  [73539..73543] : 10;
  73544 : 11;
  [73545..73546] : 10;
  73547 : 13;
  73548 : 12;
  73549 : 14;
  [73550..73553] : 12;
  [73554..73557] : 14;
  [73558..73559] : 13;
  [73560..73561] : 12;
  73562 : 13;
  73563 : 15;
  [73564..73568] : 14;
  73569 : 13;
  73570 : 14;
  73571 : 15;
  73572 : 13;
  [73573..73574] : 14;
  73575 : 13;
  [73576..73579] : 15;
  [73580..73582] : 14;
  73583 : 12;
  73584 : 13;
  73585 : 12;
  [73586..73587] : 11;
  73588 : 0F;
  73589 : 11;
  [73590..73609] : 80;
  73610 : 59;
  73611 : 23;
  73612 : 24;
  [73613..73614] : 22;
  73615 : 21;
  73616 : 1F;
  73617 : 20;
  73618 : 1F;
  73619 : 1E;
  73620 : 21;
  73621 : 22;
  [73622..73623] : 23;
  73624 : 24;
  73625 : 26;
  73626 : 25;
  73627 : 24;
  73628 : 23;
  73629 : 22;
  [73630..73634] : 21;
  73635 : 20;
  [73636..73637] : 1F;
  73638 : 1D;
  73639 : 1F;
  73640 : 20;
  73641 : 1F;
  [73642..73643] : 21;
  [73644..73649] : 1F;
  73650 : 20;
  73651 : 1F;
  73652 : 20;
  73653 : 1D;
  [73654..73655] : 1E;
  73656 : 1D;
  73657 : 1C;
  73658 : 1D;
  73659 : 1C;
  [73660..73663] : 1E;
  [73664..73665] : 1D;
  [73666..73667] : 1C;
  73668 : 1B;
  [73669..73670] : 1C;
  [73671..73673] : 1B;
  73674 : 1A;
  [73675..73677] : 19;
  73678 : 18;
  [73679..73681] : 19;
  73682 : 18;
  73683 : 19;
  73684 : 18;
  73685 : 17;
  [73686..73688] : 18;
  73689 : 17;
  [73690..73691] : 19;
  73692 : 18;
  73693 : 19;
  73694 : 1A;
  73695 : 19;
  [73696..73697] : 18;
  73698 : 19;
  73699 : 1B;
  73700 : 19;
  73701 : 18;
  [73702..73703] : 1A;
  [73704..73705] : 19;
  73706 : 1B;
  73707 : 1A;
  73708 : 1B;
  73709 : 1D;
  [73710..73712] : 1C;
  73713 : 1B;
  73714 : 1A;
  73715 : 19;
  73716 : 16;
  73717 : 15;
  [73718..73719] : 16;
  73720 : 15;
  [73721..73724] : 16;
  73725 : 17;
  73726 : 16;
  73727 : 19;
  73728 : 1A;
  73729 : 19;
  73730 : 18;
  [73731..73732] : 16;
  [73733..73734] : 19;
  73735 : 17;
  [73736..73738] : 16;
  73739 : 17;
  [73740..73742] : 18;
  [73743..73744] : 19;
  73745 : 18;
  73746 : 19;
  73747 : 1A;
  73748 : 1C;
  73749 : 1A;
  [73750..73751] : 18;
  73752 : 17;
  73753 : 19;
  73754 : 1B;
  73755 : 18;
  73756 : 1A;
  73757 : 18;
  73758 : 19;
  [73759..73760] : 17;
  73761 : 19;
  73762 : 18;
  73763 : 17;
  [73764..73765] : 16;
  73766 : 15;
  73767 : 14;
  73768 : 13;
  73769 : 17;
  73770 : 16;
  [73771..73772] : 15;
  73773 : 11;
  73774 : 14;
  73775 : 16;
  73776 : 14;
  73777 : 13;
  73778 : 12;
  [73779..73780] : 10;
  73781 : 11;
  73782 : 10;
  73783 : 11;
  73784 : 0F;
  73785 : 10;
  73786 : 0F;
  73787 : 10;
  73788 : 0F;
  73789 : 0E;
  73790 : 0F;
  73791 : 11;
  [73792..73793] : 0F;
  73794 : 0E;
  [73795..73796] : 0D;
  [73797..73798] : 0C;
  73799 : 0D;
  73800 : 0F;
  73801 : 0D;
  [73802..73803] : 0C;
  73804 : 0B;
  73805 : 0C;
  73806 : 0D;
  [73807..73808] : 0F;
  73809 : 0E;
  73810 : 0D;
  73811 : 0C;
  73812 : 0D;
  [73813..73814] : 0E;
  73815 : 0F;
  73816 : 10;
  73817 : 11;
  73818 : 10;
  73819 : 11;
  [73820..73822] : 0F;
  [73823..73824] : 0E;
  73825 : 0D;
  73826 : 0F;
  73827 : 10;
  [73828..73831] : 0F;
  73832 : 0E;
  [73833..73839] : 0F;
  73840 : 10;
  73841 : 0F;
  [73842..73844] : 0E;
  [73845..73848] : 0D;
  [73849..73850] : 0E;
  73851 : 0F;
  [73852..73853] : 0E;
  [73854..73855] : 0F;
  [73856..73859] : 0E;
  [73860..73861] : 0D;
  73862 : 0E;
  73863 : 0F;
  [73864..73865] : 0E;
  73866 : 10;
  [73867..73869] : 0F;
  [73870..73872] : 10;
  73873 : 0F;
  73874 : 10;
  [73875..73879] : 11;
  73880 : 12;
  73881 : 11;
  73882 : 12;
  73883 : 13;
  [73884..73885] : 12;
  [73886..73888] : 14;
  73889 : 15;
  73890 : 14;
  [73891..73892] : 13;
  [73893..73896] : 11;
  73897 : 10;
  [73898..73899] : 11;
  73900 : 10;
  [73901..73902] : 11;
  [73903..73904] : 0F;
  73905 : 0E;
  [73906..73907] : 0F;
  73908 : 0E;
  73909 : 10;
  [73910..73929] : 80;
  73930 : 57;
  73931 : 20;
  73932 : 23;
  73933 : 22;
  [73934..73936] : 20;
  [73937..73938] : 1F;
  73939 : 1D;
  [73940..73942] : 1F;
  [73943..73944] : 20;
  73945 : 21;
  73946 : 20;
  73947 : 1F;
  73948 : 1E;
  73949 : 1D;
  73950 : 1C;
  [73951..73952] : 1D;
  [73953..73954] : 1E;
  [73955..73957] : 1D;
  73958 : 1B;
  73959 : 1C;
  [73960..73961] : 1D;
  [73962..73963] : 1F;
  73964 : 20;
  [73965..73969] : 1F;
  73970 : 20;
  73971 : 21;
  73972 : 20;
  73973 : 1F;
  73974 : 20;
  73975 : 1F;
  73976 : 1E;
  73977 : 1D;
  [73978..73980] : 1E;
  73981 : 1F;
  [73982..73983] : 1E;
  73984 : 1C;
  73985 : 1B;
  [73986..73988] : 1C;
  73989 : 1D;
  73990 : 1C;
  73991 : 1D;
  73992 : 1F;
  73993 : 1E;
  73994 : 1B;
  [73995..73996] : 1A;
  73997 : 19;
  [73998..74000] : 1A;
  74001 : 1B;
  74002 : 19;
  74003 : 18;
  [74004..74006] : 17;
  74007 : 16;
  74008 : 17;
  [74009..74010] : 18;
  [74011..74012] : 19;
  [74013..74014] : 18;
  [74015..74019] : 19;
  74020 : 18;
  74021 : 19;
  [74022..74025] : 1A;
  [74026..74029] : 19;
  [74030..74031] : 1B;
  74032 : 1A;
  74033 : 1B;
  74034 : 19;
  [74035..74036] : 18;
  [74037..74038] : 16;
  74039 : 15;
  74040 : 14;
  74041 : 15;
  74042 : 14;
  [74043..74046] : 15;
  74047 : 17;
  [74048..74049] : 16;
  [74050..74051] : 14;
  [74052..74054] : 15;
  74055 : 18;
  74056 : 19;
  74057 : 15;
  74058 : 17;
  [74059..74060] : 1A;
  74061 : 19;
  74062 : 1D;
  74063 : 1E;
  74064 : 1C;
  74065 : 1E;
  [74066..74067] : 19;
  74068 : 1C;
  74069 : 1B;
  74070 : 18;
  74071 : 19;
  [74072..74073] : 1C;
  [74074..74076] : 1E;
  74077 : 1C;
  [74078..74079] : 1D;
  74080 : 18;
  74081 : 15;
  74082 : 12;
  74083 : 14;
  74084 : 15;
  74085 : 11;
  74086 : 0F;
  74087 : 10;
  74088 : 11;
  74089 : 10;
  74090 : 0F;
  74091 : 0E;
  [74092..74095] : 0F;
  [74096..74097] : 0E;
  74098 : 0F;
  74099 : 0E;
  [74100..74102] : 0D;
  [74103..74105] : 0E;
  74106 : 0D;
  [74107..74109] : 0E;
  [74110..74112] : 0D;
  74113 : 0C;
  [74114..74115] : 0D;
  [74116..74117] : 0B;
  74118 : 0C;
  74119 : 0D;
  [74120..74121] : 0C;
  [74122..74123] : 0B;
  74124 : 0C;
  74125 : 0B;
  [74126..74127] : 0C;
  74128 : 0D;
  [74129..74130] : 0C;
  [74131..74132] : 0B;
  [74133..74137] : 0D;
  [74138..74139] : 0C;
  74140 : 0D;
  74141 : 0C;
  [74142..74143] : 0B;
  74144 : 0C;
  [74145..74147] : 0B;
  [74148..74150] : 0D;
  [74151..74153] : 0F;
  74154 : 10;
  [74155..74157] : 0F;
  [74158..74160] : 10;
  [74161..74163] : 0F;
  74164 : 0E;
  [74165..74167] : 0D;
  74168 : 0E;
  [74169..74174] : 0D;
  74175 : 0E;
  74176 : 0D;
  [74177..74179] : 0E;
  74180 : 0F;
  [74181..74182] : 10;
  [74183..74184] : 14;
  [74185..74186] : 12;
  74187 : 11;
  [74188..74189] : 0F;
  74190 : 10;
  74191 : 11;
  74192 : 12;
  [74193..74194] : 11;
  74195 : 10;
  [74196..74197] : 11;
  74198 : 12;
  74199 : 13;
  74200 : 11;
  74201 : 10;
  [74202..74204] : 11;
  [74205..74206] : 12;
  74207 : 11;
  74208 : 12;
  74209 : 13;
  74210 : 10;
  [74211..74212] : 0E;
  [74213..74217] : 0D;
  [74218..74220] : 0E;
  [74221..74222] : 0F;
  74223 : 0E;
  [74224..74227] : 0F;
  [74228..74229] : 10;
  [74230..74249] : 80;
  74250 : 57;
  74251 : 21;
  74252 : 22;
  74253 : 21;
  74254 : 20;
  [74255..74256] : 21;
  74257 : 1E;
  74258 : 20;
  74259 : 1F;
  [74260..74263] : 1D;
  74264 : 1F;
  74265 : 1E;
  [74266..74269] : 1D;
  74270 : 1B;
  [74271..74272] : 1C;
  [74273..74274] : 1D;
  [74275..74276] : 1C;
  74277 : 1E;
  [74278..74279] : 1C;
  74280 : 1D;
  74281 : 1E;
  [74282..74283] : 1F;
  74284 : 20;
  [74285..74286] : 1F;
  [74287..74293] : 1E;
  74294 : 1D;
  74295 : 1C;
  74296 : 1B;
  74297 : 1D;
  74298 : 1C;
  [74299..74301] : 1B;
  74302 : 1C;
  74303 : 1B;
  74304 : 1C;
  [74305..74306] : 1D;
  [74307..74309] : 1E;
  74310 : 20;
  74311 : 1E;
  [74312..74313] : 1D;
  74314 : 1E;
  [74315..74316] : 1D;
  74317 : 1C;
  74318 : 1D;
  [74319..74320] : 1C;
  74321 : 1D;
  74322 : 1C;
  74323 : 1A;
  [74324..74325] : 19;
  74326 : 18;
  74327 : 17;
  74328 : 18;
  [74329..74333] : 19;
  74334 : 18;
  [74335..74337] : 19;
  [74338..74339] : 18;
  [74340..74341] : 19;
  74342 : 18;
  74343 : 17;
  74344 : 16;
  [74345..74346] : 17;
  [74347..74348] : 16;
  [74349..74350] : 17;
  74351 : 18;
  74352 : 1A;
  [74353..74354] : 19;
  [74355..74356] : 18;
  [74357..74358] : 16;
  74359 : 18;
  [74360..74361] : 15;
  [74362..74364] : 16;
  74365 : 17;
  [74366..74367] : 18;
  74368 : 17;
  74369 : 18;
  [74370..74371] : 16;
  74372 : 17;
  74373 : 16;
  74374 : 15;
  [74375..74376] : 17;
  [74377..74378] : 15;
  74379 : 16;
  74380 : 15;
  [74381..74382] : 14;
  [74383..74384] : 15;
  74385 : 14;
  74386 : 13;
  74387 : 12;
  74388 : 11;
  74389 : 12;
  74390 : 14;
  [74391..74392] : 15;
  [74393..74394] : 10;
  [74395..74396] : 12;
  74397 : 11;
  [74398..74399] : 10;
  [74400..74401] : 0F;
  [74402..74404] : 0E;
  [74405..74411] : 0C;
  [74412..74414] : 0D;
  74415 : 0E;
  74416 : 0D;
  74417 : 0C;
  [74418..74421] : 0D;
  [74422..74423] : 0C;
  74424 : 0D;
  [74425..74426] : 0E;
  74427 : 0D;
  74428 : 0C;
  [74429..74432] : 0D;
  74433 : 0C;
  [74434..74436] : 0D;
  [74437..74438] : 0C;
  74439 : 0D;
  74440 : 10;
  [74441..74442] : 0D;
  74443 : 0F;
  74444 : 10;
  74445 : 0F;
  74446 : 13;
  74447 : 15;
  74448 : 12;
  74449 : 11;
  [74450..74451] : 12;
  74452 : 10;
  [74453..74455] : 12;
  [74456..74457] : 10;
  [74458..74460] : 0F;
  74461 : 0E;
  74462 : 10;
  74463 : 0F;
  74464 : 0D;
  [74465..74469] : 0E;
  [74470..74472] : 0F;
  74473 : 11;
  74474 : 12;
  74475 : 13;
  74476 : 11;
  74477 : 10;
  [74478..74479] : 11;
  74480 : 10;
  [74481..74483] : 11;
  74484 : 10;
  74485 : 0E;
  74486 : 0D;
  74487 : 0E;
  [74488..74489] : 0F;
  [74490..74491] : 0E;
  74492 : 11;
  74493 : 10;
  [74494..74502] : 0E;
  [74503..74506] : 0F;
  [74507..74509] : 0E;
  [74510..74512] : 0D;
  [74513..74516] : 0E;
  74517 : 0F;
  [74518..74522] : 0E;
  [74523..74531] : 0F;
  74532 : 0E;
  [74533..74534] : 0D;
  74535 : 0E;
  74536 : 0D;
  [74537..74541] : 0E;
  74542 : 0F;
  74543 : 0E;
  74544 : 0F;
  74545 : 0E;
  74546 : 0F;
  74547 : 0E;
  [74548..74549] : 10;
  [74550..74569] : 80;
  74570 : 54;
  [74571..74575] : 21;
  74576 : 20;
  74577 : 1D;
  74578 : 1E;
  74579 : 1C;
  [74580..74583] : 1D;
  74584 : 1F;
  [74585..74586] : 1D;
  [74587..74589] : 1C;
  [74590..74591] : 1B;
  74592 : 1A;
  74593 : 1C;
  74594 : 1D;
  74595 : 1A;
  74596 : 1B;
  [74597..74598] : 1C;
  [74599..74600] : 1D;
  74601 : 1E;
  [74602..74603] : 1F;
  74604 : 20;
  [74605..74606] : 1F;
  74607 : 1E;
  [74608..74610] : 1D;
  [74611..74612] : 1E;
  [74613..74615] : 1D;
  [74616..74619] : 1C;
  [74620..74624] : 1B;
  74625 : 1C;
  [74626..74627] : 1A;
  74628 : 1B;
  74629 : 1C;
  74630 : 1B;
  [74631..74632] : 1A;
  [74633..74635] : 1B;
  [74636..74638] : 1C;
  74639 : 1B;
  74640 : 1C;
  74641 : 1B;
  74642 : 1A;
  74643 : 19;
  74644 : 18;
  [74645..74646] : 17;
  [74647..74650] : 18;
  [74651..74652] : 19;
  [74653..74655] : 18;
  [74656..74659] : 17;
  [74660..74664] : 18;
  74665 : 19;
  [74666..74668] : 18;
  74669 : 17;
  [74670..74673] : 18;
  [74674..74676] : 17;
  74677 : 18;
  74678 : 17;
  74679 : 16;
  74680 : 15;
  74681 : 16;
  74682 : 15;
  74683 : 17;
  74684 : 19;
  [74685..74688] : 18;
  74689 : 17;
  74690 : 16;
  74691 : 15;
  [74692..74693] : 16;
  74694 : 15;
  [74695..74696] : 14;
  74697 : 15;
  74698 : 14;
  74699 : 15;
  [74700..74703] : 14;
  [74704..74707] : 12;
  74708 : 0F;
  [74709..74710] : 10;
  74711 : 11;
  74712 : 0F;
  [74713..74714] : 0D;
  74715 : 0F;
  [74716..74720] : 0E;
  [74721..74722] : 0D;
  [74723..74725] : 0C;
  [74726..74727] : 0B;
  [74728..74734] : 0C;
  [74735..74736] : 0D;
  74737 : 0C;
  74738 : 0D;
  [74739..74743] : 0C;
  74744 : 0D;
  74745 : 0E;
  [74746..74748] : 0D;
  74749 : 0E;
  [74750..74753] : 0D;
  74754 : 0F;
  74755 : 0E;
  [74756..74758] : 0D;
  [74759..74760] : 0E;
  74761 : 0D;
  [74762..74764] : 0E;
  [74765..74767] : 11;
  74768 : 0E;
  74769 : 0F;
  74770 : 10;
  74771 : 11;
  74772 : 0F;
  74773 : 10;
  74774 : 0F;
  74775 : 10;
  [74776..74782] : 0F;
  74783 : 10;
  [74784..74785] : 0F;
  74786 : 11;
  74787 : 0F;
  74788 : 10;
  74789 : 0F;
  [74790..74792] : 10;
  [74793..74794] : 11;
  74795 : 12;
  74796 : 11;
  74797 : 10;
  [74798..74799] : 11;
  74800 : 0F;
  [74801..74805] : 13;
  [74806..74808] : 12;
  74809 : 13;
  [74810..74812] : 12;
  74813 : 11;
  [74814..74815] : 10;
  [74816..74817] : 0F;
  [74818..74823] : 0E;
  74824 : 0F;
  74825 : 0E;
  74826 : 0F;
  [74827..74829] : 0E;
  [74830..74831] : 0D;
  [74832..74834] : 0E;
  74835 : 0D;
  [74836..74837] : 0E;
  [74838..74839] : 0F;
  74840 : 0E;
  74841 : 0F;
  [74842..74843] : 0D;
  [74844..74845] : 0E;
  74846 : 0D;
  74847 : 0E;
  [74848..74849] : 0F;
  74850 : 0E;
  [74851..74852] : 0F;
  [74853..74854] : 0E;
  [74855..74856] : 0F;
  74857 : 10;
  74858 : 0F;
  74859 : 10;
  [74860..74864] : 0F;
  74865 : 0E;
  [74866..74867] : 0F;
  [74868..74869] : 10;
  [74870..74889] : 80;
  74890 : 53;
  74891 : 1F;
  74892 : 22;
  74893 : 21;
  74894 : 1F;
  74895 : 1E;
  74896 : 1F;
  74897 : 1E;
  74898 : 1D;
  74899 : 1C;
  [74900..74901] : 1D;
  [74902..74904] : 1E;
  [74905..74907] : 1D;
  [74908..74909] : 1C;
  74910 : 1B;
  74911 : 1C;
  74912 : 1B;
  74913 : 1C;
  74914 : 1D;
  [74915..74916] : 1C;
  74917 : 1B;
  [74918..74919] : 1C;
  74920 : 1D;
  [74921..74923] : 1E;
  74924 : 20;
  [74925..74926] : 1F;
  [74927..74928] : 1E;
  74929 : 1D;
  74930 : 1C;
  [74931..74932] : 1D;
  74933 : 1C;
  [74934..74936] : 1D;
  [74937..74938] : 1B;
  74939 : 1D;
  74940 : 1C;
  74941 : 1B;
  [74942..74943] : 1C;
  74944 : 1B;
  74945 : 1A;
  74946 : 1B;
  74947 : 1C;
  74948 : 1A;
  74949 : 1B;
  74950 : 1A;
  [74951..74952] : 19;
  [74953..74954] : 18;
  74955 : 19;
  74956 : 1A;
  [74957..74958] : 1B;
  [74959..74960] : 1A;
  74961 : 19;
  74962 : 18;
  74963 : 19;
  74964 : 18;
  74965 : 17;
  [74966..74970] : 18;
  [74971..74972] : 19;
  [74973..74979] : 17;
  74980 : 16;
  74981 : 17;
  74982 : 16;
  74983 : 19;
  [74984..74985] : 18;
  74986 : 19;
  74987 : 18;
  [74988..74989] : 17;
  74990 : 18;
  74991 : 19;
  74992 : 18;
  [74993..74994] : 17;
  [74995..74996] : 18;
  74997 : 19;
  74998 : 18;
  74999 : 17;
  [75000..75002] : 16;
  [75003..75006] : 17;
  [75007..75008] : 18;
  75009 : 17;
  75010 : 16;
  [75011..75012] : 15;
  75013 : 16;
  [75014..75015] : 15;
  75016 : 13;
  [75017..75018] : 15;
  [75019..75021] : 14;
  [75022..75023] : 13;
  75024 : 12;
  75025 : 11;
  [75026..75028] : 10;
  75029 : 11;
  75030 : 10;
  75031 : 0F;
  75032 : 0E;
  75033 : 0D;
  75034 : 0E;
  [75035..75040] : 0D;
  [75041..75043] : 0C;
  75044 : 0A;
  [75045..75051] : 0B;
  [75052..75058] : 0C;
  75059 : 0B;
  75060 : 0C;
  [75061..75063] : 0B;
  75064 : 0C;
  [75065..75067] : 0D;
  75068 : 0E;
  [75069..75070] : 0D;
  [75071..75076] : 0C;
  [75077..75081] : 0A;
  [75082..75083] : 0B;
  [75084..75087] : 0C;
  [75088..75091] : 0B;
  75092 : 0C;
  75093 : 0D;
  [75094..75098] : 0C;
  75099 : 0B;
  [75100..75103] : 0C;
  75104 : 0D;
  [75105..75108] : 0C;
  [75109..75110] : 0B;
  [75111..75114] : 0C;
  [75115..75118] : 0B;
  75119 : 0C;
  75120 : 0B;
  [75121..75123] : 0C;
  75124 : 0D;
  [75125..75127] : 0E;
  75128 : 10;
  [75129..75131] : 11;
  75132 : 12;
  75133 : 13;
  [75134..75135] : 12;
  75136 : 11;
  [75137..75138] : 10;
  75139 : 0F;
  75140 : 10;
  75141 : 11;
  75142 : 10;
  75143 : 11;
  [75144..75145] : 0F;
  75146 : 0D;
  75147 : 0E;
  [75148..75149] : 0D;
  75150 : 0C;
  [75151..75155] : 0D;
  75156 : 0E;
  75157 : 0D;
  75158 : 0E;
  75159 : 10;
  [75160..75161] : 0F;
  [75162..75169] : 0E;
  75170 : 0F;
  75171 : 0E;
  75172 : 0D;
  [75173..75178] : 0E;
  [75179..75183] : 0F;
  75184 : 0E;
  75185 : 0D;
  75186 : 0E;
  [75187..75188] : 0F;
  75189 : 10;
  [75190..75209] : 80;
  75210 : 53;
  75211 : 1F;
  75212 : 23;
  75213 : 21;
  75214 : 1F;
  [75215..75216] : 1E;
  [75217..75221] : 1D;
  [75222..75223] : 1E;
  [75224..75225] : 1D;
  [75226..75227] : 1E;
  75228 : 1D;
  [75229..75230] : 1C;
  75231 : 1B;
  [75232..75233] : 1C;
  [75234..75236] : 1D;
  [75237..75238] : 1C;
  [75239..75240] : 1D;
  75241 : 1C;
  75242 : 1D;
  75243 : 1E;
  [75244..75245] : 1F;
  [75246..75247] : 20;
  75248 : 1F;
  75249 : 1E;
  75250 : 1D;
  75251 : 1C;
  [75252..75255] : 1D;
  75256 : 1B;
  75257 : 1A;
  [75258..75264] : 1B;
  75265 : 1A;
  75266 : 1C;
  75267 : 1B;
  75268 : 1A;
  75269 : 1B;
  75270 : 1A;
  [75271..75272] : 19;
  [75273..75276] : 18;
  [75277..75278] : 1A;
  [75279..75280] : 19;
  [75281..75282] : 18;
  [75283..75285] : 19;
  75286 : 1B;
  [75287..75288] : 1A;
  [75289..75290] : 1B;
  75291 : 19;
  75292 : 1B;
  75293 : 1C;
  75294 : 1B;
  75295 : 1A;
  75296 : 1C;
  75297 : 1B;
  75298 : 19;
  [75299..75300] : 17;
  75301 : 18;
  75302 : 17;
  75303 : 16;
  75304 : 15;
  [75305..75306] : 17;
  75307 : 18;
  [75308..75311] : 17;
  75312 : 16;
  [75313..75314] : 17;
  [75315..75316] : 18;
  [75317..75318] : 17;
  [75319..75320] : 15;
  75321 : 16;
  75322 : 15;
  75323 : 16;
  75324 : 17;
  75325 : 16;
  75326 : 15;
  [75327..75328] : 17;
  [75329..75330] : 18;
  75331 : 17;
  75332 : 15;
  75333 : 16;
  75334 : 15;
  [75335..75336] : 14;
  75337 : 15;
  [75338..75341] : 14;
  75342 : 13;
  75343 : 12;
  [75344..75345] : 11;
  75346 : 12;
  75347 : 10;
  75348 : 0F;
  [75349..75350] : 10;
  75351 : 0F;
  75352 : 0D;
  75353 : 0E;
  [75354..75356] : 0D;
  [75357..75361] : 0C;
  [75362..75367] : 0B;
  [75368..75369] : 0C;
  [75370..75371] : 0D;
  [75372..75373] : 0E;
  [75374..75375] : 0F;
  75376 : 11;
  75377 : 10;
  75378 : 11;
  [75379..75380] : 10;
  75381 : 0E;
  75382 : 0F;
  [75383..75384] : 10;
  75385 : 0E;
  75386 : 0F;
  75387 : 10;
  75388 : 11;
  [75389..75391] : 0F;
  75392 : 0E;
  75393 : 0F;
  [75394..75395] : 10;
  [75396..75400] : 0F;
  75401 : 0E;
  75402 : 0F;
  75403 : 0E;
  [75404..75406] : 0F;
  75407 : 0E;
  75408 : 0C;
  [75409..75411] : 0B;
  75412 : 0C;
  [75413..75418] : 0B;
  75419 : 0A;
  [75420..75421] : 0B;
  75422 : 0A;
  [75423..75424] : 0B;
  75425 : 0A;
  [75426..75428] : 0B;
  [75429..75431] : 0A;
  [75432..75436] : 0B;
  75437 : 0A;
  [75438..75439] : 0B;
  [75440..75442] : 0A;
  75443 : 0C;
  75444 : 0D;
  [75445..75449] : 0C;
  [75450..75451] : 0D;
  [75452..75453] : 0E;
  75454 : 0F;
  75455 : 0E;
  [75456..75458] : 0D;
  [75459..75461] : 0E;
  75462 : 0F;
  [75463..75468] : 0E;
  [75469..75470] : 0D;
  [75471..75472] : 0C;
  75473 : 0D;
  [75474..75479] : 0E;
  [75480..75482] : 0F;
  [75483..75484] : 0E;
  75485 : 10;
  75486 : 0F;
  [75487..75493] : 0E;
  75494 : 0D;
  [75495..75498] : 0E;
  [75499..75502] : 0F;
  [75503..75507] : 0E;
  75508 : 0F;
  75509 : 10;
  [75510..75529] : 80;
  75530 : 56;
  75531 : 21;
  75532 : 23;
  75533 : 21;
  75534 : 20;
  75535 : 1F;
  [75536..75537] : 1E;
  75538 : 1D;
  [75539..75540] : 1E;
  [75541..75543] : 1F;
  [75544..75545] : 20;
  75546 : 21;
  75547 : 1F;
  75548 : 1D;
  75549 : 1E;
  75550 : 1D;
  75551 : 1E;
  75552 : 20;
  [75553..75555] : 21;
  75556 : 20;
  [75557..75558] : 1F;
  75559 : 1D;
  75560 : 1E;
  [75561..75562] : 1F;
  75563 : 1E;
  75564 : 1F;
  75565 : 20;
  [75566..75569] : 1E;
  75570 : 1D;
  75571 : 1E;
  [75572..75574] : 1D;
  75575 : 1F;
  [75576..75582] : 1D;
  75583 : 1C;
  75584 : 1E;
  [75585..75586] : 1D;
  75587 : 1E;
  [75588..75589] : 1C;
  75590 : 1D;
  75591 : 1B;
  75592 : 1A;
  75593 : 19;
  [75594..75596] : 1A;
  75597 : 1B;
  75598 : 1C;
  75599 : 1D;
  75600 : 1C;
  [75601..75602] : 1B;
  75603 : 1D;
  75604 : 1C;
  75605 : 1A;
  [75606..75607] : 1C;
  75608 : 1B;
  75609 : 1A;
  [75610..75611] : 1B;
  75612 : 1A;
  75613 : 19;
  75614 : 18;
  [75615..75618] : 19;
  75619 : 18;
  75620 : 19;
  75621 : 18;
  75622 : 16;
  [75623..75624] : 15;
  [75625..75628] : 16;
  75629 : 17;
  75630 : 16;
  75631 : 17;
  75632 : 18;
  75633 : 19;
  [75634..75635] : 1B;
  75636 : 1A;
  75637 : 19;
  [75638..75639] : 18;
  [75640..75641] : 19;
  [75642..75643] : 18;
  75644 : 1B;
  75645 : 19;
  [75646..75648] : 1A;
  75649 : 1B;
  [75650..75651] : 1A;
  [75652..75653] : 17;
  75654 : 16;
  75655 : 15;
  [75656..75658] : 16;
  75659 : 15;
  75660 : 16;
  75661 : 17;
  75662 : 13;
  75663 : 12;
  [75664..75665] : 13;
  [75666..75667] : 10;
  [75668..75671] : 0F;
  75672 : 0C;
  [75673..75674] : 0D;
  [75675..75677] : 0C;
  75678 : 0B;
  [75679..75680] : 0C;
  [75681..75683] : 0B;
  75684 : 0C;
  75685 : 0B;
  [75686..75687] : 0C;
  75688 : 0E;
  75689 : 12;
  [75690..75691] : 11;
  75692 : 10;
  75693 : 11;
  75694 : 12;
  75695 : 10;
  [75696..75698] : 12;
  75699 : 13;
  75700 : 14;
  [75701..75702] : 15;
  75703 : 11;
  75704 : 12;
  75705 : 11;
  75706 : 10;
  75707 : 13;
  75708 : 11;
  [75709..75710] : 10;
  75711 : 12;
  75712 : 11;
  75713 : 12;
  75714 : 11;
  75715 : 10;
  75716 : 11;
  75717 : 0E;
  [75718..75719] : 10;
  75720 : 12;
  75721 : 10;
  [75722..75723] : 0F;
  75724 : 0D;
  75725 : 0E;
  75726 : 10;
  75727 : 0E;
  75728 : 0D;
  [75729..75731] : 0B;
  75732 : 0C;
  75733 : 0A;
  [75734..75736] : 0B;
  75737 : 0A;
  [75738..75740] : 0B;
  75741 : 0C;
  [75742..75743] : 0D;
  75744 : 0E;
  [75745..75746] : 0F;
  [75747..75749] : 0E;
  75750 : 0F;
  75751 : 0E;
  [75752..75754] : 0D;
  [75755..75756] : 0F;
  75757 : 0E;
  75758 : 0D;
  [75759..75762] : 0C;
  75763 : 0E;
  75764 : 10;
  75765 : 0E;
  [75766..75767] : 0D;
  75768 : 0F;
  75769 : 0E;
  [75770..75771] : 0D;
  75772 : 0E;
  75773 : 0D;
  75774 : 0E;
  75775 : 0F;
  75776 : 0E;
  75777 : 0F;
  75778 : 0E;
  75779 : 0F;
  75780 : 10;
  75781 : 0F;
  [75782..75783] : 10;
  75784 : 0F;
  [75785..75787] : 10;
  [75788..75789] : 0F;
  [75790..75791] : 10;
  75792 : 11;
  [75793..75796] : 10;
  75797 : 11;
  75798 : 10;
  75799 : 11;
  75800 : 10;
  [75801..75802] : 11;
  75803 : 12;
  [75804..75805] : 10;
  [75806..75807] : 11;
  [75808..75810] : 10;
  [75811..75813] : 0F;
  [75814..75816] : 10;
  [75817..75821] : 11;
  75822 : 10;
  [75823..75824] : 11;
  75825 : 10;
  75826 : 11;
  75827 : 10;
  75828 : 11;
  75829 : 12;
  [75830..75849] : 80;
  75850 : 58;
  75851 : 23;
  75852 : 27;
  75853 : 25;
  75854 : 24;
  75855 : 23;
  75856 : 22;
  75857 : 23;
  75858 : 20;
  [75859..75860] : 21;
  [75861..75862] : 22;
  75863 : 23;
  75864 : 24;
  [75865..75866] : 22;
  75867 : 21;
  75868 : 1F;
  [75869..75870] : 20;
  75871 : 21;
  75872 : 1E;
  [75873..75878] : 1D;
  75879 : 1E;
  [75880..75882] : 1F;
  75883 : 1D;
  [75884..75885] : 20;
  75886 : 23;
  [75887..75888] : 20;
  75889 : 22;
  75890 : 20;
  75891 : 1F;
  75892 : 1E;
  75893 : 20;
  75894 : 21;
  75895 : 22;
  [75896..75897] : 1F;
  [75898..75902] : 1E;
  75903 : 1F;
  75904 : 1D;
  75905 : 1E;
  75906 : 1F;
  [75907..75908] : 1D;
  [75909..75911] : 1C;
  [75912..75917] : 1A;
  75918 : 1E;
  75919 : 1D;
  75920 : 1B;
  75921 : 1C;
  75922 : 1A;
  75923 : 1B;
  [75924..75925] : 1A;
  75926 : 1C;
  [75927..75928] : 1B;
  75929 : 1C;
  [75930..75932] : 1B;
  75933 : 19;
  75934 : 18;
  75935 : 19;
  [75936..75937] : 17;
  75938 : 18;
  75939 : 17;
  [75940..75941] : 18;
  75942 : 19;
  [75943..75944] : 1A;
  [75945..75946] : 19;
  75947 : 1A;
  75948 : 1D;
  [75949..75951] : 1C;
  [75952..75953] : 1D;
  [75954..75955] : 1C;
  [75956..75957] : 1B;
  75958 : 1A;
  [75959..75961] : 1B;
  75962 : 1A;
  [75963..75967] : 19;
  75968 : 1B;
  75969 : 1A;
  75970 : 19;
  [75971..75973] : 1A;
  [75974..75976] : 17;
  [75977..75980] : 16;
  75981 : 15;
  75982 : 14;
  75983 : 13;
  [75984..75985] : 11;
  75986 : 10;
  [75987..75988] : 0F;
  [75989..75990] : 10;
  75991 : 0F;
  75992 : 0E;
  [75993..75996] : 0C;
  75997 : 0D;
  [75998..75999] : 0C;
  76000 : 0B;
  [76001..76005] : 0C;
  76006 : 0D;
  76007 : 0E;
  [76008..76009] : 0F;
  [76010..76011] : 11;
  76012 : 10;
  76013 : 0E;
  76014 : 0D;
  [76015..76017] : 0C;
  76018 : 0B;
  76019 : 0C;
  [76020..76021] : 0D;
  76022 : 0E;
  [76023..76024] : 0D;
  [76025..76026] : 0C;
  76027 : 0E;
  [76028..76029] : 0D;
  76030 : 0C;
  76031 : 0D;
  76032 : 0E;
  76033 : 0D;
  [76034..76035] : 0B;
  76036 : 0C;
  [76037..76039] : 0B;
  [76040..76041] : 0C;
  [76042..76043] : 0B;
  [76044..76047] : 0A;
  76048 : 0B;
  [76049..76054] : 0C;
  [76055..76056] : 0D;
  76057 : 0F;
  76058 : 12;
  76059 : 11;
  76060 : 10;
  [76061..76062] : 12;
  76063 : 11;
  76064 : 12;
  76065 : 16;
  76066 : 15;
  76067 : 12;
  76068 : 13;
  [76069..76070] : 15;
  76071 : 12;
  76072 : 10;
  [76073..76075] : 11;
  76076 : 12;
  [76077..76079] : 11;
  [76080..76081] : 12;
  76082 : 11;
  76083 : 12;
  76084 : 14;
  76085 : 13;
  76086 : 12;
  76087 : 11;
  [76088..76090] : 12;
  [76091..76093] : 11;
  [76094..76096] : 12;
  76097 : 14;
  76098 : 13;
  76099 : 12;
  76100 : 13;
  76101 : 12;
  [76102..76105] : 13;
  [76106..76107] : 12;
  76108 : 10;
  76109 : 13;
  76110 : 12;
  [76111..76112] : 11;
  76113 : 13;
  76114 : 12;
  76115 : 11;
  76116 : 12;
  76117 : 13;
  [76118..76120] : 12;
  76121 : 13;
  76122 : 11;
  76123 : 10;
  [76124..76125] : 11;
  [76126..76127] : 10;
  [76128..76130] : 11;
  [76131..76132] : 0F;
  76133 : 10;
  76134 : 11;
  76135 : 10;
  76136 : 0F;
  76137 : 10;
  76138 : 11;
  76139 : 0F;
  [76140..76141] : 10;
  76142 : 0F;
  76143 : 10;
  [76144..76145] : 11;
  76146 : 12;
  76147 : 11;
  76148 : 12;
  76149 : 14;
  [76150..76169] : 80;
  76170 : 57;
  76171 : 23;
  76172 : 25;
  76173 : 24;
  76174 : 26;
  76175 : 24;
  [76176..76177] : 23;
  76178 : 20;
  [76179..76181] : 22;
  76182 : 23;
  76183 : 24;
  76184 : 22;
  76185 : 20;
  [76186..76187] : 21;
  76188 : 20;
  [76189..76191] : 1F;
  76192 : 1D;
  [76193..76194] : 1F;
  [76195..76196] : 1E;
  [76197..76198] : 1D;
  76199 : 1E;
  76200 : 1C;
  [76201..76203] : 1D;
  76204 : 1E;
  76205 : 1F;
  76206 : 1E;
  76207 : 1F;
  [76208..76209] : 20;
  [76210..76212] : 1E;
  76213 : 1F;
  [76214..76215] : 1E;
  76216 : 1D;
  76217 : 1E;
  [76218..76219] : 1F;
  [76220..76221] : 1D;
  76222 : 1E;
  76223 : 1D;
  76224 : 1C;
  76225 : 1E;
  76226 : 20;
  76227 : 1D;
  76228 : 1E;
  76229 : 1D;
  76230 : 1E;
  [76231..76233] : 1C;
  76234 : 1D;
  [76235..76236] : 1C;
  76237 : 1A;
  [76238..76239] : 1B;
  76240 : 1D;
  76241 : 1E;
  76242 : 1B;
  76243 : 1C;
  [76244..76246] : 1B;
  76247 : 1A;
  [76248..76252] : 19;
  [76253..76254] : 17;
  76255 : 18;
  76256 : 17;
  [76257..76260] : 1A;
  [76261..76262] : 1B;
  [76263..76265] : 1A;
  76266 : 19;
  76267 : 1B;
  76268 : 1C;
  76269 : 1B;
  76270 : 1C;
  [76271..76272] : 1E;
  76273 : 1B;
  76274 : 1C;
  76275 : 1B;
  76276 : 19;
  76277 : 1C;
  76278 : 1A;
  76279 : 1B;
  [76280..76281] : 1A;
  [76282..76283] : 1B;
  76284 : 19;
  76285 : 1C;
  76286 : 1A;
  76287 : 19;
  [76288..76289] : 1B;
  [76290..76291] : 1A;
  76292 : 19;
  [76293..76297] : 18;
  76298 : 15;
  76299 : 16;
  76300 : 17;
  76301 : 16;
  76302 : 18;
  76303 : 17;
  [76304..76305] : 19;
  76306 : 17;
  76307 : 16;
  [76308..76309] : 15;
  76310 : 17;
  76311 : 15;
  [76312..76314] : 13;
  76315 : 14;
  76316 : 15;
  76317 : 14;
  [76318..76319] : 13;
  76320 : 12;
  76321 : 15;
  [76322..76323] : 16;
  76324 : 14;
  76325 : 13;
  76326 : 11;
  76327 : 12;
  76328 : 13;
  [76329..76330] : 15;
  76331 : 12;
  76332 : 14;
  76333 : 16;
  76334 : 11;
  76335 : 10;
  76336 : 11;
  [76337..76338] : 10;
  76339 : 11;
  76340 : 0F;
  76341 : 13;
  76342 : 10;
  76343 : 0E;
  76344 : 0D;
  76345 : 0B;
  [76346..76349] : 0C;
  76350 : 0B;
  76351 : 0F;
  76352 : 0D;
  76353 : 0C;
  76354 : 0D;
  [76355..76357] : 0B;
  76358 : 0C;
  76359 : 0F;
  76360 : 10;
  76361 : 11;
  76362 : 10;
  76363 : 0E;
  [76364..76365] : 0D;
  [76366..76367] : 0C;
  76368 : 0D;
  76369 : 0F;
  [76370..76372] : 10;
  76373 : 11;
  [76374..76375] : 12;
  [76376..76377] : 11;
  76378 : 13;
  76379 : 12;
  [76380..76381] : 14;
  76382 : 13;
  76383 : 12;
  76384 : 10;
  [76385..76387] : 0F;
  76388 : 11;
  76389 : 0F;
  [76390..76391] : 0E;
  [76392..76393] : 0F;
  [76394..76395] : 0D;
  [76396..76397] : 10;
  [76398..76400] : 0E;
  [76401..76402] : 0F;
  76403 : 10;
  [76404..76405] : 0F;
  [76406..76407] : 10;
  76408 : 0F;
  76409 : 10;
  76410 : 11;
  76411 : 10;
  76412 : 0E;
  76413 : 0F;
  76414 : 11;
  [76415..76416] : 12;
  76417 : 11;
  [76418..76420] : 12;
  [76421..76422] : 13;
  76423 : 12;
  76424 : 11;
  76425 : 10;
  76426 : 11;
  76427 : 12;
  76428 : 10;
  [76429..76431] : 11;
  [76432..76433] : 10;
  76434 : 11;
  [76435..76436] : 12;
  [76437..76439] : 0F;
  76440 : 10;
  [76441..76443] : 0F;
  76444 : 0E;
  76445 : 0D;
  [76446..76449] : 0E;
  76450 : 10;
  76451 : 12;
  [76452..76454] : 10;
  76455 : 11;
  76456 : 10;
  [76457..76459] : 11;
  76460 : 13;
  76461 : 12;
  [76462..76465] : 10;
  [76466..76467] : 11;
  76468 : 10;
  76469 : 13;
  [76470..76489] : 80;
  76490 : 56;
  76491 : 20;
  76492 : 21;
  76493 : 1F;
  76494 : 20;
  76495 : 21;
  76496 : 23;
  76497 : 22;
  76498 : 20;
  [76499..76500] : 21;
  76501 : 1F;
  76502 : 20;
  76503 : 22;
  [76504..76505] : 21;
  [76506..76508] : 1F;
  [76509..76510] : 1E;
  [76511..76514] : 1D;
  [76515..76516] : 1C;
  [76517..76519] : 1B;
  76520 : 1C;
  [76521..76523] : 1D;
  76524 : 1F;
  [76525..76528] : 1D;
  [76529..76533] : 1E;
  [76534..76535] : 1D;
  76536 : 1E;
  [76537..76538] : 1F;
  [76539..76541] : 1E;
  [76542..76543] : 1D;
  [76544..76545] : 1E;
  [76546..76547] : 1D;
  76548 : 1E;
  76549 : 1D;
  [76550..76551] : 1C;
  76552 : 1D;
  76553 : 1E;
  76554 : 1B;
  [76555..76556] : 1A;
  [76557..76558] : 19;
  76559 : 1A;
  [76560..76561] : 1B;
  76562 : 1A;
  [76563..76564] : 1B;
  [76565..76567] : 19;
  76568 : 18;
  76569 : 17;
  76570 : 18;
  [76571..76572] : 17;
  76573 : 18;
  76574 : 17;
  [76575..76576] : 16;
  [76577..76578] : 17;
  [76579..76580] : 18;
  76581 : 17;
  [76582..76583] : 18;
  [76584..76586] : 17;
  [76587..76589] : 18;
  [76590..76591] : 19;
  [76592..76593] : 18;
  76594 : 1A;
  76595 : 19;
  76596 : 18;
  76597 : 1B;
  76598 : 19;
  76599 : 18;
  76600 : 1A;
  76601 : 1B;
  76602 : 18;
  76603 : 19;
  76604 : 1A;
  76605 : 1C;
  76606 : 1A;
  76607 : 1D;
  76608 : 1C;
  76609 : 19;
  76610 : 1C;
  [76611..76612] : 1B;
  76613 : 1E;
  76614 : 1B;
  76615 : 1C;
  76616 : 1D;
  76617 : 1C;
  76618 : 1A;
  76619 : 1B;
  76620 : 1C;
  76621 : 17;
  76622 : 18;
  76623 : 16;
  [76624..76625] : 15;
  76626 : 14;
  76627 : 16;
  76628 : 17;
  [76629..76630] : 18;
  76631 : 16;
  76632 : 15;
  76633 : 18;
  76634 : 1B;
  76635 : 1C;
  76636 : 15;
  76637 : 11;
  76638 : 10;
  76639 : 0F;
  76640 : 0E;
  76641 : 12;
  76642 : 11;
  76643 : 10;
  76644 : 0F;
  76645 : 0D;
  76646 : 0C;
  76647 : 0E;
  76648 : 0D;
  76649 : 0E;
  [76650..76654] : 0D;
  [76655..76657] : 0E;
  [76658..76659] : 0F;
  76660 : 10;
  76661 : 15;
  76662 : 12;
  76663 : 10;
  76664 : 12;
  76665 : 10;
  76666 : 0F;
  [76667..76668] : 0E;
  76669 : 10;
  76670 : 0F;
  [76671..76672] : 0D;
  76673 : 0E;
  [76674..76675] : 0F;
  76676 : 11;
  76677 : 13;
  76678 : 12;
  76679 : 15;
  76680 : 13;
  [76681..76682] : 17;
  76683 : 14;
  76684 : 15;
  76685 : 14;
  76686 : 0F;
  [76687..76688] : 11;
  76689 : 0E;
  76690 : 11;
  76691 : 12;
  76692 : 11;
  76693 : 13;
  76694 : 12;
  [76695..76696] : 11;
  76697 : 12;
  76698 : 13;
  [76699..76701] : 11;
  76702 : 12;
  76703 : 0F;
  76704 : 0E;
  76705 : 11;
  76706 : 0F;
  76707 : 0B;
  [76708..76710] : 0C;
  76711 : 0D;
  76712 : 0C;
  [76713..76714] : 0B;
  [76715..76717] : 0A;
  76718 : 0B;
  [76719..76720] : 0C;
  76721 : 0D;
  76722 : 0C;
  76723 : 0A;
  76724 : 0B;
  76725 : 0C;
  76726 : 0B;
  [76727..76737] : 0C;
  [76738..76745] : 0E;
  76746 : 0D;
  76747 : 0E;
  [76748..76750] : 0D;
  76751 : 0E;
  76752 : 0F;
  [76753..76755] : 0E;
  76756 : 0F;
  [76757..76758] : 0E;
  [76759..76762] : 0D;
  [76763..76766] : 0C;
  76767 : 0B;
  [76768..76770] : 0D;
  [76771..76772] : 0E;
  76773 : 0F;
  [76774..76776] : 0E;
  [76777..76780] : 0F;
  [76781..76782] : 0E;
  [76783..76788] : 0F;
  76789 : 10;
  [76790..76799] : 80;
END;
