WIDTH=8;
DEPTH=76800;
ADDRESS_RADIX=UNS;
DATA_RADIX=HEX;
CONTENT BEGIN
  [0..12799] : 80;
  [12800..12801] : 31;
  12802 : 32;
  [12803..12805] : 2F;
  [12806..12807] : 30;
  [12808..12809] : 2F;
  12810 : 30;
  12811 : 2E;
  [12812..12814] : 2C;
  12815 : 2B;
  12816 : 2C;
  12817 : 2B;
  12818 : 2A;
  12819 : 2B;
  12820 : 2A;
  [12821..12822] : 28;
  [12823..12824] : 27;
  [12825..12826] : 28;
  12827 : 27;
  [12828..12831] : 26;
  [12832..12833] : 23;
  [12834..12836] : 22;
  12837 : 20;
  12838 : 21;
  12839 : 20;
  12840 : 21;
  [12841..12842] : 22;
  12843 : 21;
  12844 : 1F;
  12845 : 20;
  12846 : 1F;
  12847 : 1E;
  [12848..12849] : 1C;
  [12850..12851] : 1E;
  12852 : 1F;
  12853 : 1D;
  12854 : 1E;
  [12855..12857] : 1F;
  [12858..12859] : 1D;
  [12860..12862] : 1E;
  [12863..12866] : 1F;
  12867 : 1D;
  [12868..12872] : 1F;
  12873 : 1D;
  12874 : 1E;
  [12875..12877] : 1F;
  [12878..12880] : 1E;
  12881 : 1F;
  [12882..12883] : 1E;
  12884 : 1D;
  12885 : 1C;
  [12886..12892] : 1D;
  12893 : 20;
  12894 : 1E;
  [12895..12896] : 1C;
  12897 : 1F;
  12898 : 1E;
  [12899..12901] : 1C;
  [12902..12903] : 1B;
  12904 : 1A;
  [12905..12906] : 18;
  [12907..12908] : 17;
  [12909..12910] : 18;
  [12911..12912] : 17;
  12913 : 16;
  12914 : 17;
  [12915..12916] : 18;
  12917 : 16;
  12918 : 15;
  [12919..12920] : 16;
  12921 : 15;
  [12922..12924] : 16;
  [12925..12926] : 17;
  12927 : 16;
  [12928..12929] : 15;
  [12930..12931] : 16;
  12932 : 15;
  [12933..12934] : 14;
  12935 : 16;
  [12936..12937] : 15;
  12938 : 16;
  [12939..12941] : 15;
  12942 : 14;
  12943 : 13;
  12944 : 14;
  12945 : 15;
  [12946..12947] : 16;
  12948 : 15;
  [12949..12951] : 14;
  12952 : 15;
  12953 : 13;
  12954 : 14;
  12955 : 13;
  12956 : 11;
  12957 : 12;
  12958 : 13;
  12959 : 12;
  12960 : 11;
  [12961..12962] : 13;
  12963 : 12;
  12964 : 13;
  [12965..12966] : 12;
  12967 : 11;
  [12968..12969] : 10;
  [12970..12973] : 12;
  12974 : 11;
  12975 : 10;
  12976 : 11;
  [12977..12983] : 12;
  12984 : 11;
  12985 : 10;
  [12986..12989] : 0F;
  12990 : 10;
  [12991..12992] : 11;
  [12993..12994] : 12;
  [12995..12997] : 10;
  [12998..12999] : 11;
  13000 : 12;
  13001 : 14;
  [13002..13003] : 13;
  [13004..13006] : 12;
  13007 : 11;
  [13008..13010] : 10;
  13011 : 13;
  13012 : 12;
  [13013..13014] : 13;
  13015 : 12;
  13016 : 13;
  13017 : 12;
  13018 : 14;
  [13019..13023] : 15;
  13024 : 14;
  [13025..13026] : 15;
  13027 : 14;
  [13028..13029] : 15;
  [13030..13033] : 14;
  13034 : 15;
  13035 : 16;
  [13036..13038] : 15;
  13039 : 13;
  13040 : 12;
  13041 : 13;
  [13042..13043] : 14;
  13044 : 16;
  13045 : 17;
  [13046..13047] : 18;
  [13048..13053] : 17;
  13054 : 15;
  [13055..13056] : 14;
  [13057..13059] : 16;
  [13060..13061] : 17;
  [13062..13063] : 18;
  13064 : 19;
  13065 : 18;
  13066 : 19;
  13067 : 1A;
  [13068..13071] : 19;
  [13072..13073] : 18;
  13074 : 17;
  [13075..13077] : 18;
  13078 : 17;
  13079 : 19;
  13080 : 1B;
  13081 : 1C;
  13082 : 1B;
  13083 : 19;
  [13084..13086] : 1A;
  13087 : 19;
  13088 : 16;
  13089 : 17;
  [13090..13095] : 18;
  13096 : 19;
  [13097..13099] : 1A;
  13100 : 1B;
  13101 : 1A;
  [13102..13103] : 1B;
  13104 : 1A;
  [13105..13108] : 19;
  13109 : 1A;
  [13110..13112] : 1B;
  13113 : 1A;
  [13114..13116] : 19;
  [13117..13118] : 1A;
  13119 : 1B;
  13120 : 31;
  13121 : 30;
  13122 : 32;
  13123 : 31;
  13124 : 32;
  13125 : 30;
  [13126..13127] : 31;
  [13128..13129] : 30;
  13130 : 2E;
  13131 : 2D;
  13132 : 2B;
  13133 : 29;
  13134 : 2B;
  13135 : 2A;
  [13136..13137] : 2B;
  [13138..13139] : 2C;
  13140 : 2D;
  13141 : 2B;
  13142 : 2A;
  [13143..13144] : 2B;
  13145 : 2A;
  13146 : 29;
  [13147..13148] : 28;
  [13149..13150] : 29;
  13151 : 28;
  13152 : 27;
  13153 : 28;
  13154 : 27;
  13155 : 28;
  13156 : 27;
  [13157..13158] : 25;
  13159 : 24;
  [13160..13162] : 23;
  [13163..13165] : 22;
  13166 : 21;
  [13167..13168] : 20;
  [13169..13172] : 1F;
  13173 : 20;
  13174 : 1F;
  13175 : 20;
  13176 : 21;
  13177 : 1F;
  [13178..13181] : 1E;
  13182 : 1F;
  13183 : 1E;
  [13184..13187] : 1D;
  [13188..13189] : 1E;
  [13190..13191] : 1F;
  13192 : 20;
  13193 : 21;
  [13194..13198] : 1F;
  [13199..13201] : 1E;
  [13202..13203] : 1D;
  13204 : 1E;
  [13205..13207] : 20;
  13208 : 1C;
  13209 : 1D;
  13210 : 1E;
  13211 : 1F;
  13212 : 20;
  13213 : 1F;
  [13214..13216] : 1D;
  13217 : 1E;
  13218 : 1D;
  13219 : 1E;
  13220 : 1D;
  13221 : 1B;
  [13222..13223] : 1A;
  [13224..13226] : 19;
  [13227..13230] : 1A;
  [13231..13235] : 19;
  13236 : 18;
  13237 : 16;
  [13238..13239] : 15;
  13240 : 16;
  13241 : 17;
  13242 : 16;
  13243 : 15;
  13244 : 16;
  13245 : 17;
  13246 : 16;
  [13247..13249] : 15;
  13250 : 16;
  [13251..13252] : 15;
  [13253..13254] : 14;
  13255 : 16;
  13256 : 15;
  13257 : 17;
  [13258..13259] : 16;
  13260 : 15;
  13261 : 16;
  [13262..13263] : 15;
  13264 : 16;
  13265 : 17;
  [13266..13267] : 18;
  13268 : 17;
  13269 : 16;
  13270 : 17;
  [13271..13273] : 15;
  13274 : 16;
  [13275..13276] : 15;
  13277 : 16;
  13278 : 15;
  13279 : 14;
  [13280..13283] : 13;
  [13284..13285] : 12;
  13286 : 11;
  13287 : 10;
  13288 : 11;
  [13289..13291] : 12;
  [13292..13293] : 11;
  13294 : 12;
  [13295..13296] : 11;
  [13297..13298] : 12;
  13299 : 13;
  13300 : 14;
  [13301..13302] : 13;
  13303 : 12;
  [13304..13305] : 11;
  13306 : 10;
  [13307..13310] : 0F;
  13311 : 11;
  [13312..13315] : 12;
  13316 : 13;
  [13317..13318] : 12;
  13319 : 13;
  13320 : 14;
  13321 : 16;
  13322 : 15;
  13323 : 16;
  13324 : 14;
  13325 : 15;
  13326 : 14;
  13327 : 13;
  [13328..13330] : 12;
  13331 : 13;
  13332 : 12;
  13333 : 13;
  [13334..13338] : 12;
  13339 : 13;
  [13340..13341] : 15;
  [13342..13343] : 16;
  13344 : 15;
  13345 : 14;
  13346 : 15;
  [13347..13348] : 14;
  13349 : 15;
  [13350..13351] : 16;
  13352 : 15;
  [13353..13355] : 14;
  13356 : 15;
  13357 : 16;
  [13358..13359] : 15;
  [13360..13361] : 13;
  13362 : 14;
  13363 : 15;
  [13364..13367] : 17;
  [13368..13371] : 18;
  [13372..13374] : 17;
  13375 : 16;
  [13376..13377] : 15;
  [13378..13379] : 17;
  [13380..13382] : 18;
  13383 : 19;
  [13384..13386] : 1A;
  13387 : 1B;
  13388 : 1A;
  [13389..13390] : 1B;
  13391 : 1A;
  [13392..13393] : 1B;
  13394 : 19;
  13395 : 18;
  [13396..13397] : 19;
  [13398..13402] : 1A;
  [13403..13406] : 19;
  13407 : 18;
  [13408..13409] : 16;
  13410 : 17;
  [13411..13414] : 18;
  [13415..13416] : 19;
  [13417..13418] : 1A;
  13419 : 1C;
  [13420..13421] : 1B;
  13422 : 1A;
  [13423..13425] : 1B;
  [13426..13427] : 1A;
  13428 : 1B;
  13429 : 1C;
  [13430..13432] : 1E;
  [13433..13436] : 1D;
  [13437..13439] : 1C;
  13440 : 31;
  13441 : 30;
  [13442..13444] : 2F;
  13445 : 2D;
  13446 : 2E;
  13447 : 2C;
  13448 : 2D;
  13449 : 2B;
  [13450..13451] : 2C;
  13452 : 2B;
  13453 : 2A;
  [13454..13456] : 2B;
  [13457..13458] : 2A;
  13459 : 29;
  13460 : 2A;
  13461 : 29;
  13462 : 28;
  [13463..13464] : 29;
  13465 : 28;
  [13466..13467] : 27;
  13468 : 28;
  [13469..13472] : 29;
  [13473..13475] : 28;
  13476 : 27;
  [13477..13478] : 29;
  13479 : 26;
  13480 : 27;
  13481 : 28;
  13482 : 25;
  13483 : 24;
  13484 : 23;
  13485 : 21;
  [13486..13488] : 23;
  13489 : 22;
  13490 : 23;
  [13491..13492] : 21;
  [13493..13494] : 20;
  [13495..13496] : 22;
  13497 : 23;
  [13498..13499] : 21;
  13500 : 20;
  [13501..13509] : 21;
  13510 : 20;
  [13511..13513] : 21;
  13514 : 22;
  13515 : 20;
  13516 : 1F;
  13517 : 1E;
  13518 : 20;
  13519 : 21;
  13520 : 22;
  13521 : 20;
  [13522..13523] : 1E;
  [13524..13526] : 1F;
  13527 : 1E;
  [13528..13530] : 1D;
  13531 : 1E;
  13532 : 1C;
  13533 : 1A;
  [13534..13539] : 1B;
  [13540..13541] : 1C;
  13542 : 1D;
  13543 : 1C;
  [13544..13547] : 1D;
  13548 : 1C;
  [13549..13550] : 1B;
  [13551..13553] : 19;
  13554 : 1B;
  13555 : 1A;
  13556 : 1B;
  [13557..13559] : 1A;
  13560 : 18;
  [13561..13562] : 19;
  [13563..13564] : 18;
  13565 : 16;
  13566 : 17;
  13567 : 16;
  [13568..13569] : 15;
  13570 : 16;
  [13571..13576] : 15;
  [13577..13580] : 16;
  13581 : 15;
  [13582..13583] : 14;
  [13584..13586] : 16;
  13587 : 15;
  [13588..13590] : 14;
  [13591..13593] : 13;
  [13594..13595] : 14;
  [13596..13598] : 15;
  13599 : 13;
  [13600..13601] : 14;
  [13602..13605] : 13;
  13606 : 14;
  [13607..13609] : 13;
  [13610..13611] : 12;
  [13612..13615] : 13;
  13616 : 12;
  13617 : 14;
  [13618..13620] : 13;
  [13621..13622] : 12;
  13623 : 11;
  [13624..13626] : 12;
  [13627..13628] : 11;
  [13629..13631] : 12;
  13632 : 13;
  [13633..13638] : 12;
  [13639..13640] : 11;
  [13641..13642] : 12;
  [13643..13645] : 13;
  [13646..13649] : 12;
  13650 : 13;
  [13651..13653] : 14;
  [13654..13659] : 13;
  [13660..13663] : 15;
  [13664..13666] : 14;
  [13667..13668] : 15;
  13669 : 16;
  [13670..13675] : 15;
  [13676..13677] : 16;
  [13678..13679] : 15;
  [13680..13681] : 14;
  13682 : 13;
  13683 : 14;
  13684 : 15;
  13685 : 16;
  [13686..13689] : 17;
  [13690..13691] : 16;
  13692 : 17;
  [13693..13695] : 16;
  13696 : 15;
  [13697..13700] : 16;
  13701 : 17;
  [13702..13703] : 16;
  [13704..13706] : 18;
  [13707..13709] : 17;
  13710 : 18;
  [13711..13712] : 19;
  13713 : 18;
  [13714..13715] : 19;
  13716 : 18;
  [13717..13718] : 19;
  13719 : 1A;
  13720 : 1B;
  [13721..13722] : 1A;
  [13723..13724] : 19;
  [13725..13727] : 18;
  [13728..13730] : 17;
  [13731..13733] : 18;
  [13734..13735] : 1A;
  13736 : 1B;
  13737 : 1D;
  [13738..13739] : 1C;
  [13740..13742] : 1D;
  [13743..13744] : 1E;
  13745 : 1D;
  [13746..13747] : 1C;
  13748 : 1E;
  [13749..13750] : 1D;
  [13751..13752] : 1C;
  [13753..13754] : 1B;
  13755 : 1C;
  [13756..13758] : 1B;
  13759 : 1A;
  [13760..13761] : 31;
  [13762..13763] : 2F;
  [13764..13765] : 2E;
  [13766..13767] : 2D;
  [13768..13769] : 2C;
  13770 : 2E;
  13771 : 30;
  13772 : 2E;
  [13773..13774] : 2C;
  13775 : 2B;
  [13776..13777] : 2A;
  [13778..13780] : 29;
  13781 : 28;
  [13782..13783] : 27;
  [13784..13788] : 28;
  13789 : 27;
  13790 : 26;
  13791 : 25;
  [13792..13793] : 24;
  13794 : 23;
  [13795..13797] : 24;
  13798 : 23;
  [13799..13801] : 22;
  13802 : 20;
  13803 : 21;
  [13804..13805] : 22;
  13806 : 23;
  [13807..13808] : 21;
  13809 : 22;
  [13810..13811] : 23;
  [13812..13813] : 21;
  13814 : 1F;
  [13815..13816] : 21;
  13817 : 23;
  13818 : 22;
  13819 : 21;
  13820 : 1F;
  13821 : 20;
  [13822..13823] : 1F;
  13824 : 1E;
  13825 : 1F;
  13826 : 1E;
  13827 : 1F;
  13828 : 1E;
  13829 : 1F;
  13830 : 1E;
  [13831..13833] : 1F;
  13834 : 20;
  [13835..13839] : 1F;
  [13840..13841] : 20;
  [13842..13843] : 1F;
  13844 : 1E;
  [13845..13846] : 1D;
  [13847..13848] : 1E;
  13849 : 1D;
  13850 : 1E;
  13851 : 1F;
  [13852..13854] : 1E;
  [13855..13856] : 1D;
  13857 : 1B;
  13858 : 1A;
  13859 : 1C;
  [13860..13861] : 1D;
  13862 : 1C;
  13863 : 1D;
  [13864..13865] : 1C;
  13866 : 1B;
  [13867..13873] : 1A;
  13874 : 19;
  13875 : 18;
  13876 : 19;
  13877 : 18;
  13878 : 17;
  [13879..13880] : 16;
  [13881..13885] : 15;
  13886 : 16;
  [13887..13890] : 15;
  13891 : 16;
  13892 : 15;
  [13893..13896] : 14;
  13897 : 15;
  13898 : 14;
  [13899..13908] : 15;
  [13909..13910] : 16;
  [13911..13912] : 15;
  13913 : 16;
  13914 : 17;
  [13915..13920] : 16;
  [13921..13922] : 15;
  13923 : 14;
  [13924..13926] : 13;
  [13927..13928] : 12;
  [13929..13930] : 11;
  13931 : 12;
  [13932..13933] : 13;
  13934 : 12;
  [13935..13938] : 13;
  [13939..13940] : 12;
  13941 : 11;
  13942 : 12;
  [13943..13944] : 11;
  [13945..13948] : 10;
  13949 : 12;
  [13950..13957] : 11;
  [13958..13961] : 12;
  13962 : 11;
  [13963..13969] : 13;
  [13970..13971] : 14;
  [13972..13973] : 15;
  [13974..13975] : 14;
  [13976..13977] : 13;
  13978 : 14;
  13979 : 13;
  [13980..13981] : 14;
  13982 : 15;
  13983 : 14;
  13984 : 15;
  13985 : 14;
  [13986..13987] : 15;
  13988 : 16;
  [13989..13992] : 15;
  [13993..13995] : 16;
  [13996..13997] : 17;
  [13998..14001] : 16;
  [14002..14003] : 15;
  14004 : 16;
  [14005..14006] : 17;
  [14007..14008] : 18;
  14009 : 19;
  14010 : 18;
  14011 : 19;
  [14012..14014] : 18;
  [14015..14018] : 17;
  14019 : 18;
  14020 : 17;
  14021 : 18;
  14022 : 17;
  14023 : 18;
  14024 : 1A;
  [14025..14026] : 19;
  14027 : 18;
  14028 : 1A;
  14029 : 19;
  14030 : 1A;
  14031 : 1B;
  14032 : 1C;
  [14033..14036] : 1A;
  [14037..14042] : 1B;
  [14043..14044] : 1A;
  [14045..14046] : 1B;
  [14047..14048] : 1A;
  14049 : 19;
  14050 : 1A;
  14051 : 1B;
  [14052..14053] : 1A;
  14054 : 1B;
  [14055..14056] : 1C;
  14057 : 1B;
  [14058..14060] : 1C;
  14061 : 1B;
  14062 : 1A;
  [14063..14064] : 1C;
  [14065..14067] : 1D;
  [14068..14069] : 1F;
  14070 : 1E;
  14071 : 1D;
  14072 : 1E;
  14073 : 20;
  14074 : 1F;
  [14075..14076] : 1E;
  [14077..14078] : 1F;
  14079 : 1E;
  14080 : 32;
  [14081..14082] : 30;
  14083 : 2E;
  [14084..14085] : 2F;
  14086 : 2E;
  14087 : 2F;
  14088 : 30;
  14089 : 2F;
  14090 : 2D;
  [14091..14092] : 2E;
  [14093..14094] : 2D;
  [14095..14096] : 2B;
  [14097..14098] : 2C;
  14099 : 2D;
  14100 : 2C;
  14101 : 2B;
  14102 : 2A;
  [14103..14104] : 2B;
  14105 : 2C;
  14106 : 2A;
  14107 : 2C;
  14108 : 2B;
  [14109..14113] : 2A;
  [14114..14115] : 29;
  14116 : 28;
  [14117..14118] : 26;
  14119 : 25;
  [14120..14121] : 24;
  [14122..14123] : 25;
  14124 : 26;
  [14125..14126] : 27;
  14127 : 24;
  14128 : 23;
  [14129..14131] : 22;
  14132 : 23;
  14133 : 21;
  [14134..14135] : 22;
  14136 : 21;
  14137 : 22;
  [14138..14139] : 21;
  14140 : 1F;
  [14141..14142] : 20;
  14143 : 21;
  14144 : 22;
  14145 : 23;
  14146 : 21;
  [14147..14148] : 20;
  14149 : 1F;
  [14150..14155] : 1D;
  [14156..14157] : 1E;
  [14158..14159] : 1D;
  14160 : 1C;
  14161 : 1B;
  14162 : 1A;
  [14163..14166] : 1B;
  [14167..14170] : 1D;
  14171 : 1E;
  [14172..14173] : 1D;
  14174 : 1B;
  14175 : 1C;
  [14176..14179] : 1B;
  14180 : 1C;
  [14181..14186] : 1D;
  [14187..14188] : 1C;
  14189 : 1D;
  14190 : 1C;
  [14191..14192] : 1D;
  14193 : 1C;
  [14194..14195] : 1B;
  [14196..14197] : 1A;
  14198 : 1C;
  14199 : 1A;
  [14200..14201] : 19;
  [14202..14204] : 17;
  14205 : 16;
  14206 : 17;
  14207 : 16;
  [14208..14211] : 17;
  14212 : 16;
  14213 : 17;
  14214 : 16;
  14215 : 17;
  [14216..14217] : 16;
  [14218..14226] : 15;
  [14227..14231] : 14;
  [14232..14234] : 13;
  14235 : 12;
  14236 : 13;
  14237 : 14;
  [14238..14239] : 15;
  [14240..14241] : 14;
  14242 : 15;
  [14243..14249] : 13;
  [14250..14253] : 12;
  [14254..14256] : 13;
  14257 : 11;
  [14258..14261] : 13;
  [14262..14263] : 12;
  14264 : 11;
  14265 : 10;
  [14266..14267] : 0F;
  14268 : 10;
  [14269..14273] : 12;
  [14274..14276] : 11;
  14277 : 12;
  14278 : 13;
  14279 : 12;
  [14280..14281] : 11;
  [14282..14285] : 12;
  [14286..14287] : 13;
  14288 : 12;
  [14289..14293] : 14;
  [14294..14299] : 13;
  [14300..14301] : 14;
  [14302..14305] : 15;
  14306 : 16;
  14307 : 15;
  14308 : 16;
  [14309..14310] : 15;
  [14311..14316] : 16;
  14317 : 17;
  [14318..14319] : 16;
  [14320..14322] : 15;
  14323 : 14;
  [14324..14325] : 15;
  [14326..14327] : 16;
  [14328..14330] : 17;
  [14331..14332] : 16;
  14333 : 17;
  14334 : 18;
  14335 : 16;
  [14336..14338] : 17;
  [14339..14341] : 18;
  14342 : 17;
  [14343..14345] : 18;
  [14346..14347] : 17;
  14348 : 18;
  14349 : 17;
  [14350..14352] : 18;
  14353 : 19;
  14354 : 18;
  [14355..14357] : 19;
  [14358..14359] : 1A;
  [14360..14361] : 19;
  14362 : 18;
  14363 : 19;
  14364 : 1A;
  [14365..14368] : 1B;
  [14369..14370] : 19;
  [14371..14373] : 1B;
  14374 : 1C;
  14375 : 1D;
  14376 : 1C;
  [14377..14378] : 1B;
  14379 : 1A;
  [14380..14381] : 19;
  14382 : 1A;
  [14383..14386] : 1B;
  14387 : 1A;
  [14388..14389] : 1C;
  14390 : 1D;
  [14391..14392] : 1C;
  14393 : 1D;
  14394 : 1E;
  [14395..14396] : 1D;
  [14397..14399] : 1E;
  14400 : 30;
  [14401..14402] : 2F;
  [14403..14405] : 2E;
  [14406..14407] : 2C;
  14408 : 2F;
  14409 : 30;
  14410 : 2E;
  [14411..14412] : 2C;
  14413 : 2B;
  14414 : 2A;
  [14415..14417] : 2B;
  [14418..14419] : 2C;
  14420 : 2E;
  [14421..14424] : 2D;
  [14425..14426] : 2B;
  14427 : 29;
  14428 : 2A;
  [14429..14432] : 2B;
  14433 : 2A;
  [14434..14436] : 2B;
  [14437..14438] : 29;
  [14439..14440] : 28;
  14441 : 27;
  [14442..14446] : 28;
  14447 : 27;
  14448 : 26;
  14449 : 27;
  [14450..14451] : 25;
  14452 : 24;
  14453 : 25;
  [14454..14455] : 24;
  [14456..14457] : 25;
  14458 : 24;
  [14459..14461] : 23;
  14462 : 22;
  14463 : 23;
  [14464..14465] : 24;
  14466 : 23;
  [14467..14468] : 24;
  [14469..14471] : 21;
  14472 : 20;
  [14473..14474] : 1F;
  14475 : 20;
  [14476..14478] : 1F;
  14479 : 1E;
  [14480..14481] : 1D;
  [14482..14483] : 1C;
  [14484..14486] : 1D;
  14487 : 1E;
  [14488..14489] : 1D;
  14490 : 1C;
  14491 : 1D;
  [14492..14493] : 1C;
  14494 : 1B;
  [14495..14496] : 1C;
  14497 : 1A;
  [14498..14499] : 1B;
  14500 : 1A;
  14501 : 19;
  [14502..14504] : 18;
  14505 : 19;
  14506 : 1A;
  [14507..14511] : 19;
  14512 : 18;
  [14513..14515] : 19;
  [14516..14517] : 18;
  [14518..14520] : 17;
  [14521..14522] : 18;
  14523 : 17;
  [14524..14528] : 16;
  14529 : 17;
  [14530..14531] : 16;
  [14532..14533] : 17;
  [14534..14536] : 18;
  14537 : 19;
  14538 : 18;
  [14539..14540] : 17;
  14541 : 18;
  [14542..14543] : 16;
  14544 : 17;
  14545 : 16;
  [14546..14547] : 15;
  [14548..14550] : 16;
  14551 : 15;
  14552 : 14;
  14553 : 13;
  14554 : 12;
  [14555..14556] : 13;
  14557 : 14;
  [14558..14564] : 13;
  [14565..14566] : 12;
  14567 : 11;
  [14568..14569] : 10;
  [14570..14572] : 11;
  14573 : 12;
  14574 : 13;
  [14575..14577] : 14;
  [14578..14582] : 13;
  14583 : 14;
  [14584..14590] : 13;
  14591 : 14;
  [14592..14593] : 15;
  [14594..14598] : 14;
  14599 : 13;
  [14600..14601] : 12;
  [14602..14603] : 13;
  [14604..14606] : 14;
  14607 : 12;
  [14608..14609] : 13;
  [14610..14611] : 14;
  [14612..14613] : 15;
  [14614..14615] : 13;
  [14616..14619] : 14;
  14620 : 15;
  [14621..14622] : 16;
  [14623..14624] : 15;
  [14625..14626] : 16;
  [14627..14630] : 15;
  [14631..14633] : 16;
  14634 : 17;
  [14635..14639] : 16;
  14640 : 15;
  [14641..14645] : 16;
  [14646..14654] : 17;
  [14655..14656] : 18;
  [14657..14658] : 17;
  14659 : 18;
  [14660..14661] : 17;
  14662 : 18;
  [14663..14664] : 19;
  14665 : 17;
  14666 : 15;
  14667 : 16;
  14668 : 17;
  [14669..14670] : 18;
  [14671..14673] : 19;
  14674 : 18;
  14675 : 19;
  14676 : 18;
  [14677..14689] : 19;
  14690 : 18;
  [14691..14694] : 1A;
  14695 : 1B;
  [14696..14700] : 1A;
  [14701..14706] : 19;
  [14707..14709] : 1A;
  14710 : 1B;
  [14711..14712] : 1A;
  14713 : 19;
  14714 : 1A;
  14715 : 19;
  14716 : 1A;
  [14717..14718] : 1B;
  14719 : 1A;
  14720 : 31;
  14721 : 30;
  14722 : 2F;
  14723 : 2D;
  14724 : 2F;
  14725 : 30;
  [14726..14728] : 2D;
  14729 : 2C;
  14730 : 2B;
  14731 : 2C;
  14732 : 2B;
  14733 : 2C;
  14734 : 2B;
  14735 : 29;
  [14736..14737] : 2A;
  [14738..14739] : 2C;
  14740 : 2E;
  14741 : 2B;
  [14742..14743] : 2C;
  14744 : 2B;
  14745 : 2A;
  [14746..14747] : 2B;
  [14748..14749] : 2A;
  14750 : 2B;
  14751 : 29;
  14752 : 27;
  14753 : 28;
  14754 : 27;
  [14755..14756] : 26;
  [14757..14761] : 27;
  [14762..14764] : 26;
  [14765..14767] : 24;
  14768 : 23;
  14769 : 24;
  14770 : 26;
  [14771..14772] : 25;
  [14773..14775] : 24;
  14776 : 26;
  14777 : 25;
  14778 : 24;
  14779 : 23;
  14780 : 25;
  14781 : 23;
  14782 : 22;
  14783 : 23;
  [14784..14785] : 24;
  [14786..14787] : 22;
  [14788..14789] : 21;
  14790 : 22;
  [14791..14792] : 21;
  14793 : 20;
  [14794..14797] : 1E;
  14798 : 1D;
  14799 : 1C;
  14800 : 1E;
  14801 : 1D;
  14802 : 1C;
  [14803..14804] : 1D;
  [14805..14806] : 1E;
  [14807..14809] : 1F;
  14810 : 1E;
  14811 : 1D;
  14812 : 1F;
  [14813..14816] : 1E;
  14817 : 1F;
  [14818..14819] : 1C;
  14820 : 1A;
  14821 : 1B;
  [14822..14824] : 1A;
  [14825..14828] : 1B;
  [14829..14830] : 1C;
  [14831..14833] : 1B;
  [14834..14835] : 1A;
  [14836..14837] : 18;
  [14838..14839] : 19;
  14840 : 1A;
  [14841..14842] : 19;
  [14843..14845] : 18;
  [14846..14847] : 17;
  14848 : 16;
  14849 : 17;
  14850 : 16;
  [14851..14856] : 18;
  14857 : 17;
  [14858..14859] : 16;
  14860 : 18;
  14861 : 17;
  [14862..14864] : 16;
  14865 : 15;
  14866 : 16;
  14867 : 17;
  [14868..14870] : 18;
  14871 : 17;
  [14872..14874] : 16;
  [14875..14878] : 15;
  14879 : 16;
  [14880..14881] : 15;
  [14882..14884] : 14;
  [14885..14886] : 13;
  14887 : 12;
  [14888..14890] : 11;
  14891 : 12;
  14892 : 13;
  14893 : 14;
  14894 : 13;
  [14895..14898] : 14;
  [14899..14900] : 13;
  14901 : 12;
  14902 : 13;
  14903 : 14;
  [14904..14905] : 13;
  14906 : 14;
  14907 : 13;
  [14908..14909] : 14;
  14910 : 15;
  14911 : 14;
  [14912..14913] : 15;
  14914 : 13;
  14915 : 14;
  [14916..14917] : 13;
  14918 : 14;
  [14919..14920] : 13;
  14921 : 14;
  14922 : 13;
  [14923..14926] : 14;
  [14927..14928] : 13;
  [14929..14930] : 14;
  14931 : 15;
  [14932..14935] : 14;
  14936 : 13;
  [14937..14938] : 14;
  [14939..14950] : 15;
  14951 : 16;
  14952 : 15;
  14953 : 16;
  [14954..14955] : 17;
  14956 : 16;
  [14957..14959] : 15;
  [14960..14962] : 16;
  [14963..14971] : 17;
  14972 : 16;
  14973 : 17;
  [14974..14975] : 16;
  [14976..14978] : 17;
  [14979..14981] : 18;
  14982 : 19;
  [14983..14984] : 1A;
  14985 : 18;
  14986 : 19;
  14987 : 1A;
  [14988..14989] : 19;
  14990 : 1B;
  14991 : 19;
  14992 : 1B;
  14993 : 1A;
  [14994..14997] : 19;
  [14998..14999] : 1A;
  15000 : 1B;
  15001 : 1A;
  15002 : 1B;
  [15003..15004] : 1A;
  15005 : 1B;
  [15006..15007] : 1A;
  15008 : 19;
  15009 : 1B;
  15010 : 1A;
  15011 : 1C;
  [15012..15019] : 1A;
  [15020..15022] : 19;
  [15023..15024] : 1A;
  15025 : 1B;
  15026 : 1C;
  [15027..15031] : 1B;
  15032 : 1D;
  [15033..15036] : 1C;
  15037 : 1D;
  15038 : 1E;
  15039 : 1D;
  15040 : 33;
  15041 : 32;
  15042 : 31;
  [15043..15044] : 30;
  15045 : 2F;
  [15046..15047] : 2E;
  15048 : 2D;
  15049 : 2C;
  15050 : 2B;
  15051 : 2C;
  15052 : 2D;
  15053 : 2B;
  15054 : 2A;
  15055 : 2B;
  [15056..15057] : 2A;
  [15058..15061] : 29;
  [15062..15068] : 28;
  [15069..15070] : 26;
  15071 : 25;
  [15072..15075] : 24;
  15076 : 23;
  15077 : 24;
  15078 : 23;
  [15079..15080] : 24;
  15081 : 23;
  [15082..15086] : 21;
  15087 : 20;
  15088 : 1F;
  [15089..15090] : 20;
  [15091..15092] : 21;
  15093 : 20;
  15094 : 1F;
  [15095..15096] : 1E;
  15097 : 20;
  15098 : 22;
  [15099..15101] : 21;
  15102 : 20;
  15103 : 21;
  [15104..15105] : 1F;
  [15106..15107] : 1E;
  15108 : 1F;
  [15109..15111] : 1E;
  15112 : 20;
  15113 : 1F;
  [15114..15115] : 21;
  [15116..15119] : 1E;
  [15120..15121] : 1F;
  15122 : 20;
  15123 : 1F;
  15124 : 1E;
  15125 : 1C;
  15126 : 1E;
  [15127..15129] : 1C;
  [15130..15132] : 1D;
  [15133..15134] : 1C;
  15135 : 1B;
  15136 : 1C;
  [15137..15138] : 1B;
  [15139..15140] : 1C;
  15141 : 1B;
  [15142..15144] : 1A;
  [15145..15146] : 19;
  15147 : 1A;
  [15148..15149] : 19;
  [15150..15151] : 1B;
  15152 : 1A;
  [15153..15157] : 18;
  [15158..15160] : 17;
  [15161..15162] : 18;
  [15163..15165] : 16;
  15166 : 17;
  [15167..15168] : 16;
  15169 : 15;
  15170 : 16;
  [15171..15172] : 15;
  15173 : 16;
  15174 : 15;
  15175 : 16;
  [15176..15178] : 15;
  [15179..15180] : 14;
  15181 : 13;
  15182 : 14;
  [15183..15187] : 13;
  [15188..15195] : 14;
  [15196..15197] : 13;
  [15198..15199] : 14;
  15200 : 12;
  [15201..15202] : 13;
  15203 : 12;
  [15204..15207] : 10;
  15208 : 0F;
  15209 : 0E;
  15210 : 0F;
  15211 : 11;
  [15212..15214] : 13;
  15215 : 14;
  15216 : 13;
  [15217..15218] : 12;
  15219 : 13;
  [15220..15224] : 12;
  [15225..15226] : 13;
  15227 : 12;
  [15228..15229] : 13;
  15230 : 14;
  15231 : 13;
  15232 : 11;
  15233 : 10;
  [15234..15235] : 0F;
  15236 : 10;
  [15237..15239] : 11;
  15240 : 12;
  15241 : 13;
  15242 : 12;
  15243 : 14;
  [15244..15245] : 15;
  15246 : 13;
  [15247..15250] : 12;
  [15251..15252] : 14;
  [15253..15256] : 13;
  [15257..15259] : 14;
  [15260..15261] : 15;
  [15262..15263] : 14;
  [15264..15265] : 15;
  [15266..15268] : 14;
  [15269..15270] : 13;
  15271 : 14;
  15272 : 13;
  [15273..15275] : 14;
  15276 : 15;
  15277 : 14;
  [15278..15280] : 15;
  [15281..15282] : 16;
  [15283..15284] : 15;
  15285 : 17;
  15286 : 16;
  15287 : 17;
  [15288..15292] : 18;
  15293 : 16;
  [15294..15295] : 18;
  [15296..15298] : 17;
  15299 : 16;
  [15300..15301] : 17;
  [15302..15303] : 18;
  [15304..15305] : 17;
  15306 : 18;
  15307 : 19;
  [15308..15317] : 18;
  [15318..15319] : 19;
  15320 : 1A;
  15321 : 19;
  [15322..15324] : 1A;
  [15325..15326] : 18;
  15327 : 19;
  [15328..15332] : 18;
  15333 : 17;
  15334 : 18;
  [15335..15341] : 17;
  15342 : 18;
  [15343..15344] : 19;
  [15345..15347] : 1A;
  [15348..15350] : 19;
  15351 : 1A;
  15352 : 19;
  15353 : 1A;
  [15354..15356] : 19;
  [15357..15358] : 1A;
  15359 : 1B;
  15360 : 34;
  15361 : 32;
  [15362..15363] : 33;
  15364 : 30;
  15365 : 2E;
  15366 : 2D;
  15367 : 2E;
  15368 : 2D;
  [15369..15372] : 2C;
  15373 : 2D;
  [15374..15375] : 2B;
  15376 : 2A;
  15377 : 28;
  [15378..15380] : 29;
  15381 : 2A;
  15382 : 29;
  15383 : 28;
  15384 : 29;
  [15385..15386] : 28;
  15387 : 27;
  [15388..15391] : 26;
  15392 : 25;
  15393 : 26;
  15394 : 25;
  [15395..15398] : 23;
  15399 : 22;
  [15400..15401] : 23;
  15402 : 21;
  [15403..15404] : 22;
  [15405..15408] : 20;
  [15409..15411] : 21;
  [15412..15413] : 20;
  15414 : 1F;
  15415 : 20;
  15416 : 1F;
  [15417..15418] : 20;
  [15419..15420] : 1F;
  15421 : 1E;
  15422 : 1D;
  [15423..15426] : 1E;
  [15427..15430] : 1D;
  15431 : 1E;
  [15432..15435] : 1D;
  15436 : 1E;
  15437 : 1F;
  [15438..15440] : 1E;
  [15441..15442] : 1D;
  15443 : 1C;
  [15444..15445] : 1D;
  15446 : 1C;
  [15447..15448] : 1D;
  15449 : 1E;
  15450 : 1D;
  [15451..15452] : 1C;
  15453 : 1B;
  15454 : 1A;
  [15455..15457] : 1B;
  [15458..15461] : 1C;
  [15462..15463] : 19;
  15464 : 1A;
  15465 : 1C;
  [15466..15467] : 1B;
  15468 : 1A;
  15469 : 18;
  [15470..15471] : 19;
  15472 : 1B;
  15473 : 19;
  [15474..15475] : 17;
  15476 : 18;
  [15477..15478] : 19;
  [15479..15480] : 1B;
  15481 : 1A;
  [15482..15487] : 18;
  [15488..15490] : 17;
  15491 : 16;
  [15492..15494] : 15;
  15495 : 14;
  [15496..15497] : 16;
  [15498..15500] : 17;
  15501 : 18;
  15502 : 17;
  15503 : 16;
  [15504..15505] : 15;
  15506 : 14;
  [15507..15509] : 13;
  [15510..15511] : 15;
  [15512..15517] : 14;
  [15518..15519] : 15;
  15520 : 14;
  [15521..15524] : 13;
  [15525..15526] : 11;
  [15527..15528] : 12;
  15529 : 14;
  15530 : 12;
  15531 : 11;
  [15532..15535] : 13;
  [15536..15537] : 14;
  15538 : 15;
  15539 : 14;
  15540 : 15;
  [15541..15542] : 13;
  15543 : 14;
  15544 : 13;
  [15545..15546] : 12;
  15547 : 11;
  [15548..15549] : 12;
  [15550..15552] : 13;
  [15553..15554] : 12;
  15555 : 11;
  [15556..15559] : 12;
  15560 : 14;
  [15561..15568] : 13;
  [15569..15573] : 14;
  [15574..15575] : 15;
  [15576..15579] : 14;
  15580 : 15;
  15581 : 14;
  [15582..15583] : 13;
  [15584..15587] : 15;
  [15588..15590] : 14;
  [15591..15597] : 15;
  15598 : 16;
  15599 : 17;
  [15600..15602] : 16;
  15603 : 14;
  15604 : 15;
  [15605..15606] : 16;
  [15607..15608] : 17;
  [15609..15611] : 18;
  [15612..15615] : 17;
  15616 : 16;
  [15617..15618] : 18;
  [15619..15620] : 17;
  [15621..15622] : 18;
  [15623..15624] : 19;
  [15625..15627] : 18;
  15628 : 19;
  15629 : 1A;
  15630 : 1B;
  15631 : 19;
  15632 : 18;
  [15633..15635] : 17;
  [15636..15638] : 18;
  [15639..15641] : 19;
  15642 : 18;
  [15643..15644] : 17;
  [15645..15656] : 18;
  15657 : 17;
  [15658..15662] : 18;
  [15663..15664] : 19;
  [15665..15668] : 1A;
  [15669..15670] : 1B;
  [15671..15672] : 1A;
  15673 : 1B;
  15674 : 19;
  15675 : 1A;
  [15676..15677] : 1B;
  15678 : 1A;
  15679 : 1C;
  15680 : 35;
  15681 : 33;
  15682 : 32;
  [15683..15684] : 31;
  15685 : 2E;
  15686 : 30;
  15687 : 2F;
  [15688..15692] : 2E;
  15693 : 2D;
  15694 : 2E;
  15695 : 2D;
  [15696..15699] : 2B;
  [15700..15701] : 2C;
  15702 : 2B;
  15703 : 2A;
  15704 : 28;
  [15705..15708] : 29;
  15709 : 2A;
  [15710..15711] : 29;
  [15712..15714] : 28;
  15715 : 26;
  15716 : 25;
  15717 : 26;
  15718 : 25;
  [15719..15720] : 24;
  [15721..15724] : 22;
  15725 : 21;
  15726 : 22;
  15727 : 23;
  15728 : 24;
  15729 : 26;
  15730 : 24;
  15731 : 23;
  [15732..15734] : 22;
  15735 : 24;
  [15736..15737] : 23;
  [15738..15739] : 22;
  [15740..15741] : 23;
  [15742..15743] : 24;
  [15744..15745] : 21;
  15746 : 1F;
  15747 : 1E;
  [15748..15750] : 20;
  15751 : 21;
  15752 : 1F;
  15753 : 21;
  15754 : 1F;
  15755 : 1E;
  15756 : 20;
  15757 : 1F;
  15758 : 20;
  15759 : 1F;
  [15760..15761] : 1E;
  [15762..15764] : 1D;
  15765 : 1F;
  15766 : 20;
  15767 : 21;
  15768 : 20;
  [15769..15770] : 1F;
  [15771..15772] : 1E;
  15773 : 1C;
  [15774..15775] : 1D;
  15776 : 1E;
  15777 : 1D;
  15778 : 1E;
  15779 : 1D;
  15780 : 1C;
  15781 : 1D;
  15782 : 1F;
  15783 : 1E;
  15784 : 1D;
  [15785..15786] : 1C;
  15787 : 1B;
  [15788..15789] : 1C;
  [15790..15791] : 1A;
  15792 : 1B;
  [15793..15795] : 1A;
  [15796..15797] : 1C;
  15798 : 1B;
  [15799..15800] : 1C;
  15801 : 1B;
  15802 : 1A;
  [15803..15804] : 19;
  15805 : 18;
  15806 : 17;
  15807 : 18;
  [15808..15812] : 17;
  [15813..15814] : 18;
  15815 : 17;
  [15816..15817] : 18;
  15818 : 17;
  15819 : 19;
  15820 : 18;
  15821 : 19;
  [15822..15823] : 18;
  [15824..15826] : 17;
  15827 : 16;
  15828 : 17;
  [15829..15830] : 16;
  15831 : 17;
  15832 : 16;
  15833 : 15;
  15834 : 16;
  [15835..15836] : 15;
  [15837..15838] : 16;
  [15839..15840] : 15;
  15841 : 16;
  15842 : 14;
  [15843..15844] : 13;
  15845 : 14;
  [15846..15847] : 15;
  [15848..15851] : 14;
  [15852..15853] : 13;
  15854 : 14;
  15855 : 13;
  15856 : 14;
  15857 : 16;
  [15858..15859] : 17;
  [15860..15861] : 15;
  [15862..15863] : 14;
  [15864..15867] : 13;
  15868 : 14;
  15869 : 13;
  [15870..15871] : 15;
  15872 : 14;
  15873 : 13;
  [15874..15875] : 14;
  15876 : 13;
  15877 : 15;
  15878 : 14;
  [15879..15880] : 15;
  15881 : 16;
  15882 : 15;
  15883 : 16;
  [15884..15887] : 14;
  [15888..15889] : 13;
  [15890..15892] : 15;
  [15893..15894] : 14;
  [15895..15897] : 15;
  [15898..15899] : 14;
  [15900..15902] : 15;
  15903 : 14;
  [15904..15905] : 15;
  15906 : 16;
  15907 : 15;
  [15908..15909] : 16;
  [15910..15912] : 15;
  [15913..15917] : 16;
  [15918..15920] : 15;
  [15921..15923] : 16;
  15924 : 17;
  [15925..15927] : 16;
  15928 : 17;
  15929 : 16;
  [15930..15931] : 17;
  [15932..15934] : 18;
  [15935..15936] : 17;
  [15937..15939] : 18;
  15940 : 16;
  15941 : 18;
  15942 : 17;
  15943 : 19;
  [15944..15945] : 1A;
  15946 : 19;
  [15947..15950] : 1A;
  [15951..15952] : 19;
  [15953..15954] : 18;
  [15955..15956] : 1A;
  [15957..15958] : 1B;
  15959 : 1C;
  15960 : 1B;
  [15961..15963] : 1C;
  15964 : 1B;
  [15965..15968] : 1A;
  [15969..15971] : 19;
  [15972..15974] : 1A;
  15975 : 19;
  15976 : 1A;
  15977 : 1B;
  [15978..15979] : 1C;
  15980 : 1B;
  [15981..15982] : 1A;
  15983 : 19;
  15984 : 1A;
  15985 : 1B;
  15986 : 1C;
  [15987..15989] : 1D;
  15990 : 1F;
  15991 : 1E;
  [15992..15995] : 1D;
  [15996..15999] : 1E;
  [16000..16001] : 34;
  16002 : 31;
  [16003..16005] : 30;
  16006 : 31;
  16007 : 2F;
  16008 : 2D;
  [16009..16010] : 2E;
  16011 : 30;
  16012 : 2F;
  [16013..16015] : 2E;
  16016 : 2F;
  16017 : 2E;
  [16018..16021] : 2F;
  16022 : 2E;
  [16023..16024] : 2B;
  16025 : 2C;
  16026 : 2D;
  16027 : 2C;
  [16028..16029] : 2D;
  [16030..16031] : 2B;
  16032 : 29;
  16033 : 2C;
  16034 : 2B;
  [16035..16037] : 29;
  16038 : 28;
  16039 : 2A;
  16040 : 29;
  [16041..16042] : 27;
  16043 : 26;
  16044 : 27;
  [16045..16046] : 26;
  16047 : 25;
  16048 : 26;
  [16049..16051] : 27;
  16052 : 26;
  16053 : 25;
  16054 : 24;
  16055 : 23;
  [16056..16057] : 24;
  16058 : 25;
  [16059..16061] : 26;
  [16062..16063] : 25;
  16064 : 24;
  16065 : 23;
  16066 : 22;
  16067 : 23;
  [16068..16069] : 21;
  [16070..16072] : 20;
  [16073..16074] : 21;
  16075 : 20;
  16076 : 1F;
  16077 : 1E;
  16078 : 1F;
  16079 : 1E;
  [16080..16083] : 1F;
  16084 : 1E;
  [16085..16086] : 1D;
  16087 : 1E;
  16088 : 1F;
  [16089..16091] : 21;
  16092 : 20;
  [16093..16094] : 1D;
  16095 : 1F;
  16096 : 1D;
  16097 : 1E;
  [16098..16100] : 1F;
  16101 : 20;
  [16102..16103] : 21;
  16104 : 20;
  16105 : 1F;
  [16106..16107] : 1D;
  16108 : 1E;
  16109 : 1C;
  16110 : 1B;
  16111 : 1A;
  [16112..16115] : 19;
  16116 : 18;
  16117 : 19;
  [16118..16120] : 1A;
  [16121..16125] : 19;
  16126 : 1A;
  [16127..16130] : 19;
  16131 : 18;
  [16132..16133] : 17;
  [16134..16137] : 18;
  [16138..16139] : 17;
  [16140..16141] : 16;
  16142 : 15;
  [16143..16144] : 16;
  16145 : 17;
  16146 : 16;
  16147 : 17;
  [16148..16149] : 18;
  16150 : 16;
  [16151..16152] : 15;
  16153 : 16;
  [16154..16156] : 15;
  16157 : 16;
  16158 : 15;
  16159 : 14;
  16160 : 15;
  16161 : 14;
  16162 : 13;
  [16163..16164] : 14;
  [16165..16166] : 13;
  [16167..16169] : 14;
  [16170..16171] : 13;
  16172 : 12;
  16173 : 13;
  [16174..16175] : 14;
  [16176..16180] : 15;
  [16181..16182] : 14;
  16183 : 15;
  16184 : 16;
  16185 : 15;
  16186 : 14;
  16187 : 15;
  [16188..16189] : 14;
  16190 : 16;
  16191 : 15;
  16192 : 14;
  [16193..16194] : 15;
  16195 : 16;
  16196 : 17;
  [16197..16198] : 18;
  16199 : 17;
  16200 : 18;
  [16201..16202] : 17;
  [16203..16204] : 16;
  [16205..16206] : 17;
  [16207..16208] : 16;
  16209 : 15;
  16210 : 14;
  16211 : 15;
  16212 : 16;
  [16213..16214] : 15;
  [16215..16216] : 14;
  [16217..16219] : 15;
  16220 : 17;
  16221 : 16;
  [16222..16225] : 15;
  16226 : 16;
  16227 : 15;
  16228 : 14;
  16229 : 15;
  16230 : 16;
  16231 : 17;
  [16232..16236] : 16;
  16237 : 17;
  16238 : 16;
  16239 : 15;
  16240 : 16;
  [16241..16242] : 15;
  16243 : 17;
  [16244..16245] : 18;
  16246 : 17;
  [16247..16248] : 16;
  16249 : 17;
  [16250..16254] : 18;
  [16255..16257] : 19;
  [16258..16260] : 18;
  16261 : 19;
  16262 : 18;
  [16263..16264] : 19;
  16265 : 18;
  16266 : 19;
  16267 : 1A;
  16268 : 1B;
  [16269..16270] : 1A;
  [16271..16272] : 1B;
  16273 : 1A;
  [16274..16276] : 1B;
  [16277..16281] : 1D;
  16282 : 1C;
  16283 : 1B;
  [16284..16285] : 1C;
  [16286..16287] : 1B;
  [16288..16290] : 1C;
  16291 : 1B;
  [16292..16293] : 1C;
  [16294..16296] : 1B;
  16297 : 1A;
  [16298..16299] : 1C;
  [16300..16302] : 1B;
  [16303..16304] : 1C;
  [16305..16306] : 1D;
  [16307..16308] : 1E;
  16309 : 1C;
  16310 : 1D;
  [16311..16313] : 1F;
  16314 : 1D;
  16315 : 1C;
  [16316..16317] : 1D;
  [16318..16319] : 1E;
  [16320..16323] : 30;
  [16324..16325] : 2F;
  16326 : 2E;
  [16327..16329] : 2F;
  [16330..16332] : 2D;
  16333 : 2E;
  [16334..16338] : 2D;
  16339 : 2C;
  [16340..16341] : 2B;
  [16342..16344] : 29;
  [16345..16347] : 2A;
  16348 : 29;
  16349 : 28;
  16350 : 27;
  [16351..16352] : 28;
  [16353..16354] : 27;
  16355 : 26;
  [16356..16360] : 25;
  16361 : 24;
  [16362..16363] : 25;
  [16364..16365] : 24;
  16366 : 26;
  16367 : 24;
  16368 : 23;
  16369 : 22;
  [16370..16373] : 23;
  [16374..16375] : 21;
  [16376..16381] : 22;
  [16382..16384] : 21;
  16385 : 22;
  16386 : 21;
  [16387..16388] : 1E;
  16389 : 1F;
  16390 : 21;
  [16391..16392] : 22;
  16393 : 21;
  [16394..16395] : 22;
  [16396..16397] : 20;
  [16398..16399] : 1F;
  16400 : 20;
  16401 : 21;
  16402 : 22;
  16403 : 23;
  16404 : 21;
  16405 : 20;
  [16406..16408] : 1F;
  16409 : 20;
  [16410..16411] : 1E;
  16412 : 1F;
  16413 : 1D;
  16414 : 1C;
  16415 : 1B;
  [16416..16418] : 1C;
  16419 : 1B;
  [16420..16421] : 1C;
  16422 : 1B;
  16423 : 1C;
  [16424..16425] : 1B;
  16426 : 1A;
  [16427..16429] : 19;
  [16430..16431] : 1A;
  16432 : 1B;
  16433 : 1A;
  16434 : 1B;
  [16435..16437] : 1A;
  [16438..16440] : 1B;
  16441 : 19;
  16442 : 1B;
  [16443..16444] : 1A;
  [16445..16446] : 1B;
  [16447..16448] : 19;
  [16449..16451] : 18;
  16452 : 17;
  16453 : 18;
  [16454..16459] : 17;
  [16460..16461] : 16;
  16462 : 15;
  [16463..16464] : 16;
  [16465..16466] : 17;
  16467 : 18;
  16468 : 17;
  16469 : 18;
  [16470..16473] : 17;
  [16474..16475] : 18;
  [16476..16477] : 17;
  [16478..16479] : 16;
  [16480..16481] : 14;
  16482 : 15;
  16483 : 16;
  [16484..16489] : 14;
  [16490..16492] : 12;
  [16493..16494] : 13;
  [16495..16499] : 14;
  16500 : 13;
  [16501..16502] : 14;
  [16503..16504] : 15;
  16505 : 16;
  16506 : 17;
  [16507..16508] : 15;
  16509 : 17;
  16510 : 16;
  16511 : 14;
  [16512..16513] : 16;
  [16514..16516] : 14;
  [16517..16519] : 15;
  [16520..16522] : 14;
  [16523..16525] : 13;
  16526 : 14;
  [16527..16528] : 15;
  [16529..16530] : 14;
  [16531..16532] : 15;
  16533 : 16;
  [16534..16537] : 15;
  16538 : 16;
  [16539..16542] : 15;
  16543 : 16;
  16544 : 17;
  16545 : 16;
  [16546..16548] : 17;
  [16549..16550] : 16;
  16551 : 15;
  [16552..16553] : 16;
  16554 : 15;
  [16555..16556] : 16;
  [16557..16558] : 17;
  [16559..16561] : 16;
  16562 : 15;
  16563 : 16;
  [16564..16567] : 17;
  [16568..16572] : 16;
  16573 : 15;
  [16574..16575] : 16;
  16576 : 15;
  [16577..16581] : 17;
  16582 : 18;
  16583 : 19;
  16584 : 18;
  16585 : 17;
  16586 : 19;
  16587 : 1B;
  16588 : 1A;
  [16589..16591] : 19;
  16592 : 1A;
  16593 : 1B;
  16594 : 1C;
  [16595..16597] : 1B;
  16598 : 1C;
  [16599..16600] : 1B;
  16601 : 1C;
  16602 : 1B;
  [16603..16604] : 1C;
  [16605..16606] : 1A;
  [16607..16608] : 19;
  16609 : 1A;
  16610 : 19;
  [16611..16613] : 1A;
  [16614..16615] : 19;
  [16616..16617] : 18;
  16618 : 19;
  [16619..16621] : 18;
  16622 : 17;
  16623 : 18;
  16624 : 19;
  [16625..16628] : 1A;
  [16629..16630] : 19;
  16631 : 18;
  16632 : 19;
  [16633..16635] : 18;
  16636 : 19;
  [16637..16639] : 1A;
  16640 : 2F;
  [16641..16643] : 30;
  16644 : 31;
  16645 : 30;
  16646 : 2E;
  16647 : 2D;
  [16648..16649] : 2E;
  [16650..16651] : 2D;
  [16652..16656] : 2C;
  16657 : 2D;
  16658 : 2B;
  16659 : 2A;
  16660 : 2B;
  [16661..16663] : 2A;
  16664 : 28;
  16665 : 29;
  [16666..16667] : 27;
  [16668..16669] : 26;
  16670 : 25;
  [16671..16672] : 26;
  16673 : 25;
  [16674..16676] : 26;
  16677 : 25;
  16678 : 24;
  16679 : 25;
  16680 : 26;
  [16681..16682] : 28;
  [16683..16684] : 25;
  [16685..16687] : 24;
  [16688..16689] : 23;
  [16690..16693] : 22;
  16694 : 21;
  16695 : 20;
  16696 : 21;
  16697 : 20;
  [16698..16699] : 1F;
  16700 : 1E;
  [16701..16702] : 21;
  16703 : 20;
  16704 : 1E;
  [16705..16706] : 1F;
  [16707..16709] : 1E;
  16710 : 1F;
  [16711..16712] : 23;
  16713 : 22;
  16714 : 20;
  [16715..16716] : 21;
  [16717..16718] : 20;
  16719 : 21;
  16720 : 20;
  [16721..16722] : 21;
  [16723..16727] : 20;
  16728 : 1F;
  [16729..16730] : 20;
  16731 : 22;
  16732 : 21;
  [16733..16734] : 1F;
  16735 : 1E;
  16736 : 1D;
  [16737..16739] : 1C;
  16740 : 1D;
  16741 : 1F;
  [16742..16743] : 1D;
  16744 : 1C;
  16745 : 1D;
  16746 : 1C;
  16747 : 1A;
  16748 : 19;
  [16749..16751] : 18;
  16752 : 17;
  [16753..16754] : 18;
  16755 : 19;
  16756 : 18;
  [16757..16761] : 17;
  [16762..16765] : 18;
  [16766..16767] : 1A;
  [16768..16769] : 18;
  [16770..16772] : 17;
  16773 : 16;
  16774 : 15;
  16775 : 16;
  [16776..16780] : 17;
  [16781..16782] : 16;
  16783 : 15;
  [16784..16786] : 16;
  [16787..16790] : 17;
  16791 : 16;
  [16792..16794] : 15;
  16795 : 14;
  16796 : 15;
  [16797..16799] : 14;
  [16800..16805] : 15;
  [16806..16807] : 13;
  16808 : 12;
  16809 : 13;
  16810 : 15;
  [16811..16814] : 13;
  [16815..16817] : 14;
  [16818..16822] : 15;
  16823 : 16;
  16824 : 15;
  16825 : 16;
  16826 : 14;
  [16827..16828] : 13;
  16829 : 14;
  16830 : 12;
  16831 : 11;
  [16832..16833] : 14;
  [16834..16835] : 13;
  [16836..16837] : 12;
  16838 : 13;
  16839 : 12;
  16840 : 11;
  16841 : 12;
  16842 : 13;
  16843 : 12;
  [16844..16845] : 13;
  [16846..16852] : 14;
  16853 : 15;
  [16854..16856] : 16;
  16857 : 15;
  [16858..16859] : 14;
  16860 : 15;
  16861 : 16;
  16862 : 15;
  [16863..16865] : 16;
  16866 : 17;
  [16867..16869] : 16;
  [16870..16878] : 15;
  [16879..16881] : 16;
  [16882..16884] : 17;
  [16885..16888] : 18;
  [16889..16897] : 17;
  16898 : 18;
  16899 : 17;
  16900 : 16;
  16901 : 17;
  [16902..16903] : 18;
  [16904..16909] : 19;
  16910 : 1B;
  16911 : 1A;
  [16912..16913] : 19;
  [16914..16917] : 1B;
  [16918..16921] : 1A;
  [16922..16925] : 19;
  16926 : 1A;
  [16927..16928] : 19;
  [16929..16930] : 1A;
  [16931..16933] : 1B;
  16934 : 1A;
  16935 : 19;
  [16936..16939] : 17;
  16940 : 16;
  [16941..16942] : 18;
  16943 : 1A;
  16944 : 1B;
  [16945..16947] : 1C;
  [16948..16950] : 1A;
  16951 : 1B;
  16952 : 1C;
  16953 : 1D;
  [16954..16956] : 1C;
  16957 : 1D;
  16958 : 1E;
  16959 : 1D;
  [16960..16961] : 31;
  16962 : 2F;
  [16963..16964] : 30;
  [16965..16966] : 2F;
  16967 : 2D;
  16968 : 2C;
  [16969..16970] : 2E;
  16971 : 2D;
  16972 : 2C;
  16973 : 2E;
  [16974..16975] : 2D;
  16976 : 2C;
  16977 : 2D;
  [16978..16979] : 2C;
  16980 : 2D;
  [16981..16982] : 2B;
  16983 : 2A;
  16984 : 2C;
  16985 : 2B;
  16986 : 29;
  [16987..16988] : 28;
  16989 : 27;
  16990 : 26;
  [16991..16994] : 25;
  [16995..16998] : 24;
  16999 : 25;
  17000 : 26;
  17001 : 28;
  [17002..17003] : 29;
  17004 : 27;
  17005 : 26;
  [17006..17007] : 25;
  [17008..17009] : 26;
  17010 : 25;
  17011 : 24;
  17012 : 25;
  17013 : 24;
  [17014..17016] : 25;
  [17017..17019] : 23;
  17020 : 22;
  17021 : 24;
  [17022..17027] : 25;
  [17028..17029] : 20;
  17030 : 1F;
  17031 : 21;
  [17032..17034] : 20;
  17035 : 21;
  17036 : 20;
  [17037..17039] : 1F;
  [17040..17041] : 1E;
  [17042..17046] : 1C;
  [17047..17048] : 1A;
  17049 : 1B;
  17050 : 1C;
  17051 : 1D;
  [17052..17053] : 1E;
  17054 : 20;
  17055 : 1F;
  17056 : 1E;
  17057 : 1D;
  17058 : 1E;
  [17059..17060] : 20;
  [17061..17062] : 21;
  17063 : 20;
  17064 : 21;
  17065 : 20;
  17066 : 1E;
  17067 : 1F;
  17068 : 1E;
  [17069..17070] : 1C;
  17071 : 1D;
  17072 : 1C;
  17073 : 1D;
  17074 : 1A;
  [17075..17077] : 19;
  [17078..17079] : 17;
  [17080..17081] : 16;
  [17082..17083] : 18;
  17084 : 17;
  17085 : 18;
  [17086..17087] : 19;
  17088 : 18;
  17089 : 17;
  [17090..17091] : 18;
  17092 : 19;
  17093 : 18;
  [17094..17100] : 17;
  [17101..17102] : 16;
  17103 : 17;
  17104 : 15;
  [17105..17106] : 16;
  [17107..17108] : 15;
  [17109..17111] : 16;
  17112 : 18;
  17113 : 16;
  17114 : 15;
  17115 : 16;
  [17116..17120] : 15;
  [17121..17122] : 16;
  17123 : 17;
  17124 : 18;
  17125 : 17;
  17126 : 15;
  17127 : 14;
  [17128..17134] : 13;
  17135 : 14;
  [17136..17137] : 13;
  [17138..17141] : 14;
  17142 : 13;
  [17143..17146] : 14;
  [17147..17149] : 13;
  17150 : 12;
  17151 : 11;
  [17152..17155] : 12;
  [17156..17160] : 13;
  17161 : 15;
  17162 : 14;
  17163 : 13;
  [17164..17170] : 14;
  17171 : 13;
  17172 : 12;
  17173 : 13;
  17174 : 14;
  [17175..17176] : 15;
  [17177..17180] : 13;
  [17181..17184] : 14;
  [17185..17189] : 16;
  [17190..17191] : 15;
  [17192..17195] : 14;
  17196 : 15;
  [17197..17198] : 16;
  17199 : 15;
  17200 : 16;
  [17201..17203] : 17;
  [17204..17206] : 18;
  17207 : 17;
  17208 : 16;
  17209 : 17;
  [17210..17211] : 16;
  17212 : 17;
  [17213..17216] : 16;
  [17217..17219] : 17;
  17220 : 16;
  17221 : 17;
  17222 : 18;
  17223 : 19;
  17224 : 1A;
  [17225..17228] : 19;
  [17229..17230] : 1A;
  17231 : 1B;
  [17232..17236] : 1A;
  17237 : 19;
  17238 : 1A;
  17239 : 19;
  [17240..17241] : 1A;
  [17242..17243] : 1C;
  [17244..17245] : 1B;
  [17246..17247] : 1C;
  [17248..17250] : 1B;
  [17251..17252] : 1C;
  17253 : 1D;
  17254 : 1B;
  17255 : 1A;
  17256 : 1B;
  17257 : 1C;
  17258 : 1B;
  17259 : 1C;
  17260 : 1F;
  17261 : 1D;
  [17262..17264] : 1E;
  17265 : 1F;
  17266 : 1E;
  17267 : 1C;
  [17268..17269] : 1B;
  17270 : 1C;
  [17271..17273] : 1D;
  17274 : 1E;
  17275 : 1D;
  [17276..17277] : 1E;
  [17278..17279] : 1F;
  17280 : 30;
  17281 : 2F;
  17282 : 30;
  17283 : 31;
  17284 : 30;
  17285 : 2E;
  17286 : 2D;
  [17287..17288] : 2C;
  [17289..17292] : 2E;
  17293 : 2F;
  [17294..17295] : 2D;
  17296 : 2B;
  17297 : 2C;
  17298 : 2B;
  17299 : 2C;
  [17300..17301] : 2D;
  17302 : 2C;
  [17303..17304] : 2B;
  17305 : 2A;
  17306 : 29;
  17307 : 27;
  17308 : 28;
  [17309..17310] : 27;
  [17311..17312] : 26;
  [17313..17314] : 27;
  17315 : 26;
  [17316..17318] : 25;
  [17319..17323] : 26;
  17324 : 23;
  [17325..17327] : 22;
  [17328..17330] : 21;
  17331 : 20;
  [17332..17333] : 21;
  [17334..17335] : 22;
  17336 : 20;
  17337 : 21;
  17338 : 20;
  17339 : 1F;
  17340 : 20;
  17341 : 24;
  [17342..17343] : 22;
  [17344..17346] : 23;
  17347 : 21;
  17348 : 20;
  17349 : 21;
  [17350..17351] : 23;
  17352 : 21;
  17353 : 20;
  17354 : 21;
  17355 : 22;
  [17356..17357] : 20;
  17358 : 1F;
  [17359..17361] : 1E;
  [17362..17363] : 1D;
  17364 : 1E;
  [17365..17366] : 1D;
  [17367..17369] : 1C;
  [17370..17371] : 1B;
  17372 : 1C;
  [17373..17375] : 1B;
  17376 : 1A;
  17377 : 19;
  [17378..17379] : 1A;
  17380 : 1C;
  [17381..17382] : 1B;
  17383 : 1C;
  17384 : 1B;
  17385 : 1C;
  [17386..17387] : 1B;
  [17388..17389] : 1D;
  17390 : 1E;
  17391 : 1D;
  17392 : 1B;
  17393 : 1C;
  17394 : 1D;
  17395 : 1C;
  17396 : 1B;
  17397 : 19;
  [17398..17399] : 1A;
  17400 : 19;
  17401 : 1B;
  [17402..17403] : 1A;
  17404 : 1B;
  17405 : 1C;
  17406 : 1B;
  17407 : 1A;
  17408 : 19;
  17409 : 1A;
  [17410..17411] : 19;
  17412 : 18;
  [17413..17414] : 16;
  17415 : 15;
  [17416..17420] : 17;
  [17421..17422] : 18;
  17423 : 17;
  17424 : 15;
  17425 : 17;
  17426 : 15;
  17427 : 14;
  [17428..17430] : 16;
  17431 : 15;
  17432 : 16;
  17433 : 15;
  17434 : 14;
  17435 : 13;
  17436 : 14;
  [17437..17438] : 15;
  17439 : 14;
  17440 : 15;
  [17441..17442] : 14;
  [17443..17445] : 15;
  [17446..17447] : 14;
  [17448..17449] : 13;
  17450 : 12;
  [17451..17452] : 14;
  [17453..17455] : 15;
  [17456..17459] : 14;
  17460 : 15;
  [17461..17462] : 13;
  17463 : 15;
  17464 : 17;
  [17465..17466] : 15;
  [17467..17468] : 14;
  [17469..17470] : 13;
  17471 : 15;
  [17472..17473] : 14;
  17474 : 13;
  17475 : 15;
  17476 : 16;
  [17477..17478] : 14;
  17479 : 13;
  17480 : 15;
  17481 : 16;
  17482 : 17;
  17483 : 16;
  [17484..17485] : 14;
  17486 : 15;
  17487 : 16;
  17488 : 15;
  [17489..17491] : 14;
  [17492..17500] : 15;
  17501 : 13;
  [17502..17503] : 14;
  [17504..17505] : 16;
  17506 : 17;
  [17507..17508] : 16;
  17509 : 17;
  17510 : 16;
  [17511..17512] : 17;
  [17513..17514] : 16;
  [17515..17516] : 15;
  [17517..17519] : 16;
  [17520..17521] : 15;
  [17522..17525] : 16;
  [17526..17527] : 15;
  [17528..17530] : 16;
  [17531..17533] : 17;
  17534 : 18;
  17535 : 19;
  17536 : 18;
  17537 : 19;
  [17538..17539] : 18;
  [17540..17541] : 17;
  [17542..17543] : 18;
  [17544..17545] : 19;
  [17546..17549] : 18;
  [17550..17556] : 19;
  17557 : 1A;
  17558 : 19;
  17559 : 18;
  [17560..17561] : 17;
  [17562..17565] : 18;
  17566 : 17;
  [17567..17568] : 19;
  [17569..17570] : 1A;
  17571 : 1B;
  17572 : 1D;
  17573 : 1E;
  [17574..17575] : 1C;
  17576 : 1D;
  17577 : 1C;
  17578 : 1B;
  [17579..17580] : 1C;
  [17581..17583] : 1A;
  17584 : 1B;
  17585 : 1A;
  [17586..17587] : 19;
  [17588..17589] : 1A;
  17590 : 1B;
  17591 : 1A;
  17592 : 1B;
  [17593..17594] : 1A;
  17595 : 19;
  [17596..17598] : 1A;
  17599 : 1B;
  17600 : 31;
  17601 : 30;
  17602 : 32;
  17603 : 30;
  17604 : 2E;
  17605 : 30;
  [17606..17607] : 2E;
  [17608..17609] : 2F;
  [17610..17611] : 2D;
  17612 : 2E;
  17613 : 2D;
  [17614..17616] : 2C;
  [17617..17619] : 2B;
  [17620..17622] : 2A;
  17623 : 29;
  17624 : 2B;
  17625 : 2C;
  17626 : 2A;
  17627 : 29;
  17628 : 27;
  [17629..17630] : 28;
  [17631..17633] : 26;
  [17634..17635] : 27;
  17636 : 23;
  17637 : 22;
  [17638..17639] : 23;
  17640 : 24;
  17641 : 23;
  [17642..17643] : 21;
  [17644..17645] : 1F;
  17646 : 21;
  17647 : 22;
  [17648..17649] : 23;
  17650 : 24;
  [17651..17652] : 23;
  [17653..17656] : 21;
  [17657..17658] : 20;
  17659 : 21;
  [17660..17661] : 1F;
  [17662..17663] : 1E;
  17664 : 1F;
  17665 : 1E;
  [17666..17668] : 22;
  17669 : 20;
  17670 : 22;
  17671 : 21;
  [17672..17674] : 1F;
  [17675..17676] : 20;
  17677 : 1F;
  17678 : 22;
  17679 : 20;
  17680 : 22;
  [17681..17682] : 23;
  17683 : 21;
  17684 : 23;
  [17685..17686] : 20;
  17687 : 1E;
  17688 : 1C;
  [17689..17691] : 1B;
  [17692..17693] : 1A;
  17694 : 1B;
  17695 : 1A;
  17696 : 19;
  17697 : 1A;
  17698 : 19;
  17699 : 1A;
  17700 : 19;
  [17701..17705] : 1A;
  17706 : 18;
  17707 : 19;
  [17708..17709] : 1A;
  17710 : 19;
  17711 : 18;
  [17712..17714] : 17;
  17715 : 18;
  17716 : 1A;
  [17717..17724] : 19;
  17725 : 1A;
  17726 : 19;
  [17727..17728] : 17;
  [17729..17730] : 19;
  [17731..17732] : 18;
  17733 : 17;
  [17734..17735] : 16;
  17736 : 17;
  17737 : 19;
  17738 : 17;
  17739 : 16;
  [17740..17741] : 15;
  [17742..17744] : 14;
  [17745..17746] : 16;
  17747 : 15;
  17748 : 16;
  [17749..17751] : 15;
  [17752..17753] : 14;
  [17754..17757] : 13;
  17758 : 12;
  [17759..17760] : 13;
  [17761..17762] : 12;
  [17763..17765] : 14;
  17766 : 15;
  17767 : 14;
  17768 : 12;
  17769 : 13;
  17770 : 12;
  17771 : 14;
  17772 : 13;
  [17773..17775] : 14;
  [17776..17779] : 15;
  [17780..17782] : 14;
  17783 : 16;
  17784 : 17;
  17785 : 16;
  [17786..17788] : 14;
  [17789..17790] : 13;
  17791 : 14;
  17792 : 15;
  17793 : 14;
  17794 : 13;
  [17795..17798] : 14;
  17799 : 13;
  17800 : 14;
  [17801..17802] : 16;
  17803 : 15;
  [17804..17806] : 13;
  17807 : 14;
  17808 : 13;
  17809 : 12;
  [17810..17811] : 13;
  17812 : 15;
  17813 : 14;
  [17814..17815] : 13;
  17816 : 14;
  [17817..17818] : 15;
  17819 : 16;
  [17820..17825] : 15;
  [17826..17828] : 16;
  [17829..17830] : 18;
  17831 : 17;
  [17832..17834] : 16;
  [17835..17838] : 15;
  17839 : 16;
  [17840..17843] : 15;
  17844 : 16;
  [17845..17846] : 15;
  17847 : 16;
  17848 : 15;
  [17849..17852] : 16;
  17853 : 17;
  17854 : 18;
  17855 : 17;
  [17856..17860] : 18;
  17861 : 17;
  [17862..17868] : 18;
  17869 : 19;
  17870 : 1A;
  17871 : 18;
  [17872..17873] : 1A;
  [17874..17875] : 19;
  17876 : 17;
  17877 : 18;
  [17878..17880] : 17;
  17881 : 16;
  [17882..17884] : 18;
  17885 : 17;
  17886 : 16;
  [17887..17888] : 17;
  17889 : 18;
  17890 : 17;
  17891 : 19;
  17892 : 1B;
  17893 : 1A;
  [17894..17895] : 19;
  [17896..17904] : 1A;
  17905 : 19;
  17906 : 18;
  [17907..17908] : 19;
  [17909..17912] : 1A;
  17913 : 19;
  17914 : 1A;
  17915 : 19;
  [17916..17919] : 1A;
  [17920..17921] : 30;
  [17922..17923] : 2F;
  17924 : 2D;
  [17925..17927] : 2C;
  17928 : 2A;
  17929 : 27;
  [17930..17931] : 25;
  17932 : 26;
  17933 : 25;
  17934 : 27;
  [17935..17937] : 28;
  17938 : 27;
  17939 : 25;
  17940 : 23;
  17941 : 24;
  17942 : 21;
  17943 : 20;
  [17944..17945] : 21;
  17946 : 22;
  17947 : 23;
  [17948..17951] : 21;
  [17952..17953] : 20;
  [17954..17955] : 21;
  17956 : 20;
  17957 : 1E;
  [17958..17959] : 1D;
  [17960..17961] : 1E;
  17962 : 1D;
  [17963..17965] : 1F;
  17966 : 20;
  [17967..17969] : 21;
  17970 : 23;
  17971 : 22;
  17972 : 21;
  17973 : 20;
  17974 : 1F;
  17975 : 1E;
  17976 : 1F;
  17977 : 1E;
  [17978..17979] : 20;
  17980 : 1E;
  17981 : 1F;
  17982 : 1D;
  17983 : 1B;
  17984 : 1D;
  [17985..17988] : 1C;
  17989 : 1D;
  17990 : 1F;
  17991 : 1E;
  [17992..17994] : 1D;
  [17995..17996] : 1B;
  17997 : 1A;
  17998 : 1B;
  [17999..18001] : 1D;
  18002 : 1E;
  [18003..18004] : 1D;
  [18005..18006] : 1C;
  18007 : 1D;
  [18008..18009] : 20;
  18010 : 22;
  [18011..18012] : 21;
  [18013..18014] : 22;
  18015 : 1F;
  18016 : 21;
  18017 : 1F;
  18018 : 1D;
  18019 : 1E;
  [18020..18024] : 1D;
  18025 : 1E;
  [18026..18028] : 1D;
  [18029..18031] : 1C;
  18032 : 1B;
  18033 : 1A;
  18034 : 19;
  [18035..18037] : 18;
  18038 : 16;
  18039 : 18;
  [18040..18041] : 19;
  [18042..18044] : 17;
  18045 : 18;
  18046 : 16;
  18047 : 15;
  18048 : 16;
  [18049..18052] : 17;
  18053 : 16;
  [18054..18055] : 15;
  [18056..18058] : 16;
  [18059..18060] : 14;
  18061 : 15;
  [18062..18064] : 14;
  18065 : 16;
  [18066..18068] : 15;
  18069 : 14;
  18070 : 13;
  [18071..18073] : 14;
  18074 : 15;
  [18075..18078] : 16;
  18079 : 14;
  18080 : 15;
  18081 : 16;
  [18082..18084] : 15;
  18085 : 14;
  18086 : 15;
  18087 : 16;
  18088 : 15;
  18089 : 16;
  18090 : 15;
  18091 : 14;
  [18092..18093] : 13;
  18094 : 14;
  18095 : 15;
  18096 : 16;
  18097 : 15;
  18098 : 16;
  18099 : 15;
  18100 : 13;
  [18101..18102] : 12;
  [18103..18104] : 11;
  18105 : 10;
  18106 : 0F;
  [18107..18109] : 10;
  [18110..18111] : 12;
  18112 : 13;
  18113 : 14;
  18114 : 15;
  18115 : 16;
  18116 : 15;
  18117 : 17;
  18118 : 16;
  18119 : 15;
  18120 : 16;
  18121 : 17;
  18122 : 18;
  18123 : 17;
  [18124..18126] : 16;
  18127 : 18;
  18128 : 16;
  18129 : 17;
  18130 : 18;
  [18131..18132] : 17;
  18133 : 19;
  [18134..18135] : 18;
  18136 : 19;
  18137 : 17;
  18138 : 19;
  [18139..18142] : 18;
  18143 : 17;
  [18144..18145] : 16;
  18146 : 15;
  [18147..18150] : 14;
  18151 : 15;
  18152 : 14;
  [18153..18154] : 15;
  18155 : 13;
  [18156..18157] : 14;
  [18158..18159] : 15;
  [18160..18161] : 17;
  [18162..18163] : 18;
  [18164..18166] : 19;
  [18167..18170] : 1A;
  [18171..18172] : 18;
  [18173..18174] : 19;
  18175 : 18;
  [18176..18177] : 1A;
  [18178..18179] : 1B;
  18180 : 1A;
  [18181..18182] : 19;
  18183 : 18;
  18184 : 17;
  18185 : 16;
  [18186..18187] : 17;
  [18188..18189] : 18;
  [18190..18193] : 17;
  18194 : 18;
  18195 : 16;
  [18196..18197] : 17;
  [18198..18199] : 16;
  18200 : 15;
  18201 : 14;
  [18202..18204] : 17;
  [18205..18208] : 16;
  18209 : 15;
  18210 : 16;
  18211 : 17;
  18212 : 18;
  18213 : 17;
  18214 : 16;
  [18215..18216] : 15;
  18217 : 17;
  18218 : 16;
  18219 : 17;
  [18220..18222] : 18;
  18223 : 19;
  [18224..18230] : 1A;
  [18231..18233] : 1B;
  18234 : 1C;
  18235 : 1D;
  [18236..18237] : 1E;
  18238 : 1D;
  18239 : 1C;
  18240 : 0E;
  [18241..18243] : 0D;
  [18244..18247] : 0C;
  [18248..18249] : 0D;
  18250 : 0C;
  [18251..18252] : 0B;
  18253 : 09;
  [18254..18256] : 0A;
  [18257..18263] : 08;
  [18264..18265] : 07;
  [18266..18267] : 08;
  [18268..18269] : 07;
  [18270..18276] : 08;
  18277 : 07;
  [18278..18279] : 08;
  [18280..18285] : 09;
  [18286..18292] : 0B;
  [18293..18294] : 0A;
  [18295..18297] : 0B;
  [18298..18303] : 0E;
  18304 : 0C;
  18305 : 0B;
  [18306..18308] : 0A;
  [18309..18310] : 09;
  [18311..18314] : 08;
  [18315..18319] : 07;
  18320 : 06;
  18321 : 07;
  [18322..18323] : 06;
  [18324..18326] : 05;
  18327 : 06;
  18328 : 08;
  18329 : 09;
  18330 : 0B;
  18331 : 0C;
  [18332..18334] : 0B;
  18335 : 0C;
  18336 : 0D;
  18337 : 0C;
  18338 : 0B;
  [18339..18340] : 0C;
  18341 : 0B;
  18342 : 0A;
  [18343..18344] : 0B;
  18345 : 0C;
  [18346..18348] : 0B;
  18349 : 0A;
  [18350..18352] : 0B;
  [18353..18354] : 0A;
  18355 : 08;
  18356 : 09;
  18357 : 08;
  18358 : 07;
  18359 : 08;
  [18360..18365] : 07;
  [18366..18369] : 06;
  18370 : 07;
  18371 : 06;
  [18372..18374] : 07;
  [18375..18376] : 08;
  18377 : 07;
  [18378..18379] : 08;
  18380 : 06;
  [18381..18382] : 07;
  [18383..18384] : 08;
  [18385..18388] : 07;
  [18389..18390] : 06;
  [18391..18392] : 07;
  18393 : 08;
  [18394..18396] : 09;
  18397 : 08;
  [18398..18399] : 0A;
  [18400..18402] : 0B;
  18403 : 0A;
  [18404..18408] : 09;
  18409 : 0A;
  [18410..18412] : 09;
  [18413..18414] : 0A;
  18415 : 0C;
  18416 : 0B;
  [18417..18418] : 0A;
  18419 : 09;
  [18420..18422] : 08;
  [18423..18424] : 07;
  [18425..18428] : 06;
  18429 : 07;
  18430 : 06;
  18431 : 07;
  18432 : 06;
  [18433..18434] : 07;
  [18435..18436] : 08;
  [18437..18438] : 09;
  [18439..18441] : 0A;
  [18442..18443] : 0B;
  18444 : 0A;
  [18445..18446] : 0B;
  18447 : 0D;
  18448 : 0C;
  [18449..18450] : 0D;
  [18451..18452] : 0C;
  18453 : 0E;
  [18454..18457] : 0D;
  18458 : 0C;
  [18459..18460] : 0B;
  [18461..18463] : 0A;
  18464 : 09;
  18465 : 08;
  18466 : 07;
  [18467..18468] : 06;
  18469 : 07;
  [18470..18476] : 06;
  [18477..18479] : 07;
  [18480..18481] : 08;
  [18482..18486] : 09;
  18487 : 0A;
  18488 : 0B;
  18489 : 0C;
  18490 : 0B;
  [18491..18492] : 0A;
  18493 : 09;
  [18494..18495] : 0A;
  18496 : 0B;
  18497 : 0C;
  [18498..18499] : 0D;
  18500 : 0C;
  18501 : 0B;
  18502 : 09;
  18503 : 08;
  18504 : 07;
  18505 : 06;
  18506 : 07;
  18507 : 08;
  18508 : 07;
  18509 : 08;
  [18510..18513] : 07;
  [18514..18515] : 06;
  [18516..18528] : 07;
  18529 : 06;
  [18530..18531] : 07;
  [18532..18535] : 06;
  18536 : 07;
  [18537..18538] : 06;
  18539 : 07;
  [18540..18541] : 06;
  [18542..18545] : 07;
  18546 : 08;
  [18547..18553] : 07;
  18554 : 08;
  [18555..18556] : 07;
  18557 : 08;
  [18558..18559] : 07;
  18560 : 02;
  [18561..18562] : 01;
  [18563..18565] : 02;
  [18566..18568] : 03;
  [18569..18570] : 05;
  [18571..18574] : 04;
  [18575..18576] : 05;
  18577 : 07;
  18578 : 08;
  18579 : 0C;
  18580 : 15;
  18581 : 1D;
  18582 : 21;
  18583 : 24;
  [18584..18588] : 25;
  18589 : 24;
  18590 : 23;
  18591 : 24;
  [18592..18594] : 25;
  [18595..18597] : 26;
  [18598..18599] : 24;
  18600 : 23;
  18601 : 21;
  18602 : 20;
  18603 : 1C;
  18604 : 14;
  18605 : 0A;
  18606 : 06;
  18607 : 04;
  18608 : 03;
  [18609..18613] : 01;
  [18614..18617] : 02;
  [18618..18624] : 01;
  18625 : 03;
  18626 : 02;
  18627 : 04;
  18628 : 08;
  18629 : 0C;
  18630 : 10;
  18631 : 14;
  18632 : 15;
  18633 : 17;
  18634 : 1A;
  18635 : 1C;
  18636 : 1D;
  18637 : 1F;
  [18638..18639] : 20;
  18640 : 21;
  [18641..18642] : 20;
  18643 : 21;
  [18644..18645] : 22;
  18646 : 21;
  18647 : 1E;
  18648 : 1B;
  18649 : 15;
  18650 : 0B;
  18651 : 07;
  18652 : 04;
  18653 : 03;
  [18654..18657] : 01;
  18658 : 02;
  [18659..18666] : 01;
  [18667..18670] : 02;
  18671 : 03;
  18672 : 04;
  18673 : 06;
  18674 : 0D;
  18675 : 11;
  18676 : 14;
  18677 : 16;
  18678 : 19;
  18679 : 1B;
  18680 : 1C;
  18681 : 1E;
  18682 : 1F;
  18683 : 20;
  [18684..18685] : 21;
  [18686..18687] : 22;
  [18688..18689] : 23;
  18690 : 24;
  18691 : 25;
  18692 : 24;
  18693 : 25;
  18694 : 24;
  18695 : 1F;
  18696 : 1B;
  18697 : 23;
  18698 : 25;
  18699 : 24;
  18700 : 26;
  [18701..18703] : 28;
  18704 : 27;
  18705 : 24;
  18706 : 23;
  [18707..18708] : 22;
  [18709..18711] : 23;
  18712 : 21;
  18713 : 1D;
  18714 : 18;
  18715 : 11;
  18716 : 0A;
  18717 : 07;
  18718 : 06;
  18719 : 04;
  18720 : 02;
  [18721..18732] : 01;
  [18733..18735] : 02;
  [18736..18737] : 03;
  18738 : 05;
  18739 : 0A;
  18740 : 10;
  18741 : 14;
  18742 : 17;
  18743 : 1A;
  18744 : 1B;
  18745 : 1C;
  [18746..18747] : 1D;
  18748 : 1E;
  [18749..18751] : 20;
  18752 : 1F;
  18753 : 1D;
  [18754..18755] : 1B;
  18756 : 18;
  18757 : 11;
  18758 : 08;
  18759 : 05;
  18760 : 03;
  18761 : 02;
  [18762..18766] : 01;
  [18767..18768] : 00;
  [18769..18770] : 01;
  18771 : 00;
  [18772..18775] : 01;
  [18776..18778] : 02;
  18779 : 03;
  18780 : 06;
  18781 : 0E;
  18782 : 12;
  18783 : 15;
  18784 : 19;
  18785 : 1A;
  18786 : 1C;
  [18787..18789] : 1E;
  18790 : 1F;
  18791 : 20;
  [18792..18794] : 21;
  18795 : 20;
  18796 : 1D;
  18797 : 1C;
  18798 : 19;
  18799 : 13;
  18800 : 09;
  18801 : 06;
  18802 : 04;
  18803 : 03;
  18804 : 02;
  [18805..18806] : 01;
  [18807..18808] : 00;
  [18809..18813] : 01;
  18814 : 00;
  18815 : 01;
  [18816..18819] : 00;
  [18820..18821] : 01;
  18822 : 03;
  18823 : 06;
  18824 : 0C;
  18825 : 11;
  18826 : 12;
  18827 : 14;
  18828 : 17;
  18829 : 18;
  18830 : 1A;
  18831 : 1B;
  18832 : 1C;
  18833 : 1D;
  18834 : 1C;
  [18835..18837] : 1D;
  18838 : 1F;
  [18839..18841] : 20;
  [18842..18844] : 21;
  [18845..18847] : 22;
  18848 : 21;
  [18849..18850] : 23;
  [18851..18852] : 21;
  [18853..18854] : 22;
  18855 : 20;
  18856 : 1D;
  18857 : 1A;
  18858 : 16;
  18859 : 0E;
  18860 : 07;
  [18861..18863] : 04;
  [18864..18867] : 03;
  [18868..18869] : 02;
  [18870..18877] : 01;
  18878 : 00;
  18879 : 01;
  18880 : 02;
  18881 : 03;
  [18882..18883] : 02;
  18884 : 03;
  18885 : 02;
  18886 : 03;
  18887 : 02;
  [18888..18893] : 03;
  [18894..18895] : 04;
  [18896..18897] : 05;
  18898 : 06;
  18899 : 08;
  18900 : 0D;
  18901 : 0E;
  18902 : 0F;
  18903 : 10;
  [18904..18905] : 11;
  [18906..18909] : 10;
  18910 : 0F;
  [18911..18916] : 10;
  18917 : 11;
  [18918..18919] : 10;
  18920 : 0E;
  [18921..18922] : 0C;
  18923 : 0A;
  18924 : 08;
  18925 : 04;
  [18926..18928] : 02;
  [18929..18944] : 00;
  [18945..18946] : 01;
  18947 : 03;
  18948 : 04;
  18949 : 07;
  18950 : 08;
  [18951..18952] : 09;
  18953 : 0A;
  18954 : 0B;
  18955 : 0C;
  18956 : 0D;
  [18957..18959] : 0E;
  [18960..18961] : 0F;
  [18962..18963] : 10;
  [18964..18965] : 0F;
  18966 : 0E;
  18967 : 0C;
  18968 : 0B;
  18969 : 09;
  18970 : 04;
  18971 : 03;
  18972 : 02;
  18973 : 01;
  [18974..18990] : 00;
  18991 : 01;
  18992 : 02;
  18993 : 03;
  18994 : 06;
  18995 : 08;
  18996 : 09;
  18997 : 0A;
  [18998..18999] : 0C;
  19000 : 0D;
  19001 : 0E;
  [19002..19003] : 0F;
  [19004..19006] : 10;
  [19007..19008] : 0F;
  19009 : 10;
  [19010..19013] : 11;
  19014 : 10;
  19015 : 0F;
  19016 : 0E;
  19017 : 13;
  19018 : 14;
  [19019..19021] : 12;
  19022 : 13;
  [19023..19024] : 12;
  19025 : 11;
  [19026..19028] : 10;
  19029 : 0F;
  19030 : 10;
  19031 : 0F;
  19032 : 0E;
  19033 : 0C;
  19034 : 09;
  19035 : 07;
  [19036..19037] : 04;
  19038 : 03;
  19039 : 02;
  [19040..19041] : 01;
  [19042..19043] : 00;
  19044 : 01;
  [19045..19051] : 00;
  [19052..19053] : 01;
  19054 : 00;
  [19055..19057] : 01;
  19058 : 03;
  19059 : 06;
  19060 : 08;
  19061 : 09;
  19062 : 0A;
  [19063..19064] : 0B;
  [19065..19067] : 0C;
  [19068..19071] : 0D;
  19072 : 0C;
  19073 : 0B;
  [19074..19076] : 0A;
  19077 : 08;
  19078 : 04;
  19079 : 03;
  19080 : 02;
  19081 : 01;
  [19082..19086] : 00;
  [19087..19088] : 01;
  [19089..19096] : 00;
  [19097..19099] : 01;
  19100 : 03;
  19101 : 07;
  19102 : 08;
  19103 : 09;
  19104 : 0A;
  19105 : 0B;
  [19106..19107] : 0D;
  [19108..19109] : 0C;
  19110 : 0D;
  19111 : 0E;
  [19112..19113] : 0D;
  19114 : 0E;
  [19115..19116] : 0D;
  19117 : 0C;
  19118 : 0A;
  19119 : 07;
  [19120..19121] : 04;
  19122 : 03;
  19123 : 02;
  [19124..19127] : 01;
  [19128..19131] : 00;
  19132 : 01;
  [19133..19141] : 00;
  19142 : 01;
  19143 : 03;
  19144 : 06;
  19145 : 07;
  19146 : 08;
  [19147..19148] : 09;
  19149 : 0A;
  19150 : 0B;
  [19151..19154] : 0A;
  [19155..19157] : 0B;
  [19158..19160] : 0C;
  [19161..19162] : 0D;
  19163 : 0B;
  [19164..19173] : 0D;
  [19174..19175] : 0C;
  19176 : 0A;
  [19177..19178] : 08;
  19179 : 06;
  19180 : 04;
  19181 : 03;
  [19182..19183] : 04;
  [19184..19185] : 03;
  19186 : 04;
  [19187..19189] : 03;
  [19190..19196] : 02;
  [19197..19199] : 01;
  [19200..19212] : 00;
  19213 : 01;
  [19214..19215] : 00;
  19216 : 01;
  19217 : 02;
  19218 : 09;
  [19219..19220] : 0A;
  19221 : 09;
  19222 : 08;
  19223 : 07;
  [19224..19225] : 06;
  [19226..19230] : 07;
  19231 : 08;
  [19232..19234] : 07;
  19235 : 08;
  [19236..19240] : 07;
  [19241..19243] : 06;
  [19244..19247] : 05;
  19248 : 03;
  19249 : 02;
  [19250..19251] : 01;
  [19252..19265] : 00;
  19266 : 04;
  19267 : 06;
  [19268..19273] : 07;
  19274 : 08;
  [19275..19278] : 07;
  19279 : 08;
  19280 : 09;
  [19281..19283] : 0A;
  19284 : 09;
  19285 : 07;
  [19286..19288] : 06;
  19289 : 05;
  [19290..19291] : 06;
  19292 : 04;
  [19293..19295] : 01;
  [19296..19298] : 00;
  19299 : 01;
  [19300..19301] : 00;
  [19302..19303] : 01;
  [19304..19308] : 00;
  [19309..19310] : 01;
  19311 : 02;
  [19312..19313] : 05;
  19314 : 06;
  [19315..19316] : 07;
  [19317..19319] : 06;
  [19320..19321] : 07;
  19322 : 08;
  19323 : 07;
  [19324..19329] : 08;
  [19330..19331] : 09;
  [19332..19333] : 0A;
  [19334..19336] : 09;
  [19337..19342] : 08;
  [19343..19344] : 09;
  19345 : 0A;
  [19346..19348] : 0B;
  [19349..19350] : 09;
  [19351..19352] : 07;
  [19353..19355] : 08;
  [19356..19357] : 07;
  19358 : 05;
  19359 : 03;
  [19360..19361] : 02;
  [19362..19363] : 01;
  [19364..19374] : 00;
  [19375..19376] : 01;
  19377 : 06;
  19378 : 08;
  [19379..19382] : 09;
  [19383..19386] : 08;
  19387 : 09;
  [19388..19389] : 0A;
  [19390..19391] : 09;
  19392 : 0A;
  [19393..19398] : 09;
  19399 : 07;
  19400 : 06;
  19401 : 03;
  19402 : 02;
  [19403..19414] : 00;
  [19415..19417] : 01;
  19418 : 04;
  19419 : 06;
  [19420..19421] : 08;
  19422 : 07;
  19423 : 08;
  19424 : 07;
  19425 : 08;
  [19426..19428] : 09;
  19429 : 0A;
  19430 : 0B;
  [19431..19439] : 0A;
  [19440..19442] : 09;
  19443 : 06;
  19444 : 03;
  19445 : 02;
  [19446..19447] : 01;
  [19448..19453] : 00;
  19454 : 01;
  [19455..19456] : 00;
  [19457..19459] : 01;
  19460 : 02;
  19461 : 04;
  [19462..19463] : 08;
  [19464..19468] : 0A;
  19469 : 09;
  [19470..19475] : 0A;
  [19476..19477] : 0B;
  19478 : 0C;
  19479 : 0B;
  [19480..19481] : 0A;
  [19482..19485] : 09;
  [19486..19492] : 0A;
  19493 : 0B;
  [19494..19495] : 0A;
  [19496..19497] : 09;
  19498 : 08;
  [19499..19500] : 07;
  19501 : 05;
  19502 : 01;
  [19503..19519] : 00;
  [19520..19521] : 05;
  19522 : 06;
  19523 : 07;
  19524 : 08;
  19525 : 07;
  19526 : 08;
  [19527..19529] : 07;
  [19530..19532] : 06;
  19533 : 05;
  19534 : 06;
  19535 : 05;
  19536 : 02;
  19537 : 04;
  19538 : 11;
  [19539..19540] : 15;
  19541 : 14;
  [19542..19545] : 13;
  [19546..19547] : 14;
  19548 : 15;
  [19549..19550] : 13;
  [19551..19557] : 12;
  [19558..19559] : 11;
  [19560..19561] : 10;
  [19562..19564] : 0F;
  [19565..19566] : 10;
  19567 : 07;
  19568 : 01;
  [19569..19585] : 00;
  19586 : 07;
  19587 : 0D;
  19588 : 10;
  19589 : 11;
  19590 : 12;
  19591 : 13;
  [19592..19593] : 14;
  19594 : 12;
  19595 : 13;
  19596 : 15;
  19597 : 16;
  19598 : 17;
  19599 : 16;
  19600 : 15;
  [19601..19602] : 14;
  [19603..19605] : 13;
  19606 : 12;
  [19607..19609] : 11;
  19610 : 12;
  19611 : 0E;
  19612 : 03;
  [19613..19630] : 00;
  19631 : 03;
  19632 : 0B;
  19633 : 0D;
  19634 : 0E;
  19635 : 0F;
  19636 : 11;
  19637 : 10;
  19638 : 11;
  19639 : 12;
  19640 : 13;
  19641 : 12;
  [19642..19643] : 13;
  [19644..19645] : 14;
  [19646..19647] : 13;
  [19648..19651] : 14;
  [19652..19654] : 15;
  19655 : 16;
  [19656..19659] : 15;
  [19660..19662] : 14;
  19663 : 15;
  19664 : 16;
  [19665..19666] : 18;
  19667 : 17;
  19668 : 16;
  [19669..19670] : 14;
  19671 : 13;
  [19672..19675] : 12;
  19676 : 13;
  19677 : 12;
  19678 : 08;
  19679 : 01;
  [19680..19695] : 00;
  19696 : 02;
  19697 : 0C;
  19698 : 12;
  19699 : 13;
  19700 : 14;
  19701 : 15;
  [19702..19703] : 14;
  [19704..19707] : 15;
  [19708..19709] : 17;
  19710 : 15;
  19711 : 14;
  [19712..19714] : 15;
  19715 : 14;
  19716 : 13;
  [19717..19718] : 14;
  19719 : 11;
  19720 : 05;
  19721 : 01;
  [19722..19737] : 00;
  19738 : 06;
  19739 : 0F;
  19740 : 11;
  [19741..19743] : 12;
  19744 : 15;
  [19745..19746] : 17;
  [19747..19751] : 16;
  19752 : 18;
  19753 : 19;
  19754 : 18;
  19755 : 16;
  [19756..19758] : 14;
  [19759..19761] : 15;
  19762 : 12;
  19763 : 07;
  19764 : 01;
  [19765..19779] : 00;
  19780 : 01;
  19781 : 06;
  19782 : 11;
  [19783..19785] : 12;
  19786 : 14;
  19787 : 15;
  19788 : 17;
  19789 : 16;
  19790 : 15;
  [19791..19792] : 16;
  [19793..19794] : 17;
  19795 : 16;
  19796 : 17;
  19797 : 16;
  19798 : 15;
  19799 : 16;
  19800 : 15;
  19801 : 16;
  19802 : 15;
  19803 : 14;
  19804 : 15;
  [19805..19811] : 16;
  19812 : 17;
  19813 : 16;
  19814 : 15;
  [19815..19817] : 13;
  19818 : 12;
  19819 : 10;
  19820 : 0D;
  19821 : 08;
  19822 : 03;
  19823 : 05;
  [19824..19827] : 06;
  [19828..19830] : 05;
  [19831..19834] : 06;
  [19835..19836] : 05;
  19837 : 06;
  19838 : 07;
  19839 : 06;
  19840 : 28;
  [19841..19842] : 29;
  [19843..19844] : 2A;
  19845 : 2B;
  [19846..19847] : 2C;
  [19848..19849] : 2A;
  19850 : 28;
  19851 : 26;
  [19852..19853] : 25;
  19854 : 24;
  19855 : 1F;
  19856 : 09;
  19857 : 04;
  19858 : 0B;
  19859 : 0E;
  19860 : 11;
  19861 : 16;
  19862 : 18;
  19863 : 1A;
  19864 : 1C;
  19865 : 20;
  19866 : 21;
  19867 : 23;
  19868 : 21;
  19869 : 1F;
  [19870..19871] : 1C;
  19872 : 1E;
  19873 : 1F;
  19874 : 1E;
  [19875..19876] : 1B;
  19877 : 1C;
  19878 : 1F;
  19879 : 1E;
  19880 : 1B;
  19881 : 17;
  19882 : 16;
  [19883..19884] : 19;
  19885 : 10;
  19886 : 0D;
  19887 : 06;
  19888 : 09;
  [19889..19890] : 19;
  19891 : 1A;
  19892 : 19;
  19893 : 18;
  19894 : 17;
  [19895..19896] : 18;
  [19897..19899] : 17;
  19900 : 16;
  19901 : 14;
  19902 : 10;
  19903 : 04;
  19904 : 00;
  19905 : 01;
  19906 : 04;
  19907 : 08;
  19908 : 0A;
  19909 : 0F;
  19910 : 13;
  19911 : 16;
  19912 : 19;
  19913 : 1B;
  19914 : 1D;
  19915 : 1F;
  19916 : 21;
  19917 : 22;
  [19918..19919] : 23;
  19920 : 21;
  19921 : 1F;
  19922 : 1E;
  [19923..19924] : 1C;
  19925 : 1E;
  19926 : 1F;
  19927 : 1D;
  19928 : 1B;
  19929 : 16;
  19930 : 0D;
  19931 : 08;
  19932 : 01;
  19933 : 07;
  19934 : 1D;
  [19935..19936] : 19;
  19937 : 17;
  19938 : 16;
  [19939..19942] : 18;
  19943 : 17;
  [19944..19945] : 16;
  19946 : 17;
  19947 : 16;
  19948 : 10;
  19949 : 02;
  19950 : 00;
  19951 : 04;
  19952 : 09;
  19953 : 0B;
  19954 : 10;
  [19955..19956] : 12;
  19957 : 15;
  19958 : 19;
  19959 : 1D;
  [19960..19961] : 1F;
  19962 : 1E;
  19963 : 1D;
  19964 : 1E;
  [19965..19966] : 1F;
  19967 : 1E;
  19968 : 1D;
  [19969..19970] : 1F;
  [19971..19972] : 21;
  19973 : 23;
  19974 : 24;
  19975 : 1C;
  [19976..19977] : 16;
  [19978..19979] : 1B;
  19980 : 1D;
  19981 : 20;
  19982 : 21;
  19983 : 24;
  19984 : 25;
  [19985..19989] : 24;
  [19990..19991] : 25;
  19992 : 23;
  19993 : 1E;
  19994 : 1C;
  19995 : 19;
  19996 : 11;
  19997 : 0E;
  19998 : 09;
  19999 : 04;
  20000 : 0F;
  20001 : 14;
  20002 : 11;
  20003 : 13;
  20004 : 14;
  [20005..20007] : 15;
  [20008..20009] : 14;
  [20010..20012] : 13;
  20013 : 12;
  20014 : 0D;
  20015 : 03;
  20016 : 05;
  20017 : 08;
  20018 : 0C;
  20019 : 11;
  20020 : 15;
  20021 : 19;
  20022 : 1D;
  20023 : 20;
  20024 : 24;
  [20025..20026] : 27;
  [20027..20028] : 29;
  20029 : 28;
  20030 : 26;
  [20031..20033] : 25;
  20034 : 24;
  20035 : 20;
  20036 : 1E;
  20037 : 19;
  20038 : 11;
  20039 : 0C;
  20040 : 06;
  20041 : 03;
  20042 : 10;
  20043 : 12;
  20044 : 13;
  [20045..20047] : 14;
  20048 : 13;
  [20049..20050] : 14;
  20051 : 15;
  [20052..20053] : 16;
  [20054..20055] : 14;
  20056 : 0D;
  20057 : 02;
  20058 : 06;
  20059 : 0A;
  20060 : 0C;
  20061 : 14;
  20062 : 19;
  20063 : 1D;
  20064 : 21;
  [20065..20066] : 22;
  20067 : 23;
  20068 : 26;
  20069 : 28;
  20070 : 29;
  20071 : 28;
  [20072..20074] : 25;
  20075 : 26;
  20076 : 27;
  20077 : 23;
  20078 : 20;
  20079 : 1E;
  20080 : 13;
  20081 : 10;
  20082 : 0E;
  20083 : 07;
  20084 : 03;
  20085 : 0E;
  20086 : 15;
  [20087..20089] : 17;
  20090 : 16;
  [20091..20096] : 17;
  20097 : 16;
  20098 : 15;
  20099 : 11;
  20100 : 03;
  20101 : 04;
  20102 : 0A;
  20103 : 0C;
  20104 : 15;
  20105 : 19;
  20106 : 1C;
  20107 : 1E;
  20108 : 1F;
  20109 : 20;
  [20110..20112] : 1F;
  20113 : 20;
  [20114..20116] : 22;
  [20117..20118] : 20;
  20119 : 1F;
  [20120..20122] : 1E;
  [20123..20124] : 1F;
  [20125..20126] : 1E;
  20127 : 1F;
  [20128..20131] : 20;
  20132 : 1E;
  20133 : 1D;
  20134 : 1C;
  20135 : 1A;
  [20136..20138] : 19;
  20139 : 11;
  20140 : 0D;
  20141 : 04;
  20142 : 09;
  20143 : 28;
  20144 : 14;
  20145 : 16;
  [20146..20148] : 18;
  20149 : 17;
  [20150..20153] : 18;
  20154 : 19;
  20155 : 18;
  20156 : 19;
  20157 : 1B;
  [20158..20159] : 1A;
  [20160..20162] : 2E;
  20163 : 2F;
  20164 : 2E;
  20165 : 2C;
  [20166..20167] : 2E;
  20168 : 2F;
  20169 : 2B;
  [20170..20171] : 2A;
  20172 : 29;
  [20173..20174] : 28;
  20175 : 21;
  20176 : 0B;
  20177 : 02;
  20178 : 00;
  20179 : 05;
  20180 : 58;
  20181 : 73;
  20182 : 76;
  20183 : 7B;
  20184 : 7F;
  20185 : 80;
  [20186..20188] : 7F;
  [20189..20190] : 7D;
  [20191..20192] : 7E;
  [20193..20194] : 7F;
  [20195..20196] : 7E;
  20197 : 80;
  20198 : 81;
  20199 : 80;
  20200 : 81;
  20201 : 80;
  [20202..20203] : 7F;
  20204 : 48;
  [20205..20206] : 00;
  20207 : 08;
  20208 : 34;
  20209 : 42;
  20210 : 28;
  20211 : 2A;
  [20212..20213] : 29;
  20214 : 2A;
  20215 : 29;
  20216 : 28;
  20217 : 27;
  [20218..20220] : 26;
  20221 : 25;
  20222 : 21;
  20223 : 0D;
  20224 : 04;
  20225 : 06;
  [20226..20227] : 00;
  20228 : 1C;
  20229 : 60;
  20230 : 66;
  20231 : 69;
  20232 : 6D;
  20233 : 76;
  20234 : 7D;
  [20235..20236] : 81;
  [20237..20239] : 80;
  20240 : 7E;
  20241 : 7F;
  [20242..20243] : 81;
  20244 : 82;
  [20245..20246] : 81;
  20247 : 7E;
  20248 : 7D;
  20249 : 53;
  20250 : 02;
  20251 : 00;
  20252 : 07;
  20253 : 2E;
  20254 : 4B;
  20255 : 24;
  [20256..20258] : 27;
  [20259..20260] : 28;
  20261 : 27;
  20262 : 26;
  [20263..20267] : 25;
  20268 : 21;
  20269 : 0C;
  20270 : 08;
  20271 : 06;
  [20272..20273] : 01;
  20274 : 44;
  [20275..20276] : 6A;
  20277 : 6C;
  20278 : 6E;
  20279 : 73;
  20280 : 78;
  20281 : 7B;
  [20282..20284] : 7E;
  [20285..20287] : 7F;
  [20288..20289] : 7E;
  [20290..20291] : 7F;
  20292 : 80;
  20293 : 82;
  20294 : 7F;
  20295 : 4D;
  20296 : 01;
  20297 : 5C;
  20298 : 80;
  20299 : 7B;
  20300 : 7F;
  20301 : 83;
  20302 : 82;
  20303 : 81;
  [20304..20305] : 7F;
  20306 : 82;
  20307 : 84;
  20308 : 88;
  20309 : 87;
  20310 : 83;
  20311 : 80;
  20312 : 81;
  20313 : 84;
  20314 : 86;
  20315 : 72;
  20316 : 0F;
  20317 : 00;
  20318 : 06;
  20319 : 0C;
  20320 : 44;
  20321 : 2B;
  [20322..20323] : 1F;
  20324 : 1E;
  20325 : 1F;
  20326 : 20;
  [20327..20328] : 1F;
  [20329..20333] : 1E;
  20334 : 1D;
  20335 : 09;
  20336 : 08;
  [20337..20338] : 00;
  20339 : 36;
  20340 : 65;
  20341 : 6B;
  20342 : 76;
  20343 : 7E;
  20344 : 82;
  20345 : 85;
  20346 : 86;
  20347 : 89;
  20348 : 8B;
  20349 : 8C;
  20350 : 8B;
  20351 : 8A;
  20352 : 87;
  20353 : 84;
  20354 : 83;
  20355 : 84;
  20356 : 87;
  20357 : 4F;
  [20358..20359] : 00;
  20360 : 0A;
  20361 : 0F;
  20362 : 46;
  20363 : 23;
  20364 : 21;
  [20365..20367] : 20;
  20368 : 21;
  [20369..20372] : 22;
  [20373..20374] : 21;
  20375 : 23;
  20376 : 1F;
  20377 : 0A;
  20378 : 06;
  20379 : 00;
  20380 : 09;
  20381 : 5C;
  20382 : 74;
  20383 : 79;
  20384 : 7C;
  20385 : 7F;
  20386 : 82;
  20387 : 87;
  [20388..20390] : 88;
  20391 : 8A;
  20392 : 89;
  20393 : 86;
  20394 : 85;
  20395 : 86;
  20396 : 88;
  20397 : 89;
  20398 : 87;
  20399 : 76;
  20400 : 13;
  20401 : 00;
  20402 : 01;
  20403 : 0C;
  20404 : 09;
  20405 : 40;
  20406 : 2D;
  [20407..20409] : 1E;
  20410 : 1D;
  20411 : 1E;
  [20412..20415] : 1F;
  [20416..20417] : 1E;
  20418 : 1D;
  20419 : 1E;
  20420 : 0F;
  20421 : 08;
  20422 : 00;
  20423 : 02;
  20424 : 52;
  20425 : 79;
  20426 : 77;
  [20427..20428] : 76;
  20429 : 7C;
  20430 : 82;
  [20431..20432] : 85;
  20433 : 83;
  20434 : 82;
  20435 : 84;
  20436 : 85;
  20437 : 86;
  20438 : 87;
  [20439..20442] : 89;
  [20443..20446] : 8A;
  20447 : 8B;
  [20448..20449] : 8C;
  [20450..20451] : 8B;
  20452 : 89;
  [20453..20454] : 88;
  20455 : 86;
  20456 : 85;
  20457 : 82;
  20458 : 7F;
  20459 : 4A;
  20460 : 02;
  20461 : 00;
  20462 : 0C;
  20463 : 31;
  20464 : 12;
  20465 : 18;
  [20466..20467] : 19;
  20468 : 1A;
  20469 : 17;
  20470 : 18;
  [20471..20473] : 1A;
  20474 : 1B;
  20475 : 1A;
  20476 : 1B;
  20477 : 1C;
  [20478..20479] : 1B;
  20480 : 2F;
  20481 : 2E;
  [20482..20483] : 2D;
  20484 : 2E;
  [20485..20486] : 2D;
  20487 : 2C;
  [20488..20489] : 2D;
  20490 : 2B;
  20491 : 2A;
  20492 : 29;
  20493 : 28;
  20494 : 29;
  20495 : 20;
  20496 : 0A;
  20497 : 03;
  20498 : 00;
  20499 : 15;
  20500 : A7;
  [20501..20502] : C3;
  [20503..20509] : C4;
  20510 : C5;
  [20511..20512] : C4;
  20513 : C3;
  20514 : C4;
  [20515..20517] : C3;
  20518 : C2;
  20519 : C3;
  [20520..20521] : C4;
  20522 : C1;
  20523 : C0;
  20524 : 6B;
  [20525..20526] : 00;
  20527 : 11;
  20528 : 3E;
  20529 : 3F;
  20530 : 26;
  20531 : 29;
  [20532..20533] : 28;
  20534 : 29;
  20535 : 28;
  20536 : 27;
  20537 : 26;
  [20538..20540] : 25;
  20541 : 23;
  20542 : 20;
  20543 : 0C;
  20544 : 0E;
  20545 : 0C;
  [20546..20547] : 00;
  20548 : 2C;
  20549 : 98;
  20550 : A0;
  20551 : A6;
  20552 : AC;
  20553 : B2;
  20554 : B6;
  20555 : B9;
  [20556..20559] : BC;
  20560 : BE;
  20561 : BF;
  [20562..20564] : C0;
  20565 : BE;
  20566 : BB;
  20567 : B9;
  20568 : BA;
  20569 : 83;
  20570 : 05;
  20571 : 00;
  20572 : 12;
  20573 : 3B;
  20574 : 46;
  20575 : 21;
  20576 : 25;
  20577 : 26;
  [20578..20579] : 27;
  20580 : 26;
  20581 : 25;
  [20582..20583] : 24;
  20584 : 25;
  20585 : 24;
  20586 : 23;
  20587 : 22;
  20588 : 21;
  20589 : 0D;
  20590 : 13;
  20591 : 09;
  [20592..20593] : 00;
  20594 : 60;
  20595 : A1;
  20596 : A2;
  20597 : A6;
  20598 : AA;
  20599 : AD;
  20600 : B1;
  20601 : B5;
  20602 : B8;
  20603 : BB;
  [20604..20605] : BC;
  20606 : BD;
  [20607..20611] : BE;
  20612 : BF;
  [20613..20614] : BE;
  20615 : 84;
  20616 : 08;
  20617 : A0;
  20618 : CC;
  [20619..20620] : C5;
  20621 : C4;
  [20622..20624] : C3;
  [20625..20626] : C4;
  20627 : C5;
  20628 : C4;
  20629 : C2;
  [20630..20631] : C0;
  20632 : BF;
  20633 : C0;
  20634 : C1;
  20635 : A9;
  20636 : 19;
  20637 : 00;
  20638 : 09;
  20639 : 1C;
  20640 : 46;
  20641 : 27;
  [20642..20643] : 1E;
  20644 : 1D;
  [20645..20646] : 1E;
  20647 : 1D;
  [20648..20649] : 1C;
  [20650..20653] : 1D;
  20654 : 1A;
  20655 : 0C;
  20656 : 12;
  [20657..20658] : 00;
  20659 : 4E;
  20660 : 9B;
  20661 : A0;
  20662 : A8;
  20663 : AE;
  20664 : B3;
  20665 : B7;
  20666 : B9;
  20667 : BC;
  20668 : BD;
  [20669..20670] : BF;
  20671 : BE;
  20672 : BC;
  [20673..20675] : BA;
  20676 : BC;
  20677 : 72;
  [20678..20679] : 00;
  20680 : 14;
  20681 : 23;
  20682 : 46;
  20683 : 21;
  [20684..20685] : 1F;
  20686 : 20;
  20687 : 21;
  20688 : 20;
  [20689..20690] : 21;
  [20691..20692] : 20;
  [20693..20694] : 21;
  20695 : 22;
  20696 : 1D;
  20697 : 0E;
  20698 : 0A;
  20699 : 00;
  20700 : 0F;
  20701 : 88;
  20702 : A4;
  20703 : A8;
  20704 : AC;
  20705 : B2;
  20706 : B6;
  20707 : B9;
  20708 : BA;
  [20709..20710] : BB;
  20711 : BC;
  [20712..20713] : BE;
  20714 : BD;
  20715 : BB;
  20716 : B9;
  20717 : B7;
  20718 : B5;
  20719 : A5;
  20720 : 20;
  [20721..20722] : 00;
  20723 : 18;
  20724 : 1F;
  20725 : 44;
  20726 : 2B;
  20727 : 1B;
  [20728..20729] : 1C;
  [20730..20733] : 1D;
  [20734..20735] : 1C;
  [20736..20738] : 1D;
  20739 : 1E;
  20740 : 12;
  20741 : 0F;
  20742 : 00;
  20743 : 05;
  20744 : 70;
  20745 : A4;
  20746 : A3;
  20747 : A7;
  20748 : AB;
  20749 : AF;
  20750 : B3;
  20751 : B7;
  20752 : B9;
  20753 : BB;
  [20754..20755] : BD;
  20756 : BE;
  20757 : BF;
  20758 : C1;
  20759 : C2;
  20760 : C3;
  [20761..20762] : C4;
  [20763..20764] : C3;
  20765 : C4;
  [20766..20768] : C5;
  [20769..20772] : C6;
  [20773..20774] : C7;
  [20775..20776] : C6;
  20777 : C4;
  20778 : C5;
  20779 : 86;
  20780 : 06;
  20781 : 00;
  20782 : 0F;
  20783 : 38;
  20784 : 13;
  [20785..20787] : 17;
  [20788..20789] : 18;
  20790 : 19;
  [20791..20795] : 1A;
  [20796..20798] : 1B;
  20799 : 1A;
  20800 : 36;
  20801 : 33;
  20802 : 31;
  [20803..20804] : 30;
  [20805..20806] : 2F;
  [20807..20808] : 2D;
  20809 : 2F;
  20810 : 2D;
  20811 : 2B;
  20812 : 2A;
  20813 : 29;
  20814 : 2A;
  20815 : 21;
  20816 : 0F;
  20817 : 08;
  20818 : 00;
  20819 : 1A;
  20820 : BB;
  20821 : CC;
  20822 : CB;
  20823 : CD;
  20824 : CE;
  [20825..20830] : CF;
  [20831..20832] : CE;
  [20833..20834] : CD;
  [20835..20838] : CC;
  [20839..20840] : CB;
  20841 : CA;
  20842 : C8;
  20843 : CB;
  20844 : 7D;
  20845 : 04;
  20846 : 00;
  20847 : 14;
  20848 : 3D;
  20849 : 3C;
  20850 : 27;
  [20851..20854] : 29;
  [20855..20857] : 28;
  20858 : 26;
  [20859..20860] : 25;
  20861 : 23;
  20862 : 20;
  20863 : 0B;
  20864 : 13;
  20865 : 0D;
  [20866..20867] : 00;
  20868 : 2B;
  20869 : 95;
  20870 : 9E;
  20871 : A7;
  20872 : AF;
  20873 : B4;
  20874 : B9;
  20875 : BD;
  20876 : C0;
  20877 : C2;
  20878 : C3;
  [20879..20880] : C4;
  [20881..20882] : C5;
  20883 : C4;
  20884 : C3;
  20885 : C2;
  20886 : C1;
  20887 : C0;
  20888 : C3;
  20889 : 90;
  20890 : 07;
  20891 : 00;
  20892 : 16;
  20893 : 3C;
  20894 : 45;
  20895 : 22;
  20896 : 27;
  20897 : 26;
  20898 : 27;
  20899 : 26;
  20900 : 25;
  20901 : 24;
  20902 : 25;
  20903 : 24;
  20904 : 25;
  20905 : 24;
  20906 : 23;
  20907 : 22;
  20908 : 21;
  20909 : 0B;
  20910 : 15;
  20911 : 08;
  20912 : 00;
  20913 : 01;
  20914 : 61;
  20915 : 9E;
  20916 : 9F;
  20917 : A7;
  20918 : AE;
  20919 : B4;
  20920 : B8;
  20921 : BB;
  20922 : BD;
  20923 : BF;
  20924 : C0;
  [20925..20926] : C2;
  20927 : C3;
  [20928..20929] : C4;
  20930 : C5;
  [20931..20933] : C6;
  20934 : C7;
  20935 : 8E;
  20936 : 0B;
  20937 : B0;
  20938 : D6;
  [20939..20942] : C9;
  [20943..20945] : CA;
  [20946..20947] : C9;
  [20948..20949] : C8;
  [20950..20951] : C7;
  20952 : C5;
  20953 : C3;
  20954 : C0;
  20955 : A9;
  20956 : 1B;
  20957 : 00;
  20958 : 0D;
  20959 : 2A;
  20960 : 47;
  20961 : 25;
  20962 : 1D;
  20963 : 1E;
  [20964..20965] : 1D;
  20966 : 1E;
  20967 : 1D;
  20968 : 1C;
  [20969..20970] : 1D;
  [20971..20973] : 1C;
  20974 : 1A;
  20975 : 0D;
  20976 : 13;
  [20977..20978] : 00;
  20979 : 52;
  20980 : 9C;
  20981 : 9F;
  20982 : A7;
  20983 : AF;
  20984 : B6;
  20985 : B9;
  20986 : BD;
  20987 : C0;
  20988 : C1;
  [20989..20991] : C2;
  20992 : C0;
  20993 : BF;
  20994 : BE;
  20995 : BD;
  20996 : C0;
  20997 : 7C;
  20998 : 01;
  20999 : 00;
  21000 : 18;
  21001 : 2A;
  21002 : 44;
  21003 : 20;
  [21004..21005] : 1F;
  [21006..21008] : 20;
  21009 : 21;
  [21010..21011] : 20;
  [21012..21015] : 21;
  21016 : 1B;
  21017 : 0F;
  21018 : 0B;
  21019 : 00;
  21020 : 0F;
  21021 : 84;
  21022 : A1;
  21023 : A6;
  21024 : AC;
  21025 : B2;
  21026 : B6;
  21027 : B9;
  21028 : BD;
  21029 : BF;
  21030 : C1;
  [21031..21033] : C2;
  21034 : C1;
  21035 : BF;
  21036 : BC;
  21037 : B9;
  21038 : B7;
  21039 : AC;
  21040 : 24;
  [21041..21042] : 00;
  21043 : 1D;
  21044 : 29;
  21045 : 43;
  21046 : 2A;
  21047 : 1B;
  [21048..21053] : 1D;
  [21054..21056] : 1C;
  [21057..21059] : 1D;
  21060 : 14;
  21061 : 13;
  21062 : 00;
  21063 : 05;
  21064 : 70;
  21065 : A1;
  21066 : A2;
  21067 : A8;
  21068 : AE;
  21069 : B2;
  21070 : B5;
  21071 : B9;
  21072 : BC;
  21073 : C0;
  21074 : C3;
  21075 : C4;
  21076 : C5;
  21077 : C7;
  [21078..21080] : C8;
  [21081..21085] : C9;
  [21086..21087] : CA;
  [21088..21089] : CB;
  [21090..21093] : CC;
  [21094..21095] : CB;
  21096 : CA;
  21097 : C9;
  21098 : CA;
  21099 : 95;
  21100 : 0B;
  21101 : 00;
  21102 : 15;
  21103 : 3C;
  21104 : 10;
  21105 : 15;
  21106 : 16;
  21107 : 18;
  21108 : 19;
  21109 : 1B;
  [21110..21112] : 1A;
  [21113..21119] : 1B;
  [21120..21121] : 35;
  21122 : 34;
  [21123..21126] : 32;
  21127 : 31;
  [21128..21129] : 2E;
  21130 : 2F;
  21131 : 2D;
  [21132..21133] : 2B;
  21134 : 2A;
  21135 : 22;
  21136 : 13;
  21137 : 0A;
  21138 : 00;
  21139 : 1D;
  21140 : C2;
  [21141..21142] : D2;
  21143 : D3;
  21144 : D4;
  [21145..21147] : D5;
  21148 : D6;
  [21149..21152] : D5;
  [21153..21154] : D4;
  [21155..21157] : D3;
  21158 : D2;
  21159 : D1;
  21160 : D0;
  21161 : CF;
  21162 : CE;
  21163 : D2;
  21164 : 84;
  21165 : 03;
  21166 : 00;
  21167 : 16;
  21168 : 41;
  21169 : 3F;
  21170 : 28;
  21171 : 29;
  [21172..21173] : 2A;
  21174 : 29;
  [21175..21176] : 2A;
  21177 : 29;
  [21178..21179] : 26;
  21180 : 25;
  21181 : 24;
  21182 : 20;
  21183 : 0B;
  21184 : 18;
  21185 : 0D;
  [21186..21187] : 00;
  21188 : 2D;
  21189 : 98;
  21190 : A0;
  21191 : A8;
  21192 : B0;
  21193 : B7;
  21194 : BD;
  21195 : C1;
  21196 : C5;
  21197 : C7;
  21198 : C9;
  [21199..21201] : CA;
  [21202..21203] : C9;
  21204 : C8;
  [21205..21206] : C7;
  21207 : C6;
  21208 : CA;
  21209 : 99;
  21210 : 09;
  21211 : 00;
  21212 : 19;
  21213 : 3E;
  21214 : 45;
  21215 : 22;
  [21216..21218] : 27;
  21219 : 26;
  [21220..21222] : 25;
  [21223..21227] : 24;
  21228 : 21;
  21229 : 0B;
  21230 : 17;
  21231 : 07;
  [21232..21233] : 00;
  21234 : 63;
  [21235..21236] : A3;
  21237 : A9;
  21238 : B2;
  21239 : B8;
  21240 : BC;
  21241 : BF;
  21242 : C1;
  21243 : C4;
  21244 : C6;
  21245 : C7;
  21246 : C8;
  21247 : C9;
  [21248..21249] : CA;
  21250 : CB;
  21251 : CC;
  [21252..21254] : CD;
  21255 : 94;
  21256 : 0A;
  21257 : B3;
  21258 : DA;
  [21259..21260] : CD;
  [21261..21262] : CE;
  [21263..21264] : CF;
  [21265..21267] : CE;
  [21268..21269] : CD;
  21270 : CC;
  21271 : CB;
  21272 : C9;
  [21273..21274] : C7;
  21275 : B1;
  21276 : 1D;
  21277 : 00;
  21278 : 0B;
  21279 : 2D;
  21280 : 48;
  21281 : 27;
  [21282..21284] : 1E;
  21285 : 1D;
  [21286..21287] : 1E;
  [21288..21289] : 1D;
  21290 : 1C;
  [21291..21293] : 1B;
  21294 : 19;
  21295 : 0E;
  21296 : 15;
  [21297..21298] : 00;
  21299 : 53;
  21300 : 9E;
  21301 : A0;
  21302 : A9;
  21303 : B2;
  21304 : BA;
  21305 : BF;
  21306 : C2;
  21307 : C4;
  [21308..21309] : C6;
  [21310..21311] : C7;
  21312 : C6;
  21313 : C5;
  21314 : C4;
  21315 : C2;
  21316 : C7;
  21317 : 83;
  21318 : 01;
  21319 : 00;
  21320 : 19;
  21321 : 31;
  21322 : 47;
  21323 : 22;
  [21324..21326] : 1F;
  [21327..21328] : 20;
  [21329..21331] : 21;
  [21332..21334] : 20;
  21335 : 21;
  21336 : 1A;
  21337 : 12;
  21338 : 0C;
  21339 : 00;
  21340 : 0E;
  21341 : 85;
  21342 : A4;
  21343 : A8;
  21344 : AF;
  21345 : B5;
  21346 : BB;
  21347 : BE;
  21348 : C1;
  21349 : C4;
  21350 : C6;
  [21351..21353] : C7;
  21354 : C5;
  21355 : C3;
  21356 : C0;
  21357 : BE;
  21358 : BD;
  21359 : B3;
  21360 : 28;
  21361 : 00;
  21362 : 02;
  21363 : 20;
  21364 : 2E;
  21365 : 42;
  21366 : 2A;
  21367 : 1B;
  [21368..21369] : 1D;
  [21370..21371] : 1E;
  [21372..21374] : 1D;
  [21375..21377] : 1C;
  [21378..21379] : 1D;
  21380 : 16;
  21381 : 17;
  21382 : 00;
  21383 : 04;
  21384 : 72;
  21385 : A5;
  21386 : A6;
  21387 : AB;
  21388 : B0;
  21389 : B5;
  21390 : BA;
  21391 : BE;
  21392 : C2;
  21393 : C6;
  21394 : C8;
  21395 : CA;
  21396 : CC;
  [21397..21398] : CD;
  21399 : CE;
  [21400..21401] : CF;
  [21402..21405] : D0;
  21406 : D1;
  [21407..21408] : D0;
  [21409..21410] : D1;
  [21411..21413] : D2;
  [21414..21415] : D1;
  21416 : D0;
  21417 : CF;
  21418 : D1;
  21419 : 9E;
  21420 : 0E;
  21421 : 00;
  21422 : 16;
  21423 : 39;
  21424 : 12;
  21425 : 17;
  21426 : 18;
  [21427..21429] : 1A;
  21430 : 19;
  [21431..21432] : 1A;
  [21433..21437] : 1B;
  [21438..21439] : 1C;
  21440 : 35;
  21441 : 36;
  21442 : 31;
  21443 : 30;
  21444 : 2E;
  21445 : 2F;
  [21446..21447] : 30;
  21448 : 2E;
  21449 : 2D;
  [21450..21451] : 2C;
  [21452..21454] : 2A;
  21455 : 22;
  21456 : 12;
  21457 : 0A;
  21458 : 00;
  21459 : 1F;
  21460 : C9;
  21461 : D9;
  21462 : D8;
  21463 : D9;
  [21464..21465] : DA;
  [21466..21467] : DB;
  21468 : DC;
  21469 : DB;
  21470 : DC;
  [21471..21473] : DB;
  [21474..21475] : DA;
  21476 : D9;
  [21477..21478] : D8;
  21479 : D7;
  21480 : D6;
  21481 : D5;
  21482 : D3;
  21483 : D7;
  21484 : 87;
  21485 : 04;
  21486 : 00;
  21487 : 19;
  21488 : 46;
  21489 : 41;
  21490 : 27;
  21491 : 29;
  [21492..21493] : 2A;
  21494 : 29;
  [21495..21496] : 2A;
  21497 : 29;
  21498 : 27;
  21499 : 26;
  21500 : 25;
  21501 : 24;
  21502 : 20;
  21503 : 0C;
  21504 : 1C;
  21505 : 0E;
  [21506..21507] : 00;
  21508 : 2D;
  21509 : 9A;
  21510 : A3;
  21511 : AC;
  21512 : B4;
  21513 : BC;
  21514 : C1;
  21515 : C6;
  21516 : C9;
  21517 : CB;
  21518 : CD;
  21519 : CE;
  [21520..21521] : CF;
  21522 : CE;
  21523 : CF;
  [21524..21525] : CE;
  21526 : CD;
  21527 : CC;
  21528 : D0;
  21529 : 9F;
  21530 : 09;
  21531 : 00;
  21532 : 1B;
  21533 : 40;
  21534 : 46;
  21535 : 23;
  21536 : 27;
  [21537..21538] : 28;
  21539 : 27;
  21540 : 26;
  21541 : 27;
  [21542..21543] : 25;
  [21544..21545] : 24;
  21546 : 25;
  21547 : 23;
  21548 : 22;
  21549 : 0B;
  21550 : 1A;
  21551 : 07;
  [21552..21553] : 00;
  21554 : 67;
  21555 : A9;
  21556 : A7;
  21557 : AC;
  21558 : B4;
  21559 : BB;
  21560 : C0;
  21561 : C4;
  21562 : C7;
  21563 : C9;
  21564 : CB;
  21565 : CC;
  21566 : CD;
  21567 : CE;
  21568 : CF;
  21569 : D0;
  [21570..21571] : D1;
  21572 : D2;
  21573 : D3;
  21574 : D1;
  21575 : 96;
  21576 : 0A;
  21577 : B6;
  21578 : DF;
  [21579..21581] : D3;
  21582 : D4;
  [21583..21587] : D3;
  21588 : D2;
  [21589..21590] : D1;
  21591 : D0;
  21592 : CE;
  21593 : CD;
  21594 : CE;
  21595 : B9;
  21596 : 20;
  21597 : 00;
  21598 : 0B;
  21599 : 30;
  21600 : 48;
  21601 : 27;
  21602 : 1D;
  [21603..21605] : 1E;
  [21606..21609] : 1D;
  [21610..21612] : 1C;
  21613 : 1B;
  21614 : 18;
  21615 : 0F;
  21616 : 17;
  [21617..21618] : 00;
  21619 : 55;
  21620 : A2;
  21621 : A5;
  21622 : AE;
  21623 : B7;
  21624 : BE;
  21625 : C3;
  21626 : C6;
  21627 : C8;
  21628 : CA;
  21629 : CB;
  [21630..21631] : CC;
  21632 : CB;
  21633 : CA;
  21634 : C9;
  21635 : C7;
  21636 : CD;
  21637 : 88;
  21638 : 01;
  21639 : 00;
  21640 : 1B;
  21641 : 38;
  21642 : 4A;
  21643 : 22;
  [21644..21646] : 1F;
  [21647..21649] : 20;
  [21650..21651] : 21;
  21652 : 20;
  21653 : 1F;
  21654 : 20;
  21655 : 21;
  21656 : 1A;
  21657 : 13;
  21658 : 0D;
  21659 : 00;
  21660 : 0F;
  21661 : 89;
  21662 : A7;
  21663 : AB;
  21664 : B2;
  21665 : B9;
  21666 : BF;
  21667 : C3;
  21668 : C6;
  21669 : C9;
  [21670..21671] : CB;
  [21672..21673] : CA;
  21674 : C9;
  21675 : C8;
  21676 : C5;
  21677 : C4;
  21678 : C3;
  21679 : BB;
  21680 : 2B;
  21681 : 00;
  21682 : 01;
  21683 : 20;
  21684 : 31;
  21685 : 42;
  21686 : 2B;
  21687 : 1B;
  21688 : 1D;
  [21689..21692] : 1E;
  21693 : 1D;
  [21694..21699] : 1C;
  21700 : 17;
  21701 : 19;
  21702 : 00;
  21703 : 04;
  21704 : 76;
  21705 : AA;
  21706 : A9;
  21707 : AD;
  21708 : B3;
  21709 : B9;
  21710 : BE;
  21711 : C3;
  21712 : C7;
  21713 : CA;
  21714 : CD;
  21715 : CE;
  21716 : D0;
  21717 : D1;
  21718 : D2;
  [21719..21720] : D4;
  [21721..21727] : D5;
  21728 : D6;
  21729 : D5;
  21730 : D6;
  [21731..21733] : D7;
  [21734..21736] : D6;
  21737 : D5;
  21738 : D8;
  21739 : A2;
  21740 : 0E;
  21741 : 00;
  21742 : 15;
  21743 : 3C;
  21744 : 17;
  21745 : 1A;
  21746 : 19;
  [21747..21748] : 1A;
  21749 : 1B;
  21750 : 1C;
  21751 : 1D;
  [21752..21753] : 1E;
  [21754..21756] : 1D;
  21757 : 1F;
  [21758..21759] : 21;
  21760 : 37;
  [21761..21762] : 36;
  21763 : 34;
  21764 : 32;
  [21765..21766] : 31;
  21767 : 30;
  [21768..21769] : 2F;
  [21770..21771] : 2E;
  21772 : 2D;
  21773 : 2C;
  21774 : 2B;
  21775 : 22;
  21776 : 13;
  21777 : 0A;
  21778 : 00;
  21779 : 22;
  21780 : CF;
  21781 : DE;
  21782 : DD;
  21783 : DE;
  [21784..21785] : DF;
  [21786..21788] : E0;
  21789 : DF;
  21790 : E0;
  [21791..21793] : DF;
  [21794..21795] : DE;
  21796 : DD;
  [21797..21798] : DC;
  [21799..21800] : DA;
  21801 : D9;
  21802 : D7;
  21803 : DB;
  21804 : 8C;
  21805 : 05;
  21806 : 00;
  21807 : 1C;
  21808 : 46;
  21809 : 41;
  21810 : 27;
  21811 : 29;
  21812 : 2A;
  [21813..21816] : 29;
  21817 : 28;
  21818 : 27;
  21819 : 26;
  21820 : 25;
  21821 : 24;
  21822 : 20;
  21823 : 0A;
  21824 : 1E;
  21825 : 0F;
  [21826..21827] : 00;
  21828 : 2D;
  21829 : 9D;
  21830 : A6;
  21831 : AE;
  21832 : B7;
  21833 : BF;
  21834 : C4;
  21835 : C9;
  21836 : CC;
  21837 : CF;
  21838 : D1;
  [21839..21842] : D3;
  21843 : D4;
  [21844..21845] : D3;
  21846 : D1;
  21847 : D0;
  21848 : D4;
  21849 : A4;
  21850 : 0A;
  21851 : 00;
  21852 : 1D;
  21853 : 43;
  21854 : 48;
  21855 : 24;
  [21856..21857] : 28;
  21858 : 29;
  21859 : 28;
  21860 : 26;
  21861 : 27;
  21862 : 25;
  [21863..21864] : 24;
  21865 : 25;
  21866 : 24;
  21867 : 23;
  21868 : 21;
  21869 : 0B;
  21870 : 1C;
  21871 : 08;
  21872 : 00;
  21873 : 01;
  21874 : 6A;
  21875 : AC;
  21876 : AA;
  21877 : B0;
  21878 : B8;
  21879 : BE;
  21880 : C3;
  21881 : C8;
  21882 : CB;
  21883 : CD;
  21884 : CF;
  21885 : D0;
  21886 : D1;
  [21887..21888] : D3;
  21889 : D4;
  [21890..21891] : D5;
  21892 : D6;
  21893 : D7;
  21894 : D4;
  21895 : 98;
  21896 : 0B;
  21897 : B9;
  21898 : E3;
  21899 : D7;
  [21900..21902] : D8;
  21903 : D7;
  [21904..21906] : D8;
  21907 : D7;
  [21908..21909] : D6;
  21910 : D5;
  21911 : D4;
  21912 : D3;
  21913 : D1;
  21914 : D2;
  21915 : BE;
  21916 : 21;
  21917 : 00;
  21918 : 0B;
  21919 : 37;
  21920 : 49;
  21921 : 26;
  21922 : 1C;
  [21923..21924] : 1E;
  21925 : 1F;
  21926 : 1E;
  21927 : 1D;
  [21928..21929] : 1C;
  21930 : 1B;
  [21931..21933] : 1C;
  21934 : 18;
  21935 : 10;
  21936 : 18;
  [21937..21938] : 00;
  21939 : 59;
  21940 : A7;
  21941 : A9;
  21942 : B1;
  21943 : B9;
  21944 : C1;
  21945 : C6;
  21946 : C9;
  21947 : CB;
  21948 : CD;
  21949 : CE;
  [21950..21951] : D0;
  21952 : CF;
  [21953..21954] : CD;
  21955 : CC;
  21956 : D1;
  21957 : 8C;
  21958 : 02;
  21959 : 00;
  21960 : 1B;
  21961 : 3B;
  21962 : 4B;
  21963 : 21;
  [21964..21965] : 1F;
  [21966..21969] : 20;
  21970 : 21;
  [21971..21974] : 20;
  21975 : 21;
  21976 : 1A;
  21977 : 15;
  21978 : 0E;
  21979 : 00;
  21980 : 11;
  21981 : 8E;
  21982 : AB;
  21983 : AF;
  21984 : B6;
  21985 : BD;
  21986 : C2;
  21987 : C6;
  21988 : C9;
  21989 : CC;
  21990 : CD;
  [21991..21992] : CE;
  21993 : CD;
  21994 : CC;
  21995 : CB;
  21996 : C9;
  21997 : C8;
  21998 : C7;
  21999 : BF;
  22000 : 2C;
  22001 : 00;
  22002 : 01;
  22003 : 23;
  22004 : 37;
  22005 : 44;
  22006 : 2C;
  22007 : 1C;
  22008 : 1D;
  [22009..22012] : 1E;
  22013 : 1D;
  [22014..22019] : 1C;
  22020 : 17;
  22021 : 19;
  22022 : 00;
  22023 : 05;
  22024 : 79;
  22025 : AC;
  22026 : AB;
  22027 : B0;
  22028 : B6;
  22029 : BC;
  22030 : C2;
  22031 : C6;
  22032 : CA;
  22033 : CD;
  22034 : D0;
  22035 : D2;
  22036 : D4;
  [22037..22038] : D6;
  [22039..22041] : D8;
  [22042..22047] : D9;
  [22048..22049] : DA;
  [22050..22052] : DB;
  [22053..22056] : DA;
  22057 : D9;
  22058 : DC;
  22059 : A7;
  22060 : 10;
  22061 : 00;
  22062 : 19;
  22063 : 40;
  22064 : 17;
  22065 : 1A;
  22066 : 19;
  22067 : 1B;
  22068 : 1A;
  22069 : 1B;
  [22070..22071] : 1C;
  22072 : 1B;
  22073 : 1C;
  [22074..22075] : 1A;
  22076 : 1B;
  22077 : 1D;
  [22078..22079] : 1E;
  [22080..22082] : 35;
  [22083..22084] : 34;
  22085 : 33;
  [22086..22090] : 31;
  22091 : 30;
  22092 : 2D;
  22093 : 2A;
  22094 : 28;
  22095 : 21;
  22096 : 14;
  22097 : 0B;
  22098 : 00;
  22099 : 24;
  22100 : D4;
  22101 : E2;
  22102 : E0;
  [22103..22104] : E2;
  [22105..22107] : E3;
  [22108..22112] : E2;
  [22113..22114] : E1;
  [22115..22116] : E0;
  22117 : DF;
  22118 : DE;
  22119 : DD;
  22120 : DC;
  22121 : DB;
  22122 : DA;
  22123 : DE;
  22124 : 93;
  22125 : 06;
  22126 : 00;
  22127 : 1E;
  22128 : 46;
  22129 : 41;
  22130 : 27;
  [22131..22133] : 2A;
  22134 : 29;
  [22135..22137] : 28;
  22138 : 27;
  22139 : 26;
  22140 : 25;
  22141 : 24;
  22142 : 1F;
  22143 : 0A;
  22144 : 1F;
  22145 : 0F;
  [22146..22147] : 00;
  22148 : 2F;
  22149 : A0;
  22150 : AA;
  22151 : B1;
  22152 : BA;
  22153 : C1;
  22154 : C7;
  22155 : CB;
  22156 : CE;
  22157 : D1;
  22158 : D3;
  [22159..22161] : D6;
  [22162..22164] : D7;
  22165 : D6;
  22166 : D5;
  22167 : D4;
  22168 : D8;
  22169 : AA;
  22170 : 0C;
  22171 : 00;
  22172 : 21;
  22173 : 45;
  22174 : 48;
  22175 : 24;
  [22176..22178] : 29;
  22179 : 28;
  [22180..22181] : 27;
  22182 : 25;
  [22183..22184] : 24;
  22185 : 25;
  22186 : 24;
  22187 : 23;
  22188 : 21;
  22189 : 0C;
  22190 : 20;
  22191 : 08;
  22192 : 00;
  22193 : 01;
  22194 : 6C;
  22195 : AF;
  22196 : AE;
  22197 : B4;
  22198 : BB;
  22199 : C1;
  22200 : C6;
  22201 : CA;
  22202 : CD;
  22203 : CF;
  22204 : D2;
  22205 : D3;
  22206 : D5;
  22207 : D6;
  22208 : D7;
  [22209..22211] : D8;
  22212 : D9;
  22213 : DA;
  22214 : D7;
  22215 : 9B;
  22216 : 0D;
  22217 : BD;
  22218 : E6;
  [22219..22223] : DB;
  [22224..22225] : DA;
  22226 : DB;
  [22227..22228] : DA;
  22229 : D9;
  22230 : D8;
  22231 : D7;
  22232 : D6;
  [22233..22234] : D5;
  22235 : C1;
  22236 : 23;
  22237 : 00;
  22238 : 0C;
  22239 : 3D;
  22240 : 49;
  22241 : 27;
  [22242..22243] : 1C;
  [22244..22245] : 1E;
  [22246..22247] : 1D;
  [22248..22249] : 1C;
  22250 : 1B;
  [22251..22252] : 1C;
  22253 : 1B;
  22254 : 19;
  22255 : 10;
  22256 : 19;
  [22257..22258] : 00;
  22259 : 5C;
  22260 : AB;
  22261 : AC;
  22262 : B3;
  22263 : BC;
  22264 : C3;
  22265 : C8;
  22266 : CC;
  22267 : CE;
  22268 : D0;
  22269 : D1;
  [22270..22272] : D2;
  [22273..22275] : D0;
  22276 : D4;
  22277 : 91;
  22278 : 03;
  22279 : 00;
  22280 : 1D;
  22281 : 40;
  22282 : 4A;
  22283 : 20;
  [22284..22285] : 1F;
  [22286..22294] : 20;
  22295 : 21;
  22296 : 1A;
  22297 : 17;
  22298 : 0F;
  22299 : 00;
  22300 : 11;
  22301 : 93;
  22302 : AF;
  22303 : B2;
  22304 : B8;
  22305 : BE;
  22306 : C4;
  22307 : C8;
  22308 : CB;
  22309 : CE;
  22310 : CF;
  22311 : D0;
  22312 : D1;
  [22313..22314] : D0;
  22315 : CE;
  22316 : CD;
  [22317..22318] : CA;
  22319 : C1;
  22320 : 2E;
  22321 : 00;
  22322 : 02;
  22323 : 26;
  22324 : 3D;
  22325 : 47;
  22326 : 2C;
  22327 : 1C;
  [22328..22333] : 1D;
  [22334..22338] : 1C;
  22339 : 1B;
  22340 : 17;
  22341 : 1B;
  22342 : 00;
  22343 : 06;
  22344 : 7B;
  22345 : B0;
  22346 : AF;
  22347 : B3;
  22348 : B9;
  22349 : BF;
  22350 : C4;
  22351 : C9;
  22352 : CD;
  22353 : CF;
  22354 : D2;
  22355 : D4;
  22356 : D6;
  22357 : D8;
  22358 : D9;
  22359 : DA;
  [22360..22362] : DB;
  22363 : DC;
  [22364..22366] : DB;
  [22367..22368] : DC;
  [22369..22372] : DD;
  22373 : DC;
  [22374..22376] : DD;
  22377 : DC;
  22378 : DF;
  22379 : B0;
  22380 : 14;
  22381 : 00;
  22382 : 1C;
  22383 : 3E;
  22384 : 13;
  22385 : 17;
  22386 : 18;
  22387 : 19;
  22388 : 1A;
  [22389..22390] : 1B;
  [22391..22392] : 1A;
  22393 : 19;
  [22394..22396] : 1A;
  22397 : 1C;
  [22398..22399] : 1D;
  22400 : 37;
  22401 : 36;
  22402 : 35;
  [22403..22405] : 34;
  22406 : 32;
  [22407..22409] : 31;
  22410 : 32;
  22411 : 30;
  22412 : 2C;
  22413 : 2A;
  22414 : 29;
  22415 : 22;
  22416 : 15;
  22417 : 0B;
  22418 : 00;
  22419 : 26;
  22420 : D9;
  22421 : E5;
  22422 : E4;
  [22423..22428] : E5;
  [22429..22433] : E4;
  22434 : E3;
  [22435..22436] : E2;
  [22437..22438] : E1;
  22439 : E0;
  22440 : DF;
  22441 : DD;
  22442 : DC;
  22443 : E0;
  22444 : 96;
  22445 : 07;
  22446 : 00;
  22447 : 21;
  22448 : 4A;
  22449 : 43;
  22450 : 27;
  [22451..22454] : 2A;
  [22455..22458] : 28;
  22459 : 26;
  22460 : 25;
  22461 : 24;
  22462 : 20;
  22463 : 0B;
  22464 : 22;
  22465 : 0F;
  [22466..22467] : 00;
  22468 : 30;
  22469 : A3;
  22470 : AC;
  22471 : B3;
  22472 : BC;
  22473 : C3;
  22474 : C9;
  22475 : CE;
  22476 : D1;
  22477 : D4;
  22478 : D6;
  22479 : D8;
  [22480..22484] : D9;
  [22485..22487] : D8;
  22488 : DB;
  22489 : AF;
  22490 : 0E;
  22491 : 00;
  22492 : 23;
  22493 : 46;
  22494 : 49;
  22495 : 25;
  22496 : 28;
  22497 : 29;
  [22498..22499] : 28;
  22500 : 27;
  22501 : 26;
  22502 : 25;
  22503 : 24;
  22504 : 23;
  [22505..22506] : 24;
  22507 : 23;
  22508 : 22;
  22509 : 0D;
  22510 : 22;
  22511 : 07;
  22512 : 00;
  22513 : 01;
  22514 : 6F;
  22515 : B3;
  22516 : B2;
  22517 : B7;
  22518 : BD;
  22519 : C4;
  22520 : C8;
  22521 : CC;
  22522 : CF;
  22523 : D1;
  22524 : D3;
  22525 : D6;
  22526 : D7;
  22527 : D8;
  22528 : D9;
  [22529..22530] : DA;
  [22531..22532] : DB;
  22533 : DC;
  22534 : DA;
  22535 : A0;
  22536 : 0D;
  22537 : C0;
  22538 : E8;
  [22539..22540] : DD;
  [22541..22543] : DE;
  [22544..22547] : DD;
  [22548..22549] : DC;
  22550 : DB;
  22551 : DA;
  22552 : D9;
  [22553..22554] : D7;
  22555 : C5;
  22556 : 26;
  22557 : 00;
  22558 : 0D;
  22559 : 40;
  22560 : 47;
  22561 : 27;
  22562 : 1C;
  [22563..22567] : 1D;
  [22568..22573] : 1C;
  22574 : 18;
  22575 : 10;
  22576 : 1A;
  [22577..22578] : 00;
  22579 : 5E;
  22580 : AD;
  22581 : AE;
  22582 : B5;
  22583 : BD;
  22584 : C5;
  22585 : CA;
  22586 : CE;
  22587 : D0;
  22588 : D2;
  22589 : D3;
  [22590..22592] : D4;
  22593 : D3;
  22594 : D2;
  22595 : D3;
  22596 : D7;
  22597 : 95;
  22598 : 04;
  22599 : 00;
  22600 : 1E;
  22601 : 43;
  22602 : 4B;
  22603 : 21;
  22604 : 1E;
  [22605..22606] : 1F;
  [22607..22614] : 20;
  22615 : 21;
  22616 : 1A;
  22617 : 18;
  22618 : 10;
  22619 : 00;
  22620 : 13;
  22621 : 97;
  22622 : B2;
  22623 : B4;
  22624 : BA;
  22625 : C0;
  22626 : C5;
  22627 : CA;
  22628 : CE;
  22629 : D0;
  22630 : D1;
  [22631..22632] : D2;
  22633 : D3;
  22634 : D2;
  22635 : D1;
  22636 : CF;
  [22637..22638] : CD;
  22639 : C5;
  22640 : 31;
  22641 : 00;
  22642 : 02;
  22643 : 28;
  22644 : 40;
  22645 : 47;
  22646 : 2C;
  22647 : 1B;
  [22648..22652] : 1D;
  [22653..22656] : 1C;
  [22657..22658] : 1B;
  22659 : 1A;
  22660 : 17;
  22661 : 1D;
  22662 : 00;
  22663 : 08;
  22664 : 7F;
  22665 : B3;
  22666 : B2;
  22667 : B6;
  22668 : BB;
  22669 : C0;
  22670 : C6;
  22671 : CA;
  22672 : CF;
  22673 : D2;
  22674 : D4;
  22675 : D6;
  22676 : D8;
  22677 : D9;
  22678 : DB;
  [22679..22680] : DC;
  [22681..22685] : DD;
  [22686..22688] : DE;
  [22689..22697] : DF;
  22698 : E2;
  22699 : B6;
  22700 : 17;
  22701 : 00;
  22702 : 1D;
  22703 : 3E;
  22704 : 13;
  22705 : 18;
  22706 : 19;
  22707 : 1A;
  [22708..22710] : 1B;
  22711 : 1A;
  [22712..22713] : 1B;
  22714 : 1D;
  22715 : 1C;
  [22716..22718] : 1D;
  22719 : 1E;
  22720 : 34;
  [22721..22722] : 36;
  22723 : 34;
  22724 : 36;
  22725 : 35;
  22726 : 34;
  22727 : 32;
  22728 : 31;
  [22729..22730] : 30;
  22731 : 2E;
  22732 : 2D;
  22733 : 2C;
  22734 : 2B;
  22735 : 23;
  22736 : 15;
  22737 : 0B;
  22738 : 00;
  22739 : 29;
  22740 : DD;
  22741 : E8;
  [22742..22743] : E6;
  [22744..22745] : E7;
  22746 : E6;
  [22747..22750] : E7;
  [22751..22753] : E6;
  [22754..22756] : E5;
  22757 : E4;
  22758 : E3;
  22759 : E2;
  22760 : E1;
  [22761..22762] : DF;
  22763 : E2;
  22764 : 99;
  22765 : 08;
  22766 : 00;
  22767 : 23;
  22768 : 4E;
  22769 : 44;
  22770 : 27;
  [22771..22774] : 2A;
  22775 : 29;
  22776 : 28;
  22777 : 27;
  22778 : 28;
  22779 : 27;
  22780 : 26;
  22781 : 24;
  22782 : 21;
  22783 : 0B;
  22784 : 24;
  22785 : 10;
  [22786..22787] : 00;
  22788 : 30;
  22789 : A6;
  22790 : AE;
  22791 : B6;
  22792 : BE;
  22793 : C5;
  22794 : CB;
  22795 : D0;
  22796 : D3;
  22797 : D6;
  22798 : D8;
  [22799..22800] : DA;
  [22801..22805] : DB;
  [22806..22807] : DA;
  22808 : DE;
  22809 : B4;
  22810 : 0F;
  22811 : 00;
  22812 : 24;
  22813 : 46;
  22814 : 47;
  22815 : 24;
  [22816..22818] : 28;
  22819 : 29;
  22820 : 27;
  [22821..22822] : 26;
  22823 : 25;
  [22824..22827] : 24;
  22828 : 21;
  22829 : 0D;
  22830 : 23;
  22831 : 07;
  22832 : 00;
  22833 : 01;
  22834 : 72;
  22835 : B5;
  22836 : B4;
  22837 : B8;
  22838 : BE;
  22839 : C5;
  22840 : CA;
  22841 : CD;
  22842 : D1;
  22843 : D3;
  22844 : D6;
  22845 : D7;
  22846 : D8;
  22847 : DA;
  22848 : DB;
  [22849..22851] : DD;
  [22852..22853] : DE;
  22854 : DC;
  22855 : A3;
  22856 : 0D;
  22857 : C3;
  22858 : EB;
  [22859..22864] : E0;
  [22865..22867] : DF;
  [22868..22869] : DE;
  22870 : DD;
  22871 : DB;
  22872 : DA;
  [22873..22874] : D9;
  22875 : C9;
  22876 : 28;
  22877 : 00;
  22878 : 0D;
  22879 : 42;
  22880 : 46;
  22881 : 26;
  [22882..22883] : 1B;
  22884 : 1C;
  [22885..22886] : 1D;
  [22887..22890] : 1C;
  [22891..22892] : 1B;
  22893 : 1A;
  22894 : 17;
  22895 : 11;
  22896 : 1B;
  [22897..22898] : 00;
  22899 : 60;
  22900 : AE;
  22901 : B0;
  22902 : B7;
  22903 : BF;
  22904 : C6;
  22905 : CB;
  22906 : CF;
  22907 : D2;
  22908 : D4;
  22909 : D5;
  [22910..22911] : D6;
  [22912..22913] : D5;
  22914 : D4;
  22915 : D5;
  22916 : D9;
  22917 : 99;
  22918 : 05;
  22919 : 00;
  22920 : 1E;
  22921 : 45;
  22922 : 4C;
  22923 : 21;
  [22924..22925] : 1F;
  [22926..22930] : 20;
  22931 : 1F;
  [22932..22934] : 20;
  22935 : 21;
  22936 : 19;
  22937 : 18;
  22938 : 10;
  22939 : 00;
  22940 : 14;
  22941 : 9A;
  22942 : B4;
  22943 : B6;
  22944 : BB;
  22945 : C1;
  22946 : C7;
  22947 : CB;
  22948 : CF;
  22949 : D1;
  22950 : D2;
  22951 : D3;
  [22952..22953] : D4;
  [22954..22955] : D3;
  22956 : D1;
  [22957..22958] : CF;
  22959 : C9;
  22960 : 33;
  22961 : 00;
  22962 : 02;
  22963 : 27;
  22964 : 42;
  22965 : 46;
  22966 : 2C;
  22967 : 1B;
  22968 : 1D;
  [22969..22971] : 1C;
  22972 : 1D;
  22973 : 1C;
  [22974..22977] : 1B;
  22978 : 1A;
  22979 : 19;
  22980 : 17;
  22981 : 1E;
  22982 : 00;
  22983 : 09;
  22984 : 83;
  22985 : B6;
  22986 : B4;
  22987 : B8;
  22988 : BC;
  22989 : C1;
  22990 : C7;
  22991 : CD;
  22992 : D0;
  22993 : D3;
  22994 : D6;
  22995 : D7;
  22996 : DA;
  22997 : DB;
  22998 : DC;
  [22999..23000] : DD;
  23001 : DE;
  [23002..23006] : DF;
  [23007..23012] : E0;
  [23013..23017] : E1;
  23018 : E4;
  23019 : BA;
  23020 : 18;
  23021 : 00;
  23022 : 1E;
  23023 : 41;
  23024 : 13;
  23025 : 18;
  [23026..23027] : 1A;
  [23028..23029] : 19;
  [23030..23031] : 1B;
  [23032..23033] : 1C;
  [23034..23036] : 1D;
  [23037..23038] : 1E;
  23039 : 1D;
  23040 : 36;
  23041 : 38;
  23042 : 39;
  23043 : 36;
  23044 : 34;
  23045 : 35;
  23046 : 32;
  23047 : 31;
  [23048..23049] : 30;
  [23050..23051] : 2E;
  23052 : 2D;
  23053 : 2E;
  23054 : 2D;
  23055 : 23;
  23056 : 15;
  23057 : 0C;
  23058 : 00;
  23059 : 2A;
  23060 : DF;
  23061 : EA;
  23062 : E8;
  [23063..23068] : E9;
  [23069..23071] : E8;
  [23072..23074] : E7;
  [23075..23077] : E6;
  23078 : E5;
  23079 : E3;
  23080 : E2;
  23081 : E1;
  23082 : E0;
  23083 : E4;
  23084 : 9E;
  23085 : 09;
  23086 : 00;
  23087 : 24;
  23088 : 4E;
  23089 : 44;
  23090 : 27;
  [23091..23093] : 29;
  23094 : 2A;
  23095 : 29;
  [23096..23097] : 28;
  23098 : 29;
  23099 : 28;
  23100 : 27;
  23101 : 26;
  23102 : 21;
  23103 : 0A;
  23104 : 25;
  23105 : 10;
  [23106..23107] : 00;
  23108 : 31;
  23109 : A7;
  23110 : B0;
  23111 : B8;
  23112 : C0;
  23113 : C6;
  23114 : CD;
  23115 : D1;
  23116 : D4;
  23117 : D7;
  23118 : D9;
  23119 : DA;
  23120 : DB;
  [23121..23122] : DC;
  23123 : DD;
  [23124..23127] : DC;
  23128 : E1;
  23129 : B7;
  23130 : 0F;
  23131 : 00;
  23132 : 24;
  23133 : 46;
  23134 : 47;
  23135 : 24;
  [23136..23138] : 29;
  23139 : 28;
  23140 : 27;
  23141 : 26;
  [23142..23143] : 25;
  [23144..23146] : 24;
  23147 : 23;
  23148 : 20;
  23149 : 0C;
  23150 : 25;
  23151 : 08;
  23152 : 00;
  23153 : 02;
  23154 : 74;
  23155 : B7;
  23156 : B5;
  23157 : B9;
  23158 : C0;
  23159 : C6;
  23160 : CB;
  23161 : D0;
  23162 : D3;
  23163 : D6;
  23164 : D7;
  23165 : D9;
  23166 : DA;
  23167 : DC;
  23168 : DD;
  23169 : DE;
  [23170..23172] : DF;
  23173 : E1;
  23174 : DE;
  23175 : A4;
  23176 : 0E;
  23177 : C5;
  23178 : EC;
  [23179..23183] : E2;
  [23184..23187] : E1;
  [23188..23189] : E0;
  23190 : DF;
  23191 : DE;
  23192 : DD;
  23193 : DB;
  23194 : DC;
  23195 : CB;
  23196 : 29;
  23197 : 00;
  23198 : 0D;
  23199 : 45;
  23200 : 48;
  23201 : 26;
  23202 : 1A;
  23203 : 1B;
  [23204..23206] : 1C;
  23207 : 1B;
  [23208..23210] : 1C;
  [23211..23213] : 1A;
  23214 : 17;
  23215 : 12;
  23216 : 1D;
  [23217..23218] : 00;
  23219 : 62;
  23220 : B0;
  23221 : B2;
  23222 : B9;
  23223 : C0;
  23224 : C7;
  23225 : CC;
  23226 : D0;
  23227 : D3;
  23228 : D5;
  [23229..23230] : D7;
  23231 : D8;
  [23232..23233] : D7;
  [23234..23235] : D6;
  23236 : DB;
  23237 : 9D;
  23238 : 06;
  23239 : 00;
  23240 : 1E;
  23241 : 46;
  23242 : 4D;
  23243 : 22;
  23244 : 1F;
  [23245..23247] : 20;
  [23248..23249] : 1F;
  23250 : 20;
  [23251..23253] : 1F;
  [23254..23255] : 20;
  [23256..23257] : 18;
  23258 : 10;
  23259 : 00;
  23260 : 14;
  23261 : 9B;
  23262 : B5;
  23263 : B7;
  23264 : BC;
  23265 : C1;
  23266 : C8;
  23267 : CC;
  23268 : D0;
  23269 : D2;
  [23270..23271] : D4;
  [23272..23274] : D5;
  23275 : D4;
  23276 : D3;
  23277 : D2;
  23278 : D1;
  23279 : CC;
  23280 : 34;
  23281 : 00;
  23282 : 01;
  23283 : 26;
  23284 : 43;
  23285 : 47;
  23286 : 2C;
  23287 : 1B;
  [23288..23289] : 1D;
  [23290..23293] : 1C;
  [23294..23296] : 1B;
  [23297..23298] : 1A;
  23299 : 19;
  23300 : 18;
  23301 : 21;
  23302 : 00;
  23303 : 0A;
  23304 : 85;
  23305 : B8;
  23306 : B6;
  23307 : BA;
  23308 : BE;
  23309 : C3;
  23310 : C8;
  23311 : CD;
  23312 : D1;
  23313 : D4;
  23314 : D7;
  23315 : D9;
  23316 : DB;
  [23317..23318] : DC;
  23319 : DD;
  [23320..23321] : DF;
  [23322..23325] : E0;
  [23326..23328] : E1;
  [23329..23330] : E2;
  23331 : E1;
  [23332..23334] : E2;
  [23335..23336] : E3;
  23337 : E2;
  23338 : E5;
  23339 : BD;
  23340 : 19;
  23341 : 00;
  23342 : 21;
  23343 : 44;
  23344 : 14;
  [23345..23347] : 19;
  [23348..23351] : 18;
  23352 : 19;
  23353 : 1A;
  23354 : 1B;
  23355 : 1C;
  23356 : 1D;
  [23357..23359] : 1E;
  23360 : 35;
  23361 : 36;
  23362 : 37;
  [23363..23365] : 36;
  23366 : 35;
  23367 : 36;
  23368 : 33;
  23369 : 30;
  23370 : 2F;
  23371 : 30;
  23372 : 2E;
  23373 : 2D;
  23374 : 2C;
  23375 : 24;
  23376 : 16;
  23377 : 0D;
  23378 : 00;
  23379 : 2A;
  23380 : E1;
  23381 : EB;
  23382 : E9;
  [23383..23388] : EA;
  [23389..23391] : E9;
  [23392..23393] : E8;
  [23394..23397] : E7;
  23398 : E6;
  [23399..23400] : E4;
  23401 : E2;
  23402 : E1;
  23403 : E6;
  23404 : A0;
  23405 : 0A;
  23406 : 00;
  23407 : 25;
  23408 : 4F;
  23409 : 43;
  23410 : 26;
  23411 : 29;
  23412 : 28;
  [23413..23415] : 29;
  [23416..23417] : 28;
  23418 : 29;
  [23419..23420] : 28;
  23421 : 27;
  23422 : 22;
  23423 : 0A;
  23424 : 27;
  23425 : 10;
  [23426..23427] : 00;
  23428 : 31;
  23429 : A8;
  23430 : B2;
  23431 : B9;
  23432 : C1;
  23433 : C8;
  23434 : CD;
  23435 : D2;
  23436 : D5;
  23437 : D7;
  23438 : D9;
  23439 : DB;
  23440 : DC;
  23441 : DD;
  [23442..23447] : DE;
  23448 : E2;
  23449 : B8;
  23450 : 10;
  23451 : 00;
  23452 : 25;
  23453 : 47;
  23454 : 48;
  23455 : 24;
  23456 : 29;
  23457 : 2A;
  [23458..23459] : 28;
  [23460..23462] : 26;
  [23463..23465] : 25;
  23466 : 24;
  23467 : 23;
  23468 : 20;
  23469 : 0D;
  23470 : 27;
  23471 : 08;
  23472 : 00;
  23473 : 01;
  23474 : 73;
  23475 : B7;
  23476 : B5;
  23477 : BA;
  23478 : C0;
  23479 : C7;
  23480 : CC;
  23481 : D1;
  23482 : D4;
  23483 : D7;
  23484 : D9;
  23485 : DA;
  23486 : DB;
  23487 : DD;
  23488 : DE;
  23489 : DF;
  [23490..23491] : E0;
  23492 : E1;
  23493 : E2;
  23494 : E0;
  23495 : A5;
  23496 : 0D;
  23497 : C6;
  23498 : EE;
  23499 : E4;
  23500 : E3;
  23501 : E4;
  [23502..23504] : E3;
  23505 : E2;
  23506 : E3;
  [23507..23508] : E2;
  23509 : E1;
  23510 : E0;
  23511 : DF;
  23512 : DE;
  23513 : DC;
  23514 : DD;
  23515 : CD;
  23516 : 2A;
  23517 : 00;
  23518 : 0F;
  23519 : 47;
  23520 : 48;
  23521 : 25;
  23522 : 19;
  23523 : 1B;
  [23524..23526] : 1C;
  [23527..23530] : 1B;
  23531 : 19;
  23532 : 1A;
  23533 : 19;
  23534 : 16;
  23535 : 12;
  23536 : 1D;
  [23537..23538] : 00;
  23539 : 64;
  23540 : B2;
  23541 : B3;
  23542 : BA;
  23543 : C0;
  23544 : C7;
  23545 : CC;
  23546 : D0;
  23547 : D3;
  23548 : D5;
  23549 : D7;
  23550 : D8;
  [23551..23552] : D9;
  [23553..23554] : D8;
  23555 : D7;
  23556 : DC;
  23557 : A0;
  23558 : 06;
  23559 : 00;
  23560 : 20;
  23561 : 49;
  23562 : 4F;
  23563 : 22;
  [23564..23565] : 1F;
  [23566..23567] : 20;
  [23568..23570] : 1F;
  23571 : 1E;
  [23572..23573] : 1F;
  [23574..23575] : 20;
  [23576..23577] : 18;
  23578 : 0F;
  23579 : 00;
  23580 : 15;
  23581 : 9C;
  23582 : B6;
  23583 : B8;
  23584 : BC;
  23585 : C2;
  23586 : C8;
  23587 : CD;
  23588 : D1;
  23589 : D3;
  23590 : D4;
  [23591..23594] : D6;
  23595 : D5;
  23596 : D4;
  [23597..23598] : D3;
  23599 : CD;
  23600 : 35;
  23601 : 00;
  23602 : 02;
  23603 : 24;
  23604 : 44;
  23605 : 48;
  23606 : 2E;
  23607 : 1A;
  [23608..23609] : 1C;
  [23610..23611] : 1B;
  23612 : 1C;
  [23613..23615] : 1B;
  [23616..23617] : 1A;
  [23618..23620] : 19;
  23621 : 21;
  23622 : 00;
  23623 : 0A;
  23624 : 87;
  23625 : B8;
  23626 : B7;
  23627 : BB;
  23628 : BF;
  23629 : C4;
  23630 : CA;
  23631 : CF;
  23632 : D2;
  23633 : D5;
  23634 : D7;
  23635 : D9;
  23636 : DB;
  23637 : DC;
  23638 : DD;
  [23639..23640] : DF;
  23641 : E0;
  [23642..23645] : E1;
  [23646..23648] : E2;
  [23649..23651] : E3;
  23652 : E2;
  [23653..23657] : E3;
  23658 : E5;
  23659 : BF;
  23660 : 1B;
  23661 : 00;
  23662 : 23;
  23663 : 45;
  23664 : 15;
  [23665..23666] : 18;
  23667 : 19;
  23668 : 1A;
  [23669..23672] : 1B;
  23673 : 1C;
  23674 : 1D;
  23675 : 1E;
  [23676..23679] : 1D;
  [23680..23681] : 38;
  23682 : 39;
  [23683..23684] : 37;
  23685 : 36;
  23686 : 34;
  23687 : 35;
  23688 : 33;
  [23689..23690] : 31;
  23691 : 30;
  [23692..23693] : 2E;
  23694 : 2C;
  23695 : 24;
  23696 : 18;
  23697 : 0E;
  23698 : 00;
  23699 : 2C;
  23700 : E3;
  23701 : EC;
  23702 : EA;
  [23703..23708] : EB;
  [23709..23710] : EA;
  [23711..23715] : E9;
  [23716..23717] : E8;
  23718 : E7;
  23719 : E5;
  23720 : E4;
  23721 : E3;
  23722 : E2;
  23723 : E7;
  23724 : A1;
  23725 : 0B;
  23726 : 00;
  23727 : 26;
  23728 : 50;
  23729 : 44;
  23730 : 26;
  [23731..23732] : 29;
  [23733..23736] : 28;
  23737 : 27;
  [23738..23739] : 29;
  23740 : 28;
  23741 : 27;
  23742 : 21;
  23743 : 0A;
  23744 : 28;
  23745 : 10;
  [23746..23747] : 00;
  23748 : 31;
  23749 : A8;
  23750 : B3;
  23751 : BA;
  23752 : C1;
  23753 : C8;
  23754 : CD;
  23755 : D2;
  23756 : D6;
  23757 : D8;
  23758 : DA;
  23759 : DC;
  23760 : DD;
  [23761..23767] : DF;
  23768 : E3;
  23769 : B9;
  23770 : 10;
  23771 : 00;
  23772 : 25;
  23773 : 47;
  23774 : 48;
  23775 : 25;
  23776 : 29;
  23777 : 2A;
  23778 : 28;
  23779 : 27;
  23780 : 26;
  23781 : 25;
  [23782..23784] : 26;
  23785 : 25;
  23786 : 24;
  23787 : 23;
  23788 : 20;
  23789 : 0C;
  23790 : 28;
  23791 : 09;
  23792 : 00;
  23793 : 01;
  23794 : 73;
  23795 : B8;
  23796 : B6;
  23797 : BB;
  23798 : C1;
  23799 : C8;
  23800 : CE;
  23801 : D1;
  23802 : D5;
  23803 : D8;
  23804 : DA;
  23805 : DB;
  23806 : DC;
  23807 : DF;
  23808 : E0;
  [23809..23810] : E1;
  [23811..23812] : E2;
  23813 : E3;
  23814 : E2;
  23815 : A7;
  23816 : 0D;
  23817 : C7;
  23818 : F0;
  [23819..23821] : E5;
  [23822..23824] : E4;
  [23825..23828] : E3;
  23829 : E2;
  23830 : E1;
  23831 : E0;
  23832 : DF;
  [23833..23834] : DD;
  23835 : CE;
  23836 : 2B;
  23837 : 00;
  23838 : 0F;
  23839 : 47;
  23840 : 49;
  23841 : 25;
  23842 : 19;
  23843 : 1A;
  [23844..23847] : 1B;
  [23848..23849] : 1A;
  23850 : 19;
  23851 : 18;
  23852 : 19;
  23853 : 18;
  23854 : 14;
  23855 : 12;
  23856 : 1D;
  [23857..23858] : 00;
  23859 : 65;
  23860 : B4;
  23861 : B5;
  23862 : BB;
  23863 : C1;
  23864 : C7;
  23865 : CC;
  23866 : D0;
  23867 : D4;
  23868 : D5;
  [23869..23870] : D8;
  [23871..23872] : D9;
  [23873..23875] : D8;
  23876 : DD;
  23877 : A1;
  23878 : 06;
  23879 : 00;
  23880 : 1F;
  23881 : 49;
  23882 : 50;
  23883 : 23;
  [23884..23889] : 1F;
  [23890..23891] : 20;
  [23892..23894] : 1F;
  23895 : 20;
  23896 : 18;
  23897 : 19;
  23898 : 10;
  23899 : 00;
  23900 : 15;
  23901 : 9D;
  23902 : B7;
  23903 : B9;
  23904 : BD;
  23905 : C2;
  23906 : C8;
  23907 : CD;
  23908 : D0;
  23909 : D3;
  23910 : D5;
  [23911..23912] : D6;
  23913 : D7;
  [23914..23915] : D6;
  23916 : D5;
  [23917..23918] : D4;
  23919 : CE;
  23920 : 36;
  23921 : 00;
  23922 : 02;
  23923 : 25;
  23924 : 45;
  23925 : 4A;
  23926 : 2D;
  23927 : 19;
  [23928..23933] : 1B;
  [23934..23935] : 1A;
  23936 : 19;
  [23937..23938] : 1A;
  23939 : 19;
  23940 : 1A;
  23941 : 20;
  23942 : 00;
  23943 : 0C;
  23944 : 88;
  23945 : B9;
  23946 : B7;
  23947 : BA;
  23948 : BF;
  23949 : C4;
  23950 : CA;
  23951 : CF;
  23952 : D3;
  23953 : D5;
  23954 : D7;
  23955 : D9;
  23956 : DC;
  23957 : DD;
  23958 : DF;
  [23959..23960] : E0;
  [23961..23963] : E1;
  [23964..23966] : E2;
  [23967..23968] : E3;
  [23969..23971] : E4;
  [23972..23975] : E3;
  [23976..23977] : E4;
  23978 : E5;
  23979 : C1;
  23980 : 1C;
  23981 : 00;
  23982 : 22;
  23983 : 43;
  23984 : 14;
  [23985..23986] : 18;
  23987 : 19;
  [23988..23989] : 1A;
  [23990..23992] : 1B;
  [23993..23994] : 1C;
  [23995..23996] : 1D;
  [23997..23998] : 1E;
  23999 : 1F;
  24000 : 37;
  24001 : 36;
  [24002..24003] : 37;
  24004 : 36;
  24005 : 34;
  24006 : 35;
  24007 : 34;
  24008 : 33;
  [24009..24010] : 31;
  24011 : 32;
  24012 : 31;
  24013 : 2E;
  24014 : 2C;
  24015 : 26;
  24016 : 19;
  24017 : 0E;
  24018 : 00;
  24019 : 2D;
  24020 : E5;
  24021 : ED;
  24022 : EB;
  24023 : EC;
  [24024..24025] : EB;
  24026 : EC;
  24027 : EB;
  24028 : EC;
  [24029..24031] : EB;
  [24032..24034] : EA;
  24035 : EB;
  [24036..24037] : E9;
  24038 : E8;
  24039 : E6;
  24040 : E5;
  24041 : E4;
  24042 : E3;
  24043 : E7;
  24044 : A3;
  24045 : 0B;
  24046 : 00;
  24047 : 26;
  24048 : 51;
  24049 : 44;
  24050 : 27;
  [24051..24052] : 29;
  24053 : 28;
  24054 : 27;
  24055 : 28;
  [24056..24057] : 27;
  [24058..24060] : 28;
  24061 : 27;
  24062 : 21;
  24063 : 0B;
  24064 : 29;
  24065 : 10;
  [24066..24067] : 00;
  24068 : 30;
  24069 : A9;
  24070 : B4;
  24071 : BC;
  24072 : C2;
  24073 : C9;
  24074 : CF;
  24075 : D3;
  24076 : D7;
  24077 : D9;
  [24078..24079] : DC;
  24080 : DE;
  [24081..24085] : DF;
  24086 : E0;
  24087 : DF;
  24088 : E4;
  24089 : BC;
  24090 : 12;
  24091 : 00;
  24092 : 26;
  [24093..24094] : 47;
  24095 : 25;
  24096 : 28;
  24097 : 29;
  24098 : 28;
  [24099..24100] : 27;
  [24101..24102] : 26;
  [24103..24104] : 25;
  [24105..24107] : 24;
  24108 : 21;
  24109 : 0C;
  24110 : 29;
  24111 : 09;
  24112 : 00;
  24113 : 01;
  24114 : 73;
  24115 : B9;
  24116 : B7;
  24117 : BC;
  24118 : C2;
  24119 : C8;
  24120 : CE;
  24121 : D2;
  24122 : D6;
  24123 : D8;
  24124 : DA;
  24125 : DC;
  24126 : DE;
  24127 : DF;
  24128 : E0;
  24129 : E1;
  24130 : E2;
  [24131..24132] : E3;
  24133 : E5;
  24134 : E4;
  24135 : AA;
  24136 : 0E;
  24137 : C8;
  24138 : F0;
  [24139..24145] : E5;
  [24146..24147] : E4;
  24148 : E3;
  24149 : E2;
  24150 : E1;
  24151 : E0;
  24152 : DF;
  [24153..24154] : DE;
  24155 : D0;
  24156 : 2C;
  24157 : 00;
  24158 : 0F;
  [24159..24160] : 4A;
  24161 : 24;
  24162 : 17;
  24163 : 19;
  24164 : 1B;
  24165 : 1A;
  24166 : 1B;
  24167 : 1A;
  [24168..24169] : 19;
  24170 : 18;
  24171 : 17;
  24172 : 18;
  24173 : 17;
  [24174..24175] : 12;
  24176 : 1C;
  [24177..24178] : 00;
  24179 : 64;
  24180 : B4;
  24181 : B6;
  24182 : BC;
  24183 : C2;
  24184 : C8;
  24185 : CD;
  24186 : D0;
  24187 : D4;
  24188 : D6;
  24189 : D8;
  [24190..24193] : D9;
  [24194..24195] : D8;
  24196 : DD;
  24197 : A1;
  24198 : 07;
  24199 : 00;
  24200 : 20;
  24201 : 4A;
  24202 : 4F;
  24203 : 22;
  [24204..24211] : 1F;
  24212 : 20;
  [24213..24215] : 1F;
  24216 : 17;
  24217 : 1B;
  24218 : 11;
  24219 : 00;
  24220 : 16;
  24221 : A0;
  24222 : B8;
  24223 : BA;
  24224 : BE;
  24225 : C3;
  24226 : C9;
  24227 : CE;
  24228 : D1;
  24229 : D4;
  24230 : D5;
  24231 : D6;
  [24232..24235] : D7;
  [24236..24238] : D5;
  24239 : CF;
  24240 : 37;
  24241 : 00;
  24242 : 02;
  24243 : 25;
  24244 : 46;
  24245 : 4B;
  24246 : 2E;
  24247 : 18;
  [24248..24250] : 1A;
  [24251..24252] : 1B;
  [24253..24257] : 1A;
  [24258..24259] : 19;
  24260 : 1B;
  24261 : 20;
  24262 : 00;
  24263 : 0C;
  24264 : 8B;
  24265 : B8;
  24266 : B7;
  24267 : BA;
  24268 : BF;
  24269 : C5;
  24270 : CA;
  24271 : CF;
  24272 : D3;
  24273 : D6;
  24274 : D8;
  24275 : DA;
  24276 : DC;
  [24277..24278] : DF;
  24279 : E0;
  24280 : E1;
  [24281..24284] : E2;
  [24285..24286] : E3;
  [24287..24289] : E4;
  24290 : E5;
  [24291..24297] : E4;
  24298 : E6;
  24299 : C4;
  24300 : 1D;
  24301 : 00;
  24302 : 22;
  24303 : 42;
  24304 : 12;
  24305 : 17;
  24306 : 19;
  24307 : 1A;
  [24308..24310] : 1B;
  24311 : 1A;
  [24312..24314] : 1B;
  [24315..24316] : 1C;
  [24317..24318] : 1E;
  24319 : 20;
  24320 : 38;
  24321 : 37;
  24322 : 36;
  [24323..24324] : 35;
  24325 : 34;
  24326 : 35;
  24327 : 33;
  24328 : 32;
  24329 : 31;
  24330 : 33;
  [24331..24332] : 32;
  24333 : 2F;
  24334 : 2D;
  24335 : 27;
  24336 : 19;
  24337 : 0F;
  24338 : 00;
  24339 : 2C;
  24340 : E6;
  24341 : EE;
  [24342..24348] : EC;
  [24349..24350] : EB;
  24351 : EC;
  [24352..24355] : EB;
  [24356..24357] : EA;
  24358 : E8;
  24359 : E7;
  24360 : E6;
  24361 : E5;
  24362 : E4;
  24363 : E8;
  24364 : A4;
  24365 : 0C;
  24366 : 00;
  24367 : 27;
  24368 : 54;
  24369 : 44;
  24370 : 26;
  [24371..24374] : 28;
  24375 : 27;
  [24376..24381] : 28;
  24382 : 20;
  24383 : 09;
  24384 : 2A;
  24385 : 11;
  [24386..24387] : 00;
  24388 : 30;
  24389 : A9;
  24390 : B5;
  24391 : BC;
  24392 : C3;
  24393 : CA;
  24394 : D0;
  24395 : D4;
  24396 : D7;
  24397 : DA;
  24398 : DC;
  24399 : DD;
  [24400..24401] : DE;
  [24402..24403] : DF;
  [24404..24407] : E0;
  24408 : E5;
  24409 : BD;
  24410 : 12;
  24411 : 00;
  24412 : 27;
  [24413..24414] : 47;
  24415 : 25;
  24416 : 29;
  24417 : 2A;
  [24418..24419] : 28;
  24420 : 27;
  [24421..24422] : 26;
  [24423..24424] : 25;
  [24425..24427] : 24;
  24428 : 20;
  24429 : 0C;
  24430 : 29;
  24431 : 08;
  24432 : 00;
  24433 : 01;
  24434 : 73;
  24435 : B9;
  24436 : B7;
  24437 : BB;
  24438 : C1;
  24439 : C8;
  24440 : CE;
  24441 : D2;
  24442 : D6;
  24443 : D8;
  24444 : DA;
  24445 : DC;
  24446 : DE;
  24447 : E0;
  24448 : E1;
  24449 : E2;
  [24450..24451] : E3;
  24452 : E4;
  24453 : E5;
  24454 : E4;
  24455 : AC;
  24456 : 0F;
  24457 : C8;
  24458 : F1;
  24459 : E6;
  [24460..24461] : E5;
  24462 : E6;
  [24463..24464] : E5;
  24465 : E6;
  [24466..24467] : E5;
  24468 : E4;
  24469 : E2;
  24470 : E1;
  24471 : E0;
  24472 : DF;
  24473 : DE;
  24474 : DF;
  24475 : D1;
  24476 : 2D;
  24477 : 00;
  24478 : 0F;
  24479 : 4B;
  24480 : 4A;
  24481 : 24;
  24482 : 16;
  24483 : 19;
  [24484..24486] : 1A;
  24487 : 19;
  [24488..24489] : 18;
  24490 : 17;
  24491 : 16;
  24492 : 17;
  24493 : 16;
  [24494..24495] : 12;
  24496 : 1C;
  [24497..24498] : 00;
  24499 : 64;
  24500 : B4;
  24501 : B6;
  24502 : BD;
  24503 : C2;
  24504 : C8;
  24505 : CD;
  24506 : D1;
  24507 : D4;
  24508 : D7;
  24509 : D8;
  [24510..24512] : D9;
  [24513..24514] : D8;
  24515 : D9;
  24516 : DD;
  24517 : A2;
  24518 : 06;
  24519 : 00;
  24520 : 20;
  24521 : 4B;
  24522 : 50;
  24523 : 21;
  24524 : 1E;
  24525 : 1F;
  [24526..24528] : 20;
  24529 : 1F;
  [24530..24531] : 1E;
  [24532..24534] : 1F;
  24535 : 20;
  24536 : 17;
  24537 : 1C;
  24538 : 11;
  24539 : 00;
  24540 : 16;
  24541 : 9F;
  24542 : B9;
  24543 : BA;
  24544 : BE;
  24545 : C4;
  24546 : CA;
  24547 : CE;
  24548 : D1;
  24549 : D4;
  24550 : D6;
  24551 : D7;
  [24552..24555] : D8;
  24556 : D6;
  [24557..24558] : D5;
  24559 : D0;
  24560 : 39;
  24561 : 00;
  24562 : 02;
  24563 : 25;
  24564 : 43;
  24565 : 49;
  24566 : 2D;
  24567 : 17;
  24568 : 18;
  [24569..24570] : 19;
  [24571..24573] : 1A;
  [24574..24578] : 19;
  24579 : 18;
  24580 : 1C;
  24581 : 21;
  24582 : 00;
  24583 : 0D;
  24584 : 8D;
  24585 : B9;
  24586 : B8;
  24587 : BB;
  24588 : BF;
  24589 : C4;
  24590 : CA;
  24591 : D0;
  24592 : D4;
  24593 : D7;
  24594 : D9;
  24595 : DB;
  24596 : DD;
  24597 : DE;
  24598 : DF;
  24599 : E1;
  [24600..24601] : E2;
  [24602..24605] : E3;
  [24606..24607] : E4;
  [24608..24612] : E5;
  [24613..24614] : E4;
  [24615..24617] : E5;
  24618 : E7;
  24619 : C6;
  24620 : 1E;
  24621 : 00;
  24622 : 22;
  24623 : 45;
  24624 : 15;
  [24625..24626] : 1A;
  [24627..24628] : 1C;
  24629 : 1B;
  24630 : 1C;
  [24631..24632] : 1B;
  24633 : 1A;
  24634 : 1B;
  [24635..24636] : 1C;
  24637 : 1D;
  24638 : 1E;
  24639 : 1F;
  [24640..24641] : 3B;
  [24642..24643] : 39;
  24644 : 37;
  24645 : 35;
  24646 : 33;
  [24647..24651] : 31;
  24652 : 2F;
  [24653..24654] : 2E;
  24655 : 29;
  24656 : 1A;
  24657 : 0F;
  24658 : 00;
  24659 : 2C;
  24660 : E7;
  24661 : EF;
  [24662..24663] : ED;
  24664 : EC;
  24665 : ED;
  [24666..24667] : EC;
  24668 : ED;
  24669 : EC;
  24670 : EB;
  24671 : EC;
  24672 : EB;
  24673 : EC;
  [24674..24676] : EB;
  24677 : EA;
  24678 : E9;
  24679 : E8;
  [24680..24681] : E6;
  24682 : E4;
  24683 : E8;
  24684 : A5;
  24685 : 0D;
  24686 : 00;
  24687 : 27;
  24688 : 54;
  24689 : 44;
  24690 : 25;
  [24691..24695] : 28;
  [24696..24700] : 27;
  24701 : 28;
  24702 : 1F;
  24703 : 0A;
  24704 : 2C;
  24705 : 13;
  [24706..24707] : 00;
  24708 : 31;
  24709 : A9;
  24710 : B5;
  24711 : BD;
  24712 : C4;
  24713 : CB;
  24714 : D0;
  24715 : D4;
  24716 : D8;
  24717 : DA;
  24718 : DC;
  24719 : DE;
  [24720..24723] : DF;
  [24724..24726] : E0;
  24727 : E1;
  24728 : E5;
  24729 : BE;
  24730 : 13;
  24731 : 00;
  24732 : 27;
  [24733..24734] : 46;
  24735 : 24;
  [24736..24739] : 28;
  24740 : 27;
  [24741..24742] : 26;
  24743 : 25;
  [24744..24747] : 24;
  24748 : 1F;
  24749 : 0C;
  24750 : 29;
  24751 : 09;
  24752 : 00;
  24753 : 02;
  24754 : 73;
  24755 : B8;
  24756 : B7;
  24757 : BB;
  24758 : C2;
  24759 : C8;
  24760 : CF;
  24761 : D2;
  24762 : D5;
  24763 : D9;
  24764 : DB;
  24765 : DD;
  24766 : DF;
  24767 : E0;
  24768 : E1;
  [24769..24770] : E3;
  24771 : E4;
  [24772..24774] : E5;
  24775 : AD;
  24776 : 0F;
  24777 : C8;
  24778 : F1;
  [24779..24780] : E6;
  24781 : E5;
  [24782..24785] : E6;
  [24786..24787] : E5;
  24788 : E4;
  24789 : E2;
  [24790..24791] : E1;
  24792 : E0;
  [24793..24794] : DF;
  24795 : D2;
  24796 : 2D;
  24797 : 00;
  24798 : 10;
  24799 : 4C;
  24800 : 4B;
  24801 : 24;
  24802 : 15;
  [24803..24804] : 18;
  [24805..24806] : 19;
  [24807..24808] : 18;
  24809 : 16;
  [24810..24811] : 15;
  [24812..24813] : 16;
  24814 : 11;
  24815 : 13;
  24816 : 1D;
  [24817..24818] : 00;
  24819 : 64;
  24820 : B4;
  24821 : B6;
  24822 : BD;
  24823 : C2;
  24824 : C8;
  24825 : CD;
  24826 : D1;
  24827 : D5;
  24828 : D7;
  24829 : D8;
  [24830..24835] : D9;
  24836 : DE;
  24837 : A3;
  24838 : 07;
  24839 : 00;
  24840 : 20;
  24841 : 4A;
  24842 : 50;
  24843 : 20;
  [24844..24845] : 1E;
  [24846..24847] : 20;
  24848 : 1F;
  24849 : 1E;
  [24850..24851] : 1D;
  24852 : 1E;
  24853 : 1F;
  24854 : 1E;
  24855 : 20;
  24856 : 17;
  24857 : 1D;
  24858 : 12;
  24859 : 00;
  24860 : 16;
  24861 : A0;
  24862 : B9;
  24863 : BA;
  24864 : BF;
  24865 : C4;
  24866 : CA;
  24867 : CF;
  24868 : D2;
  24869 : D4;
  24870 : D6;
  24871 : D7;
  [24872..24875] : D8;
  24876 : D7;
  [24877..24878] : D5;
  24879 : D0;
  24880 : 38;
  24881 : 00;
  24882 : 02;
  24883 : 27;
  24884 : 44;
  24885 : 47;
  24886 : 2C;
  24887 : 16;
  [24888..24890] : 19;
  [24891..24892] : 1A;
  [24893..24898] : 19;
  24899 : 18;
  24900 : 1B;
  24901 : 21;
  24902 : 00;
  24903 : 0D;
  24904 : 8E;
  24905 : BA;
  24906 : B9;
  24907 : BB;
  24908 : BF;
  24909 : C5;
  24910 : CB;
  24911 : D0;
  24912 : D4;
  24913 : D7;
  24914 : D9;
  24915 : DB;
  24916 : DD;
  24917 : DE;
  24918 : E0;
  24919 : E1;
  24920 : E2;
  [24921..24924] : E3;
  [24925..24928] : E4;
  [24929..24937] : E5;
  24938 : E7;
  24939 : C7;
  24940 : 1F;
  24941 : 00;
  24942 : 21;
  24943 : 44;
  24944 : 15;
  [24945..24946] : 19;
  [24947..24948] : 1A;
  [24949..24950] : 1B;
  [24951..24952] : 1A;
  [24953..24955] : 1B;
  24956 : 1C;
  [24957..24959] : 1D;
  24960 : 3D;
  24961 : 3B;
  24962 : 39;
  24963 : 37;
  24964 : 36;
  [24965..24966] : 35;
  24967 : 34;
  24968 : 33;
  24969 : 32;
  24970 : 31;
  24971 : 30;
  24972 : 2F;
  24973 : 30;
  24974 : 2E;
  24975 : 2A;
  24976 : 19;
  24977 : 11;
  24978 : 00;
  24979 : 2C;
  24980 : E9;
  24981 : EF;
  [24982..24990] : ED;
  [24991..24993] : EC;
  [24994..24996] : EB;
  24997 : EA;
  24998 : E9;
  24999 : E8;
  25000 : E7;
  25001 : E6;
  25002 : E5;
  25003 : E9;
  25004 : A7;
  25005 : 0D;
  25006 : 00;
  25007 : 28;
  25008 : 54;
  25009 : 43;
  25010 : 25;
  [25011..25012] : 29;
  25013 : 28;
  [25014..25015] : 27;
  25016 : 28;
  [25017..25019] : 27;
  [25020..25021] : 26;
  25022 : 1F;
  25023 : 0A;
  25024 : 2E;
  25025 : 13;
  [25026..25027] : 00;
  25028 : 31;
  25029 : AA;
  25030 : B6;
  25031 : BE;
  25032 : C4;
  25033 : CA;
  25034 : D0;
  25035 : D5;
  25036 : D8;
  25037 : DA;
  25038 : DC;
  25039 : DE;
  [25040..25042] : DF;
  25043 : E0;
  [25044..25047] : E1;
  25048 : E6;
  25049 : BF;
  25050 : 13;
  25051 : 00;
  25052 : 28;
  25053 : 48;
  25054 : 46;
  25055 : 24;
  [25056..25058] : 27;
  [25059..25060] : 28;
  25061 : 27;
  [25062..25063] : 25;
  [25064..25065] : 24;
  25066 : 23;
  25067 : 22;
  25068 : 1E;
  25069 : 0C;
  25070 : 2A;
  25071 : 09;
  25072 : 00;
  25073 : 01;
  25074 : 72;
  [25075..25076] : B7;
  25077 : BC;
  25078 : C2;
  25079 : C9;
  25080 : CF;
  25081 : D3;
  25082 : D6;
  25083 : D9;
  25084 : DB;
  25085 : DD;
  25086 : DF;
  25087 : E1;
  25088 : E2;
  25089 : E3;
  [25090..25091] : E4;
  25092 : E5;
  25093 : E6;
  25094 : E5;
  25095 : AC;
  25096 : 0F;
  25097 : C9;
  25098 : F2;
  [25099..25100] : E7;
  25101 : E6;
  25102 : E7;
  [25103..25106] : E6;
  25107 : E5;
  25108 : E4;
  25109 : E3;
  25110 : E2;
  25111 : E1;
  25112 : E0;
  25113 : DF;
  25114 : E0;
  25115 : D3;
  25116 : 2D;
  25117 : 00;
  25118 : 0F;
  25119 : 4E;
  25120 : 4C;
  25121 : 23;
  25122 : 14;
  25123 : 16;
  25124 : 17;
  25125 : 18;
  25126 : 19;
  25127 : 18;
  25128 : 17;
  25129 : 16;
  [25130..25132] : 15;
  25133 : 14;
  25134 : 11;
  25135 : 13;
  25136 : 1E;
  [25137..25138] : 00;
  25139 : 65;
  25140 : B5;
  25141 : B6;
  25142 : BC;
  25143 : C2;
  25144 : C8;
  25145 : CD;
  25146 : D2;
  25147 : D4;
  25148 : D7;
  [25149..25150] : D8;
  [25151..25155] : D9;
  25156 : DE;
  25157 : A4;
  25158 : 07;
  25159 : 00;
  25160 : 22;
  25161 : 4B;
  25162 : 50;
  25163 : 20;
  25164 : 1D;
  [25165..25166] : 1E;
  [25167..25168] : 1F;
  25169 : 1E;
  [25170..25173] : 1D;
  25174 : 1E;
  25175 : 1F;
  25176 : 17;
  25177 : 1E;
  25178 : 12;
  25179 : 00;
  25180 : 18;
  25181 : A2;
  25182 : BA;
  25183 : BB;
  25184 : BF;
  25185 : C5;
  25186 : CB;
  25187 : CF;
  25188 : D2;
  25189 : D5;
  25190 : D6;
  25191 : D7;
  [25192..25194] : D9;
  25195 : D8;
  [25196..25198] : D6;
  25199 : D1;
  25200 : 37;
  25201 : 00;
  25202 : 02;
  25203 : 27;
  25204 : 44;
  25205 : 48;
  25206 : 2C;
  25207 : 15;
  25208 : 18;
  [25209..25210] : 19;
  25211 : 1A;
  [25212..25217] : 19;
  25218 : 18;
  25219 : 17;
  25220 : 1B;
  25221 : 22;
  25222 : 00;
  25223 : 0E;
  25224 : 8F;
  25225 : BB;
  25226 : B9;
  25227 : BC;
  25228 : BF;
  25229 : C5;
  25230 : CB;
  25231 : D0;
  25232 : D3;
  25233 : D7;
  25234 : D9;
  25235 : DA;
  25236 : DC;
  25237 : DE;
  25238 : E0;
  25239 : E1;
  25240 : E2;
  25241 : E3;
  [25242..25244] : E4;
  [25245..25246] : E5;
  25247 : E4;
  [25248..25250] : E5;
  [25251..25253] : E6;
  [25254..25255] : E5;
  [25256..25257] : E6;
  25258 : E7;
  25259 : CA;
  25260 : 20;
  25261 : 00;
  25262 : 22;
  25263 : 42;
  25264 : 13;
  [25265..25266] : 1A;
  [25267..25269] : 1B;
  25270 : 1C;
  [25271..25272] : 1B;
  [25273..25275] : 1C;
  25276 : 1D;
  25277 : 1E;
  [25278..25279] : 1F;
  25280 : 3D;
  25281 : 3B;
  25282 : 39;
  25283 : 38;
  25284 : 36;
  25285 : 35;
  [25286..25288] : 33;
  25289 : 32;
  [25290..25292] : 31;
  25293 : 2F;
  25294 : 2E;
  25295 : 27;
  25296 : 19;
  25297 : 12;
  25298 : 00;
  25299 : 2E;
  25300 : EA;
  25301 : F0;
  [25302..25309] : ED;
  25310 : EC;
  [25311..25312] : ED;
  [25313..25315] : EC;
  25316 : EB;
  [25317..25318] : EA;
  [25319..25320] : E8;
  25321 : E7;
  25322 : E6;
  25323 : EA;
  25324 : A8;
  25325 : 0C;
  25326 : 00;
  25327 : 29;
  25328 : 56;
  25329 : 42;
  25330 : 24;
  25331 : 28;
  [25332..25333] : 29;
  25334 : 27;
  [25335..25336] : 28;
  25337 : 27;
  25338 : 28;
  25339 : 27;
  25340 : 25;
  25341 : 26;
  25342 : 1E;
  25343 : 0A;
  25344 : 2F;
  25345 : 13;
  [25346..25347] : 00;
  25348 : 31;
  25349 : AA;
  25350 : B7;
  25351 : BE;
  25352 : C4;
  25353 : CB;
  25354 : D0;
  25355 : D5;
  25356 : D8;
  25357 : DA;
  25358 : DC;
  25359 : DE;
  [25360..25361] : DF;
  [25362..25364] : E0;
  [25365..25367] : E1;
  25368 : E7;
  25369 : C0;
  25370 : 14;
  25371 : 00;
  25372 : 28;
  25373 : 49;
  25374 : 48;
  25375 : 24;
  25376 : 26;
  [25377..25379] : 27;
  25380 : 26;
  [25381..25383] : 25;
  [25384..25385] : 23;
  25386 : 22;
  25387 : 21;
  25388 : 1D;
  25389 : 0C;
  25390 : 2A;
  25391 : 0A;
  25392 : 00;
  25393 : 02;
  25394 : 72;
  [25395..25396] : B6;
  25397 : BB;
  25398 : C1;
  25399 : C9;
  25400 : CF;
  25401 : D4;
  25402 : D7;
  25403 : D9;
  25404 : DB;
  25405 : DD;
  25406 : DF;
  25407 : E1;
  25408 : E2;
  25409 : E3;
  25410 : E4;
  [25411..25412] : E5;
  25413 : E7;
  25414 : E6;
  25415 : AC;
  25416 : 0F;
  25417 : C9;
  25418 : F2;
  25419 : E8;
  [25420..25423] : E7;
  [25424..25427] : E6;
  [25428..25429] : E4;
  25430 : E3;
  [25431..25432] : E1;
  25433 : DF;
  25434 : E1;
  25435 : D4;
  25436 : 2E;
  25437 : 00;
  25438 : 10;
  25439 : 4D;
  25440 : 4E;
  25441 : 23;
  25442 : 14;
  [25443..25444] : 16;
  [25445..25447] : 17;
  25448 : 16;
  25449 : 15;
  [25450..25451] : 14;
  25452 : 15;
  25453 : 13;
  25454 : 10;
  25455 : 13;
  25456 : 1D;
  [25457..25458] : 00;
  25459 : 66;
  [25460..25461] : B6;
  25462 : BC;
  25463 : C2;
  25464 : C8;
  25465 : CD;
  25466 : D1;
  25467 : D4;
  25468 : D7;
  25469 : D8;
  [25470..25474] : D9;
  25475 : DA;
  25476 : DF;
  25477 : A4;
  25478 : 07;
  25479 : 00;
  25480 : 23;
  25481 : 4F;
  25482 : 52;
  25483 : 20;
  25484 : 1C;
  25485 : 1D;
  [25486..25489] : 1E;
  [25490..25493] : 1D;
  25494 : 1E;
  25495 : 1F;
  25496 : 17;
  25497 : 1F;
  25498 : 12;
  25499 : 00;
  25500 : 19;
  25501 : A3;
  25502 : BA;
  25503 : BB;
  25504 : BF;
  25505 : C5;
  25506 : CB;
  25507 : D0;
  25508 : D2;
  25509 : D5;
  25510 : D6;
  [25511..25512] : D8;
  [25513..25514] : D9;
  25515 : D8;
  25516 : D7;
  [25517..25518] : D6;
  25519 : D2;
  25520 : 38;
  25521 : 00;
  25522 : 02;
  25523 : 26;
  25524 : 45;
  25525 : 4A;
  25526 : 2C;
  25527 : 15;
  [25528..25529] : 18;
  [25530..25533] : 19;
  25534 : 18;
  [25535..25538] : 19;
  25539 : 17;
  25540 : 1A;
  25541 : 22;
  25542 : 00;
  25543 : 0F;
  25544 : 90;
  25545 : BB;
  25546 : B9;
  25547 : BC;
  25548 : C0;
  25549 : C5;
  25550 : CB;
  25551 : D0;
  25552 : D3;
  25553 : D6;
  25554 : D9;
  25555 : DB;
  25556 : DC;
  25557 : DE;
  25558 : DF;
  25559 : E1;
  25560 : E2;
  25561 : E3;
  [25562..25564] : E4;
  [25565..25567] : E5;
  25568 : E6;
  [25569..25572] : E5;
  [25573..25577] : E6;
  25578 : E8;
  25579 : CB;
  25580 : 20;
  25581 : 00;
  25582 : 22;
  25583 : 43;
  25584 : 14;
  25585 : 18;
  25586 : 19;
  [25587..25590] : 1B;
  [25591..25593] : 1A;
  25594 : 1B;
  25595 : 1C;
  25596 : 1E;
  [25597..25599] : 1D;
  25600 : 3A;
  [25601..25602] : 38;
  25603 : 36;
  25604 : 35;
  25605 : 34;
  [25606..25608] : 33;
  25609 : 32;
  25610 : 33;
  [25611..25612] : 32;
  25613 : 30;
  25614 : 2D;
  25615 : 26;
  25616 : 19;
  25617 : 12;
  25618 : 00;
  25619 : 30;
  25620 : EC;
  25621 : F0;
  [25622..25623] : EE;
  25624 : ED;
  25625 : EE;
  [25626..25633] : ED;
  25634 : EC;
  [25635..25636] : EB;
  25637 : EA;
  [25638..25639] : E9;
  [25640..25641] : E7;
  25642 : E6;
  25643 : EB;
  25644 : A9;
  25645 : 0E;
  25646 : 00;
  25647 : 29;
  25648 : 59;
  25649 : 44;
  25650 : 23;
  25651 : 26;
  [25652..25653] : 27;
  25654 : 28;
  25655 : 29;
  25656 : 28;
  [25657..25658] : 27;
  25659 : 26;
  [25660..25661] : 25;
  25662 : 1E;
  25663 : 0A;
  25664 : 2F;
  25665 : 13;
  [25666..25667] : 00;
  25668 : 32;
  25669 : AB;
  25670 : B7;
  25671 : BD;
  25672 : C5;
  25673 : CC;
  25674 : D1;
  25675 : D5;
  25676 : D8;
  25677 : DB;
  25678 : DC;
  25679 : DE;
  25680 : DF;
  [25681..25682] : E0;
  [25683..25686] : E1;
  25687 : E2;
  25688 : E7;
  25689 : C0;
  25690 : 14;
  25691 : 00;
  25692 : 28;
  25693 : 4A;
  25694 : 47;
  25695 : 23;
  [25696..25697] : 26;
  [25698..25703] : 25;
  [25704..25705] : 23;
  [25706..25707] : 22;
  25708 : 1D;
  25709 : 0C;
  25710 : 2A;
  25711 : 09;
  25712 : 00;
  25713 : 02;
  25714 : 74;
  [25715..25716] : B6;
  25717 : BB;
  25718 : C2;
  25719 : C9;
  25720 : CF;
  25721 : D3;
  25722 : D6;
  25723 : D9;
  25724 : DB;
  25725 : DD;
  25726 : DF;
  25727 : E1;
  25728 : E2;
  25729 : E3;
  25730 : E4;
  25731 : E5;
  25732 : E6;
  25733 : E7;
  25734 : E6;
  25735 : AC;
  25736 : 10;
  25737 : CA;
  25738 : F3;
  [25739..25740] : E8;
  [25741..25745] : E7;
  [25746..25747] : E6;
  25748 : E5;
  25749 : E4;
  25750 : E3;
  25751 : E2;
  [25752..25754] : E1;
  25755 : D3;
  25756 : 2D;
  25757 : 00;
  25758 : 10;
  [25759..25760] : 4F;
  25761 : 23;
  25762 : 13;
  25763 : 16;
  [25764..25766] : 15;
  25767 : 16;
  25768 : 15;
  25769 : 14;
  [25770..25772] : 13;
  25773 : 12;
  25774 : 0F;
  25775 : 13;
  25776 : 1D;
  [25777..25778] : 00;
  25779 : 65;
  [25780..25781] : B6;
  25782 : BD;
  25783 : C2;
  25784 : C9;
  25785 : CE;
  25786 : D2;
  25787 : D4;
  25788 : D6;
  25789 : D8;
  [25790..25791] : D9;
  [25792..25795] : DA;
  25796 : DF;
  25797 : A4;
  25798 : 07;
  25799 : 00;
  25800 : 25;
  25801 : 50;
  25802 : 54;
  25803 : 21;
  25804 : 1B;
  [25805..25806] : 1C;
  [25807..25810] : 1D;
  [25811..25814] : 1C;
  25815 : 1E;
  25816 : 15;
  25817 : 1F;
  25818 : 12;
  25819 : 00;
  25820 : 1A;
  25821 : A4;
  25822 : B9;
  25823 : BB;
  25824 : BF;
  25825 : C5;
  25826 : CB;
  25827 : D0;
  25828 : D3;
  25829 : D5;
  25830 : D6;
  25831 : D8;
  25832 : D9;
  [25833..25835] : D8;
  25836 : D7;
  [25837..25838] : D6;
  25839 : D2;
  25840 : 37;
  25841 : 00;
  25842 : 02;
  25843 : 27;
  25844 : 47;
  25845 : 4B;
  25846 : 2E;
  25847 : 14;
  25848 : 17;
  [25849..25851] : 18;
  [25852..25855] : 19;
  [25856..25858] : 18;
  25859 : 16;
  25860 : 1B;
  25861 : 22;
  25862 : 00;
  25863 : 0F;
  25864 : 8F;
  25865 : BB;
  25866 : BA;
  25867 : BD;
  25868 : C1;
  25869 : C5;
  25870 : CB;
  25871 : CF;
  25872 : D3;
  25873 : D7;
  25874 : D9;
  25875 : DB;
  25876 : DD;
  25877 : DE;
  25878 : DF;
  25879 : E1;
  25880 : E2;
  25881 : E3;
  [25882..25883] : E4;
  [25884..25889] : E5;
  [25890..25896] : E6;
  25897 : E7;
  25898 : E9;
  25899 : CB;
  25900 : 20;
  25901 : 00;
  25902 : 23;
  25903 : 44;
  25904 : 15;
  25905 : 19;
  25906 : 1A;
  [25907..25911] : 1B;
  25912 : 1C;
  25913 : 1B;
  [25914..25915] : 1C;
  25916 : 1D;
  [25917..25918] : 1E;
  25919 : 1F;
  25920 : 3B;
  25921 : 39;
  25922 : 36;
  25923 : 35;
  25924 : 34;
  25925 : 33;
  25926 : 36;
  25927 : 34;
  25928 : 35;
  25929 : 34;
  25930 : 33;
  25931 : 32;
  25932 : 30;
  25933 : 2D;
  25934 : 2C;
  25935 : 26;
  25936 : 1A;
  25937 : 12;
  25938 : 00;
  25939 : 31;
  25940 : ED;
  25941 : F0;
  [25942..25945] : EE;
  25946 : ED;
  25947 : EE;
  [25948..25949] : ED;
  25950 : EE;
  [25951..25953] : ED;
  [25954..25955] : EC;
  [25956..25957] : EB;
  25958 : EA;
  25959 : E9;
  25960 : E8;
  [25961..25962] : E7;
  25963 : EB;
  25964 : AA;
  25965 : 0E;
  25966 : 00;
  25967 : 2A;
  25968 : 5C;
  25969 : 43;
  25970 : 20;
  25971 : 25;
  [25972..25973] : 26;
  [25974..25976] : 28;
  [25977..25978] : 27;
  25979 : 26;
  [25980..25981] : 25;
  25982 : 1D;
  25983 : 09;
  25984 : 30;
  25985 : 13;
  [25986..25987] : 00;
  25988 : 32;
  25989 : AC;
  25990 : B7;
  25991 : BD;
  25992 : C5;
  25993 : CC;
  25994 : D1;
  25995 : D5;
  25996 : D9;
  25997 : DB;
  25998 : DC;
  25999 : DE;
  26000 : DF;
  26001 : E0;
  [26002..26006] : E1;
  26007 : E3;
  26008 : E7;
  26009 : BF;
  26010 : 14;
  26011 : 00;
  26012 : 2A;
  26013 : 4A;
  26014 : 47;
  26015 : 22;
  [26016..26017] : 26;
  [26018..26019] : 24;
  [26020..26022] : 25;
  [26023..26025] : 24;
  [26026..26027] : 22;
  26028 : 1D;
  26029 : 0C;
  26030 : 2B;
  26031 : 09;
  26032 : 00;
  26033 : 02;
  26034 : 73;
  26035 : B7;
  26036 : B6;
  26037 : BC;
  26038 : C2;
  26039 : C8;
  26040 : CF;
  26041 : D3;
  26042 : D6;
  26043 : D9;
  26044 : DB;
  26045 : DD;
  26046 : DF;
  26047 : E1;
  26048 : E2;
  26049 : E3;
  26050 : E4;
  26051 : E5;
  26052 : E6;
  26053 : E7;
  26054 : E6;
  26055 : AE;
  26056 : 10;
  26057 : CC;
  26058 : F3;
  [26059..26060] : E9;
  [26061..26062] : E7;
  26063 : E8;
  [26064..26066] : E7;
  [26067..26068] : E6;
  26069 : E5;
  26070 : E4;
  26071 : E3;
  26072 : E2;
  26073 : E1;
  26074 : E2;
  26075 : D4;
  26076 : 2D;
  26077 : 00;
  26078 : 10;
  26079 : 51;
  26080 : 50;
  26081 : 21;
  26082 : 12;
  [26083..26088] : 14;
  26089 : 13;
  26090 : 12;
  [26091..26092] : 11;
  26093 : 12;
  26094 : 0F;
  26095 : 14;
  26096 : 1E;
  [26097..26098] : 00;
  26099 : 64;
  26100 : B6;
  26101 : B7;
  26102 : BD;
  26103 : C3;
  26104 : C9;
  26105 : CE;
  26106 : D2;
  26107 : D4;
  26108 : D6;
  26109 : D8;
  [26110..26111] : DA;
  [26112..26115] : DB;
  26116 : E0;
  26117 : A6;
  26118 : 08;
  26119 : 00;
  26120 : 25;
  26121 : 4F;
  26122 : 55;
  26123 : 21;
  26124 : 1A;
  [26125..26129] : 1B;
  [26130..26132] : 1C;
  [26133..26134] : 1B;
  26135 : 1D;
  26136 : 15;
  26137 : 20;
  26138 : 12;
  26139 : 00;
  26140 : 19;
  26141 : A4;
  26142 : BA;
  26143 : BC;
  26144 : C0;
  26145 : C6;
  26146 : CC;
  26147 : CF;
  26148 : D3;
  26149 : D5;
  26150 : D7;
  26151 : D8;
  [26152..26153] : D9;
  [26154..26155] : D8;
  26156 : D7;
  26157 : D6;
  26158 : D7;
  26159 : D1;
  26160 : 37;
  26161 : 00;
  26162 : 03;
  26163 : 29;
  26164 : 48;
  26165 : 4C;
  26166 : 2D;
  26167 : 13;
  [26168..26170] : 17;
  26171 : 18;
  [26172..26175] : 19;
  [26176..26178] : 18;
  26179 : 17;
  26180 : 1D;
  26181 : 25;
  26182 : 00;
  26183 : 0F;
  26184 : 90;
  26185 : BC;
  26186 : BA;
  26187 : BD;
  26188 : C0;
  26189 : C5;
  26190 : CB;
  26191 : D0;
  26192 : D4;
  26193 : D7;
  26194 : D9;
  26195 : DB;
  26196 : DD;
  26197 : DE;
  26198 : DF;
  26199 : E1;
  26200 : E2;
  26201 : E3;
  [26202..26203] : E4;
  [26204..26205] : E5;
  26206 : E6;
  [26207..26208] : E5;
  [26209..26210] : E6;
  [26211..26213] : E7;
  26214 : E6;
  [26215..26217] : E7;
  26218 : E9;
  26219 : CB;
  26220 : 20;
  26221 : 00;
  26222 : 23;
  26223 : 43;
  26224 : 14;
  26225 : 18;
  [26226..26227] : 17;
  [26228..26230] : 1A;
  26231 : 1B;
  [26232..26235] : 1C;
  [26236..26237] : 1E;
  [26238..26239] : 20;
  26240 : 37;
  26241 : 38;
  26242 : 39;
  [26243..26246] : 37;
  [26247..26248] : 35;
  26249 : 34;
  26250 : 33;
  26251 : 32;
  26252 : 31;
  26253 : 2E;
  26254 : 2D;
  26255 : 28;
  26256 : 1C;
  26257 : 11;
  26258 : 00;
  26259 : 31;
  26260 : EE;
  26261 : F0;
  26262 : EF;
  [26263..26271] : EE;
  [26272..26273] : ED;
  [26274..26275] : EC;
  26276 : EB;
  [26277..26278] : EA;
  26279 : E9;
  [26280..26281] : E8;
  26282 : E7;
  26283 : EB;
  26284 : AA;
  26285 : 0E;
  26286 : 00;
  26287 : 2B;
  26288 : 5D;
  26289 : 41;
  26290 : 1E;
  26291 : 23;
  26292 : 25;
  [26293..26296] : 26;
  26297 : 27;
  26298 : 28;
  26299 : 27;
  26300 : 26;
  26301 : 25;
  26302 : 1D;
  26303 : 09;
  26304 : 2F;
  26305 : 12;
  [26306..26307] : 00;
  26308 : 32;
  26309 : AC;
  26310 : B7;
  26311 : BE;
  26312 : C4;
  26313 : CB;
  26314 : D1;
  26315 : D5;
  26316 : D9;
  26317 : DB;
  26318 : DD;
  26319 : DF;
  26320 : E0;
  [26321..26325] : E1;
  26326 : E2;
  26327 : E3;
  26328 : E8;
  26329 : BF;
  26330 : 13;
  26331 : 00;
  26332 : 2B;
  26333 : 4B;
  26334 : 48;
  26335 : 20;
  [26336..26337] : 24;
  26338 : 23;
  [26339..26340] : 25;
  [26341..26342] : 23;
  26343 : 24;
  26344 : 25;
  26345 : 24;
  26346 : 23;
  26347 : 21;
  26348 : 1C;
  26349 : 0C;
  26350 : 2B;
  26351 : 09;
  26352 : 00;
  26353 : 02;
  26354 : 73;
  [26355..26356] : B7;
  26357 : BC;
  26358 : C2;
  26359 : C8;
  26360 : CF;
  26361 : D3;
  26362 : D6;
  26363 : D9;
  26364 : DB;
  26365 : DD;
  26366 : DF;
  26367 : E1;
  26368 : E2;
  26369 : E3;
  26370 : E4;
  26371 : E5;
  26372 : E6;
  26373 : E7;
  26374 : E6;
  26375 : AE;
  26376 : 11;
  26377 : CC;
  26378 : F4;
  [26379..26380] : E9;
  [26381..26383] : E8;
  [26384..26386] : E7;
  [26387..26388] : E6;
  26389 : E5;
  26390 : E4;
  26391 : E3;
  26392 : E2;
  26393 : E1;
  26394 : E2;
  26395 : D5;
  26396 : 2E;
  26397 : 00;
  26398 : 11;
  26399 : 51;
  26400 : 50;
  26401 : 22;
  26402 : 12;
  [26403..26406] : 14;
  [26407..26408] : 13;
  26409 : 12;
  26410 : 11;
  [26411..26412] : 10;
  26413 : 11;
  26414 : 0E;
  26415 : 14;
  26416 : 1E;
  [26417..26418] : 00;
  26419 : 64;
  26420 : B6;
  26421 : B8;
  26422 : BD;
  26423 : C3;
  26424 : C9;
  26425 : CE;
  26426 : D1;
  26427 : D4;
  26428 : D6;
  26429 : D9;
  [26430..26431] : DA;
  [26432..26435] : DB;
  26436 : E0;
  26437 : A6;
  26438 : 08;
  26439 : 00;
  26440 : 24;
  26441 : 51;
  26442 : 55;
  26443 : 1F;
  26444 : 19;
  [26445..26446] : 1A;
  [26447..26448] : 1B;
  26449 : 1A;
  [26450..26454] : 1B;
  26455 : 1C;
  26456 : 14;
  26457 : 20;
  26458 : 12;
  26459 : 00;
  26460 : 19;
  26461 : A5;
  26462 : BB;
  26463 : BC;
  26464 : C0;
  26465 : C6;
  26466 : CB;
  26467 : D0;
  26468 : D3;
  26469 : D5;
  26470 : D7;
  26471 : D8;
  [26472..26474] : D9;
  26475 : D8;
  26476 : D7;
  26477 : D6;
  26478 : D7;
  26479 : D1;
  26480 : 37;
  26481 : 00;
  26482 : 03;
  26483 : 29;
  26484 : 4A;
  26485 : 4E;
  26486 : 2E;
  26487 : 12;
  26488 : 15;
  26489 : 16;
  [26490..26491] : 17;
  [26492..26498] : 18;
  26499 : 17;
  26500 : 1E;
  26501 : 25;
  26502 : 00;
  26503 : 0F;
  26504 : 92;
  26505 : BC;
  26506 : BA;
  26507 : BD;
  26508 : C0;
  26509 : C5;
  26510 : CC;
  26511 : D1;
  26512 : D4;
  26513 : D7;
  26514 : D9;
  26515 : DB;
  26516 : DD;
  26517 : DE;
  26518 : DF;
  26519 : E1;
  26520 : E2;
  26521 : E3;
  [26522..26523] : E4;
  26524 : E5;
  [26525..26529] : E6;
  [26530..26532] : E7;
  26533 : E6;
  [26534..26537] : E7;
  26538 : E9;
  26539 : CC;
  26540 : 20;
  26541 : 00;
  26542 : 22;
  26543 : 42;
  26544 : 14;
  26545 : 18;
  [26546..26548] : 19;
  [26549..26552] : 1A;
  26553 : 1B;
  [26554..26555] : 1C;
  26556 : 1D;
  26557 : 1E;
  [26558..26559] : 1F;
  26560 : 3D;
  26561 : 3C;
  26562 : 39;
  26563 : 38;
  [26564..26568] : 36;
  26569 : 34;
  26570 : 32;
  26571 : 30;
  26572 : 31;
  [26573..26574] : 2F;
  26575 : 28;
  26576 : 1B;
  26577 : 11;
  26578 : 00;
  26579 : 33;
  26580 : EF;
  26581 : F1;
  [26582..26583] : EF;
  [26584..26591] : EE;
  [26592..26594] : ED;
  26595 : EC;
  [26596..26597] : EB;
  26598 : EA;
  26599 : E9;
  [26600..26601] : E8;
  26602 : E7;
  26603 : EB;
  26604 : AA;
  26605 : 0E;
  26606 : 00;
  26607 : 2A;
  26608 : 5C;
  26609 : 41;
  26610 : 1D;
  26611 : 22;
  [26612..26615] : 24;
  26616 : 25;
  [26617..26618] : 27;
  26619 : 26;
  26620 : 25;
  26621 : 24;
  26622 : 1C;
  26623 : 09;
  26624 : 2F;
  26625 : 12;
  [26626..26627] : 00;
  26628 : 31;
  26629 : AC;
  26630 : B7;
  26631 : BE;
  26632 : C5;
  26633 : CB;
  26634 : D1;
  26635 : D5;
  26636 : D8;
  26637 : DB;
  26638 : DD;
  26639 : DE;
  [26640..26641] : E0;
  26642 : E1;
  [26643..26644] : E2;
  26645 : E1;
  [26646..26647] : E2;
  26648 : E8;
  26649 : BF;
  26650 : 13;
  26651 : 00;
  26652 : 2B;
  26653 : 4E;
  26654 : 49;
  26655 : 1F;
  [26656..26661] : 23;
  26662 : 24;
  26663 : 23;
  26664 : 24;
  [26665..26666] : 23;
  26667 : 21;
  26668 : 1C;
  26669 : 0C;
  26670 : 2C;
  26671 : 0A;
  26672 : 00;
  26673 : 02;
  26674 : 74;
  [26675..26676] : B6;
  26677 : BB;
  26678 : C2;
  26679 : C9;
  26680 : CF;
  26681 : D3;
  26682 : D6;
  26683 : D9;
  26684 : DB;
  26685 : DD;
  26686 : DF;
  26687 : E1;
  26688 : E2;
  26689 : E3;
  26690 : E4;
  [26691..26692] : E5;
  [26693..26694] : E6;
  26695 : AD;
  26696 : 10;
  26697 : CC;
  26698 : F4;
  [26699..26701] : E9;
  [26702..26705] : E8;
  [26706..26707] : E7;
  26708 : E6;
  26709 : E5;
  26710 : E4;
  26711 : E3;
  26712 : E2;
  26713 : E1;
  26714 : E2;
  26715 : D4;
  26716 : 2D;
  26717 : 00;
  26718 : 12;
  26719 : 51;
  26720 : 52;
  26721 : 22;
  26722 : 11;
  [26723..26725] : 12;
  26726 : 13;
  26727 : 12;
  [26728..26729] : 11;
  [26730..26732] : 10;
  26733 : 0F;
  26734 : 0D;
  26735 : 14;
  26736 : 1E;
  [26737..26738] : 00;
  26739 : 68;
  [26740..26741] : B7;
  26742 : BD;
  26743 : C2;
  26744 : C8;
  26745 : CD;
  26746 : D2;
  26747 : D4;
  26748 : D6;
  26749 : D9;
  [26750..26751] : DA;
  [26752..26755] : DB;
  26756 : E1;
  26757 : A4;
  26758 : 07;
  26759 : 00;
  26760 : 26;
  26761 : 51;
  26762 : 54;
  26763 : 1F;
  [26764..26765] : 1A;
  26766 : 19;
  [26767..26768] : 1A;
  [26769..26773] : 19;
  26774 : 1A;
  26775 : 1B;
  26776 : 13;
  26777 : 1F;
  26778 : 12;
  26779 : 00;
  26780 : 19;
  26781 : A4;
  [26782..26783] : BC;
  26784 : C0;
  26785 : C5;
  26786 : CB;
  26787 : CF;
  26788 : D3;
  26789 : D5;
  26790 : D7;
  26791 : D8;
  [26792..26795] : D9;
  26796 : D8;
  [26797..26798] : D7;
  26799 : D1;
  26800 : 36;
  26801 : 00;
  26802 : 03;
  26803 : 2B;
  26804 : 4A;
  26805 : 4E;
  26806 : 2E;
  26807 : 12;
  26808 : 15;
  [26809..26810] : 16;
  [26811..26814] : 17;
  [26815..26818] : 18;
  26819 : 16;
  26820 : 1E;
  26821 : 24;
  26822 : 00;
  26823 : 11;
  26824 : 93;
  26825 : BB;
  26826 : B9;
  26827 : BE;
  26828 : C1;
  26829 : C5;
  26830 : CB;
  26831 : D1;
  26832 : D4;
  26833 : D7;
  26834 : D9;
  26835 : DB;
  26836 : DC;
  26837 : DD;
  26838 : DF;
  26839 : E1;
  26840 : E2;
  26841 : E3;
  26842 : E4;
  26843 : E5;
  [26844..26846] : E6;
  26847 : E7;
  26848 : E6;
  [26849..26857] : E7;
  26858 : E8;
  26859 : CC;
  26860 : 21;
  26861 : 00;
  26862 : 23;
  26863 : 40;
  26864 : 13;
  26865 : 19;
  [26866..26872] : 1A;
  [26873..26874] : 1B;
  26875 : 1C;
  26876 : 1D;
  26877 : 1E;
  26878 : 1F;
  26879 : 20;
  26880 : 3B;
  26881 : 3C;
  26882 : 3A;
  26883 : 39;
  [26884..26885] : 36;
  26886 : 35;
  [26887..26888] : 34;
  26889 : 33;
  [26890..26891] : 32;
  26892 : 31;
  26893 : 30;
  26894 : 2F;
  26895 : 2A;
  26896 : 1C;
  26897 : 11;
  26898 : 00;
  26899 : 35;
  [26900..26901] : F1;
  [26902..26903] : EF;
  26904 : EE;
  26905 : EF;
  26906 : EE;
  [26907..26908] : EF;
  [26909..26912] : EE;
  [26913..26914] : ED;
  26915 : EC;
  [26916..26917] : EB;
  26918 : EA;
  26919 : E9;
  26920 : E8;
  [26921..26922] : E7;
  26923 : EB;
  26924 : AA;
  26925 : 0E;
  26926 : 00;
  26927 : 2A;
  26928 : 5E;
  26929 : 42;
  26930 : 1C;
  26931 : 21;
  [26932..26933] : 22;
  [26934..26936] : 23;
  26937 : 24;
  26938 : 25;
  26939 : 24;
  26940 : 23;
  26941 : 22;
  26942 : 1A;
  26943 : 08;
  26944 : 30;
  26945 : 13;
  [26946..26947] : 00;
  26948 : 31;
  26949 : AB;
  26950 : B6;
  26951 : BD;
  26952 : C4;
  26953 : CB;
  26954 : D0;
  26955 : D5;
  26956 : D8;
  26957 : DB;
  26958 : DD;
  26959 : DF;
  26960 : E0;
  [26961..26962] : E1;
  [26963..26966] : E2;
  26967 : E3;
  26968 : E8;
  26969 : BF;
  26970 : 15;
  26971 : 00;
  26972 : 2C;
  26973 : 52;
  26974 : 4A;
  26975 : 1E;
  26976 : 20;
  26977 : 21;
  [26978..26980] : 22;
  26981 : 23;
  26982 : 24;
  26983 : 23;
  [26984..26987] : 22;
  26988 : 1A;
  26989 : 0C;
  26990 : 2D;
  26991 : 0B;
  26992 : 00;
  26993 : 02;
  26994 : 75;
  [26995..26996] : B5;
  26997 : BB;
  26998 : C1;
  26999 : C9;
  27000 : CF;
  27001 : D3;
  27002 : D6;
  27003 : D8;
  27004 : DB;
  27005 : DD;
  27006 : DF;
  27007 : E0;
  27008 : E2;
  [27009..27010] : E3;
  [27011..27012] : E5;
  [27013..27014] : E6;
  27015 : AC;
  27016 : 10;
  27017 : CC;
  27018 : F4;
  27019 : EA;
  [27020..27022] : E9;
  [27023..27026] : E8;
  27027 : E7;
  27028 : E6;
  27029 : E5;
  27030 : E4;
  27031 : E3;
  27032 : E2;
  27033 : E1;
  27034 : E2;
  27035 : D3;
  27036 : 2C;
  27037 : 00;
  27038 : 13;
  27039 : 51;
  27040 : 53;
  27041 : 21;
  27042 : 0F;
  [27043..27045] : 11;
  27046 : 10;
  27047 : 11;
  [27048..27049] : 10;
  [27050..27052] : 0F;
  27053 : 0E;
  27054 : 0B;
  27055 : 15;
  27056 : 1F;
  [27057..27058] : 00;
  27059 : 69;
  [27060..27061] : B7;
  27062 : BD;
  27063 : C2;
  27064 : C8;
  27065 : CE;
  27066 : D2;
  27067 : D5;
  27068 : D7;
  [27069..27070] : D9;
  27071 : DA;
  [27072..27075] : DB;
  27076 : E0;
  27077 : A4;
  27078 : 07;
  27079 : 00;
  27080 : 26;
  27081 : 50;
  27082 : 58;
  27083 : 21;
  27084 : 19;
  [27085..27087] : 1A;
  27088 : 19;
  [27089..27092] : 18;
  27093 : 17;
  27094 : 18;
  27095 : 19;
  27096 : 12;
  27097 : 1F;
  27098 : 12;
  27099 : 00;
  27100 : 19;
  27101 : A4;
  27102 : BB;
  27103 : BD;
  27104 : C0;
  27105 : C5;
  27106 : CB;
  27107 : CF;
  27108 : D3;
  27109 : D5;
  27110 : D7;
  27111 : D8;
  27112 : D9;
  27113 : DA;
  [27114..27115] : D9;
  27116 : D8;
  27117 : D7;
  27118 : D8;
  27119 : D1;
  27120 : 37;
  27121 : 00;
  27122 : 03;
  27123 : 2C;
  27124 : 4C;
  27125 : 4D;
  27126 : 2F;
  27127 : 11;
  27128 : 14;
  [27129..27130] : 15;
  [27131..27132] : 16;
  27133 : 17;
  [27134..27138] : 18;
  27139 : 15;
  27140 : 1E;
  27141 : 25;
  27142 : 00;
  27143 : 11;
  27144 : 94;
  27145 : BB;
  27146 : B9;
  27147 : BE;
  27148 : C2;
  27149 : C6;
  27150 : CB;
  27151 : D0;
  27152 : D4;
  27153 : D7;
  27154 : D9;
  27155 : DB;
  27156 : DD;
  27157 : DE;
  27158 : DF;
  27159 : E1;
  27160 : E3;
  [27161..27162] : E4;
  [27163..27164] : E5;
  [27165..27166] : E6;
  [27167..27177] : E7;
  27178 : E8;
  27179 : CC;
  27180 : 21;
  27181 : 00;
  27182 : 23;
  27183 : 3F;
  27184 : 12;
  27185 : 17;
  [27186..27188] : 18;
  [27189..27190] : 19;
  27191 : 1A;
  27192 : 1B;
  27193 : 1A;
  27194 : 1B;
  27195 : 1C;
  [27196..27197] : 1D;
  27198 : 1E;
  27199 : 1D;
  27200 : 3A;
  27201 : 3B;
  27202 : 37;
  [27203..27204] : 35;
  [27205..27206] : 36;
  27207 : 35;
  27208 : 34;
  [27209..27211] : 33;
  27212 : 32;
  27213 : 30;
  27214 : 2E;
  27215 : 29;
  27216 : 1D;
  27217 : 12;
  27218 : 00;
  27219 : 35;
  27220 : F1;
  27221 : F2;
  27222 : EF;
  27223 : EE;
  27224 : EF;
  [27225..27226] : EE;
  27227 : EF;
  [27228..27230] : EE;
  [27231..27234] : ED;
  27235 : EC;
  [27236..27237] : EB;
  27238 : EA;
  27239 : E9;
  27240 : E8;
  [27241..27242] : E7;
  27243 : EB;
  27244 : AA;
  27245 : 0F;
  27246 : 00;
  27247 : 29;
  27248 : 61;
  27249 : 43;
  27250 : 1A;
  27251 : 1F;
  [27252..27253] : 21;
  27254 : 22;
  [27255..27256] : 21;
  27257 : 22;
  27258 : 24;
  27259 : 23;
  27260 : 22;
  27261 : 21;
  27262 : 19;
  27263 : 08;
  27264 : 30;
  27265 : 12;
  [27266..27267] : 00;
  27268 : 31;
  27269 : AC;
  27270 : B6;
  27271 : BD;
  27272 : C4;
  27273 : CA;
  27274 : D1;
  27275 : D5;
  27276 : D8;
  27277 : DB;
  27278 : DD;
  27279 : DE;
  27280 : E0;
  [27281..27282] : E1;
  [27283..27286] : E2;
  27287 : E3;
  27288 : E8;
  27289 : C0;
  27290 : 15;
  27291 : 00;
  27292 : 2E;
  27293 : 53;
  27294 : 4B;
  27295 : 1C;
  27296 : 1F;
  [27297..27298] : 21;
  27299 : 22;
  [27300..27303] : 23;
  27304 : 22;
  [27305..27307] : 21;
  27308 : 19;
  27309 : 0D;
  27310 : 2F;
  27311 : 0B;
  27312 : 00;
  27313 : 02;
  27314 : 74;
  [27315..27316] : B5;
  27317 : BB;
  27318 : C1;
  27319 : C9;
  27320 : CF;
  27321 : D3;
  27322 : D6;
  27323 : D8;
  27324 : DB;
  27325 : DD;
  27326 : DE;
  27327 : E0;
  27328 : E1;
  27329 : E3;
  [27330..27331] : E4;
  27332 : E5;
  [27333..27334] : E6;
  27335 : AC;
  27336 : 0F;
  27337 : CB;
  27338 : F4;
  [27339..27342] : E9;
  [27343..27345] : E8;
  [27346..27347] : E7;
  [27348..27349] : E6;
  [27350..27351] : E4;
  27352 : E2;
  27353 : E1;
  27354 : E3;
  27355 : D4;
  27356 : 2D;
  27357 : 00;
  27358 : 13;
  27359 : 4E;
  27360 : 54;
  27361 : 20;
  27362 : 0E;
  [27363..27364] : 11;
  [27365..27367] : 10;
  [27368..27371] : 0F;
  27372 : 0E;
  27373 : 0D;
  27374 : 0B;
  27375 : 15;
  27376 : 20;
  [27377..27378] : 00;
  27379 : 68;
  27380 : B5;
  27381 : B6;
  27382 : BC;
  27383 : C2;
  27384 : C8;
  27385 : CD;
  27386 : D1;
  27387 : D4;
  27388 : D7;
  27389 : D9;
  [27390..27391] : DA;
  [27392..27394] : DB;
  27395 : DA;
  27396 : E0;
  27397 : A4;
  27398 : 07;
  27399 : 00;
  27400 : 26;
  27401 : 52;
  27402 : 5B;
  27403 : 1F;
  [27404..27406] : 19;
  [27407..27408] : 1A;
  [27409..27410] : 18;
  [27411..27414] : 17;
  27415 : 18;
  27416 : 12;
  27417 : 1F;
  27418 : 12;
  27419 : 00;
  27420 : 1A;
  27421 : A5;
  27422 : BB;
  27423 : BD;
  27424 : C0;
  27425 : C5;
  27426 : CB;
  27427 : CF;
  27428 : D3;
  27429 : D5;
  27430 : D7;
  27431 : D8;
  [27432..27435] : D9;
  [27436..27437] : D7;
  27438 : D8;
  27439 : D2;
  27440 : 37;
  27441 : 00;
  27442 : 03;
  27443 : 2C;
  27444 : 4C;
  27445 : 4E;
  27446 : 2E;
  27447 : 11;
  [27448..27450] : 14;
  27451 : 15;
  [27452..27453] : 16;
  27454 : 17;
  [27455..27456] : 18;
  [27457..27458] : 17;
  27459 : 15;
  27460 : 1D;
  27461 : 25;
  27462 : 00;
  27463 : 11;
  27464 : 94;
  27465 : BC;
  27466 : BA;
  27467 : BE;
  27468 : C2;
  27469 : C6;
  27470 : CB;
  27471 : D0;
  27472 : D3;
  27473 : D6;
  27474 : D9;
  27475 : DB;
  27476 : DC;
  27477 : DE;
  27478 : DF;
  27479 : E1;
  27480 : E3;
  [27481..27482] : E4;
  27483 : E5;
  [27484..27485] : E6;
  [27486..27493] : E7;
  27494 : E6;
  [27495..27496] : E7;
  27497 : E6;
  27498 : E8;
  27499 : CC;
  27500 : 20;
  27501 : 00;
  27502 : 24;
  27503 : 41;
  27504 : 15;
  27505 : 19;
  27506 : 18;
  27507 : 1A;
  27508 : 1B;
  [27509..27511] : 1C;
  [27512..27514] : 1D;
  [27515..27517] : 1F;
  27518 : 20;
  27519 : 1F;
  27520 : 3B;
  27521 : 3A;
  27522 : 38;
  [27523..27525] : 36;
  27526 : 35;
  [27527..27528] : 33;
  [27529..27530] : 34;
  27531 : 33;
  27532 : 31;
  [27533..27534] : 30;
  27535 : 2A;
  27536 : 1E;
  27537 : 12;
  27538 : 00;
  27539 : 34;
  27540 : F3;
  27541 : F2;
  27542 : EF;
  27543 : EE;
  27544 : EF;
  [27545..27550] : EE;
  [27551..27554] : ED;
  [27555..27557] : EB;
  27558 : EA;
  27559 : E9;
  [27560..27561] : E8;
  27562 : E7;
  27563 : EB;
  27564 : AC;
  27565 : 0F;
  27566 : 00;
  27567 : 29;
  27568 : 61;
  27569 : 42;
  27570 : 19;
  27571 : 1F;
  [27572..27576] : 20;
  [27577..27578] : 22;
  [27579..27581] : 21;
  27582 : 18;
  27583 : 08;
  27584 : 30;
  27585 : 13;
  [27586..27587] : 00;
  27588 : 31;
  27589 : AC;
  27590 : B6;
  27591 : BD;
  27592 : C4;
  27593 : CB;
  27594 : D1;
  27595 : D5;
  27596 : D8;
  27597 : DB;
  27598 : DC;
  27599 : DE;
  27600 : E0;
  [27601..27602] : E1;
  [27603..27606] : E2;
  27607 : E3;
  27608 : E8;
  27609 : C0;
  27610 : 16;
  27611 : 00;
  27612 : 30;
  27613 : 56;
  27614 : 4D;
  27615 : 1A;
  27616 : 1F;
  27617 : 20;
  27618 : 1F;
  27619 : 21;
  27620 : 22;
  27621 : 21;
  27622 : 20;
  27623 : 1F;
  [27624..27625] : 20;
  [27626..27627] : 1F;
  27628 : 19;
  27629 : 0D;
  27630 : 31;
  27631 : 0B;
  27632 : 00;
  27633 : 02;
  27634 : 73;
  27635 : B4;
  27636 : B5;
  27637 : BB;
  27638 : C1;
  27639 : C8;
  27640 : CE;
  27641 : D3;
  27642 : D6;
  27643 : D8;
  27644 : DA;
  27645 : DD;
  27646 : DE;
  27647 : E0;
  27648 : E1;
  27649 : E3;
  27650 : E4;
  [27651..27652] : E5;
  27653 : E7;
  27654 : E6;
  27655 : AC;
  27656 : 10;
  27657 : CC;
  27658 : F4;
  [27659..27664] : E9;
  27665 : E8;
  [27666..27667] : E7;
  [27668..27669] : E6;
  27670 : E5;
  [27671..27672] : E3;
  27673 : E2;
  27674 : E3;
  27675 : D4;
  27676 : 2C;
  27677 : 00;
  27678 : 15;
  27679 : 51;
  27680 : 55;
  27681 : 20;
  27682 : 0E;
  [27683..27684] : 10;
  [27685..27686] : 0F;
  27687 : 10;
  [27688..27689] : 0F;
  [27690..27691] : 0E;
  [27692..27693] : 0D;
  27694 : 0B;
  27695 : 16;
  27696 : 21;
  [27697..27698] : 00;
  27699 : 68;
  27700 : B5;
  27701 : B6;
  27702 : BC;
  27703 : C2;
  27704 : C7;
  27705 : CD;
  27706 : D1;
  27707 : D4;
  27708 : D6;
  27709 : D8;
  [27710..27711] : DA;
  [27712..27714] : DB;
  27715 : DA;
  27716 : DF;
  27717 : A3;
  27718 : 07;
  27719 : 00;
  27720 : 26;
  27721 : 50;
  27722 : 5C;
  27723 : 20;
  [27724..27725] : 18;
  27726 : 19;
  27727 : 1A;
  27728 : 19;
  27729 : 18;
  27730 : 17;
  [27731..27732] : 16;
  [27733..27735] : 17;
  27736 : 11;
  27737 : 1F;
  27738 : 12;
  27739 : 00;
  27740 : 1A;
  27741 : A5;
  27742 : BB;
  27743 : BC;
  27744 : C0;
  27745 : C5;
  27746 : CB;
  27747 : CF;
  27748 : D2;
  27749 : D5;
  27750 : D6;
  [27751..27752] : D8;
  [27753..27755] : D9;
  27756 : D8;
  27757 : D7;
  27758 : D8;
  27759 : D2;
  27760 : 37;
  27761 : 00;
  27762 : 03;
  27763 : 2B;
  27764 : 4B;
  27765 : 4F;
  27766 : 2E;
  27767 : 11;
  [27768..27771] : 14;
  [27772..27773] : 15;
  [27774..27775] : 16;
  [27776..27777] : 17;
  27778 : 16;
  27779 : 15;
  27780 : 1D;
  27781 : 25;
  27782 : 00;
  27783 : 11;
  27784 : 95;
  27785 : BD;
  27786 : BB;
  27787 : BE;
  27788 : C2;
  27789 : C6;
  27790 : CB;
  27791 : D0;
  27792 : D3;
  27793 : D6;
  27794 : D9;
  27795 : DB;
  27796 : DC;
  27797 : DE;
  27798 : DF;
  27799 : E1;
  27800 : E2;
  27801 : E3;
  27802 : E4;
  27803 : E5;
  [27804..27806] : E6;
  [27807..27815] : E7;
  [27816..27817] : E6;
  27818 : E8;
  27819 : CB;
  27820 : 20;
  27821 : 00;
  27822 : 24;
  27823 : 42;
  27824 : 15;
  [27825..27826] : 18;
  27827 : 19;
  [27828..27829] : 1A;
  [27830..27832] : 1B;
  [27833..27834] : 1C;
  [27835..27839] : 1D;
  [27840..27841] : 3A;
  27842 : 39;
  27843 : 38;
  27844 : 37;
  27845 : 36;
  [27846..27847] : 35;
  27848 : 33;
  27849 : 34;
  27850 : 35;
  27851 : 34;
  27852 : 31;
  27853 : 2F;
  27854 : 2D;
  27855 : 29;
  27856 : 1F;
  27857 : 13;
  27858 : 00;
  27859 : 34;
  27860 : F3;
  27861 : F2;
  [27862..27863] : EF;
  27864 : EE;
  [27865..27866] : EF;
  [27867..27870] : EE;
  [27871..27873] : ED;
  27874 : EC;
  [27875..27876] : EB;
  27877 : EA;
  [27878..27879] : E9;
  [27880..27881] : E8;
  27882 : E7;
  27883 : EC;
  27884 : AE;
  27885 : 11;
  27886 : 00;
  27887 : 29;
  27888 : 62;
  27889 : 42;
  27890 : 19;
  27891 : 1E;
  27892 : 1F;
  27893 : 1E;
  [27894..27896] : 1F;
  27897 : 21;
  27898 : 20;
  [27899..27901] : 1F;
  27902 : 17;
  27903 : 09;
  27904 : 2F;
  27905 : 12;
  [27906..27907] : 00;
  27908 : 31;
  27909 : AB;
  27910 : B6;
  27911 : BD;
  27912 : C4;
  27913 : CB;
  27914 : D0;
  27915 : D5;
  27916 : D8;
  27917 : DA;
  27918 : DC;
  27919 : DE;
  27920 : DF;
  27921 : E0;
  27922 : E1;
  [27923..27926] : E2;
  27927 : E3;
  27928 : E8;
  27929 : BF;
  27930 : 16;
  27931 : 00;
  27932 : 30;
  27933 : 58;
  27934 : 4E;
  27935 : 1A;
  27936 : 1E;
  [27937..27938] : 1F;
  27939 : 20;
  27940 : 21;
  27941 : 20;
  [27942..27947] : 1F;
  27948 : 18;
  27949 : 0D;
  27950 : 31;
  27951 : 0B;
  27952 : 00;
  27953 : 02;
  27954 : 74;
  [27955..27956] : B5;
  27957 : BB;
  27958 : C1;
  27959 : C8;
  27960 : CE;
  27961 : D2;
  27962 : D5;
  27963 : D8;
  27964 : DB;
  27965 : DD;
  27966 : DE;
  27967 : E0;
  27968 : E1;
  27969 : E2;
  27970 : E4;
  [27971..27972] : E5;
  [27973..27974] : E7;
  27975 : AE;
  27976 : 10;
  27977 : CD;
  27978 : F4;
  [27979..27984] : E9;
  [27985..27986] : E8;
  [27987..27988] : E7;
  27989 : E6;
  27990 : E5;
  27991 : E3;
  [27992..27993] : E2;
  27994 : E4;
  27995 : D4;
  27996 : 2C;
  27997 : 00;
  27998 : 15;
  27999 : 50;
  28000 : 57;
  28001 : 21;
  28002 : 0D;
  [28003..28005] : 0F;
  28006 : 0E;
  [28007..28008] : 0F;
  [28009..28011] : 0E;
  [28012..28013] : 0D;
  28014 : 0B;
  28015 : 17;
  28016 : 21;
  [28017..28018] : 00;
  28019 : 67;
  28020 : B4;
  28021 : B5;
  28022 : BB;
  28023 : C1;
  28024 : C7;
  28025 : CD;
  28026 : D1;
  28027 : D3;
  28028 : D6;
  28029 : D7;
  28030 : DA;
  [28031..28035] : DB;
  28036 : DF;
  28037 : A3;
  28038 : 07;
  28039 : 00;
  28040 : 26;
  28041 : 50;
  28042 : 5C;
  28043 : 1F;
  28044 : 17;
  [28045..28046] : 18;
  28047 : 19;
  28048 : 18;
  28049 : 17;
  [28050..28052] : 15;
  [28053..28054] : 16;
  28055 : 15;
  28056 : 10;
  28057 : 1E;
  28058 : 11;
  28059 : 00;
  28060 : 19;
  28061 : A5;
  28062 : BB;
  28063 : BD;
  28064 : C0;
  28065 : C5;
  28066 : CB;
  28067 : CF;
  28068 : D2;
  28069 : D4;
  28070 : D6;
  [28071..28072] : D8;
  [28073..28075] : D9;
  [28076..28078] : D8;
  28079 : D2;
  28080 : 37;
  28081 : 00;
  28082 : 04;
  28083 : 2C;
  28084 : 4B;
  28085 : 4F;
  28086 : 2F;
  28087 : 10;
  28088 : 14;
  [28089..28090] : 13;
  [28091..28092] : 14;
  28093 : 15;
  [28094..28098] : 16;
  28099 : 15;
  28100 : 1E;
  28101 : 25;
  28102 : 00;
  28103 : 11;
  28104 : 95;
  28105 : BE;
  28106 : BC;
  28107 : BD;
  28108 : C2;
  28109 : C5;
  28110 : CB;
  28111 : D0;
  28112 : D4;
  28113 : D7;
  28114 : D9;
  28115 : DB;
  28116 : DC;
  28117 : DE;
  28118 : DF;
  28119 : E0;
  28120 : E2;
  28121 : E3;
  28122 : E4;
  28123 : E5;
  [28124..28127] : E6;
  [28128..28136] : E7;
  28137 : E6;
  28138 : E8;
  28139 : CC;
  28140 : 22;
  28141 : 00;
  28142 : 23;
  28143 : 41;
  28144 : 13;
  [28145..28146] : 18;
  28147 : 19;
  [28148..28149] : 1A;
  28150 : 1B;
  [28151..28152] : 1A;
  28153 : 1B;
  28154 : 1C;
  [28155..28156] : 1D;
  [28157..28159] : 1E;
  28160 : 3C;
  [28161..28162] : 39;
  28163 : 38;
  28164 : 37;
  28165 : 36;
  28166 : 35;
  [28167..28170] : 34;
  28171 : 33;
  28172 : 31;
  28173 : 30;
  28174 : 2E;
  28175 : 29;
  28176 : 20;
  28177 : 13;
  28178 : 00;
  28179 : 31;
  [28180..28181] : F2;
  [28182..28184] : EF;
  28185 : EE;
  28186 : EF;
  [28187..28190] : EE;
  [28191..28193] : ED;
  28194 : EC;
  [28195..28196] : EB;
  28197 : EA;
  [28198..28199] : E9;
  [28200..28202] : E8;
  28203 : EC;
  28204 : AD;
  28205 : 10;
  28206 : 00;
  28207 : 29;
  28208 : 64;
  28209 : 43;
  28210 : 18;
  [28211..28215] : 1E;
  [28216..28218] : 20;
  28219 : 1F;
  28220 : 1E;
  28221 : 1F;
  28222 : 16;
  28223 : 08;
  28224 : 2F;
  28225 : 11;
  [28226..28227] : 00;
  28228 : 32;
  28229 : AB;
  28230 : B6;
  28231 : BC;
  28232 : C4;
  28233 : CA;
  28234 : D0;
  28235 : D5;
  28236 : D8;
  28237 : DA;
  28238 : DC;
  28239 : DE;
  28240 : DF;
  [28241..28242] : E1;
  [28243..28246] : E2;
  28247 : E3;
  28248 : E8;
  28249 : BF;
  28250 : 16;
  28251 : 00;
  28252 : 2F;
  28253 : 59;
  28254 : 4F;
  28255 : 18;
  28256 : 1E;
  28257 : 1D;
  28258 : 1E;
  [28259..28261] : 1F;
  [28262..28267] : 1E;
  28268 : 17;
  28269 : 0E;
  28270 : 30;
  28271 : 0B;
  28272 : 00;
  28273 : 02;
  28274 : 75;
  28275 : B6;
  28276 : B5;
  28277 : BA;
  28278 : C0;
  28279 : C7;
  28280 : CD;
  28281 : D2;
  28282 : D5;
  28283 : D8;
  28284 : DA;
  28285 : DD;
  28286 : DE;
  28287 : E0;
  28288 : E1;
  28289 : E3;
  28290 : E4;
  28291 : E5;
  28292 : E6;
  [28293..28294] : E7;
  28295 : AD;
  28296 : 0F;
  28297 : CB;
  28298 : F4;
  [28299..28302] : E9;
  [28303..28307] : E8;
  28308 : E7;
  28309 : E6;
  28310 : E5;
  28311 : E4;
  28312 : E3;
  28313 : E2;
  28314 : E3;
  28315 : D4;
  28316 : 2C;
  28317 : 00;
  28318 : 16;
  28319 : 4F;
  28320 : 58;
  28321 : 20;
  28322 : 0D;
  [28323..28325] : 0F;
  [28326..28328] : 0E;
  [28329..28330] : 0D;
  28331 : 0C;
  28332 : 0D;
  28333 : 0C;
  28334 : 0B;
  28335 : 17;
  28336 : 20;
  [28337..28338] : 00;
  28339 : 67;
  28340 : B4;
  28341 : B5;
  28342 : BB;
  28343 : C0;
  28344 : C6;
  28345 : CC;
  28346 : D1;
  28347 : D3;
  28348 : D6;
  28349 : D7;
  28350 : D9;
  [28351..28355] : DB;
  28356 : E0;
  28357 : A2;
  28358 : 07;
  28359 : 00;
  28360 : 26;
  28361 : 4F;
  28362 : 5D;
  28363 : 1E;
  28364 : 15;
  [28365..28366] : 16;
  [28367..28368] : 17;
  28369 : 15;
  [28370..28371] : 14;
  [28372..28373] : 15;
  [28374..28375] : 14;
  28376 : 10;
  28377 : 1E;
  28378 : 11;
  28379 : 00;
  28380 : 1A;
  28381 : A6;
  28382 : BB;
  28383 : BD;
  28384 : C0;
  28385 : C5;
  28386 : CA;
  28387 : CE;
  28388 : D2;
  28389 : D4;
  28390 : D6;
  [28391..28396] : D8;
  28397 : D7;
  28398 : D8;
  28399 : D1;
  28400 : 37;
  28401 : 00;
  28402 : 04;
  28403 : 2C;
  28404 : 4D;
  28405 : 50;
  28406 : 30;
  28407 : 0F;
  [28408..28409] : 12;
  [28410..28412] : 13;
  28413 : 14;
  [28414..28418] : 15;
  28419 : 14;
  28420 : 1D;
  28421 : 23;
  28422 : 00;
  28423 : 0F;
  28424 : 94;
  28425 : BE;
  28426 : BC;
  28427 : BE;
  28428 : C2;
  28429 : C6;
  28430 : CB;
  28431 : D0;
  28432 : D4;
  28433 : D7;
  28434 : D9;
  28435 : DB;
  28436 : DC;
  28437 : DD;
  28438 : DF;
  28439 : E0;
  28440 : E1;
  28441 : E3;
  28442 : E4;
  28443 : E5;
  [28444..28447] : E6;
  [28448..28454] : E7;
  28455 : E6;
  28456 : E7;
  28457 : E6;
  28458 : E8;
  28459 : CD;
  28460 : 22;
  28461 : 00;
  28462 : 23;
  28463 : 3F;
  28464 : 13;
  28465 : 17;
  [28466..28468] : 18;
  28469 : 19;
  [28470..28472] : 18;
  28473 : 19;
  [28474..28475] : 1A;
  [28476..28479] : 1B;
  28480 : 39;
  28481 : 38;
  28482 : 3A;
  28483 : 38;
  28484 : 39;
  [28485..28486] : 37;
  28487 : 35;
  28488 : 34;
  28489 : 33;
  [28490..28491] : 32;
  [28492..28493] : 31;
  28494 : 2F;
  28495 : 29;
  28496 : 1E;
  28497 : 13;
  28498 : 00;
  28499 : 30;
  28500 : F1;
  28501 : F2;
  [28502..28505] : EF;
  [28506..28511] : EE;
  28512 : ED;
  [28513..28515] : EC;
  28516 : EB;
  28517 : EA;
  [28518..28519] : E9;
  [28520..28521] : E8;
  28522 : E7;
  28523 : EC;
  28524 : AD;
  28525 : 11;
  28526 : 00;
  28527 : 2A;
  28528 : 66;
  28529 : 44;
  28530 : 17;
  [28531..28535] : 1D;
  28536 : 1F;
  [28537..28538] : 1E;
  [28539..28540] : 1D;
  28541 : 1E;
  28542 : 16;
  28543 : 09;
  28544 : 2F;
  28545 : 11;
  [28546..28547] : 00;
  28548 : 33;
  28549 : AC;
  28550 : B6;
  28551 : BD;
  28552 : C4;
  28553 : CA;
  28554 : D0;
  28555 : D4;
  28556 : D8;
  28557 : DA;
  28558 : DD;
  28559 : DE;
  28560 : DF;
  [28561..28563] : E1;
  [28564..28567] : E2;
  28568 : E7;
  28569 : C1;
  28570 : 16;
  28571 : 00;
  28572 : 32;
  28573 : 5C;
  28574 : 4E;
  28575 : 17;
  [28576..28578] : 1C;
  [28579..28584] : 1D;
  28585 : 1C;
  28586 : 1D;
  28587 : 1C;
  28588 : 15;
  28589 : 0D;
  28590 : 32;
  28591 : 0A;
  28592 : 00;
  28593 : 02;
  28594 : 75;
  28595 : B6;
  28596 : B5;
  28597 : B9;
  28598 : BF;
  28599 : C5;
  28600 : CC;
  28601 : D2;
  28602 : D5;
  28603 : D8;
  28604 : DA;
  28605 : DD;
  28606 : DE;
  28607 : E0;
  28608 : E1;
  28609 : E3;
  28610 : E4;
  28611 : E5;
  28612 : E6;
  [28613..28614] : E8;
  28615 : AC;
  28616 : 10;
  28617 : CC;
  28618 : F4;
  [28619..28620] : EA;
  [28621..28624] : E9;
  [28625..28627] : E8;
  28628 : E7;
  28629 : E6;
  28630 : E5;
  28631 : E4;
  28632 : E3;
  28633 : E2;
  28634 : E3;
  28635 : D3;
  28636 : 2C;
  28637 : 00;
  28638 : 16;
  28639 : 4F;
  28640 : 5A;
  28641 : 20;
  28642 : 0C;
  [28643..28645] : 0E;
  [28646..28647] : 0D;
  [28648..28649] : 0C;
  [28650..28653] : 0B;
  28654 : 09;
  28655 : 17;
  28656 : 21;
  [28657..28658] : 00;
  28659 : 68;
  28660 : B3;
  28661 : B4;
  28662 : BA;
  28663 : C0;
  28664 : C6;
  28665 : CC;
  28666 : D1;
  28667 : D3;
  28668 : D6;
  28669 : D8;
  28670 : D9;
  [28671..28672] : DB;
  28673 : DC;
  [28674..28675] : DB;
  28676 : E0;
  28677 : A1;
  28678 : 06;
  28679 : 00;
  28680 : 27;
  28681 : 4F;
  28682 : 5F;
  28683 : 1E;
  28684 : 14;
  [28685..28688] : 15;
  [28689..28690] : 12;
  [28691..28695] : 13;
  28696 : 0F;
  28697 : 1E;
  28698 : 11;
  28699 : 00;
  28700 : 1B;
  28701 : A5;
  28702 : BB;
  28703 : BC;
  28704 : C0;
  28705 : C4;
  28706 : CA;
  28707 : CE;
  28708 : D2;
  28709 : D4;
  28710 : D6;
  28711 : D7;
  [28712..28718] : D8;
  28719 : D2;
  28720 : 37;
  28721 : 00;
  28722 : 05;
  28723 : 2D;
  28724 : 4B;
  28725 : 50;
  28726 : 30;
  28727 : 0E;
  28728 : 11;
  [28729..28731] : 12;
  [28732..28733] : 13;
  [28734..28738] : 14;
  28739 : 12;
  28740 : 1D;
  28741 : 24;
  28742 : 00;
  28743 : 0F;
  28744 : 93;
  28745 : BE;
  28746 : BC;
  28747 : BF;
  28748 : C3;
  28749 : C7;
  28750 : CB;
  28751 : D0;
  28752 : D3;
  28753 : D6;
  28754 : D9;
  28755 : DA;
  28756 : DD;
  28757 : DE;
  28758 : DF;
  28759 : E1;
  28760 : E2;
  28761 : E3;
  28762 : E4;
  28763 : E5;
  [28764..28768] : E6;
  [28769..28776] : E7;
  28777 : E6;
  28778 : E8;
  28779 : CC;
  28780 : 21;
  28781 : 00;
  28782 : 22;
  28783 : 41;
  28784 : 14;
  [28785..28786] : 18;
  28787 : 19;
  [28788..28790] : 18;
  [28791..28792] : 19;
  28793 : 1A;
  28794 : 1B;
  [28795..28799] : 1C;
  28800 : 3D;
  [28801..28802] : 3B;
  28803 : 3A;
  28804 : 38;
  28805 : 36;
  28806 : 35;
  28807 : 36;
  28808 : 34;
  28809 : 32;
  [28810..28811] : 31;
  28812 : 32;
  28813 : 31;
  28814 : 2F;
  28815 : 29;
  28816 : 1D;
  28817 : 13;
  28818 : 00;
  28819 : 31;
  [28820..28821] : F2;
  [28822..28824] : EF;
  [28825..28831] : EE;
  [28832..28833] : ED;
  [28834..28835] : EC;
  28836 : EB;
  [28837..28838] : EA;
  [28839..28842] : E8;
  28843 : EC;
  28844 : AD;
  28845 : 11;
  28846 : 00;
  28847 : 2B;
  28848 : 67;
  28849 : 44;
  28850 : 17;
  28851 : 1B;
  [28852..28853] : 1C;
  28854 : 1D;
  28855 : 1C;
  [28856..28858] : 1D;
  28859 : 1C;
  28860 : 1B;
  28861 : 1D;
  28862 : 14;
  28863 : 0A;
  28864 : 30;
  28865 : 12;
  [28866..28867] : 00;
  28868 : 33;
  28869 : AC;
  28870 : B6;
  28871 : BC;
  28872 : C3;
  28873 : CA;
  28874 : D0;
  28875 : D4;
  28876 : D8;
  28877 : DA;
  28878 : DC;
  28879 : DE;
  28880 : DF;
  28881 : E0;
  [28882..28885] : E1;
  28886 : E2;
  28887 : E3;
  28888 : E7;
  28889 : C2;
  28890 : 17;
  28891 : 00;
  28892 : 33;
  28893 : 5C;
  28894 : 50;
  28895 : 17;
  28896 : 1B;
  28897 : 1C;
  28898 : 1B;
  28899 : 1D;
  [28900..28901] : 1B;
  28902 : 1C;
  [28903..28904] : 1B;
  [28905..28906] : 1A;
  28907 : 19;
  28908 : 13;
  28909 : 0D;
  28910 : 34;
  28911 : 0B;
  28912 : 00;
  28913 : 02;
  28914 : 75;
  28915 : B5;
  28916 : B4;
  28917 : B9;
  28918 : BF;
  28919 : C5;
  28920 : CC;
  28921 : D1;
  28922 : D5;
  28923 : D8;
  28924 : DA;
  28925 : DC;
  28926 : DE;
  28927 : E0;
  28928 : E1;
  28929 : E2;
  28930 : E3;
  28931 : E5;
  28932 : E7;
  28933 : E8;
  28934 : E7;
  28935 : AD;
  28936 : 10;
  28937 : CC;
  28938 : F5;
  [28939..28940] : EA;
  [28941..28944] : E9;
  [28945..28947] : E8;
  28948 : E7;
  28949 : E6;
  [28950..28951] : E4;
  28952 : E3;
  28953 : E2;
  28954 : E3;
  28955 : D3;
  28956 : 2C;
  28957 : 00;
  28958 : 17;
  28959 : 4F;
  28960 : 5C;
  28961 : 20;
  28962 : 0C;
  [28963..28966] : 0D;
  [28967..28968] : 0C;
  [28969..28970] : 0B;
  [28971..28972] : 0A;
  28973 : 0B;
  28974 : 0A;
  28975 : 18;
  28976 : 21;
  [28977..28978] : 00;
  28979 : 66;
  28980 : B3;
  28981 : B4;
  28982 : BB;
  28983 : C0;
  28984 : C6;
  28985 : CB;
  28986 : D0;
  28987 : D4;
  28988 : D6;
  28989 : D8;
  28990 : D9;
  28991 : DA;
  28992 : DB;
  28993 : DC;
  [28994..28995] : DB;
  28996 : E0;
  28997 : A1;
  28998 : 06;
  28999 : 00;
  29000 : 28;
  29001 : 4F;
  29002 : 60;
  29003 : 1F;
  [29004..29006] : 13;
  [29007..29008] : 14;
  [29009..29015] : 12;
  29016 : 0F;
  29017 : 1F;
  29018 : 11;
  29019 : 00;
  29020 : 1A;
  29021 : A5;
  29022 : BA;
  29023 : BC;
  29024 : BF;
  29025 : C4;
  29026 : CA;
  29027 : CE;
  29028 : D2;
  29029 : D4;
  29030 : D6;
  29031 : D7;
  [29032..29037] : D8;
  29038 : D9;
  29039 : D4;
  29040 : 38;
  29041 : 00;
  29042 : 05;
  29043 : 2E;
  29044 : 4B;
  29045 : 50;
  29046 : 31;
  29047 : 0D;
  [29048..29050] : 11;
  [29051..29055] : 12;
  29056 : 13;
  29057 : 12;
  29058 : 13;
  29059 : 11;
  29060 : 1D;
  29061 : 26;
  29062 : 00;
  29063 : 0F;
  29064 : 94;
  29065 : BF;
  29066 : BC;
  29067 : BF;
  29068 : C3;
  29069 : C7;
  29070 : CC;
  29071 : D0;
  29072 : D3;
  29073 : D6;
  29074 : D8;
  29075 : DA;
  29076 : DC;
  29077 : DE;
  29078 : DF;
  29079 : E1;
  29080 : E2;
  [29081..29083] : E4;
  29084 : E5;
  [29085..29087] : E6;
  [29088..29096] : E7;
  29097 : E6;
  29098 : E8;
  29099 : CB;
  29100 : 20;
  29101 : 00;
  29102 : 24;
  29103 : 44;
  29104 : 16;
  [29105..29107] : 18;
  29108 : 19;
  29109 : 1A;
  [29110..29111] : 1B;
  [29112..29113] : 1C;
  29114 : 1D;
  [29115..29117] : 1E;
  29118 : 1D;
  29119 : 1C;
  29120 : 3C;
  29121 : 3A;
  29122 : 39;
  29123 : 38;
  29124 : 35;
  29125 : 36;
  29126 : 34;
  29127 : 35;
  29128 : 33;
  [29129..29131] : 32;
  29132 : 31;
  29133 : 30;
  29134 : 2E;
  29135 : 28;
  29136 : 1D;
  29137 : 13;
  29138 : 00;
  29139 : 31;
  [29140..29141] : F2;
  29142 : EE;
  [29143..29145] : EF;
  [29146..29148] : EE;
  29149 : EF;
  29150 : EE;
  [29151..29153] : ED;
  [29154..29155] : EC;
  [29156..29157] : EB;
  29158 : E9;
  [29159..29161] : E8;
  29162 : E7;
  29163 : EC;
  29164 : AE;
  29165 : 11;
  29166 : 00;
  29167 : 2B;
  29168 : 67;
  29169 : 44;
  29170 : 16;
  [29171..29173] : 1B;
  29174 : 1C;
  [29175..29177] : 1D;
  [29178..29179] : 1C;
  [29180..29181] : 1B;
  29182 : 13;
  29183 : 09;
  29184 : 31;
  29185 : 12;
  [29186..29187] : 00;
  29188 : 32;
  29189 : AB;
  29190 : B5;
  29191 : BC;
  29192 : C3;
  29193 : CA;
  29194 : D0;
  29195 : D4;
  29196 : D8;
  29197 : DA;
  29198 : DC;
  29199 : DD;
  29200 : DF;
  29201 : E0;
  [29202..29203] : E1;
  [29204..29206] : E2;
  29207 : E3;
  29208 : E8;
  29209 : C2;
  29210 : 16;
  29211 : 00;
  29212 : 32;
  29213 : 5B;
  29214 : 4F;
  29215 : 15;
  29216 : 1A;
  29217 : 19;
  29218 : 1A;
  [29219..29220] : 1B;
  29221 : 1A;
  29222 : 1B;
  29223 : 1A;
  29224 : 19;
  29225 : 18;
  29226 : 17;
  29227 : 19;
  29228 : 12;
  29229 : 0D;
  29230 : 34;
  29231 : 0B;
  29232 : 00;
  29233 : 03;
  29234 : 76;
  [29235..29236] : B5;
  29237 : B9;
  29238 : BF;
  29239 : C5;
  29240 : CC;
  29241 : D1;
  29242 : D5;
  29243 : D8;
  29244 : DA;
  29245 : DC;
  29246 : DE;
  29247 : E0;
  29248 : E1;
  29249 : E2;
  29250 : E4;
  29251 : E5;
  29252 : E6;
  29253 : E7;
  29254 : E6;
  29255 : AC;
  29256 : 10;
  29257 : CC;
  29258 : F4;
  [29259..29260] : EA;
  [29261..29264] : E9;
  [29265..29267] : E8;
  29268 : E7;
  29269 : E6;
  29270 : E5;
  29271 : E4;
  29272 : E3;
  29273 : E2;
  29274 : E3;
  29275 : D3;
  29276 : 2D;
  29277 : 00;
  29278 : 17;
  29279 : 4E;
  29280 : 5C;
  29281 : 20;
  29282 : 0B;
  [29283..29286] : 0D;
  29287 : 0C;
  [29288..29289] : 0B;
  [29290..29293] : 0A;
  29294 : 09;
  29295 : 19;
  29296 : 21;
  [29297..29298] : 00;
  29299 : 66;
  29300 : B3;
  29301 : B5;
  29302 : BB;
  29303 : C0;
  29304 : C6;
  29305 : CC;
  29306 : D0;
  29307 : D4;
  29308 : D6;
  29309 : D8;
  29310 : D9;
  29311 : DA;
  [29312..29313] : DB;
  [29314..29315] : DC;
  29316 : E1;
  29317 : A0;
  29318 : 06;
  29319 : 00;
  29320 : 29;
  29321 : 4F;
  29322 : 60;
  29323 : 1E;
  29324 : 12;
  [29325..29326] : 13;
  29327 : 14;
  29328 : 13;
  29329 : 12;
  [29330..29334] : 11;
  29335 : 10;
  29336 : 0E;
  29337 : 1F;
  29338 : 12;
  29339 : 00;
  29340 : 1B;
  29341 : A5;
  29342 : BB;
  29343 : BC;
  29344 : BF;
  29345 : C3;
  29346 : C9;
  29347 : CE;
  29348 : D2;
  29349 : D4;
  29350 : D6;
  29351 : D7;
  [29352..29355] : D8;
  [29356..29357] : D9;
  29358 : DA;
  29359 : D4;
  29360 : 38;
  29361 : 00;
  29362 : 05;
  29363 : 2E;
  29364 : 4B;
  29365 : 52;
  29366 : 32;
  29367 : 0C;
  29368 : 10;
  [29369..29371] : 11;
  [29372..29373] : 10;
  [29374..29376] : 11;
  [29377..29378] : 12;
  29379 : 11;
  29380 : 1F;
  29381 : 27;
  29382 : 00;
  29383 : 10;
  29384 : 94;
  29385 : BE;
  29386 : BC;
  29387 : BF;
  29388 : C2;
  29389 : C6;
  29390 : CB;
  29391 : CF;
  29392 : D3;
  29393 : D6;
  29394 : D8;
  29395 : DA;
  29396 : DC;
  29397 : DE;
  29398 : DF;
  29399 : E1;
  29400 : E2;
  29401 : E3;
  [29402..29403] : E4;
  29404 : E5;
  [29405..29408] : E6;
  [29409..29413] : E7;
  29414 : E6;
  [29415..29417] : E7;
  29418 : E9;
  29419 : CB;
  29420 : 20;
  29421 : 00;
  29422 : 25;
  29423 : 44;
  29424 : 16;
  [29425..29427] : 19;
  29428 : 1B;
  [29429..29430] : 1C;
  [29431..29432] : 1D;
  [29433..29434] : 1C;
  [29435..29438] : 1D;
  29439 : 1C;
  [29440..29441] : 39;
  29442 : 38;
  29443 : 37;
  29444 : 36;
  29445 : 35;
  [29446..29449] : 34;
  [29450..29451] : 33;
  29452 : 30;
  29453 : 2F;
  29454 : 2E;
  29455 : 27;
  29456 : 1D;
  29457 : 13;
  29458 : 00;
  29459 : 2F;
  29460 : F1;
  29461 : F2;
  [29462..29466] : EF;
  [29467..29471] : EE;
  [29472..29473] : ED;
  [29474..29475] : EC;
  29476 : EB;
  29477 : EA;
  [29478..29479] : E9;
  [29480..29481] : E8;
  29482 : E7;
  29483 : EB;
  29484 : AE;
  29485 : 12;
  29486 : 00;
  29487 : 2A;
  29488 : 68;
  29489 : 43;
  29490 : 15;
  [29491..29494] : 1A;
  29495 : 1B;
  29496 : 1D;
  [29497..29498] : 1C;
  29499 : 1B;
  [29500..29501] : 1A;
  29502 : 12;
  29503 : 09;
  29504 : 30;
  29505 : 11;
  [29506..29507] : 00;
  29508 : 30;
  29509 : AB;
  29510 : B5;
  29511 : BC;
  29512 : C3;
  29513 : C9;
  29514 : CF;
  29515 : D4;
  29516 : D7;
  29517 : DA;
  29518 : DB;
  29519 : DD;
  29520 : DF;
  29521 : E0;
  29522 : E1;
  29523 : E2;
  [29524..29525] : E1;
  29526 : E2;
  29527 : E3;
  29528 : E7;
  29529 : C2;
  29530 : 17;
  29531 : 00;
  29532 : 31;
  29533 : 5A;
  29534 : 50;
  29535 : 14;
  29536 : 18;
  [29537..29540] : 19;
  29541 : 18;
  29542 : 19;
  29543 : 18;
  29544 : 17;
  29545 : 16;
  29546 : 17;
  29547 : 18;
  29548 : 11;
  29549 : 0C;
  29550 : 33;
  29551 : 0B;
  29552 : 00;
  29553 : 03;
  29554 : 77;
  29555 : B7;
  29556 : B5;
  29557 : B9;
  29558 : BF;
  29559 : C5;
  29560 : CC;
  29561 : D1;
  29562 : D5;
  29563 : D7;
  29564 : DA;
  29565 : DB;
  29566 : DD;
  29567 : E0;
  29568 : E1;
  29569 : E3;
  29570 : E4;
  [29571..29572] : E6;
  29573 : E7;
  29574 : E6;
  29575 : AD;
  29576 : 11;
  29577 : CC;
  29578 : F4;
  [29579..29581] : EA;
  [29582..29585] : E9;
  29586 : E8;
  [29587..29588] : E7;
  29589 : E6;
  29590 : E5;
  29591 : E4;
  29592 : E3;
  29593 : E2;
  29594 : E3;
  29595 : D4;
  29596 : 2D;
  29597 : 00;
  29598 : 18;
  29599 : 4F;
  29600 : 5B;
  29601 : 20;
  29602 : 0B;
  29603 : 0C;
  [29604..29606] : 0D;
  29607 : 0C;
  [29608..29609] : 0B;
  [29610..29611] : 0A;
  29612 : 09;
  29613 : 0A;
  29614 : 09;
  29615 : 18;
  29616 : 20;
  [29617..29618] : 00;
  29619 : 66;
  29620 : B4;
  29621 : B5;
  29622 : BB;
  29623 : C0;
  29624 : C6;
  29625 : CC;
  29626 : D1;
  29627 : D4;
  29628 : D6;
  29629 : D8;
  [29630..29631] : DA;
  29632 : DB;
  29633 : DC;
  29634 : DB;
  29635 : DC;
  29636 : E0;
  29637 : 9F;
  29638 : 07;
  29639 : 00;
  29640 : 28;
  29641 : 50;
  29642 : 5F;
  29643 : 1E;
  29644 : 12;
  [29645..29647] : 13;
  29648 : 12;
  29649 : 11;
  [29650..29651] : 10;
  [29652..29653] : 11;
  29654 : 10;
  29655 : 0F;
  29656 : 0E;
  29657 : 20;
  29658 : 12;
  29659 : 00;
  29660 : 1B;
  29661 : A5;
  29662 : BB;
  29663 : BC;
  29664 : BF;
  29665 : C3;
  29666 : C9;
  29667 : CF;
  29668 : D2;
  29669 : D4;
  29670 : D6;
  [29671..29672] : D8;
  [29673..29678] : D9;
  29679 : D3;
  29680 : 38;
  29681 : 00;
  29682 : 06;
  29683 : 30;
  29684 : 4B;
  29685 : 52;
  29686 : 32;
  29687 : 0B;
  29688 : 0F;
  [29689..29691] : 10;
  [29692..29693] : 0F;
  [29694..29697] : 10;
  29698 : 11;
  29699 : 10;
  29700 : 1F;
  29701 : 26;
  29702 : 00;
  29703 : 0F;
  29704 : 94;
  29705 : BE;
  29706 : BD;
  29707 : BF;
  29708 : C2;
  29709 : C6;
  29710 : CB;
  29711 : CF;
  29712 : D4;
  29713 : D6;
  29714 : D8;
  29715 : DA;
  29716 : DC;
  29717 : DE;
  29718 : DF;
  29719 : E1;
  29720 : E2;
  29721 : E3;
  29722 : E4;
  [29723..29725] : E5;
  [29726..29728] : E6;
  [29729..29737] : E7;
  29738 : E9;
  29739 : CB;
  29740 : 20;
  29741 : 00;
  29742 : 24;
  29743 : 40;
  29744 : 14;
  29745 : 1A;
  [29746..29748] : 1B;
  [29749..29750] : 1C;
  29751 : 1D;
  29752 : 1E;
  [29753..29759] : 1D;
  29760 : 3B;
  [29761..29762] : 39;
  [29763..29764] : 38;
  29765 : 35;
  29766 : 34;
  [29767..29771] : 33;
  29772 : 31;
  [29773..29774] : 2F;
  29775 : 2A;
  29776 : 1D;
  29777 : 13;
  29778 : 00;
  29779 : 2E;
  29780 : F0;
  29781 : F2;
  [29782..29784] : EE;
  [29785..29786] : EF;
  [29787..29791] : EE;
  [29792..29794] : ED;
  29795 : EC;
  29796 : EB;
  [29797..29798] : EA;
  29799 : E9;
  [29800..29801] : E8;
  29802 : E7;
  29803 : EC;
  29804 : AE;
  29805 : 12;
  29806 : 00;
  29807 : 2B;
  29808 : 6B;
  29809 : 43;
  29810 : 14;
  29811 : 19;
  [29812..29815] : 1A;
  29816 : 1B;
  29817 : 1C;
  29818 : 1B;
  [29819..29820] : 1A;
  29821 : 19;
  29822 : 0F;
  29823 : 08;
  29824 : 30;
  29825 : 11;
  [29826..29827] : 00;
  29828 : 2F;
  29829 : AA;
  29830 : B5;
  29831 : BC;
  29832 : C2;
  29833 : C9;
  29834 : CF;
  29835 : D4;
  29836 : D7;
  29837 : DA;
  29838 : DB;
  29839 : DD;
  29840 : DF;
  29841 : E0;
  29842 : E1;
  [29843..29844] : E2;
  29845 : E1;
  29846 : E2;
  29847 : E3;
  29848 : E8;
  29849 : C2;
  29850 : 17;
  29851 : 00;
  29852 : 31;
  29853 : 5B;
  29854 : 50;
  29855 : 13;
  [29856..29859] : 17;
  29860 : 19;
  29861 : 18;
  [29862..29864] : 17;
  [29865..29866] : 16;
  29867 : 15;
  29868 : 10;
  29869 : 0D;
  29870 : 34;
  29871 : 0B;
  29872 : 00;
  29873 : 02;
  29874 : 76;
  [29875..29876] : B7;
  29877 : BA;
  29878 : C0;
  29879 : C6;
  29880 : CC;
  29881 : D1;
  29882 : D5;
  29883 : D8;
  29884 : DA;
  29885 : DB;
  29886 : DD;
  29887 : E0;
  29888 : E1;
  29889 : E2;
  29890 : E4;
  29891 : E5;
  29892 : E6;
  [29893..29894] : E7;
  29895 : AE;
  29896 : 11;
  29897 : CC;
  29898 : F4;
  29899 : EA;
  29900 : E9;
  29901 : EA;
  [29902..29904] : E9;
  29905 : E8;
  [29906..29907] : E7;
  [29908..29909] : E6;
  29910 : E5;
  29911 : E4;
  29912 : E3;
  29913 : E2;
  29914 : E3;
  29915 : D4;
  29916 : 2C;
  29917 : 00;
  29918 : 18;
  29919 : 51;
  29920 : 5C;
  29921 : 20;
  29922 : 0B;
  29923 : 0D;
  29924 : 0C;
  29925 : 0D;
  29926 : 0C;
  [29927..29928] : 0B;
  29929 : 0A;
  29930 : 0B;
  29931 : 09;
  29932 : 0A;
  29933 : 09;
  29934 : 0A;
  29935 : 19;
  29936 : 21;
  [29937..29938] : 00;
  29939 : 66;
  29940 : B3;
  29941 : B4;
  29942 : BA;
  29943 : C0;
  29944 : C7;
  29945 : CC;
  29946 : D1;
  29947 : D4;
  29948 : D7;
  29949 : D9;
  29950 : DA;
  [29951..29952] : DB;
  29953 : DC;
  [29954..29955] : DB;
  29956 : E1;
  29957 : A0;
  29958 : 06;
  29959 : 00;
  29960 : 27;
  29961 : 51;
  29962 : 60;
  29963 : 1E;
  29964 : 12;
  29965 : 13;
  29966 : 12;
  [29967..29968] : 11;
  [29969..29970] : 10;
  [29971..29972] : 0F;
  [29973..29974] : 10;
  29975 : 0F;
  29976 : 0E;
  29977 : 21;
  29978 : 12;
  29979 : 00;
  29980 : 1B;
  29981 : A6;
  [29982..29983] : BB;
  29984 : BE;
  29985 : C3;
  29986 : C8;
  29987 : CE;
  29988 : D2;
  29989 : D4;
  29990 : D6;
  29991 : D7;
  29992 : D8;
  [29993..29998] : D9;
  29999 : D3;
  30000 : 38;
  30001 : 00;
  30002 : 06;
  30003 : 31;
  30004 : 4B;
  30005 : 53;
  30006 : 32;
  30007 : 09;
  [30008..30009] : 0E;
  [30010..30012] : 0F;
  30013 : 0E;
  [30014..30017] : 0F;
  30018 : 10;
  30019 : 0F;
  30020 : 1E;
  30021 : 27;
  30022 : 00;
  30023 : 10;
  30024 : 94;
  30025 : BF;
  30026 : BC;
  30027 : BE;
  30028 : C2;
  30029 : C6;
  30030 : CB;
  30031 : CF;
  30032 : D3;
  30033 : D6;
  30034 : D9;
  30035 : DA;
  30036 : DD;
  30037 : DE;
  30038 : DF;
  30039 : E1;
  30040 : E2;
  [30041..30042] : E4;
  [30043..30045] : E5;
  [30046..30047] : E6;
  [30048..30057] : E7;
  30058 : E9;
  30059 : CB;
  30060 : 21;
  30061 : 00;
  30062 : 24;
  30063 : 40;
  30064 : 14;
  30065 : 19;
  [30066..30067] : 1A;
  30068 : 1B;
  30069 : 1A;
  [30070..30071] : 19;
  [30072..30074] : 1B;
  [30075..30078] : 1C;
  30079 : 1D;
  30080 : 3A;
  30081 : 39;
  30082 : 38;
  [30083..30085] : 36;
  [30086..30087] : 34;
  [30088..30089] : 33;
  [30090..30091] : 32;
  30092 : 31;
  30093 : 32;
  30094 : 31;
  30095 : 2A;
  30096 : 1E;
  30097 : 13;
  30098 : 00;
  30099 : 2D;
  30100 : F0;
  30101 : F2;
  [30102..30104] : EE;
  [30105..30108] : EF;
  [30109..30111] : EE;
  [30112..30113] : ED;
  [30114..30115] : EC;
  [30116..30117] : EB;
  30118 : EA;
  30119 : E9;
  30120 : E8;
  [30121..30122] : E7;
  30123 : EC;
  30124 : AD;
  30125 : 12;
  30126 : 00;
  30127 : 2C;
  30128 : 6C;
  30129 : 43;
  30130 : 14;
  30131 : 18;
  [30132..30134] : 19;
  30135 : 18;
  [30136..30137] : 1B;
  30138 : 1A;
  [30139..30140] : 19;
  30141 : 18;
  30142 : 0F;
  30143 : 08;
  30144 : 2F;
  30145 : 11;
  [30146..30147] : 00;
  30148 : 30;
  30149 : AA;
  30150 : B4;
  30151 : BB;
  30152 : C2;
  30153 : C9;
  30154 : CF;
  30155 : D4;
  30156 : D7;
  30157 : DA;
  30158 : DC;
  30159 : DD;
  30160 : DF;
  30161 : E0;
  30162 : E1;
  [30163..30166] : E2;
  30167 : E3;
  30168 : E7;
  30169 : C2;
  30170 : 18;
  30171 : 00;
  30172 : 2E;
  30173 : 59;
  30174 : 52;
  30175 : 13;
  30176 : 17;
  [30177..30178] : 16;
  [30179..30181] : 17;
  [30182..30184] : 16;
  30185 : 15;
  [30186..30187] : 14;
  30188 : 0F;
  30189 : 0D;
  30190 : 33;
  30191 : 0B;
  30192 : 00;
  30193 : 02;
  30194 : 75;
  30195 : B8;
  30196 : B7;
  30197 : BA;
  30198 : C0;
  30199 : C6;
  30200 : CC;
  30201 : D1;
  30202 : D5;
  30203 : D8;
  30204 : DA;
  30205 : DB;
  30206 : DD;
  30207 : E0;
  30208 : E1;
  30209 : E3;
  30210 : E4;
  30211 : E5;
  30212 : E6;
  30213 : E8;
  30214 : E7;
  30215 : AE;
  30216 : 10;
  30217 : CB;
  30218 : F5;
  [30219..30220] : EA;
  [30221..30224] : E9;
  30225 : E8;
  [30226..30227] : E7;
  30228 : E6;
  [30229..30230] : E5;
  30231 : E4;
  30232 : E3;
  30233 : E2;
  30234 : E3;
  30235 : D4;
  30236 : 2E;
  30237 : 00;
  30238 : 18;
  30239 : 50;
  30240 : 5B;
  30241 : 20;
  30242 : 0B;
  [30243..30245] : 0C;
  [30246..30249] : 0B;
  [30250..30252] : 0A;
  30253 : 09;
  30254 : 0A;
  30255 : 1A;
  30256 : 22;
  [30257..30258] : 00;
  30259 : 65;
  30260 : B3;
  30261 : B5;
  30262 : BB;
  30263 : C1;
  30264 : C7;
  30265 : CD;
  30266 : D2;
  30267 : D5;
  30268 : D7;
  30269 : D8;
  30270 : DA;
  [30271..30274] : DB;
  30275 : DC;
  30276 : E1;
  30277 : A0;
  30278 : 06;
  30279 : 00;
  30280 : 29;
  30281 : 53;
  30282 : 63;
  30283 : 1F;
  30284 : 11;
  30285 : 12;
  [30286..30287] : 11;
  [30288..30289] : 10;
  [30290..30291] : 0F;
  [30292..30293] : 0E;
  [30294..30295] : 0F;
  30296 : 0E;
  30297 : 20;
  30298 : 12;
  30299 : 00;
  30300 : 1B;
  30301 : A6;
  30302 : B9;
  30303 : BB;
  30304 : BE;
  30305 : C3;
  30306 : C8;
  30307 : CE;
  30308 : D2;
  30309 : D5;
  30310 : D6;
  30311 : D7;
  [30312..30314] : D8;
  [30315..30318] : D9;
  30319 : D2;
  30320 : 38;
  30321 : 00;
  30322 : 07;
  30323 : 32;
  30324 : 4B;
  30325 : 51;
  30326 : 31;
  30327 : 09;
  30328 : 0E;
  [30329..30330] : 0D;
  30331 : 0E;
  30332 : 0D;
  [30333..30338] : 0E;
  30339 : 0D;
  30340 : 1D;
  30341 : 27;
  30342 : 00;
  30343 : 10;
  30344 : 95;
  30345 : BF;
  30346 : BC;
  30347 : BE;
  30348 : C2;
  30349 : C6;
  30350 : CB;
  30351 : CF;
  30352 : D3;
  30353 : D6;
  30354 : D9;
  30355 : DA;
  30356 : DC;
  30357 : DE;
  30358 : DF;
  30359 : E1;
  30360 : E2;
  30361 : E3;
  [30362..30363] : E4;
  [30364..30365] : E5;
  [30366..30368] : E6;
  [30369..30372] : E7;
  [30373..30375] : E8;
  [30376..30377] : E7;
  30378 : E9;
  30379 : CB;
  30380 : 20;
  30381 : 00;
  30382 : 24;
  30383 : 42;
  30384 : 15;
  30385 : 1B;
  30386 : 1A;
  [30387..30390] : 19;
  [30391..30393] : 1A;
  [30394..30397] : 1B;
  30398 : 1C;
  30399 : 1D;
  [30400..30401] : 38;
  [30402..30404] : 37;
  30405 : 36;
  30406 : 35;
  30407 : 34;
  30408 : 33;
  [30409..30413] : 32;
  30414 : 2F;
  30415 : 29;
  30416 : 1E;
  30417 : 13;
  30418 : 00;
  30419 : 2E;
  30420 : F0;
  30421 : F2;
  30422 : EE;
  30423 : EF;
  30424 : EE;
  [30425..30426] : EF;
  [30427..30428] : EE;
  30429 : EF;
  [30430..30431] : EE;
  [30432..30433] : ED;
  [30434..30435] : EC;
  [30436..30437] : EB;
  30438 : EA;
  [30439..30440] : E9;
  30441 : E8;
  30442 : E7;
  30443 : EC;
  30444 : B0;
  30445 : 13;
  30446 : 00;
  30447 : 2C;
  30448 : 6A;
  30449 : 43;
  30450 : 13;
  [30451..30453] : 18;
  [30454..30455] : 17;
  [30456..30459] : 19;
  30460 : 1A;
  30461 : 18;
  30462 : 0F;
  30463 : 08;
  30464 : 2E;
  30465 : 12;
  [30466..30467] : 00;
  30468 : 30;
  30469 : A9;
  30470 : B4;
  30471 : BC;
  30472 : C3;
  30473 : C9;
  30474 : CF;
  30475 : D3;
  30476 : D7;
  30477 : D9;
  30478 : DB;
  30479 : DD;
  30480 : DF;
  30481 : E0;
  [30482..30484] : E1;
  [30485..30486] : E2;
  30487 : E3;
  30488 : E8;
  30489 : C2;
  30490 : 18;
  30491 : 00;
  30492 : 30;
  30493 : 5B;
  30494 : 52;
  30495 : 12;
  [30496..30502] : 16;
  [30503..30504] : 15;
  30505 : 14;
  30506 : 15;
  30507 : 14;
  30508 : 0E;
  30509 : 0D;
  30510 : 31;
  30511 : 0B;
  30512 : 00;
  30513 : 02;
  30514 : 74;
  30515 : B7;
  30516 : B6;
  30517 : BA;
  30518 : C0;
  30519 : C7;
  30520 : CD;
  30521 : D2;
  30522 : D5;
  30523 : D7;
  30524 : DA;
  30525 : DC;
  30526 : DE;
  30527 : E0;
  30528 : E1;
  30529 : E3;
  30530 : E4;
  [30531..30532] : E6;
  30533 : E8;
  30534 : E7;
  30535 : AC;
  30536 : 10;
  30537 : CB;
  30538 : F5;
  [30539..30540] : EA;
  [30541..30545] : E9;
  30546 : E8;
  30547 : E7;
  [30548..30549] : E6;
  30550 : E5;
  30551 : E4;
  30552 : E3;
  30553 : E2;
  30554 : E3;
  30555 : D5;
  30556 : 2F;
  30557 : 00;
  30558 : 19;
  30559 : 50;
  30560 : 5B;
  30561 : 21;
  30562 : 0B;
  [30563..30564] : 0D;
  [30565..30566] : 0C;
  [30567..30568] : 0B;
  [30569..30574] : 0A;
  30575 : 1A;
  30576 : 23;
  [30577..30578] : 00;
  30579 : 66;
  30580 : B4;
  30581 : B6;
  30582 : BC;
  30583 : C1;
  30584 : C7;
  30585 : CC;
  30586 : D1;
  30587 : D5;
  30588 : D6;
  30589 : D8;
  30590 : DA;
  30591 : DB;
  [30592..30595] : DC;
  30596 : E0;
  30597 : 9F;
  30598 : 06;
  30599 : 00;
  30600 : 2B;
  30601 : 54;
  30602 : 62;
  30603 : 1F;
  30604 : 11;
  [30605..30606] : 12;
  30607 : 11;
  [30608..30611] : 0F;
  [30612..30614] : 0E;
  [30615..30616] : 0D;
  30617 : 22;
  30618 : 12;
  30619 : 00;
  30620 : 1B;
  30621 : A4;
  30622 : BA;
  30623 : BB;
  30624 : BF;
  30625 : C2;
  30626 : C8;
  30627 : CD;
  30628 : D2;
  30629 : D4;
  30630 : D6;
  30631 : D7;
  [30632..30635] : D8;
  30636 : D9;
  30637 : D8;
  30638 : D9;
  30639 : D3;
  30640 : 38;
  30641 : 00;
  30642 : 07;
  30643 : 32;
  30644 : 4B;
  30645 : 51;
  30646 : 31;
  30647 : 09;
  [30648..30651] : 0D;
  30652 : 0C;
  [30653..30658] : 0D;
  30659 : 0C;
  30660 : 1D;
  30661 : 26;
  30662 : 00;
  30663 : 10;
  30664 : 94;
  30665 : BE;
  30666 : BC;
  30667 : BF;
  30668 : C2;
  30669 : C7;
  30670 : CB;
  30671 : CF;
  30672 : D4;
  30673 : D7;
  30674 : D8;
  30675 : DA;
  30676 : DC;
  30677 : DE;
  30678 : DF;
  30679 : E1;
  30680 : E3;
  [30681..30683] : E4;
  30684 : E5;
  [30685..30687] : E6;
  [30688..30690] : E7;
  [30691..30695] : E8;
  [30696..30697] : E7;
  30698 : E9;
  30699 : CC;
  30700 : 20;
  30701 : 00;
  30702 : 23;
  30703 : 40;
  30704 : 15;
  30705 : 19;
  [30706..30707] : 1A;
  [30708..30712] : 1B;
  30713 : 1A;
  [30714..30715] : 1B;
  [30716..30718] : 1C;
  30719 : 1D;
  30720 : 39;
  [30721..30722] : 38;
  [30723..30724] : 37;
  30725 : 36;
  [30726..30727] : 35;
  30728 : 33;
  30729 : 32;
  30730 : 33;
  30731 : 32;
  30732 : 30;
  30733 : 2E;
  30734 : 2C;
  30735 : 27;
  30736 : 1E;
  30737 : 14;
  30738 : 00;
  30739 : 2E;
  30740 : F0;
  30741 : F2;
  [30742..30747] : EF;
  [30748..30751] : EE;
  [30752..30755] : ED;
  30756 : EC;
  30757 : EB;
  30758 : EA;
  [30759..30760] : E9;
  [30761..30762] : E8;
  30763 : EC;
  30764 : B1;
  30765 : 12;
  30766 : 00;
  30767 : 2E;
  30768 : 6B;
  30769 : 41;
  30770 : 12;
  [30771..30772] : 17;
  30773 : 18;
  30774 : 17;
  30775 : 16;
  [30776..30778] : 18;
  [30779..30780] : 19;
  30781 : 17;
  30782 : 0E;
  30783 : 07;
  30784 : 2F;
  30785 : 13;
  [30786..30787] : 00;
  30788 : 31;
  30789 : A9;
  30790 : B5;
  30791 : BD;
  30792 : C4;
  30793 : C9;
  30794 : CF;
  30795 : D3;
  30796 : D6;
  30797 : D9;
  30798 : DB;
  30799 : DD;
  30800 : DF;
  [30801..30802] : E0;
  [30803..30805] : E1;
  30806 : E2;
  30807 : E4;
  30808 : E8;
  30809 : C3;
  30810 : 18;
  30811 : 00;
  30812 : 30;
  30813 : 5C;
  30814 : 52;
  30815 : 11;
  30816 : 16;
  [30817..30822] : 15;
  [30823..30826] : 14;
  30827 : 13;
  30828 : 0D;
  30829 : 0C;
  30830 : 31;
  30831 : 0C;
  30832 : 00;
  30833 : 02;
  30834 : 74;
  30835 : B7;
  30836 : B6;
  30837 : BA;
  30838 : C0;
  30839 : C7;
  30840 : CD;
  30841 : D1;
  30842 : D5;
  30843 : D8;
  30844 : DA;
  30845 : DD;
  30846 : DE;
  30847 : E0;
  30848 : E2;
  30849 : E3;
  30850 : E4;
  30851 : E5;
  30852 : E6;
  30853 : E8;
  30854 : E7;
  30855 : AC;
  30856 : 10;
  30857 : CB;
  30858 : F5;
  [30859..30860] : EA;
  [30861..30864] : E9;
  30865 : E8;
  [30866..30868] : E7;
  [30869..30870] : E5;
  30871 : E4;
  30872 : E3;
  30873 : E2;
  30874 : E4;
  30875 : D5;
  30876 : 2E;
  30877 : 00;
  30878 : 1A;
  30879 : 51;
  30880 : 5C;
  30881 : 21;
  30882 : 0B;
  [30883..30885] : 0D;
  [30886..30887] : 0B;
  [30888..30893] : 0A;
  30894 : 09;
  30895 : 19;
  30896 : 23;
  [30897..30898] : 00;
  30899 : 68;
  [30900..30901] : B5;
  30902 : BC;
  30903 : C1;
  30904 : C7;
  30905 : CC;
  30906 : D2;
  30907 : D4;
  30908 : D7;
  30909 : D9;
  30910 : DA;
  30911 : DB;
  [30912..30915] : DC;
  30916 : E1;
  30917 : 9E;
  30918 : 06;
  30919 : 00;
  30920 : 2B;
  30921 : 54;
  30922 : 61;
  30923 : 1E;
  30924 : 10;
  30925 : 12;
  [30926..30927] : 11;
  30928 : 10;
  30929 : 0F;
  30930 : 0E;
  [30931..30932] : 0F;
  30933 : 0E;
  30934 : 0D;
  30935 : 0C;
  30936 : 0D;
  30937 : 23;
  30938 : 14;
  30939 : 00;
  30940 : 1A;
  30941 : A3;
  30942 : BA;
  30943 : BB;
  30944 : BE;
  30945 : C2;
  30946 : C7;
  30947 : CD;
  30948 : D1;
  30949 : D4;
  30950 : D6;
  30951 : D7;
  [30952..30955] : D8;
  30956 : D9;
  30957 : D8;
  30958 : D9;
  30959 : D3;
  30960 : 39;
  30961 : 00;
  30962 : 07;
  30963 : 31;
  30964 : 4B;
  30965 : 52;
  30966 : 33;
  30967 : 08;
  [30968..30969] : 0D;
  30970 : 0C;
  [30971..30972] : 0B;
  30973 : 0D;
  [30974..30977] : 0C;
  [30978..30979] : 0D;
  30980 : 1E;
  30981 : 26;
  30982 : 00;
  30983 : 10;
  30984 : 93;
  30985 : BE;
  30986 : BD;
  30987 : BF;
  30988 : C3;
  30989 : C6;
  30990 : CB;
  30991 : D0;
  30992 : D4;
  30993 : D7;
  30994 : D9;
  30995 : DB;
  30996 : DC;
  30997 : DE;
  30998 : DF;
  30999 : E1;
  [31000..31001] : E3;
  31002 : E4;
  [31003..31004] : E5;
  [31005..31006] : E6;
  [31007..31009] : E7;
  [31010..31017] : E8;
  31018 : EA;
  31019 : CD;
  31020 : 21;
  31021 : 00;
  31022 : 24;
  31023 : 3F;
  31024 : 14;
  31025 : 18;
  [31026..31027] : 1A;
  31028 : 1B;
  [31029..31030] : 1A;
  31031 : 1B;
  31032 : 1D;
  [31033..31034] : 1C;
  [31035..31036] : 1B;
  31037 : 1C;
  [31038..31039] : 1E;
  [31040..31041] : 39;
  31042 : 38;
  [31043..31045] : 37;
  31046 : 36;
  31047 : 35;
  [31048..31049] : 34;
  31050 : 33;
  31051 : 32;
  31052 : 30;
  31053 : 2E;
  31054 : 2D;
  31055 : 2A;
  31056 : 1F;
  31057 : 13;
  31058 : 00;
  31059 : 2C;
  31060 : EE;
  31061 : F2;
  [31062..31065] : EF;
  [31066..31071] : EE;
  [31072..31075] : ED;
  31076 : EC;
  [31077..31078] : EA;
  [31079..31080] : E9;
  31081 : E8;
  31082 : E7;
  31083 : ED;
  31084 : AF;
  31085 : 13;
  31086 : 00;
  31087 : 2D;
  31088 : 6D;
  31089 : 41;
  31090 : 11;
  31091 : 15;
  31092 : 17;
  31093 : 18;
  31094 : 17;
  31095 : 16;
  31096 : 17;
  31097 : 16;
  31098 : 17;
  31099 : 18;
  31100 : 17;
  31101 : 16;
  31102 : 0E;
  31103 : 07;
  31104 : 2F;
  31105 : 13;
  [31106..31107] : 00;
  31108 : 32;
  31109 : AA;
  31110 : B5;
  31111 : BC;
  31112 : C3;
  31113 : CA;
  31114 : CF;
  31115 : D3;
  31116 : D7;
  31117 : D9;
  31118 : DB;
  31119 : DD;
  [31120..31121] : DF;
  31122 : E0;
  [31123..31125] : E1;
  31126 : E2;
  31127 : E4;
  31128 : E8;
  31129 : C4;
  31130 : 18;
  31131 : 00;
  31132 : 2E;
  31133 : 5C;
  31134 : 52;
  31135 : 10;
  [31136..31137] : 14;
  31138 : 15;
  31139 : 16;
  31140 : 15;
  [31141..31145] : 14;
  31146 : 13;
  31147 : 11;
  [31148..31149] : 0D;
  31150 : 33;
  31151 : 0C;
  31152 : 00;
  31153 : 02;
  31154 : 75;
  31155 : B8;
  31156 : B7;
  31157 : BB;
  31158 : C0;
  31159 : C7;
  31160 : CD;
  31161 : D1;
  31162 : D5;
  31163 : D8;
  31164 : DA;
  31165 : DD;
  31166 : DE;
  31167 : E0;
  31168 : E2;
  31169 : E3;
  31170 : E4;
  31171 : E5;
  31172 : E6;
  [31173..31174] : E7;
  31175 : AC;
  31176 : 0F;
  31177 : CB;
  31178 : F5;
  31179 : EA;
  [31180..31185] : E9;
  31186 : E8;
  31187 : E7;
  [31188..31189] : E6;
  [31190..31191] : E5;
  31192 : E3;
  31193 : E2;
  31194 : E4;
  31195 : D5;
  31196 : 2E;
  31197 : 00;
  31198 : 1B;
  31199 : 51;
  31200 : 5D;
  31201 : 23;
  31202 : 0B;
  31203 : 0C;
  31204 : 0D;
  31205 : 0C;
  [31206..31207] : 0B;
  [31208..31211] : 0A;
  [31212..31214] : 09;
  31215 : 1A;
  31216 : 24;
  [31217..31218] : 00;
  31219 : 68;
  31220 : B4;
  31221 : B6;
  31222 : BB;
  31223 : C1;
  31224 : C6;
  31225 : CC;
  31226 : D1;
  31227 : D5;
  31228 : D7;
  31229 : D9;
  31230 : DA;
  [31231..31232] : DB;
  [31233..31235] : DC;
  31236 : E1;
  31237 : 9F;
  31238 : 06;
  31239 : 00;
  31240 : 29;
  31241 : 51;
  31242 : 63;
  31243 : 1F;
  31244 : 10;
  [31245..31247] : 11;
  [31248..31249] : 10;
  31250 : 0F;
  [31251..31254] : 0E;
  [31255..31256] : 0D;
  31257 : 23;
  31258 : 14;
  31259 : 00;
  31260 : 1A;
  31261 : A3;
  31262 : BA;
  31263 : BB;
  31264 : BE;
  31265 : C2;
  31266 : C7;
  31267 : CD;
  31268 : D0;
  31269 : D3;
  31270 : D6;
  31271 : D7;
  [31272..31277] : D8;
  31278 : D9;
  31279 : D3;
  31280 : 38;
  31281 : 00;
  31282 : 07;
  31283 : 31;
  31284 : 4A;
  31285 : 52;
  31286 : 33;
  31287 : 08;
  [31288..31289] : 0C;
  [31290..31292] : 0B;
  [31293..31295] : 0C;
  31296 : 0D;
  [31297..31298] : 0C;
  31299 : 0D;
  31300 : 1F;
  31301 : 26;
  31302 : 00;
  31303 : 0F;
  31304 : 93;
  31305 : C0;
  31306 : BC;
  31307 : BE;
  31308 : C1;
  31309 : C6;
  31310 : CC;
  31311 : D1;
  31312 : D4;
  31313 : D7;
  31314 : D9;
  31315 : DA;
  31316 : DC;
  31317 : DE;
  [31318..31319] : E0;
  31320 : E2;
  31321 : E3;
  [31322..31323] : E4;
  31324 : E5;
  [31325..31326] : E6;
  [31327..31328] : E7;
  [31329..31332] : E8;
  31333 : E7;
  31334 : E8;
  [31335..31336] : E7;
  31337 : E8;
  31338 : E9;
  31339 : CC;
  31340 : 20;
  31341 : 00;
  31342 : 26;
  31343 : 40;
  31344 : 15;
  [31345..31346] : 19;
  31347 : 1A;
  [31348..31349] : 1B;
  31350 : 1A;
  31351 : 1B;
  [31352..31356] : 1C;
  31357 : 1D;
  31358 : 1E;
  31359 : 1D;
  [31360..31361] : 38;
  [31362..31364] : 39;
  31365 : 37;
  31366 : 35;
  [31367..31368] : 34;
  31369 : 33;
  31370 : 31;
  31371 : 30;
  31372 : 2F;
  31373 : 2E;
  31374 : 2C;
  31375 : 29;
  31376 : 1E;
  31377 : 12;
  31378 : 00;
  31379 : 2A;
  31380 : EE;
  31381 : F2;
  31382 : EF;
  31383 : F0;
  [31384..31387] : EF;
  31388 : EE;
  31389 : EF;
  31390 : EE;
  [31391..31393] : ED;
  [31394..31396] : EC;
  [31397..31398] : EB;
  [31399..31400] : E9;
  [31401..31402] : E8;
  31403 : EB;
  31404 : AF;
  31405 : 13;
  31406 : 00;
  31407 : 2B;
  31408 : 6A;
  31409 : 3F;
  31410 : 12;
  [31411..31413] : 16;
  31414 : 15;
  31415 : 16;
  31416 : 17;
  [31417..31419] : 16;
  [31420..31421] : 15;
  31422 : 0D;
  31423 : 08;
  31424 : 31;
  31425 : 14;
  [31426..31427] : 00;
  31428 : 32;
  31429 : AA;
  31430 : B6;
  31431 : BC;
  31432 : C3;
  31433 : CA;
  31434 : CF;
  31435 : D3;
  31436 : D7;
  31437 : D9;
  31438 : DB;
  31439 : DD;
  31440 : DE;
  [31441..31442] : E0;
  31443 : E1;
  31444 : E2;
  31445 : E1;
  31446 : E2;
  31447 : E3;
  31448 : E8;
  31449 : C4;
  31450 : 18;
  31451 : 00;
  31452 : 31;
  31453 : 5B;
  31454 : 51;
  31455 : 10;
  [31456..31457] : 14;
  31458 : 15;
  31459 : 16;
  31460 : 15;
  [31461..31464] : 14;
  [31465..31466] : 12;
  31467 : 11;
  [31468..31469] : 0D;
  31470 : 34;
  31471 : 0B;
  31472 : 00;
  31473 : 02;
  31474 : 76;
  31475 : B9;
  31476 : B7;
  31477 : BB;
  31478 : C0;
  31479 : C6;
  31480 : CD;
  31481 : D2;
  31482 : D5;
  31483 : D8;
  31484 : DA;
  31485 : DC;
  31486 : DE;
  31487 : E0;
  [31488..31489] : E2;
  31490 : E4;
  31491 : E5;
  31492 : E6;
  [31493..31494] : E7;
  31495 : AD;
  31496 : 0F;
  31497 : CB;
  31498 : F5;
  31499 : EA;
  [31500..31504] : E9;
  [31505..31506] : E8;
  31507 : E7;
  31508 : E6;
  [31509..31510] : E5;
  [31511..31512] : E4;
  31513 : E3;
  31514 : E4;
  31515 : D5;
  31516 : 2E;
  31517 : 00;
  31518 : 1D;
  31519 : 52;
  31520 : 5E;
  31521 : 23;
  31522 : 0C;
  [31523..31524] : 0D;
  31525 : 0C;
  31526 : 0B;
  [31527..31531] : 0A;
  31532 : 09;
  31533 : 0A;
  31534 : 09;
  31535 : 1A;
  31536 : 23;
  [31537..31538] : 00;
  31539 : 68;
  31540 : B4;
  31541 : B5;
  31542 : BB;
  31543 : C0;
  31544 : C5;
  31545 : CB;
  31546 : D0;
  31547 : D4;
  31548 : D7;
  31549 : D8;
  [31550..31551] : DA;
  31552 : DB;
  [31553..31555] : DC;
  31556 : E2;
  31557 : A0;
  31558 : 06;
  31559 : 00;
  31560 : 2A;
  31561 : 4F;
  31562 : 61;
  31563 : 1F;
  31564 : 11;
  [31565..31566] : 12;
  [31567..31569] : 10;
  31570 : 0F;
  [31571..31572] : 0E;
  [31573..31576] : 0D;
  31577 : 23;
  31578 : 14;
  31579 : 00;
  31580 : 1B;
  31581 : A4;
  31582 : BA;
  31583 : BB;
  31584 : BE;
  31585 : C2;
  31586 : C7;
  31587 : CD;
  31588 : D0;
  31589 : D3;
  31590 : D6;
  31591 : D7;
  31592 : D8;
  31593 : D7;
  [31594..31595] : D8;
  31596 : D9;
  31597 : D8;
  31598 : D9;
  31599 : D2;
  31600 : 37;
  31601 : 00;
  31602 : 07;
  31603 : 2F;
  31604 : 4B;
  31605 : 51;
  31606 : 32;
  31607 : 08;
  31608 : 0C;
  [31609..31615] : 0B;
  [31616..31618] : 0C;
  31619 : 0D;
  31620 : 20;
  31621 : 27;
  31622 : 00;
  31623 : 0F;
  31624 : 93;
  31625 : BF;
  31626 : BB;
  31627 : BD;
  31628 : C1;
  31629 : C6;
  31630 : CC;
  31631 : D0;
  31632 : D4;
  31633 : D7;
  31634 : D8;
  31635 : DA;
  31636 : DC;
  31637 : DE;
  31638 : DF;
  31639 : E1;
  31640 : E2;
  31641 : E3;
  31642 : E4;
  [31643..31645] : E5;
  [31646..31648] : E7;
  31649 : E8;
  31650 : E7;
  [31651..31657] : E8;
  31658 : E9;
  31659 : C9;
  31660 : 1F;
  31661 : 00;
  31662 : 26;
  31663 : 3F;
  31664 : 16;
  [31665..31666] : 1A;
  31667 : 19;
  [31668..31669] : 1A;
  31670 : 1C;
  [31671..31677] : 1D;
  [31678..31679] : 1E;
  31680 : 39;
  [31681..31683] : 38;
  31684 : 37;
  31685 : 38;
  31686 : 36;
  31687 : 34;
  [31688..31690] : 31;
  31691 : 30;
  31692 : 2F;
  [31693..31694] : 2E;
  31695 : 29;
  31696 : 1E;
  31697 : 11;
  31698 : 00;
  31699 : 28;
  31700 : EC;
  31701 : F2;
  31702 : EF;
  31703 : F0;
  [31704..31707] : EF;
  31708 : EE;
  31709 : EF;
  31710 : EE;
  [31711..31714] : ED;
  31715 : EC;
  [31716..31718] : EB;
  31719 : EA;
  31720 : E9;
  31721 : E8;
  31722 : E7;
  31723 : EB;
  31724 : AE;
  31725 : 13;
  31726 : 00;
  31727 : 2A;
  31728 : 6B;
  31729 : 3E;
  31730 : 13;
  31731 : 16;
  [31732..31734] : 15;
  31735 : 16;
  31736 : 17;
  [31737..31738] : 16;
  [31739..31741] : 15;
  31742 : 0D;
  31743 : 08;
  31744 : 32;
  31745 : 15;
  [31746..31747] : 00;
  31748 : 32;
  31749 : A9;
  31750 : B5;
  31751 : BC;
  31752 : C2;
  31753 : C9;
  31754 : CE;
  31755 : D3;
  31756 : D6;
  31757 : D9;
  31758 : DB;
  31759 : DD;
  [31760..31761] : DF;
  31762 : E0;
  31763 : E1;
  31764 : E2;
  31765 : E1;
  31766 : E2;
  31767 : E3;
  31768 : E8;
  31769 : C4;
  31770 : 18;
  31771 : 00;
  31772 : 31;
  31773 : 5B;
  31774 : 51;
  31775 : 10;
  [31776..31777] : 14;
  [31778..31782] : 15;
  31783 : 14;
  31784 : 13;
  [31785..31786] : 12;
  31787 : 11;
  31788 : 0C;
  31789 : 0E;
  31790 : 35;
  31791 : 0B;
  31792 : 00;
  31793 : 02;
  31794 : 77;
  31795 : B9;
  31796 : B7;
  31797 : BC;
  31798 : C1;
  31799 : C7;
  31800 : CD;
  31801 : D2;
  31802 : D5;
  31803 : D8;
  31804 : DA;
  31805 : DC;
  31806 : DF;
  31807 : E0;
  31808 : E1;
  31809 : E3;
  31810 : E4;
  31811 : E5;
  31812 : E6;
  31813 : E7;
  31814 : E8;
  31815 : AC;
  31816 : 0F;
  31817 : CB;
  31818 : F6;
  31819 : EA;
  [31820..31822] : E9;
  [31823..31824] : E8;
  31825 : E9;
  [31826..31827] : E8;
  31828 : E7;
  [31829..31830] : E5;
  [31831..31832] : E4;
  [31833..31834] : E3;
  31835 : D5;
  31836 : 2E;
  31837 : 00;
  31838 : 1D;
  31839 : 53;
  31840 : 5F;
  31841 : 22;
  31842 : 0B;
  [31843..31844] : 0D;
  31845 : 0C;
  31846 : 0B;
  [31847..31851] : 0A;
  31852 : 09;
  31853 : 0A;
  31854 : 09;
  31855 : 1A;
  31856 : 24;
  [31857..31858] : 00;
  31859 : 69;
  31860 : B4;
  31861 : B5;
  31862 : BB;
  31863 : C0;
  31864 : C6;
  31865 : CB;
  31866 : D0;
  31867 : D4;
  31868 : D6;
  31869 : D8;
  31870 : D9;
  31871 : DA;
  31872 : DB;
  [31873..31875] : DC;
  31876 : E2;
  31877 : A1;
  31878 : 06;
  31879 : 00;
  31880 : 2B;
  31881 : 51;
  31882 : 62;
  31883 : 1F;
  31884 : 11;
  31885 : 13;
  31886 : 12;
  31887 : 11;
  31888 : 10;
  31889 : 0F;
  [31890..31892] : 0E;
  [31893..31894] : 0D;
  31895 : 0C;
  31896 : 0D;
  31897 : 24;
  31898 : 14;
  31899 : 00;
  31900 : 1B;
  31901 : A4;
  [31902..31903] : BA;
  31904 : BD;
  31905 : C1;
  31906 : C7;
  31907 : CC;
  31908 : D0;
  31909 : D4;
  31910 : D6;
  31911 : D7;
  [31912..31917] : D8;
  31918 : D9;
  31919 : D2;
  31920 : 38;
  31921 : 00;
  31922 : 07;
  31923 : 2E;
  31924 : 4A;
  31925 : 51;
  31926 : 32;
  31927 : 07;
  31928 : 0C;
  31929 : 0B;
  31930 : 0C;
  [31931..31933] : 0B;
  [31934..31939] : 0C;
  31940 : 20;
  31941 : 28;
  31942 : 00;
  31943 : 10;
  31944 : 93;
  31945 : BE;
  31946 : BB;
  31947 : BE;
  31948 : C2;
  31949 : C6;
  31950 : CB;
  31951 : CF;
  31952 : D3;
  31953 : D7;
  31954 : D9;
  31955 : DB;
  31956 : DC;
  31957 : DE;
  31958 : DF;
  31959 : E1;
  31960 : E2;
  31961 : E3;
  31962 : E4;
  [31963..31964] : E5;
  [31965..31966] : E6;
  31967 : E7;
  [31968..31977] : E8;
  31978 : E9;
  31979 : C9;
  31980 : 1F;
  31981 : 00;
  31982 : 27;
  31983 : 41;
  31984 : 16;
  [31985..31988] : 19;
  31989 : 1A;
  31990 : 1B;
  31991 : 1C;
  31992 : 1D;
  31993 : 1C;
  [31994..31995] : 1E;
  31996 : 1D;
  31997 : 1C;
  31998 : 1D;
  31999 : 1E;
  32000 : 38;
  [32001..32002] : 3B;
  32003 : 38;
  32004 : 37;
  32005 : 35;
  32006 : 33;
  32007 : 32;
  32008 : 30;
  32009 : 2F;
  [32010..32011] : 2E;
  32012 : 2F;
  32013 : 2D;
  32014 : 2B;
  32015 : 27;
  32016 : 1E;
  32017 : 12;
  32018 : 00;
  32019 : 28;
  32020 : EC;
  32021 : F3;
  [32022..32025] : EF;
  32026 : EE;
  32027 : EF;
  [32028..32031] : EE;
  [32032..32033] : ED;
  [32034..32036] : EC;
  [32037..32038] : EB;
  32039 : EA;
  32040 : E9;
  32041 : E8;
  32042 : E7;
  32043 : EB;
  32044 : AD;
  32045 : 12;
  32046 : 00;
  32047 : 2A;
  32048 : 6C;
  32049 : 3E;
  32050 : 12;
  [32051..32052] : 15;
  [32053..32054] : 16;
  32055 : 15;
  32056 : 16;
  [32057..32058] : 15;
  32059 : 14;
  32060 : 15;
  32061 : 14;
  32062 : 0D;
  32063 : 08;
  32064 : 31;
  32065 : 15;
  [32066..32067] : 00;
  32068 : 30;
  32069 : A8;
  32070 : B4;
  32071 : BB;
  32072 : C2;
  32073 : C9;
  32074 : CE;
  32075 : D3;
  32076 : D6;
  32077 : D9;
  32078 : DB;
  32079 : DD;
  [32080..32081] : DF;
  [32082..32083] : E0;
  32084 : E1;
  [32085..32086] : E2;
  32087 : E3;
  32088 : E8;
  32089 : C4;
  32090 : 18;
  32091 : 00;
  32092 : 31;
  32093 : 5D;
  32094 : 52;
  32095 : 0F;
  32096 : 14;
  [32097..32098] : 13;
  [32099..32100] : 15;
  [32101..32102] : 14;
  [32103..32104] : 13;
  [32105..32106] : 12;
  32107 : 11;
  32108 : 0C;
  32109 : 0D;
  32110 : 35;
  32111 : 0C;
  32112 : 00;
  32113 : 03;
  32114 : 78;
  32115 : B9;
  32116 : B8;
  32117 : BC;
  32118 : C1;
  32119 : C7;
  32120 : CD;
  32121 : D2;
  32122 : D5;
  32123 : D8;
  32124 : DA;
  32125 : DC;
  32126 : DE;
  32127 : E0;
  32128 : E2;
  32129 : E3;
  32130 : E4;
  32131 : E5;
  32132 : E6;
  32133 : E7;
  32134 : E8;
  32135 : AD;
  32136 : 0F;
  32137 : CB;
  32138 : F6;
  32139 : EA;
  [32140..32142] : E9;
  [32143..32144] : E8;
  32145 : E9;
  32146 : E8;
  [32147..32148] : E7;
  32149 : E6;
  32150 : E5;
  32151 : E4;
  32152 : E3;
  32153 : E2;
  32154 : E3;
  32155 : D5;
  32156 : 2F;
  32157 : 00;
  32158 : 1D;
  32159 : 52;
  32160 : 5D;
  32161 : 22;
  32162 : 0B;
  32163 : 0D;
  32164 : 0C;
  [32165..32166] : 0B;
  [32167..32172] : 0A;
  [32173..32174] : 09;
  32175 : 19;
  32176 : 24;
  [32177..32178] : 00;
  32179 : 6A;
  32180 : B5;
  32181 : B6;
  32182 : BB;
  32183 : C0;
  32184 : C6;
  32185 : CB;
  32186 : D0;
  32187 : D4;
  32188 : D6;
  32189 : D8;
  [32190..32192] : DA;
  32193 : DB;
  [32194..32195] : DC;
  32196 : E2;
  32197 : A2;
  32198 : 06;
  32199 : 00;
  32200 : 2A;
  32201 : 53;
  32202 : 64;
  32203 : 20;
  32204 : 11;
  32205 : 12;
  32206 : 11;
  32207 : 12;
  32208 : 10;
  32209 : 0F;
  [32210..32212] : 0E;
  [32213..32214] : 0D;
  32215 : 0C;
  32216 : 0D;
  32217 : 24;
  32218 : 14;
  32219 : 00;
  32220 : 1C;
  32221 : A5;
  [32222..32223] : B9;
  32224 : BD;
  32225 : C1;
  32226 : C6;
  32227 : CC;
  32228 : D1;
  32229 : D4;
  32230 : D5;
  32231 : D7;
  [32232..32237] : D8;
  32238 : D9;
  32239 : D2;
  32240 : 38;
  32241 : 00;
  32242 : 06;
  32243 : 2E;
  32244 : 49;
  32245 : 4F;
  32246 : 30;
  32247 : 07;
  [32248..32258] : 0B;
  32259 : 0C;
  32260 : 20;
  32261 : 27;
  32262 : 00;
  32263 : 10;
  32264 : 93;
  32265 : BE;
  32266 : BC;
  32267 : BE;
  32268 : C1;
  32269 : C6;
  32270 : CA;
  32271 : CF;
  32272 : D3;
  32273 : D6;
  32274 : D8;
  32275 : DA;
  32276 : DC;
  32277 : DE;
  32278 : DF;
  [32279..32280] : E1;
  32281 : E3;
  [32282..32283] : E4;
  32284 : E5;
  32285 : E6;
  [32286..32290] : E7;
  32291 : E8;
  [32292..32293] : E7;
  32294 : E8;
  32295 : E7;
  32296 : E8;
  32297 : E7;
  32298 : E9;
  32299 : CA;
  32300 : 1F;
  32301 : 00;
  32302 : 27;
  32303 : 41;
  32304 : 17;
  32305 : 1A;
  [32306..32309] : 19;
  [32310..32311] : 1A;
  [32312..32316] : 1B;
  [32317..32319] : 1C;
  32320 : 37;
  [32321..32322] : 38;
  [32323..32324] : 36;
  32325 : 34;
  32326 : 33;
  32327 : 32;
  32328 : 30;
  [32329..32330] : 2F;
  [32331..32332] : 2E;
  32333 : 2C;
  32334 : 2B;
  32335 : 27;
  32336 : 1E;
  32337 : 12;
  32338 : 00;
  32339 : 2A;
  32340 : EF;
  32341 : F3;
  [32342..32347] : EF;
  [32348..32353] : EE;
  32354 : ED;
  [32355..32356] : EC;
  [32357..32358] : EB;
  32359 : EA;
  32360 : E9;
  32361 : E8;
  32362 : E7;
  32363 : EC;
  32364 : AE;
  32365 : 12;
  32366 : 00;
  32367 : 2B;
  32368 : 6B;
  32369 : 3D;
  32370 : 12;
  [32371..32374] : 15;
  32375 : 14;
  [32376..32377] : 15;
  32378 : 14;
  [32379..32381] : 13;
  32382 : 0D;
  32383 : 08;
  32384 : 30;
  32385 : 14;
  [32386..32387] : 00;
  32388 : 2F;
  32389 : A6;
  32390 : B4;
  32391 : BB;
  32392 : C2;
  32393 : C9;
  32394 : CE;
  32395 : D3;
  32396 : D7;
  32397 : D9;
  32398 : DB;
  32399 : DD;
  32400 : DE;
  32401 : DF;
  32402 : E0;
  32403 : E1;
  [32404..32405] : E2;
  32406 : E3;
  32407 : E4;
  32408 : E8;
  32409 : C5;
  32410 : 19;
  32411 : 00;
  32412 : 30;
  32413 : 5E;
  32414 : 53;
  32415 : 0F;
  32416 : 13;
  [32417..32418] : 14;
  [32419..32420] : 15;
  32421 : 14;
  32422 : 13;
  32423 : 12;
  [32424..32425] : 13;
  32426 : 12;
  32427 : 10;
  32428 : 0C;
  32429 : 0D;
  32430 : 35;
  32431 : 0C;
  32432 : 00;
  32433 : 02;
  32434 : 78;
  32435 : BA;
  32436 : B8;
  32437 : BC;
  32438 : C1;
  32439 : C6;
  32440 : CC;
  32441 : D1;
  32442 : D5;
  32443 : D7;
  32444 : DA;
  32445 : DC;
  32446 : DE;
  32447 : E0;
  32448 : E1;
  32449 : E3;
  32450 : E4;
  32451 : E6;
  [32452..32453] : E7;
  32454 : E8;
  32455 : AD;
  32456 : 0F;
  32457 : CA;
  32458 : F6;
  [32459..32460] : EA;
  [32461..32464] : E9;
  [32465..32466] : E8;
  [32467..32468] : E7;
  32469 : E6;
  [32470..32471] : E5;
  [32472..32473] : E3;
  32474 : E4;
  32475 : D6;
  32476 : 30;
  32477 : 00;
  32478 : 1D;
  32479 : 52;
  32480 : 5D;
  32481 : 22;
  32482 : 0B;
  32483 : 0E;
  32484 : 0D;
  32485 : 0C;
  32486 : 0B;
  [32487..32490] : 0A;
  32491 : 0B;
  32492 : 0A;
  [32493..32494] : 09;
  32495 : 1A;
  32496 : 24;
  [32497..32498] : 00;
  32499 : 6C;
  32500 : B5;
  32501 : B6;
  32502 : BB;
  32503 : C0;
  32504 : C5;
  32505 : CB;
  32506 : D0;
  32507 : D4;
  32508 : D6;
  32509 : D8;
  32510 : D9;
  [32511..32512] : DA;
  [32513..32514] : DB;
  32515 : DC;
  32516 : E1;
  32517 : A2;
  32518 : 06;
  32519 : 00;
  32520 : 2C;
  32521 : 53;
  32522 : 63;
  32523 : 20;
  [32524..32526] : 11;
  32527 : 10;
  32528 : 0F;
  [32529..32532] : 0E;
  [32533..32534] : 0D;
  32535 : 0B;
  32536 : 0C;
  32537 : 25;
  32538 : 14;
  32539 : 00;
  32540 : 1B;
  32541 : A5;
  32542 : B9;
  32543 : BA;
  32544 : BC;
  32545 : C0;
  32546 : C6;
  32547 : CC;
  32548 : D1;
  32549 : D4;
  32550 : D5;
  32551 : D7;
  [32552..32555] : D8;
  32556 : D9;
  32557 : D8;
  32558 : D9;
  32559 : D2;
  32560 : 38;
  32561 : 00;
  32562 : 07;
  32563 : 2E;
  32564 : 4A;
  32565 : 50;
  32566 : 30;
  32567 : 07;
  [32568..32570] : 0A;
  32571 : 09;
  [32572..32575] : 0A;
  [32576..32579] : 0B;
  32580 : 20;
  32581 : 27;
  32582 : 00;
  32583 : 11;
  32584 : 96;
  32585 : BE;
  32586 : BC;
  32587 : BE;
  32588 : C1;
  32589 : C5;
  32590 : CA;
  32591 : CE;
  32592 : D2;
  32593 : D6;
  32594 : D8;
  32595 : DA;
  32596 : DC;
  32597 : DD;
  32598 : DF;
  [32599..32600] : E1;
  32601 : E3;
  32602 : E4;
  [32603..32604] : E5;
  [32605..32606] : E6;
  [32607..32611] : E7;
  [32612..32614] : E8;
  32615 : E7;
  32616 : E8;
  32617 : E7;
  32618 : E9;
  32619 : CC;
  32620 : 20;
  32621 : 00;
  32622 : 25;
  32623 : 3E;
  32624 : 17;
  [32625..32626] : 19;
  [32627..32628] : 1A;
  32629 : 19;
  [32630..32632] : 1A;
  32633 : 1B;
  [32634..32638] : 1C;
  32639 : 1D;
  32640 : 3A;
  32641 : 39;
  32642 : 38;
  32643 : 36;
  [32644..32645] : 34;
  32646 : 33;
  32647 : 34;
  32648 : 32;
  32649 : 30;
  32650 : 2F;
  32651 : 2E;
  32652 : 2D;
  32653 : 2C;
  32654 : 2A;
  32655 : 26;
  32656 : 1E;
  32657 : 13;
  32658 : 00;
  32659 : 2B;
  32660 : F0;
  32661 : F3;
  [32662..32668] : EF;
  [32669..32673] : EE;
  [32674..32675] : ED;
  32676 : EC;
  [32677..32678] : EB;
  32679 : EA;
  32680 : E9;
  32681 : E8;
  32682 : E7;
  32683 : EB;
  32684 : B0;
  32685 : 13;
  32686 : 00;
  32687 : 2C;
  32688 : 6A;
  32689 : 3B;
  32690 : 12;
  32691 : 15;
  [32692..32697] : 14;
  [32698..32700] : 13;
  32701 : 12;
  32702 : 0D;
  32703 : 09;
  32704 : 2E;
  32705 : 13;
  [32706..32707] : 00;
  32708 : 2F;
  32709 : A7;
  32710 : B3;
  32711 : BB;
  32712 : C2;
  32713 : C9;
  32714 : CE;
  32715 : D3;
  32716 : D7;
  32717 : D9;
  32718 : DB;
  32719 : DD;
  32720 : DF;
  [32721..32722] : E0;
  32723 : E1;
  [32724..32725] : E2;
  32726 : E3;
  32727 : E4;
  32728 : E8;
  32729 : C4;
  32730 : 19;
  32731 : 00;
  32732 : 32;
  32733 : 60;
  32734 : 54;
  32735 : 0F;
  [32736..32737] : 13;
  [32738..32740] : 14;
  32741 : 13;
  [32742..32746] : 12;
  32747 : 11;
  32748 : 0C;
  32749 : 0E;
  32750 : 36;
  32751 : 0C;
  32752 : 00;
  32753 : 02;
  32754 : 78;
  32755 : BA;
  32756 : B8;
  32757 : BC;
  32758 : C1;
  32759 : C6;
  32760 : CC;
  32761 : D1;
  32762 : D5;
  32763 : D7;
  32764 : D9;
  32765 : DC;
  32766 : DE;
  32767 : DF;
  32768 : E1;
  32769 : E3;
  32770 : E4;
  32771 : E5;
  32772 : E6;
  [32773..32774] : E8;
  32775 : AE;
  32776 : 10;
  32777 : CB;
  32778 : F6;
  [32779..32780] : EA;
  [32781..32784] : E9;
  32785 : E8;
  [32786..32788] : E7;
  32789 : E6;
  [32790..32791] : E5;
  32792 : E4;
  32793 : E3;
  32794 : E4;
  32795 : D7;
  32796 : 30;
  32797 : 00;
  32798 : 1C;
  32799 : 53;
  32800 : 5E;
  32801 : 22;
  32802 : 0B;
  [32803..32804] : 0D;
  32805 : 0C;
  32806 : 0B;
  [32807..32808] : 0A;
  32809 : 0B;
  [32810..32813] : 0A;
  32814 : 09;
  32815 : 19;
  32816 : 24;
  [32817..32818] : 00;
  32819 : 6C;
  32820 : B5;
  32821 : B6;
  32822 : BB;
  32823 : C0;
  32824 : C6;
  32825 : CB;
  32826 : D1;
  32827 : D4;
  32828 : D6;
  32829 : D8;
  32830 : D9;
  [32831..32833] : DA;
  32834 : DB;
  32835 : DC;
  32836 : E2;
  32837 : A2;
  32838 : 06;
  32839 : 00;
  32840 : 2C;
  32841 : 53;
  32842 : 63;
  32843 : 1F;
  32844 : 10;
  32845 : 11;
  [32846..32848] : 10;
  [32849..32852] : 0E;
  [32853..32854] : 0C;
  32855 : 0B;
  32856 : 0D;
  32857 : 27;
  32858 : 15;
  32859 : 00;
  32860 : 1B;
  32861 : A5;
  [32862..32863] : B9;
  32864 : BC;
  32865 : C0;
  32866 : C6;
  32867 : CB;
  32868 : D0;
  32869 : D3;
  32870 : D5;
  32871 : D7;
  32872 : D8;
  [32873..32878] : D9;
  32879 : D3;
  32880 : 38;
  32881 : 00;
  32882 : 07;
  32883 : 30;
  32884 : 4C;
  32885 : 50;
  32886 : 31;
  32887 : 06;
  [32888..32889] : 0A;
  [32890..32892] : 09;
  [32893..32894] : 0A;
  [32895..32896] : 0B;
  32897 : 0A;
  [32898..32899] : 0B;
  32900 : 20;
  32901 : 28;
  32902 : 00;
  32903 : 12;
  32904 : 97;
  32905 : BF;
  32906 : BC;
  32907 : BE;
  32908 : C1;
  32909 : C5;
  32910 : CA;
  32911 : CE;
  32912 : D2;
  32913 : D6;
  32914 : D8;
  32915 : DA;
  32916 : DC;
  32917 : DD;
  32918 : DE;
  32919 : E0;
  32920 : E1;
  32921 : E2;
  [32922..32923] : E4;
  32924 : E5;
  [32925..32926] : E6;
  [32927..32929] : E7;
  32930 : E8;
  [32931..32935] : E7;
  32936 : E8;
  32937 : E7;
  32938 : E9;
  32939 : CE;
  32940 : 21;
  32941 : 00;
  32942 : 24;
  32943 : 3B;
  32944 : 15;
  32945 : 19;
  [32946..32947] : 1A;
  [32948..32949] : 1B;
  [32950..32951] : 1C;
  [32952..32953] : 1B;
  32954 : 1D;
  [32955..32958] : 1E;
  32959 : 1F;
  [32960..32962] : 37;
  32963 : 38;
  [32964..32965] : 35;
  32966 : 36;
  32967 : 35;
  32968 : 32;
  32969 : 30;
  32970 : 2F;
  [32971..32974] : 2E;
  32975 : 2A;
  32976 : 1F;
  32977 : 12;
  32978 : 00;
  32979 : 2B;
  32980 : F0;
  32981 : F2;
  [32982..32988] : EF;
  [32989..32993] : EE;
  [32994..32995] : ED;
  32996 : EC;
  32997 : EB;
  32998 : EA;
  [32999..33000] : E9;
  [33001..33002] : E8;
  33003 : EC;
  33004 : B0;
  33005 : 13;
  33006 : 00;
  33007 : 2C;
  33008 : 6A;
  33009 : 3B;
  33010 : 11;
  33011 : 15;
  [33012..33014] : 14;
  33015 : 12;
  33016 : 13;
  33017 : 14;
  33018 : 13;
  33019 : 12;
  [33020..33021] : 13;
  33022 : 0D;
  33023 : 09;
  33024 : 2E;
  33025 : 12;
  [33026..33027] : 00;
  33028 : 30;
  33029 : A7;
  33030 : B3;
  33031 : BA;
  33032 : C1;
  33033 : C8;
  33034 : CD;
  33035 : D2;
  33036 : D6;
  33037 : D9;
  33038 : DB;
  33039 : DD;
  [33040..33041] : DF;
  33042 : E0;
  [33043..33045] : E1;
  33046 : E2;
  33047 : E4;
  33048 : E8;
  33049 : C4;
  33050 : 18;
  33051 : 00;
  33052 : 33;
  33053 : 60;
  33054 : 54;
  33055 : 0E;
  33056 : 13;
  [33057..33058] : 14;
  33059 : 15;
  [33060..33061] : 14;
  33062 : 13;
  [33063..33065] : 12;
  [33066..33067] : 11;
  33068 : 0C;
  33069 : 0E;
  33070 : 37;
  33071 : 0C;
  33072 : 00;
  33073 : 02;
  33074 : 77;
  33075 : B9;
  33076 : B8;
  33077 : BC;
  33078 : C0;
  33079 : C5;
  33080 : CB;
  33081 : D1;
  33082 : D5;
  33083 : D7;
  33084 : D9;
  33085 : DC;
  33086 : DD;
  33087 : DF;
  33088 : E1;
  33089 : E3;
  33090 : E4;
  33091 : E5;
  33092 : E6;
  33093 : E7;
  33094 : E8;
  33095 : AD;
  33096 : 10;
  33097 : CD;
  33098 : F6;
  [33099..33100] : EA;
  [33101..33104] : E9;
  [33105..33106] : E8;
  [33107..33108] : E7;
  33109 : E6;
  [33110..33111] : E5;
  [33112..33113] : E4;
  33114 : E5;
  33115 : D7;
  33116 : 30;
  33117 : 00;
  33118 : 1C;
  33119 : 54;
  33120 : 5E;
  33121 : 21;
  33122 : 0B;
  [33123..33124] : 0D;
  33125 : 0C;
  [33126..33131] : 0B;
  [33132..33133] : 0A;
  33134 : 09;
  33135 : 1A;
  33136 : 24;
  [33137..33138] : 00;
  33139 : 6C;
  [33140..33141] : B5;
  33142 : BA;
  33143 : BF;
  33144 : C6;
  33145 : CB;
  33146 : D0;
  33147 : D4;
  33148 : D6;
  33149 : D8;
  33150 : D9;
  [33151..33152] : DA;
  [33153..33154] : DB;
  33155 : DC;
  33156 : E2;
  33157 : A3;
  33158 : 06;
  33159 : 00;
  33160 : 2B;
  33161 : 53;
  33162 : 61;
  33163 : 1E;
  33164 : 0F;
  33165 : 10;
  33166 : 11;
  [33167..33168] : 10;
  [33169..33171] : 0E;
  33172 : 0D;
  [33173..33174] : 0C;
  33175 : 0B;
  33176 : 0E;
  33177 : 28;
  33178 : 15;
  33179 : 00;
  33180 : 1B;
  33181 : A5;
  [33182..33183] : BA;
  33184 : BC;
  33185 : C0;
  33186 : C6;
  33187 : CB;
  33188 : CF;
  33189 : D3;
  33190 : D5;
  33191 : D7;
  33192 : D8;
  [33193..33195] : D9;
  33196 : D8;
  [33197..33198] : D9;
  33199 : D3;
  33200 : 38;
  33201 : 00;
  33202 : 07;
  33203 : 31;
  33204 : 4D;
  33205 : 50;
  33206 : 31;
  33207 : 06;
  33208 : 0B;
  33209 : 0A;
  33210 : 09;
  33211 : 0A;
  33212 : 09;
  [33213..33214] : 0A;
  [33215..33216] : 0B;
  [33217..33218] : 0A;
  33219 : 0B;
  33220 : 21;
  33221 : 27;
  33222 : 00;
  33223 : 12;
  33224 : 97;
  33225 : BF;
  33226 : BC;
  33227 : BE;
  33228 : C1;
  33229 : C5;
  33230 : C9;
  33231 : CD;
  33232 : D2;
  33233 : D5;
  33234 : D8;
  33235 : DA;
  33236 : DB;
  33237 : DD;
  33238 : DE;
  33239 : E0;
  33240 : E1;
  33241 : E2;
  33242 : E4;
  [33243..33244] : E5;
  [33245..33246] : E6;
  [33247..33255] : E7;
  [33256..33257] : E8;
  33258 : E9;
  33259 : CD;
  33260 : 21;
  33261 : 00;
  33262 : 25;
  33263 : 3B;
  33264 : 14;
  33265 : 18;
  [33266..33267] : 19;
  [33268..33269] : 1A;
  [33270..33272] : 19;
  [33273..33274] : 1A;
  33275 : 1B;
  [33276..33278] : 1C;
  33279 : 1B;
  33280 : 37;
  [33281..33282] : 38;
  [33283..33284] : 37;
  [33285..33286] : 35;
  33287 : 34;
  33288 : 32;
  33289 : 30;
  33290 : 2D;
  [33291..33294] : 2F;
  33295 : 2C;
  33296 : 1E;
  33297 : 12;
  33298 : 00;
  33299 : 2D;
  33300 : F1;
  33301 : F3;
  33302 : F0;
  [33303..33305] : EF;
  [33306..33309] : EE;
  33310 : EF;
  [33311..33313] : EE;
  33314 : ED;
  33315 : EC;
  [33316..33317] : EB;
  33318 : EA;
  [33319..33320] : E9;
  33321 : E8;
  33322 : E7;
  33323 : EC;
  33324 : B1;
  33325 : 12;
  33326 : 00;
  33327 : 2D;
  33328 : 68;
  33329 : 3B;
  33330 : 12;
  33331 : 15;
  [33332..33333] : 14;
  33334 : 13;
  [33335..33336] : 12;
  [33337..33340] : 13;
  33341 : 12;
  33342 : 0D;
  33343 : 09;
  33344 : 2F;
  33345 : 13;
  [33346..33347] : 00;
  33348 : 30;
  33349 : A8;
  33350 : B4;
  33351 : BA;
  33352 : C1;
  33353 : C8;
  33354 : CD;
  33355 : D2;
  33356 : D6;
  33357 : D9;
  33358 : DB;
  33359 : DD;
  33360 : DE;
  33361 : DF;
  33362 : E0;
  33363 : E1;
  [33364..33366] : E2;
  33367 : E3;
  33368 : E8;
  33369 : C2;
  33370 : 17;
  33371 : 00;
  33372 : 33;
  33373 : 60;
  33374 : 55;
  33375 : 0F;
  [33376..33377] : 13;
  [33378..33379] : 14;
  33380 : 15;
  33381 : 14;
  33382 : 13;
  [33383..33384] : 12;
  [33385..33386] : 11;
  33387 : 10;
  33388 : 0C;
  33389 : 0E;
  33390 : 39;
  33391 : 0D;
  33392 : 00;
  33393 : 02;
  33394 : 76;
  33395 : B9;
  33396 : B8;
  33397 : BC;
  33398 : C0;
  33399 : C5;
  33400 : CB;
  33401 : D1;
  33402 : D4;
  33403 : D7;
  33404 : D9;
  33405 : DC;
  33406 : DE;
  33407 : DF;
  33408 : E1;
  33409 : E2;
  33410 : E4;
  33411 : E6;
  33412 : E7;
  [33413..33414] : E8;
  33415 : AE;
  33416 : 11;
  33417 : CE;
  33418 : F6;
  [33419..33420] : EA;
  [33421..33424] : E9;
  [33425..33427] : E8;
  33428 : E7;
  [33429..33430] : E6;
  33431 : E5;
  [33432..33433] : E4;
  33434 : E5;
  33435 : D8;
  33436 : 30;
  33437 : 00;
  33438 : 1C;
  33439 : 56;
  33440 : 5D;
  33441 : 21;
  33442 : 0B;
  [33443..33444] : 0D;
  [33445..33446] : 0C;
  [33447..33451] : 0B;
  [33452..33454] : 0A;
  33455 : 1A;
  33456 : 23;
  [33457..33458] : 00;
  33459 : 6C;
  [33460..33461] : B5;
  33462 : BA;
  33463 : BF;
  33464 : C5;
  33465 : CA;
  33466 : CF;
  33467 : D4;
  33468 : D6;
  [33469..33470] : D8;
  33471 : D9;
  33472 : DA;
  33473 : DB;
  [33474..33475] : DC;
  33476 : E2;
  33477 : A2;
  33478 : 06;
  33479 : 00;
  33480 : 29;
  33481 : 55;
  33482 : 60;
  33483 : 1F;
  33484 : 0F;
  [33485..33488] : 10;
  33489 : 0F;
  33490 : 0E;
  [33491..33492] : 0D;
  [33493..33494] : 0C;
  33495 : 0B;
  33496 : 0E;
  33497 : 27;
  33498 : 14;
  33499 : 00;
  33500 : 1C;
  33501 : A6;
  [33502..33503] : BA;
  33504 : BC;
  33505 : C1;
  33506 : C6;
  33507 : CB;
  33508 : CF;
  33509 : D4;
  33510 : D5;
  33511 : D6;
  33512 : D7;
  33513 : D8;
  [33514..33518] : D9;
  33519 : D4;
  33520 : 39;
  33521 : 00;
  33522 : 06;
  33523 : 31;
  [33524..33525] : 4F;
  33526 : 31;
  33527 : 07;
  33528 : 0B;
  33529 : 0A;
  [33530..33532] : 09;
  [33533..33534] : 0A;
  [33535..33536] : 0B;
  [33537..33538] : 0A;
  33539 : 0B;
  33540 : 22;
  33541 : 27;
  33542 : 00;
  33543 : 11;
  33544 : 97;
  33545 : BF;
  33546 : BC;
  33547 : BE;
  33548 : C1;
  33549 : C4;
  33550 : C9;
  33551 : CD;
  33552 : D2;
  33553 : D5;
  33554 : D7;
  33555 : DA;
  33556 : DC;
  33557 : DD;
  33558 : DE;
  33559 : E0;
  33560 : E1;
  33561 : E3;
  33562 : E4;
  33563 : E5;
  [33564..33567] : E6;
  [33568..33569] : E7;
  33570 : E8;
  [33571..33577] : E7;
  33578 : E9;
  33579 : CC;
  33580 : 20;
  33581 : 00;
  33582 : 25;
  33583 : 3B;
  33584 : 14;
  [33585..33588] : 18;
  33589 : 19;
  [33590..33592] : 1A;
  33593 : 1B;
  33594 : 1A;
  [33595..33597] : 1B;
  33598 : 1C;
  33599 : 1D;
  33600 : 3B;
  33601 : 3A;
  [33602..33603] : 38;
  33604 : 37;
  33605 : 36;
  [33606..33607] : 33;
  [33608..33609] : 32;
  33610 : 30;
  33611 : 31;
  33612 : 30;
  [33613..33614] : 2E;
  33615 : 2A;
  33616 : 1F;
  33617 : 12;
  33618 : 00;
  33619 : 2D;
  33620 : F2;
  33621 : F3;
  [33622..33627] : EF;
  33628 : EE;
  [33629..33630] : EF;
  [33631..33632] : EE;
  [33633..33634] : ED;
  [33635..33636] : EC;
  33637 : EB;
  33638 : EA;
  33639 : E9;
  [33640..33641] : E8;
  33642 : E7;
  33643 : EC;
  33644 : B1;
  33645 : 12;
  33646 : 00;
  33647 : 2E;
  33648 : 68;
  33649 : 3B;
  33650 : 12;
  33651 : 15;
  33652 : 14;
  [33653..33654] : 13;
  [33655..33657] : 12;
  [33658..33659] : 13;
  [33660..33661] : 12;
  33662 : 0D;
  33663 : 09;
  33664 : 31;
  33665 : 14;
  [33666..33667] : 00;
  33668 : 31;
  33669 : A9;
  33670 : B4;
  33671 : BB;
  33672 : C1;
  33673 : C8;
  33674 : CD;
  33675 : D2;
  33676 : D7;
  33677 : D9;
  33678 : DB;
  33679 : DD;
  33680 : DE;
  33681 : DF;
  33682 : E0;
  33683 : E1;
  [33684..33686] : E2;
  33687 : E3;
  33688 : E7;
  33689 : C2;
  33690 : 17;
  33691 : 00;
  33692 : 35;
  33693 : 60;
  33694 : 56;
  33695 : 10;
  [33696..33697] : 14;
  [33698..33699] : 13;
  33700 : 14;
  [33701..33704] : 13;
  [33705..33707] : 11;
  33708 : 0C;
  33709 : 0F;
  33710 : 39;
  33711 : 0D;
  33712 : 00;
  33713 : 02;
  33714 : 76;
  33715 : B9;
  33716 : B7;
  33717 : BB;
  33718 : C0;
  33719 : C5;
  33720 : CB;
  33721 : D0;
  33722 : D5;
  33723 : D8;
  33724 : D9;
  33725 : DB;
  33726 : DD;
  33727 : DF;
  33728 : E1;
  33729 : E2;
  33730 : E4;
  33731 : E6;
  33732 : E7;
  33733 : E8;
  33734 : E9;
  33735 : AF;
  33736 : 11;
  33737 : CE;
  33738 : F5;
  [33739..33741] : EA;
  [33742..33745] : E9;
  [33746..33747] : E8;
  [33748..33749] : E7;
  [33750..33751] : E6;
  33752 : E5;
  33753 : E4;
  33754 : E5;
  33755 : D8;
  33756 : 30;
  33757 : 00;
  33758 : 1D;
  33759 : 59;
  33760 : 5D;
  33761 : 22;
  33762 : 0B;
  [33763..33764] : 0D;
  33765 : 0C;
  [33766..33772] : 0B;
  [33773..33774] : 0A;
  33775 : 1A;
  33776 : 23;
  [33777..33778] : 00;
  33779 : 6C;
  [33780..33781] : B5;
  33782 : BB;
  33783 : C0;
  33784 : C5;
  33785 : CA;
  33786 : CF;
  33787 : D3;
  33788 : D5;
  33789 : D7;
  33790 : D8;
  33791 : D9;
  33792 : DA;
  33793 : DB;
  [33794..33795] : DC;
  33796 : E2;
  33797 : A3;
  33798 : 06;
  33799 : 00;
  33800 : 28;
  33801 : 56;
  33802 : 5F;
  33803 : 1E;
  33804 : 0F;
  [33805..33808] : 10;
  33809 : 0F;
  33810 : 0E;
  [33811..33812] : 0D;
  [33813..33814] : 0C;
  33815 : 0B;
  33816 : 0F;
  33817 : 25;
  33818 : 14;
  33819 : 00;
  33820 : 1C;
  33821 : A5;
  33822 : B9;
  33823 : BA;
  33824 : BC;
  33825 : C0;
  33826 : C5;
  33827 : CB;
  33828 : CF;
  33829 : D2;
  33830 : D5;
  33831 : D6;
  [33832..33834] : D8;
  33835 : D9;
  33836 : DA;
  33837 : D9;
  33838 : DA;
  33839 : D5;
  33840 : 3A;
  33841 : 00;
  33842 : 06;
  33843 : 30;
  [33844..33845] : 50;
  33846 : 32;
  33847 : 07;
  33848 : 0A;
  [33849..33851] : 09;
  [33852..33853] : 0A;
  [33854..33857] : 0B;
  33858 : 0A;
  33859 : 0C;
  33860 : 24;
  33861 : 28;
  33862 : 00;
  33863 : 12;
  33864 : 97;
  33865 : BE;
  33866 : BD;
  33867 : BE;
  33868 : C1;
  33869 : C4;
  33870 : C9;
  33871 : CE;
  33872 : D2;
  33873 : D5;
  33874 : D7;
  33875 : D9;
  33876 : DB;
  33877 : DD;
  33878 : DF;
  33879 : E0;
  [33880..33881] : E2;
  33882 : E4;
  [33883..33884] : E5;
  [33885..33887] : E6;
  [33888..33889] : E7;
  [33890..33893] : E8;
  [33894..33897] : E7;
  33898 : E9;
  33899 : CB;
  33900 : 20;
  33901 : 00;
  33902 : 25;
  33903 : 3D;
  33904 : 15;
  33905 : 19;
  33906 : 1A;
  33907 : 19;
  33908 : 1A;
  33909 : 1B;
  [33910..33911] : 1C;
  33912 : 1B;
  [33913..33916] : 1C;
  33917 : 1E;
  33918 : 1F;
  33919 : 20;
  33920 : 3B;
  33921 : 39;
  33922 : 38;
  33923 : 37;
  33924 : 35;
  [33925..33926] : 34;
  33927 : 33;
  33928 : 32;
  [33929..33930] : 33;
  33931 : 30;
  33932 : 2E;
  [33933..33934] : 2C;
  33935 : 2A;
  33936 : 1F;
  33937 : 13;
  33938 : 00;
  33939 : 2C;
  33940 : F1;
  33941 : F3;
  33942 : F0;
  [33943..33944] : EF;
  33945 : EE;
  [33946..33947] : EF;
  [33948..33952] : EE;
  33953 : ED;
  [33954..33956] : EC;
  33957 : EB;
  33958 : EA;
  33959 : E9;
  [33960..33962] : E8;
  33963 : EC;
  33964 : B0;
  33965 : 13;
  33966 : 00;
  33967 : 2E;
  33968 : 69;
  33969 : 3C;
  33970 : 12;
  [33971..33972] : 15;
  [33973..33974] : 14;
  [33975..33979] : 12;
  33980 : 11;
  33981 : 12;
  33982 : 0C;
  33983 : 0A;
  33984 : 32;
  33985 : 15;
  [33986..33987] : 00;
  33988 : 32;
  33989 : A9;
  33990 : B4;
  33991 : BB;
  33992 : C2;
  33993 : C8;
  33994 : CD;
  33995 : D2;
  33996 : D6;
  33997 : D9;
  33998 : DB;
  33999 : DD;
  34000 : DE;
  34001 : DF;
  34002 : E0;
  34003 : E1;
  [34004..34005] : E2;
  34006 : E3;
  34007 : E4;
  34008 : E8;
  34009 : C3;
  34010 : 18;
  34011 : 00;
  34012 : 34;
  34013 : 60;
  34014 : 55;
  34015 : 10;
  [34016..34017] : 15;
  [34018..34020] : 14;
  [34021..34023] : 13;
  34024 : 12;
  34025 : 11;
  [34026..34027] : 10;
  34028 : 0B;
  34029 : 10;
  34030 : 3A;
  34031 : 0E;
  34032 : 00;
  34033 : 02;
  34034 : 77;
  34035 : B9;
  34036 : B7;
  34037 : BB;
  34038 : BF;
  34039 : C4;
  34040 : CA;
  34041 : D0;
  34042 : D4;
  34043 : D7;
  34044 : D9;
  34045 : DB;
  34046 : DD;
  34047 : DF;
  34048 : E1;
  34049 : E3;
  34050 : E4;
  34051 : E5;
  34052 : E6;
  [34053..34054] : E8;
  34055 : AF;
  34056 : 11;
  34057 : CC;
  34058 : F5;
  [34059..34062] : EA;
  [34063..34064] : E9;
  [34065..34067] : E8;
  [34068..34069] : E7;
  34070 : E6;
  [34071..34072] : E5;
  34073 : E3;
  34074 : E5;
  34075 : D8;
  34076 : 2F;
  34077 : 00;
  34078 : 1C;
  34079 : 5A;
  34080 : 5E;
  34081 : 22;
  34082 : 0B;
  34083 : 0D;
  [34084..34088] : 0C;
  [34089..34094] : 0B;
  34095 : 1B;
  34096 : 23;
  [34097..34098] : 00;
  34099 : 6B;
  34100 : B4;
  34101 : B5;
  34102 : BA;
  34103 : C0;
  34104 : C5;
  34105 : CA;
  34106 : CF;
  34107 : D3;
  34108 : D6;
  34109 : D7;
  34110 : D8;
  34111 : D9;
  34112 : DA;
  [34113..34114] : DB;
  34115 : DC;
  34116 : E2;
  34117 : A3;
  34118 : 06;
  34119 : 00;
  34120 : 28;
  34121 : 57;
  34122 : 5F;
  34123 : 1F;
  34124 : 0F;
  [34125..34127] : 10;
  34128 : 0F;
  [34129..34130] : 0E;
  [34131..34132] : 0D;
  [34133..34134] : 0C;
  34135 : 0B;
  34136 : 0E;
  34137 : 26;
  34138 : 14;
  34139 : 00;
  34140 : 1D;
  34141 : A4;
  34142 : B8;
  34143 : B9;
  34144 : BC;
  34145 : C0;
  34146 : C5;
  34147 : CA;
  34148 : CF;
  34149 : D3;
  34150 : D5;
  [34151..34152] : D7;
  [34153..34154] : D8;
  [34155..34157] : D9;
  34158 : DA;
  34159 : D5;
  34160 : 39;
  34161 : 00;
  34162 : 06;
  34163 : 30;
  34164 : 51;
  34165 : 50;
  34166 : 30;
  34167 : 07;
  [34168..34174] : 0A;
  [34175..34177] : 0B;
  34178 : 0A;
  34179 : 0B;
  34180 : 25;
  34181 : 27;
  34182 : 00;
  34183 : 12;
  34184 : 97;
  34185 : BE;
  34186 : BD;
  34187 : BF;
  34188 : C1;
  34189 : C4;
  34190 : C9;
  34191 : CE;
  34192 : D2;
  34193 : D6;
  34194 : D8;
  34195 : D9;
  34196 : DC;
  34197 : DD;
  34198 : DE;
  34199 : E0;
  [34200..34201] : E2;
  34202 : E4;
  [34203..34204] : E5;
  [34205..34207] : E6;
  34208 : E7;
  [34209..34214] : E8;
  [34215..34217] : E7;
  34218 : E9;
  34219 : CB;
  34220 : 20;
  34221 : 00;
  34222 : 25;
  34223 : 3D;
  34224 : 16;
  [34225..34228] : 1A;
  [34229..34231] : 1B;
  [34232..34233] : 1D;
  [34234..34236] : 1C;
  [34237..34239] : 1D;
  34240 : 39;
  34241 : 38;
  34242 : 36;
  34243 : 34;
  [34244..34245] : 33;
  [34246..34247] : 32;
  [34248..34249] : 31;
  34250 : 30;
  34251 : 2E;
  [34252..34253] : 2A;
  34254 : 2B;
  34255 : 28;
  34256 : 20;
  34257 : 14;
  34258 : 00;
  34259 : 2C;
  34260 : F1;
  34261 : F3;
  [34262..34270] : EF;
  34271 : EE;
  [34272..34273] : ED;
  [34274..34276] : EC;
  34277 : EB;
  34278 : EA;
  34279 : E9;
  [34280..34282] : E8;
  34283 : EC;
  34284 : B0;
  34285 : 13;
  34286 : 00;
  34287 : 2E;
  34288 : 69;
  34289 : 3D;
  34290 : 13;
  34291 : 15;
  [34292..34293] : 14;
  [34294..34295] : 13;
  34296 : 12;
  34297 : 11;
  34298 : 12;
  [34299..34301] : 11;
  34302 : 0C;
  34303 : 0A;
  34304 : 33;
  34305 : 17;
  [34306..34307] : 00;
  34308 : 31;
  34309 : A8;
  34310 : B3;
  34311 : BB;
  34312 : C2;
  34313 : C8;
  34314 : CD;
  34315 : D2;
  34316 : D6;
  34317 : D9;
  34318 : DB;
  34319 : DD;
  34320 : DE;
  34321 : DF;
  34322 : E0;
  34323 : E1;
  [34324..34325] : E2;
  [34326..34327] : E3;
  34328 : E8;
  34329 : C4;
  34330 : 19;
  34331 : 00;
  34332 : 34;
  34333 : 61;
  34334 : 54;
  34335 : 10;
  34336 : 14;
  34337 : 15;
  [34338..34339] : 14;
  [34340..34343] : 13;
  34344 : 12;
  [34345..34346] : 11;
  34347 : 10;
  34348 : 0B;
  34349 : 10;
  34350 : 3A;
  34351 : 0F;
  34352 : 00;
  34353 : 02;
  34354 : 75;
  34355 : B9;
  34356 : B7;
  34357 : BA;
  34358 : BE;
  34359 : C3;
  34360 : CA;
  34361 : D0;
  34362 : D4;
  34363 : D7;
  34364 : DA;
  34365 : DC;
  34366 : DD;
  34367 : E0;
  34368 : E1;
  34369 : E3;
  34370 : E4;
  34371 : E5;
  34372 : E6;
  [34373..34374] : E8;
  34375 : B0;
  34376 : 11;
  34377 : CC;
  34378 : F6;
  [34379..34380] : EA;
  [34381..34384] : E9;
  [34385..34387] : E8;
  [34388..34389] : E7;
  34390 : E6;
  34391 : E5;
  [34392..34393] : E4;
  34394 : E5;
  34395 : D8;
  34396 : 2F;
  34397 : 00;
  34398 : 1D;
  34399 : 5B;
  34400 : 5D;
  34401 : 21;
  34402 : 0B;
  [34403..34404] : 0D;
  [34405..34408] : 0C;
  [34409..34414] : 0B;
  34415 : 1B;
  34416 : 23;
  [34417..34418] : 00;
  34419 : 6C;
  [34420..34421] : B4;
  34422 : B9;
  34423 : BF;
  34424 : C4;
  34425 : CA;
  34426 : CE;
  34427 : D2;
  34428 : D5;
  34429 : D6;
  34430 : D7;
  34431 : D9;
  [34432..34433] : DA;
  34434 : DB;
  34435 : DC;
  34436 : E2;
  34437 : A4;
  34438 : 06;
  34439 : 00;
  34440 : 29;
  34441 : 56;
  34442 : 5F;
  34443 : 1F;
  34444 : 0F;
  34445 : 10;
  34446 : 11;
  [34447..34448] : 10;
  [34449..34452] : 0E;
  34453 : 0D;
  34454 : 0C;
  34455 : 0B;
  34456 : 0E;
  34457 : 26;
  34458 : 15;
  34459 : 00;
  34460 : 1C;
  34461 : A4;
  34462 : B8;
  34463 : B9;
  34464 : BC;
  34465 : BF;
  34466 : C4;
  34467 : CA;
  34468 : CF;
  34469 : D2;
  34470 : D5;
  34471 : D6;
  34472 : D7;
  34473 : D8;
  [34474..34476] : D9;
  34477 : D8;
  34478 : D9;
  34479 : D4;
  34480 : 39;
  34481 : 00;
  34482 : 06;
  34483 : 30;
  34484 : 52;
  34485 : 50;
  34486 : 30;
  34487 : 07;
  [34488..34490] : 0A;
  34491 : 0B;
  [34492..34494] : 0A;
  [34495..34497] : 0B;
  34498 : 0A;
  34499 : 0B;
  34500 : 26;
  34501 : 27;
  34502 : 00;
  34503 : 13;
  34504 : 97;
  34505 : BE;
  34506 : BD;
  34507 : BF;
  34508 : C1;
  34509 : C4;
  34510 : C9;
  34511 : CD;
  34512 : D2;
  34513 : D6;
  34514 : D7;
  34515 : D9;
  34516 : DC;
  34517 : DD;
  34518 : DE;
  34519 : E0;
  34520 : E2;
  34521 : E3;
  34522 : E4;
  [34523..34524] : E5;
  [34525..34527] : E6;
  [34528..34529] : E7;
  [34530..34532] : E8;
  [34533..34537] : E7;
  34538 : E9;
  34539 : CB;
  34540 : 20;
  34541 : 00;
  34542 : 23;
  34543 : 3A;
  34544 : 15;
  [34545..34546] : 19;
  [34547..34550] : 1A;
  34551 : 19;
  34552 : 1A;
  [34553..34554] : 1C;
  34555 : 1B;
  34556 : 1D;
  [34557..34559] : 1C;
  [34560..34561] : 38;
  34562 : 36;
  34563 : 35;
  [34564..34566] : 33;
  34567 : 34;
  34568 : 32;
  34569 : 30;
  34570 : 2F;
  34571 : 2E;
  34572 : 2D;
  [34573..34574] : 2C;
  34575 : 29;
  34576 : 22;
  34577 : 14;
  34578 : 00;
  34579 : 2A;
  34580 : F0;
  34581 : F3;
  [34582..34588] : EF;
  [34589..34590] : EE;
  [34591..34594] : ED;
  [34595..34596] : EC;
  34597 : EB;
  [34598..34599] : E9;
  [34600..34602] : E8;
  34603 : EC;
  34604 : B0;
  34605 : 13;
  34606 : 00;
  34607 : 2F;
  34608 : 6A;
  34609 : 3C;
  34610 : 13;
  34611 : 16;
  34612 : 14;
  [34613..34614] : 13;
  [34615..34619] : 12;
  34620 : 11;
  34621 : 10;
  34622 : 0C;
  34623 : 0B;
  34624 : 33;
  34625 : 18;
  [34626..34627] : 00;
  34628 : 31;
  34629 : A7;
  34630 : B3;
  34631 : BB;
  34632 : C2;
  34633 : C8;
  34634 : CC;
  34635 : D1;
  34636 : D5;
  34637 : D8;
  34638 : DA;
  34639 : DC;
  34640 : DE;
  34641 : DF;
  [34642..34643] : E0;
  34644 : E1;
  [34645..34646] : E2;
  34647 : E3;
  34648 : E8;
  34649 : C3;
  34650 : 18;
  34651 : 00;
  34652 : 35;
  34653 : 60;
  34654 : 53;
  34655 : 10;
  [34656..34657] : 15;
  [34658..34660] : 14;
  [34661..34663] : 13;
  [34664..34665] : 12;
  [34666..34667] : 11;
  34668 : 0B;
  34669 : 10;
  34670 : 3B;
  34671 : 0F;
  34672 : 00;
  34673 : 02;
  34674 : 76;
  34675 : B9;
  34676 : B7;
  34677 : BA;
  34678 : BE;
  34679 : C3;
  34680 : CA;
  34681 : CF;
  34682 : D4;
  34683 : D6;
  34684 : D9;
  34685 : DB;
  34686 : DE;
  34687 : E0;
  34688 : E1;
  34689 : E3;
  34690 : E4;
  34691 : E5;
  34692 : E6;
  34693 : E7;
  34694 : E8;
  34695 : B1;
  34696 : 10;
  34697 : CB;
  34698 : F6;
  [34699..34700] : EA;
  [34701..34705] : E9;
  34706 : E8;
  [34707..34708] : E7;
  [34709..34710] : E6;
  34711 : E5;
  [34712..34713] : E4;
  34714 : E5;
  34715 : D8;
  34716 : 30;
  34717 : 00;
  34718 : 1D;
  34719 : 5C;
  34720 : 5D;
  34721 : 22;
  34722 : 0B;
  [34723..34725] : 0D;
  [34726..34729] : 0C;
  [34730..34734] : 0B;
  34735 : 1B;
  34736 : 24;
  [34737..34738] : 00;
  34739 : 6B;
  [34740..34741] : B4;
  34742 : B9;
  34743 : BF;
  34744 : C4;
  34745 : C9;
  34746 : CE;
  34747 : D2;
  34748 : D4;
  34749 : D6;
  34750 : D7;
  34751 : D8;
  34752 : D9;
  34753 : DA;
  34754 : DB;
  34755 : DC;
  34756 : E1;
  34757 : A4;
  34758 : 06;
  34759 : 00;
  34760 : 29;
  34761 : 57;
  34762 : 5F;
  34763 : 1F;
  34764 : 0F;
  [34765..34767] : 10;
  [34768..34769] : 0F;
  [34770..34772] : 0E;
  34773 : 0D;
  34774 : 0C;
  34775 : 0B;
  34776 : 0F;
  34777 : 27;
  34778 : 14;
  34779 : 00;
  34780 : 1C;
  34781 : A4;
  34782 : B7;
  34783 : B9;
  34784 : BB;
  34785 : BE;
  34786 : C4;
  34787 : CA;
  34788 : CF;
  34789 : D2;
  34790 : D4;
  34791 : D6;
  34792 : D7;
  [34793..34794] : D8;
  [34795..34796] : D9;
  34797 : D8;
  34798 : D9;
  34799 : D4;
  34800 : 39;
  34801 : 00;
  34802 : 06;
  34803 : 31;
  34804 : 52;
  34805 : 4F;
  34806 : 2F;
  34807 : 07;
  [34808..34810] : 0A;
  [34811..34814] : 0B;
  34815 : 0A;
  [34816..34819] : 0B;
  [34820..34821] : 25;
  34822 : 00;
  34823 : 13;
  34824 : 97;
  34825 : BE;
  34826 : BD;
  34827 : BF;
  34828 : C2;
  34829 : C5;
  34830 : C9;
  34831 : CD;
  34832 : D2;
  34833 : D5;
  34834 : D7;
  34835 : D9;
  34836 : DB;
  34837 : DD;
  34838 : DF;
  34839 : E1;
  34840 : E2;
  34841 : E3;
  34842 : E4;
  34843 : E5;
  [34844..34847] : E6;
  [34848..34849] : E7;
  [34850..34853] : E8;
  [34854..34857] : E7;
  34858 : E9;
  34859 : CB;
  34860 : 1F;
  34861 : 00;
  34862 : 22;
  34863 : 38;
  34864 : 16;
  34865 : 18;
  34866 : 19;
  [34867..34868] : 1A;
  34869 : 19;
  34870 : 1A;
  34871 : 19;
  34872 : 1A;
  34873 : 1B;
  34874 : 1C;
  [34875..34877] : 1D;
  [34878..34879] : 1E;
  34880 : 3C;
  [34881..34882] : 3B;
  34883 : 39;
  [34884..34885] : 35;
  [34886..34889] : 34;
  34890 : 32;
  34891 : 30;
  [34892..34893] : 2F;
  34894 : 2E;
  34895 : 2A;
  34896 : 22;
  34897 : 14;
  34898 : 00;
  34899 : 29;
  34900 : EE;
  34901 : F3;
  [34902..34904] : EF;
  34905 : EE;
  [34906..34907] : EF;
  [34908..34910] : EE;
  [34911..34913] : ED;
  [34914..34915] : EC;
  34916 : EB;
  34917 : EA;
  [34918..34919] : E9;
  [34920..34922] : E8;
  34923 : EC;
  34924 : B0;
  34925 : 12;
  34926 : 00;
  34927 : 30;
  34928 : 6B;
  34929 : 3B;
  34930 : 13;
  34931 : 15;
  34932 : 14;
  34933 : 13;
  [34934..34937] : 12;
  34938 : 11;
  [34939..34940] : 10;
  34941 : 11;
  34942 : 0C;
  34943 : 0B;
  34944 : 32;
  34945 : 18;
  [34946..34947] : 00;
  34948 : 30;
  34949 : A7;
  34950 : B3;
  34951 : BB;
  34952 : C1;
  34953 : C7;
  34954 : CD;
  34955 : D1;
  34956 : D5;
  34957 : D8;
  34958 : DB;
  34959 : DC;
  34960 : DD;
  34961 : DF;
  34962 : E0;
  [34963..34965] : E1;
  34966 : E2;
  34967 : E3;
  34968 : E8;
  34969 : C4;
  34970 : 19;
  34971 : 00;
  34972 : 35;
  34973 : 61;
  34974 : 51;
  34975 : 10;
  34976 : 15;
  [34977..34978] : 14;
  34979 : 15;
  34980 : 14;
  [34981..34985] : 13;
  34986 : 12;
  34987 : 11;
  34988 : 0C;
  34989 : 11;
  34990 : 3C;
  34991 : 0F;
  34992 : 00;
  34993 : 02;
  34994 : 77;
  34995 : B9;
  34996 : B6;
  34997 : B9;
  34998 : BE;
  34999 : C3;
  35000 : C9;
  35001 : CF;
  35002 : D3;
  35003 : D6;
  35004 : D9;
  35005 : DB;
  35006 : DE;
  35007 : E0;
  35008 : E1;
  35009 : E3;
  35010 : E4;
  35011 : E5;
  35012 : E6;
  35013 : E7;
  35014 : E8;
  35015 : B0;
  35016 : 10;
  35017 : CB;
  35018 : F6;
  [35019..35020] : EA;
  [35021..35024] : E9;
  [35025..35027] : E8;
  35028 : E7;
  35029 : E6;
  [35030..35031] : E5;
  [35032..35033] : E4;
  35034 : E5;
  35035 : D9;
  35036 : 30;
  35037 : 00;
  35038 : 1D;
  35039 : 5B;
  35040 : 5D;
  35041 : 22;
  35042 : 0B;
  [35043..35046] : 0D;
  [35047..35050] : 0C;
  [35051..35054] : 0B;
  35055 : 1C;
  35056 : 25;
  [35057..35058] : 00;
  35059 : 6B;
  35060 : B3;
  35061 : B4;
  35062 : B9;
  35063 : BE;
  35064 : C3;
  35065 : C9;
  35066 : CE;
  35067 : D1;
  35068 : D4;
  35069 : D6;
  35070 : D7;
  35071 : D8;
  35072 : D9;
  35073 : DA;
  [35074..35075] : DB;
  35076 : E1;
  35077 : A4;
  35078 : 06;
  35079 : 00;
  35080 : 28;
  35081 : 56;
  35082 : 5F;
  35083 : 21;
  35084 : 10;
  35085 : 11;
  35086 : 10;
  [35087..35088] : 0F;
  35089 : 10;
  35090 : 0F;
  35091 : 0E;
  [35092..35094] : 0D;
  35095 : 0B;
  35096 : 0F;
  35097 : 28;
  35098 : 14;
  35099 : 00;
  35100 : 1D;
  35101 : A5;
  35102 : B7;
  35103 : B8;
  35104 : BA;
  35105 : BE;
  35106 : C4;
  35107 : CB;
  35108 : CF;
  35109 : D2;
  35110 : D4;
  35111 : D5;
  35112 : D7;
  [35113..35117] : D8;
  35118 : D9;
  35119 : D3;
  35120 : 39;
  35121 : 00;
  35122 : 07;
  35123 : 31;
  35124 : 51;
  35125 : 4E;
  35126 : 2E;
  35127 : 07;
  [35128..35138] : 0B;
  35139 : 0C;
  35140 : 26;
  35141 : 25;
  35142 : 00;
  35143 : 13;
  35144 : 98;
  35145 : BE;
  35146 : BC;
  35147 : BF;
  35148 : C1;
  35149 : C4;
  35150 : C9;
  35151 : CD;
  35152 : D1;
  35153 : D5;
  35154 : D7;
  35155 : D9;
  35156 : DB;
  35157 : DC;
  35158 : DE;
  35159 : E0;
  35160 : E1;
  35161 : E2;
  35162 : E4;
  [35163..35164] : E5;
  [35165..35166] : E6;
  [35167..35177] : E7;
  35178 : E9;
  35179 : CC;
  35180 : 20;
  35181 : 00;
  35182 : 22;
  35183 : 39;
  35184 : 14;
  [35185..35187] : 18;
  [35188..35189] : 19;
  35190 : 1A;
  [35191..35192] : 1B;
  35193 : 1A;
  35194 : 1C;
  [35195..35196] : 1D;
  35197 : 1E;
  [35198..35199] : 1D;
  35200 : 3C;
  35201 : 3B;
  35202 : 3A;
  35203 : 36;
  35204 : 34;
  35205 : 32;
  35206 : 34;
  35207 : 35;
  35208 : 33;
  35209 : 31;
  35210 : 33;
  35211 : 32;
  35212 : 30;
  35213 : 2F;
  35214 : 2D;
  35215 : 2A;
  35216 : 22;
  35217 : 14;
  35218 : 00;
  35219 : 29;
  35220 : EE;
  35221 : F3;
  [35222..35223] : EF;
  [35224..35229] : EE;
  [35230..35231] : ED;
  [35232..35235] : EC;
  [35236..35237] : EB;
  [35238..35239] : E9;
  [35240..35242] : E8;
  35243 : EB;
  35244 : B0;
  35245 : 11;
  35246 : 00;
  35247 : 30;
  35248 : 6A;
  35249 : 3B;
  35250 : 14;
  35251 : 15;
  35252 : 14;
  [35253..35254] : 13;
  [35255..35257] : 12;
  [35258..35259] : 11;
  [35260..35261] : 10;
  [35262..35263] : 0C;
  35264 : 32;
  35265 : 17;
  [35266..35267] : 00;
  35268 : 2F;
  35269 : A6;
  35270 : B2;
  35271 : B9;
  35272 : C1;
  35273 : C7;
  35274 : CC;
  35275 : D1;
  35276 : D5;
  35277 : D8;
  35278 : DA;
  35279 : DC;
  [35280..35281] : DE;
  35282 : DF;
  35283 : E0;
  [35284..35285] : E1;
  35286 : E2;
  35287 : E3;
  35288 : E8;
  35289 : C5;
  35290 : 19;
  35291 : 00;
  35292 : 36;
  35293 : 63;
  35294 : 50;
  35295 : 10;
  [35296..35298] : 15;
  [35299..35301] : 14;
  [35302..35304] : 13;
  [35305..35306] : 12;
  35307 : 11;
  35308 : 0C;
  35309 : 12;
  35310 : 3E;
  35311 : 10;
  35312 : 00;
  35313 : 02;
  35314 : 77;
  35315 : BA;
  35316 : B6;
  35317 : B9;
  35318 : BD;
  35319 : C2;
  35320 : C8;
  35321 : CF;
  35322 : D3;
  35323 : D6;
  35324 : D8;
  35325 : DB;
  35326 : DD;
  35327 : E0;
  35328 : E2;
  35329 : E3;
  35330 : E4;
  [35331..35332] : E5;
  [35333..35334] : E7;
  35335 : AF;
  35336 : 10;
  35337 : CA;
  35338 : F6;
  [35339..35340] : EA;
  35341 : E9;
  35342 : EA;
  [35343..35344] : E9;
  [35345..35346] : E8;
  35347 : E7;
  [35348..35349] : E6;
  35350 : E5;
  [35351..35352] : E4;
  35353 : E3;
  35354 : E5;
  35355 : D9;
  35356 : 31;
  35357 : 00;
  35358 : 1D;
  35359 : 5E;
  35360 : 5C;
  35361 : 22;
  35362 : 0C;
  35363 : 0D;
  35364 : 0E;
  [35365..35367] : 0D;
  [35368..35370] : 0C;
  [35371..35374] : 0B;
  35375 : 1E;
  35376 : 26;
  [35377..35378] : 00;
  35379 : 6B;
  [35380..35381] : B3;
  35382 : B9;
  35383 : BD;
  35384 : C3;
  35385 : C9;
  35386 : CE;
  35387 : D1;
  35388 : D4;
  35389 : D6;
  35390 : D7;
  35391 : D8;
  35392 : D9;
  [35393..35394] : DB;
  35395 : DC;
  35396 : E1;
  35397 : A5;
  35398 : 06;
  35399 : 00;
  35400 : 29;
  35401 : 58;
  35402 : 5D;
  35403 : 20;
  35404 : 11;
  [35405..35406] : 12;
  35407 : 10;
  [35408..35410] : 0F;
  35411 : 0E;
  [35412..35414] : 0D;
  35415 : 0B;
  35416 : 10;
  35417 : 28;
  35418 : 14;
  35419 : 00;
  35420 : 1C;
  35421 : A5;
  35422 : B6;
  35423 : B7;
  35424 : BA;
  35425 : BE;
  35426 : C4;
  35427 : CA;
  35428 : CE;
  35429 : D1;
  35430 : D3;
  35431 : D5;
  [35432..35433] : D7;
  [35434..35437] : D8;
  35438 : D9;
  35439 : D3;
  35440 : 39;
  35441 : 00;
  35442 : 07;
  35443 : 31;
  35444 : 4F;
  35445 : 4D;
  35446 : 2F;
  35447 : 07;
  [35448..35453] : 0B;
  35454 : 0C;
  35455 : 0B;
  [35456..35457] : 0C;
  35458 : 0B;
  35459 : 0C;
  [35460..35461] : 28;
  35462 : 00;
  35463 : 12;
  35464 : 96;
  35465 : BE;
  35466 : BD;
  35467 : C0;
  35468 : C1;
  35469 : C4;
  35470 : C8;
  35471 : CD;
  35472 : D1;
  35473 : D5;
  35474 : D7;
  35475 : D8;
  35476 : DB;
  35477 : DC;
  35478 : DE;
  35479 : E0;
  35480 : E1;
  35481 : E2;
  35482 : E3;
  35483 : E4;
  35484 : E5;
  [35485..35487] : E6;
  [35488..35497] : E7;
  35498 : EA;
  35499 : CD;
  35500 : 21;
  35501 : 00;
  35502 : 21;
  35503 : 38;
  35504 : 14;
  [35505..35506] : 19;
  35507 : 1B;
  35508 : 1A;
  35509 : 1B;
  [35510..35512] : 1C;
  35513 : 1B;
  [35514..35515] : 1C;
  35516 : 1D;
  [35517..35518] : 1E;
  35519 : 1F;
  35520 : 38;
  35521 : 37;
  35522 : 36;
  35523 : 35;
  35524 : 33;
  [35525..35526] : 31;
  35527 : 32;
  35528 : 31;
  [35529..35530] : 30;
  35531 : 2F;
  35532 : 2E;
  35533 : 2D;
  35534 : 2B;
  35535 : 28;
  35536 : 21;
  35537 : 14;
  35538 : 00;
  35539 : 29;
  35540 : ED;
  35541 : F2;
  [35542..35543] : EE;
  35544 : EF;
  [35545..35546] : EE;
  35547 : EF;
  35548 : EE;
  [35549..35550] : ED;
  [35551..35554] : EC;
  [35555..35557] : EB;
  35558 : EA;
  [35559..35560] : E9;
  [35561..35562] : E8;
  35563 : EB;
  35564 : AD;
  35565 : 10;
  35566 : 00;
  35567 : 32;
  35568 : 6A;
  35569 : 39;
  35570 : 13;
  35571 : 15;
  35572 : 14;
  [35573..35574] : 13;
  [35575..35577] : 12;
  [35578..35579] : 11;
  35580 : 12;
  35581 : 11;
  [35582..35583] : 0C;
  35584 : 33;
  35585 : 18;
  [35586..35587] : 00;
  35588 : 2F;
  35589 : A6;
  35590 : B2;
  35591 : B9;
  35592 : C0;
  35593 : C6;
  35594 : CB;
  35595 : D1;
  35596 : D5;
  35597 : D7;
  35598 : DA;
  35599 : DD;
  35600 : DE;
  [35601..35602] : DF;
  35603 : E0;
  [35604..35606] : E1;
  35607 : E3;
  35608 : E8;
  35609 : C5;
  35610 : 1A;
  35611 : 00;
  35612 : 35;
  35613 : 62;
  35614 : 51;
  35615 : 11;
  [35616..35618] : 16;
  [35619..35620] : 15;
  [35621..35623] : 14;
  35624 : 13;
  35625 : 12;
  35626 : 13;
  35627 : 11;
  35628 : 0C;
  35629 : 13;
  35630 : 3F;
  35631 : 11;
  35632 : 00;
  35633 : 02;
  35634 : 77;
  35635 : B9;
  35636 : B7;
  35637 : B9;
  35638 : BD;
  35639 : C2;
  35640 : C7;
  35641 : CE;
  35642 : D2;
  35643 : D6;
  35644 : D8;
  35645 : DA;
  35646 : DD;
  35647 : DF;
  35648 : E1;
  35649 : E2;
  35650 : E3;
  35651 : E4;
  35652 : E5;
  [35653..35654] : E7;
  35655 : AE;
  35656 : 10;
  35657 : CA;
  35658 : F6;
  [35659..35660] : EA;
  [35661..35664] : E9;
  35665 : E8;
  [35666..35668] : E7;
  35669 : E6;
  35670 : E5;
  [35671..35672] : E4;
  35673 : E3;
  35674 : E5;
  35675 : D9;
  35676 : 31;
  35677 : 00;
  35678 : 1C;
  35679 : 5D;
  35680 : 5E;
  35681 : 23;
  35682 : 0C;
  [35683..35687] : 0D;
  [35688..35689] : 0C;
  35690 : 0B;
  [35691..35692] : 0C;
  [35693..35694] : 0B;
  35695 : 1E;
  35696 : 27;
  [35697..35698] : 00;
  35699 : 6B;
  35700 : B2;
  35701 : B3;
  35702 : B8;
  35703 : BD;
  35704 : C3;
  35705 : C9;
  35706 : CE;
  35707 : D2;
  35708 : D4;
  35709 : D6;
  35710 : D7;
  [35711..35712] : D9;
  [35713..35714] : DB;
  35715 : DC;
  35716 : E1;
  35717 : A4;
  35718 : 06;
  35719 : 00;
  35720 : 28;
  35721 : 59;
  35722 : 5F;
  35723 : 21;
  35724 : 11;
  35725 : 12;
  35726 : 11;
  [35727..35730] : 0F;
  [35731..35732] : 0E;
  35733 : 0D;
  35734 : 0C;
  35735 : 0B;
  35736 : 10;
  35737 : 27;
  35738 : 14;
  35739 : 00;
  35740 : 1C;
  35741 : A5;
  35742 : B6;
  35743 : B7;
  35744 : BA;
  35745 : BE;
  35746 : C3;
  35747 : C8;
  35748 : CD;
  35749 : D1;
  35750 : D3;
  35751 : D5;
  35752 : D6;
  [35753..35754] : D7;
  [35755..35757] : D8;
  35758 : D9;
  35759 : D4;
  35760 : 39;
  35761 : 00;
  35762 : 07;
  35763 : 30;
  35764 : 4F;
  35765 : 4E;
  35766 : 2F;
  35767 : 08;
  [35768..35770] : 0B;
  35771 : 0C;
  [35772..35773] : 0B;
  [35774..35778] : 0C;
  35779 : 0D;
  [35780..35781] : 29;
  35782 : 00;
  35783 : 12;
  35784 : 96;
  35785 : BE;
  35786 : BC;
  35787 : C0;
  35788 : C1;
  35789 : C3;
  35790 : C7;
  35791 : CC;
  35792 : D0;
  35793 : D5;
  35794 : D7;
  35795 : D9;
  35796 : DB;
  35797 : DC;
  35798 : DE;
  35799 : E0;
  35800 : E1;
  35801 : E2;
  35802 : E3;
  35803 : E4;
  35804 : E5;
  35805 : E6;
  35806 : E7;
  [35807..35808] : E6;
  [35809..35817] : E7;
  35818 : E9;
  35819 : CC;
  35820 : 1F;
  35821 : 00;
  35822 : 21;
  35823 : 37;
  35824 : 16;
  35825 : 19;
  35826 : 18;
  35827 : 19;
  35828 : 1C;
  35829 : 1F;
  35830 : 1C;
  [35831..35834] : 1B;
  35835 : 1C;
  [35836..35837] : 1D;
  35838 : 1E;
  35839 : 1F;
  35840 : 35;
  35841 : 34;
  [35842..35843] : 33;
  [35844..35845] : 32;
  [35846..35847] : 31;
  35848 : 32;
  35849 : 31;
  35850 : 2F;
  35851 : 2D;
  35852 : 2B;
  35853 : 2C;
  35854 : 2B;
  35855 : 27;
  35856 : 20;
  35857 : 15;
  35858 : 00;
  35859 : 29;
  35860 : ED;
  35861 : F3;
  [35862..35865] : EE;
  35866 : EF;
  [35867..35869] : EE;
  [35870..35871] : ED;
  [35872..35874] : EC;
  [35875..35877] : EB;
  35878 : EA;
  35879 : E9;
  [35880..35882] : E8;
  35883 : EC;
  35884 : AC;
  35885 : 10;
  35886 : 00;
  35887 : 32;
  35888 : 6A;
  35889 : 3A;
  35890 : 13;
  35891 : 15;
  [35892..35893] : 14;
  [35894..35895] : 13;
  [35896..35899] : 12;
  [35900..35901] : 11;
  35902 : 0C;
  35903 : 0D;
  35904 : 34;
  35905 : 19;
  [35906..35907] : 00;
  35908 : 2F;
  35909 : A7;
  35910 : B2;
  35911 : B9;
  35912 : C0;
  35913 : C6;
  35914 : CA;
  35915 : D0;
  35916 : D4;
  35917 : D7;
  35918 : DA;
  35919 : DB;
  [35920..35921] : DE;
  35922 : DF;
  [35923..35925] : E0;
  35926 : E1;
  35927 : E3;
  35928 : E8;
  35929 : C4;
  35930 : 19;
  35931 : 00;
  35932 : 35;
  35933 : 63;
  35934 : 51;
  35935 : 11;
  [35936..35937] : 17;
  35938 : 16;
  [35939..35940] : 15;
  [35941..35943] : 14;
  [35944..35946] : 13;
  35947 : 12;
  35948 : 0D;
  35949 : 13;
  35950 : 3F;
  35951 : 11;
  35952 : 00;
  35953 : 02;
  35954 : 78;
  35955 : B8;
  35956 : B6;
  35957 : B9;
  35958 : BC;
  35959 : C2;
  35960 : C8;
  35961 : CD;
  35962 : D1;
  35963 : D5;
  35964 : D8;
  35965 : DA;
  35966 : DD;
  35967 : DF;
  35968 : E1;
  35969 : E2;
  35970 : E3;
  35971 : E4;
  35972 : E5;
  [35973..35974] : E7;
  35975 : AD;
  35976 : 10;
  35977 : CA;
  35978 : F6;
  [35979..35980] : EA;
  [35981..35984] : E9;
  35985 : E8;
  [35986..35987] : E7;
  [35988..35989] : E6;
  [35990..35991] : E5;
  35992 : E4;
  35993 : E2;
  35994 : E5;
  35995 : D8;
  35996 : 31;
  35997 : 00;
  35998 : 1C;
  [35999..36000] : 5D;
  36001 : 22;
  36002 : 0C;
  [36003..36005] : 0D;
  36006 : 0E;
  36007 : 0D;
  [36008..36012] : 0C;
  36013 : 0B;
  36014 : 0C;
  36015 : 20;
  36016 : 29;
  [36017..36018] : 00;
  36019 : 6B;
  [36020..36021] : B2;
  36022 : B7;
  36023 : BD;
  36024 : C3;
  36025 : C9;
  36026 : CE;
  36027 : D2;
  36028 : D4;
  36029 : D5;
  36030 : D7;
  36031 : D8;
  36032 : D9;
  36033 : DA;
  36034 : DB;
  36035 : DC;
  36036 : E1;
  36037 : A3;
  36038 : 06;
  36039 : 00;
  36040 : 28;
  36041 : 57;
  36042 : 5E;
  36043 : 22;
  [36044..36045] : 12;
  36046 : 11;
  [36047..36048] : 0F;
  [36049..36051] : 0E;
  36052 : 0F;
  36053 : 0D;
  36054 : 0C;
  36055 : 0A;
  36056 : 10;
  36057 : 28;
  36058 : 14;
  36059 : 00;
  36060 : 1D;
  36061 : A5;
  [36062..36063] : B6;
  36064 : BA;
  36065 : BE;
  36066 : C3;
  36067 : C8;
  36068 : CD;
  36069 : D0;
  36070 : D2;
  36071 : D5;
  36072 : D6;
  36073 : D7;
  [36074..36077] : D8;
  36078 : D9;
  36079 : D4;
  36080 : 38;
  36081 : 00;
  36082 : 07;
  36083 : 30;
  36084 : 50;
  36085 : 4E;
  36086 : 30;
  36087 : 08;
  36088 : 0C;
  [36089..36092] : 0B;
  [36093..36095] : 0C;
  36096 : 0D;
  [36097..36099] : 0C;
  36100 : 29;
  36101 : 28;
  36102 : 00;
  36103 : 13;
  36104 : 97;
  36105 : BD;
  36106 : BC;
  36107 : BF;
  36108 : C1;
  36109 : C3;
  36110 : C8;
  36111 : CC;
  36112 : D0;
  36113 : D5;
  36114 : D7;
  36115 : D9;
  36116 : DB;
  36117 : DD;
  36118 : DE;
  36119 : E0;
  36120 : E1;
  36121 : E2;
  36122 : E3;
  36123 : E4;
  36124 : E5;
  [36125..36128] : E6;
  [36129..36137] : E7;
  36138 : E9;
  36139 : CC;
  36140 : 20;
  36141 : 00;
  36142 : 21;
  36143 : 37;
  36144 : 16;
  36145 : 1A;
  36146 : 19;
  [36147..36153] : 1B;
  36154 : 1C;
  36155 : 1D;
  36156 : 1E;
  [36157..36159] : 1F;
  [36160..36161] : 38;
  36162 : 36;
  36163 : 33;
  36164 : 32;
  36165 : 34;
  36166 : 35;
  36167 : 37;
  36168 : 34;
  36169 : 32;
  [36170..36171] : 2F;
  36172 : 2E;
  36173 : 2F;
  36174 : 2C;
  36175 : 27;
  36176 : 1E;
  36177 : 13;
  36178 : 00;
  36179 : 28;
  36180 : EE;
  36181 : F3;
  36182 : EF;
  [36183..36184] : EE;
  36185 : EF;
  [36186..36190] : EE;
  [36191..36192] : ED;
  [36193..36195] : EC;
  36196 : EB;
  36197 : EA;
  [36198..36199] : E9;
  [36200..36202] : E8;
  36203 : EC;
  36204 : AF;
  36205 : 11;
  36206 : 00;
  36207 : 32;
  36208 : 6A;
  36209 : 3A;
  36210 : 14;
  36211 : 15;
  [36212..36213] : 14;
  36214 : 13;
  [36215..36217] : 12;
  36218 : 11;
  36219 : 12;
  [36220..36221] : 11;
  36222 : 0C;
  36223 : 0E;
  36224 : 36;
  36225 : 19;
  [36226..36227] : 00;
  36228 : 2F;
  36229 : A6;
  36230 : B2;
  36231 : B9;
  36232 : BF;
  36233 : C5;
  36234 : CB;
  36235 : D0;
  36236 : D5;
  36237 : D8;
  36238 : DA;
  36239 : DC;
  36240 : DD;
  36241 : DE;
  36242 : DF;
  [36243..36244] : E0;
  36245 : E1;
  36246 : E2;
  36247 : E3;
  36248 : E8;
  36249 : C2;
  36250 : 18;
  36251 : 00;
  36252 : 36;
  36253 : 64;
  36254 : 4F;
  36255 : 11;
  [36256..36258] : 16;
  [36259..36260] : 15;
  36261 : 14;
  [36262..36266] : 13;
  36267 : 12;
  36268 : 0D;
  36269 : 14;
  36270 : 40;
  36271 : 11;
  36272 : 00;
  36273 : 02;
  36274 : 78;
  36275 : BA;
  36276 : B6;
  36277 : B8;
  36278 : BC;
  36279 : C1;
  36280 : C7;
  36281 : CD;
  36282 : D2;
  36283 : D5;
  36284 : D8;
  36285 : DA;
  36286 : DD;
  36287 : DF;
  36288 : E1;
  36289 : E2;
  36290 : E3;
  36291 : E4;
  36292 : E5;
  [36293..36294] : E7;
  36295 : AB;
  36296 : 0F;
  36297 : CA;
  36298 : F6;
  [36299..36301] : EA;
  [36302..36303] : E9;
  [36304..36305] : E8;
  [36306..36308] : E7;
  36309 : E6;
  [36310..36311] : E5;
  36312 : E4;
  36313 : E3;
  36314 : E5;
  36315 : D8;
  36316 : 30;
  36317 : 00;
  36318 : 1C;
  36319 : 5F;
  36320 : 5B;
  36321 : 21;
  36322 : 0C;
  [36323..36325] : 0E;
  [36326..36327] : 0D;
  [36328..36332] : 0C;
  36333 : 0B;
  36334 : 0C;
  36335 : 22;
  36336 : 2A;
  [36337..36338] : 00;
  36339 : 6B;
  [36340..36341] : B2;
  36342 : B8;
  36343 : BD;
  36344 : C2;
  36345 : C8;
  36346 : CE;
  36347 : D2;
  36348 : D4;
  36349 : D5;
  [36350..36351] : D7;
  36352 : D8;
  36353 : D9;
  36354 : DA;
  36355 : DB;
  36356 : E0;
  36357 : A4;
  36358 : 07;
  36359 : 00;
  36360 : 2A;
  36361 : 59;
  36362 : 5A;
  36363 : 20;
  [36364..36365] : 11;
  36366 : 10;
  36367 : 0F;
  [36368..36369] : 0E;
  36370 : 0F;
  36371 : 0E;
  [36372..36374] : 0D;
  36375 : 0B;
  36376 : 11;
  36377 : 2A;
  36378 : 14;
  36379 : 00;
  36380 : 1C;
  36381 : A3;
  36382 : B5;
  36383 : B6;
  36384 : BA;
  36385 : BE;
  36386 : C3;
  36387 : C7;
  36388 : CC;
  36389 : D0;
  36390 : D2;
  36391 : D5;
  36392 : D6;
  36393 : D7;
  [36394..36398] : D8;
  36399 : D4;
  36400 : 38;
  36401 : 00;
  36402 : 07;
  36403 : 31;
  36404 : 4E;
  36405 : 4D;
  36406 : 30;
  36407 : 08;
  [36408..36409] : 0C;
  [36410..36411] : 0B;
  [36412..36413] : 0C;
  36414 : 0D;
  36415 : 0C;
  [36416..36419] : 0D;
  36420 : 2A;
  36421 : 28;
  36422 : 00;
  36423 : 13;
  36424 : 96;
  36425 : BD;
  36426 : BC;
  36427 : BF;
  36428 : C1;
  36429 : C3;
  36430 : C7;
  36431 : CC;
  36432 : D1;
  36433 : D4;
  36434 : D7;
  36435 : D9;
  36436 : DB;
  36437 : DC;
  36438 : DE;
  36439 : E0;
  36440 : E1;
  36441 : E2;
  36442 : E3;
  36443 : E4;
  36444 : E5;
  [36445..36450] : E6;
  [36451..36455] : E7;
  36456 : E8;
  36457 : E7;
  36458 : E9;
  36459 : CE;
  36460 : 22;
  36461 : 00;
  36462 : 22;
  36463 : 36;
  36464 : 15;
  [36465..36466] : 19;
  36467 : 1B;
  [36468..36471] : 1A;
  36472 : 1D;
  [36473..36474] : 1E;
  36475 : 1C;
  36476 : 1E;
  [36477..36479] : 1F;
  36480 : 39;
  36481 : 3A;
  36482 : 37;
  [36483..36485] : 35;
  [36486..36487] : 34;
  [36488..36489] : 32;
  36490 : 33;
  36491 : 31;
  36492 : 30;
  36493 : 2E;
  36494 : 2C;
  36495 : 29;
  36496 : 21;
  36497 : 15;
  36498 : 00;
  36499 : 27;
  36500 : EC;
  36501 : F4;
  [36502..36505] : EF;
  [36506..36511] : EE;
  [36512..36513] : ED;
  36514 : EC;
  [36515..36517] : EB;
  36518 : EA;
  [36519..36522] : E8;
  36523 : EC;
  36524 : AE;
  36525 : 11;
  36526 : 00;
  36527 : 33;
  36528 : 6C;
  36529 : 39;
  36530 : 14;
  36531 : 15;
  [36532..36533] : 14;
  36534 : 13;
  [36535..36536] : 12;
  [36537..36538] : 11;
  36539 : 12;
  [36540..36541] : 11;
  36542 : 0C;
  36543 : 0E;
  36544 : 36;
  36545 : 1A;
  [36546..36547] : 00;
  36548 : 2F;
  36549 : A7;
  36550 : B1;
  36551 : B8;
  36552 : BF;
  36553 : C5;
  36554 : CB;
  36555 : D0;
  36556 : D4;
  36557 : D7;
  36558 : D9;
  36559 : DB;
  36560 : DD;
  36561 : DE;
  [36562..36563] : DF;
  [36564..36565] : E1;
  36566 : E2;
  36567 : E3;
  36568 : E8;
  36569 : C2;
  36570 : 17;
  36571 : 00;
  36572 : 34;
  36573 : 63;
  36574 : 4F;
  36575 : 12;
  [36576..36578] : 16;
  36579 : 15;
  [36580..36582] : 14;
  [36583..36584] : 13;
  [36585..36586] : 12;
  36587 : 11;
  36588 : 0D;
  36589 : 14;
  36590 : 41;
  36591 : 12;
  36592 : 00;
  36593 : 02;
  36594 : 77;
  36595 : B8;
  36596 : B5;
  36597 : B8;
  36598 : BC;
  36599 : C1;
  36600 : C7;
  36601 : CD;
  36602 : D2;
  36603 : D5;
  36604 : D8;
  36605 : DA;
  36606 : DC;
  36607 : DE;
  36608 : E0;
  36609 : E2;
  36610 : E3;
  36611 : E4;
  36612 : E5;
  [36613..36614] : E6;
  36615 : AB;
  36616 : 0F;
  36617 : C8;
  36618 : F6;
  [36619..36620] : EA;
  [36621..36624] : E9;
  36625 : E8;
  [36626..36628] : E7;
  36629 : E6;
  36630 : E5;
  36631 : E4;
  [36632..36633] : E3;
  36634 : E4;
  36635 : D8;
  36636 : 31;
  36637 : 00;
  36638 : 1A;
  36639 : 5D;
  36640 : 5B;
  36641 : 21;
  36642 : 0C;
  36643 : 0E;
  [36644..36645] : 0D;
  36646 : 0E;
  [36647..36650] : 0D;
  [36651..36653] : 0C;
  36654 : 0D;
  36655 : 22;
  36656 : 29;
  [36657..36658] : 00;
  36659 : 6B;
  36660 : B3;
  36661 : B2;
  36662 : B7;
  36663 : BC;
  36664 : C1;
  36665 : C8;
  36666 : CE;
  36667 : D2;
  36668 : D4;
  [36669..36670] : D6;
  36671 : D7;
  36672 : D8;
  36673 : D9;
  [36674..36675] : DA;
  36676 : DF;
  36677 : A4;
  36678 : 07;
  36679 : 00;
  36680 : 2A;
  36681 : 5B;
  36682 : 5C;
  36683 : 20;
  36684 : 0F;
  36685 : 10;
  36686 : 0F;
  [36687..36689] : 0E;
  [36690..36691] : 0F;
  36692 : 0E;
  [36693..36694] : 0D;
  36695 : 0B;
  36696 : 12;
  36697 : 2B;
  36698 : 14;
  36699 : 00;
  36700 : 1C;
  36701 : A3;
  36702 : B5;
  36703 : B6;
  36704 : B9;
  36705 : BD;
  36706 : C1;
  36707 : C7;
  36708 : CC;
  36709 : D0;
  36710 : D3;
  36711 : D5;
  36712 : D7;
  [36713..36718] : D8;
  36719 : D3;
  36720 : 38;
  36721 : 00;
  36722 : 07;
  36723 : 31;
  36724 : 4E;
  36725 : 4C;
  36726 : 2F;
  36727 : 08;
  [36728..36732] : 0C;
  [36733..36738] : 0D;
  36739 : 0E;
  36740 : 2A;
  36741 : 28;
  36742 : 00;
  36743 : 13;
  36744 : 96;
  36745 : BC;
  36746 : BB;
  36747 : BE;
  36748 : C0;
  36749 : C2;
  36750 : C7;
  36751 : CC;
  36752 : D1;
  36753 : D4;
  36754 : D7;
  36755 : D9;
  36756 : DB;
  36757 : DD;
  36758 : DE;
  36759 : DF;
  36760 : E1;
  36761 : E2;
  36762 : E3;
  36763 : E4;
  [36764..36765] : E5;
  [36766..36769] : E6;
  [36770..36777] : E7;
  36778 : E9;
  36779 : CE;
  36780 : 21;
  36781 : 00;
  36782 : 25;
  36783 : 39;
  36784 : 15;
  [36785..36787] : 18;
  36788 : 1A;
  36789 : 1B;
  [36790..36791] : 19;
  36792 : 1B;
  36793 : 1C;
  [36794..36795] : 1B;
  36796 : 1C;
  [36797..36799] : 1D;
  36800 : 38;
  36801 : 37;
  36802 : 36;
  [36803..36807] : 35;
  36808 : 33;
  36809 : 34;
  36810 : 32;
  36811 : 31;
  36812 : 30;
  36813 : 2F;
  36814 : 2D;
  36815 : 28;
  36816 : 20;
  36817 : 15;
  36818 : 00;
  36819 : 25;
  36820 : EB;
  36821 : F4;
  [36822..36825] : EF;
  [36826..36830] : EE;
  [36831..36833] : ED;
  [36834..36835] : EC;
  36836 : EB;
  36837 : EA;
  [36838..36839] : E9;
  [36840..36842] : E8;
  36843 : EC;
  36844 : AE;
  36845 : 12;
  36846 : 00;
  36847 : 32;
  36848 : 6C;
  36849 : 39;
  36850 : 13;
  36851 : 15;
  [36852..36853] : 14;
  36854 : 13;
  [36855..36859] : 12;
  36860 : 11;
  36861 : 10;
  36862 : 0B;
  36863 : 0F;
  36864 : 36;
  36865 : 1A;
  [36866..36867] : 00;
  36868 : 2F;
  36869 : A7;
  36870 : B2;
  36871 : B8;
  36872 : BF;
  36873 : C5;
  36874 : CB;
  36875 : D0;
  36876 : D4;
  36877 : D7;
  36878 : D9;
  36879 : DB;
  36880 : DD;
  36881 : DE;
  36882 : DF;
  36883 : E0;
  [36884..36885] : E1;
  36886 : E2;
  36887 : E3;
  36888 : E7;
  36889 : C1;
  36890 : 17;
  36891 : 00;
  36892 : 34;
  36893 : 64;
  36894 : 50;
  36895 : 11;
  [36896..36897] : 17;
  36898 : 16;
  [36899..36900] : 15;
  [36901..36903] : 13;
  36904 : 12;
  36905 : 13;
  [36906..36907] : 12;
  36908 : 0D;
  36909 : 15;
  36910 : 42;
  36911 : 13;
  36912 : 00;
  36913 : 02;
  36914 : 77;
  36915 : B8;
  36916 : B4;
  36917 : B8;
  36918 : BC;
  36919 : C1;
  36920 : C7;
  36921 : CD;
  36922 : D2;
  36923 : D5;
  36924 : D8;
  36925 : DA;
  36926 : DB;
  36927 : DD;
  36928 : E0;
  36929 : E2;
  36930 : E3;
  36931 : E4;
  36932 : E5;
  [36933..36934] : E6;
  36935 : AC;
  36936 : 10;
  36937 : C7;
  36938 : F6;
  [36939..36941] : EA;
  [36942..36944] : E9;
  [36945..36946] : E8;
  36947 : E7;
  [36948..36949] : E6;
  36950 : E5;
  36951 : E4;
  [36952..36953] : E3;
  36954 : E4;
  36955 : D8;
  36956 : 30;
  36957 : 00;
  36958 : 1B;
  36959 : 5B;
  36960 : 5C;
  36961 : 22;
  36962 : 0C;
  [36963..36964] : 0E;
  [36965..36967] : 0D;
  [36968..36970] : 0E;
  [36971..36972] : 0D;
  36973 : 0C;
  36974 : 0D;
  36975 : 23;
  36976 : 2A;
  [36977..36978] : 00;
  36979 : 6A;
  [36980..36981] : B2;
  36982 : B7;
  36983 : BC;
  36984 : C1;
  36985 : C8;
  36986 : CD;
  36987 : D1;
  36988 : D4;
  36989 : D5;
  36990 : D6;
  36991 : D7;
  [36992..36993] : D9;
  [36994..36995] : DA;
  36996 : DF;
  36997 : A3;
  36998 : 06;
  36999 : 00;
  37000 : 2A;
  37001 : 5C;
  37002 : 5B;
  37003 : 20;
  [37004..37005] : 10;
  [37006..37010] : 0E;
  [37011..37012] : 0F;
  37013 : 0E;
  37014 : 0D;
  37015 : 0A;
  37016 : 12;
  37017 : 2B;
  37018 : 15;
  37019 : 00;
  37020 : 1B;
  37021 : A2;
  [37022..37023] : B5;
  37024 : B8;
  37025 : BD;
  37026 : C2;
  37027 : C7;
  37028 : CC;
  37029 : D0;
  37030 : D4;
  37031 : D5;
  37032 : D7;
  [37033..37035] : D8;
  [37036..37037] : D7;
  37038 : D8;
  37039 : D3;
  37040 : 37;
  37041 : 00;
  37042 : 07;
  37043 : 32;
  37044 : 4E;
  37045 : 4C;
  37046 : 2F;
  37047 : 08;
  [37048..37052] : 0C;
  [37053..37054] : 0D;
  37055 : 0E;
  [37056..37058] : 0D;
  37059 : 0F;
  37060 : 2C;
  37061 : 28;
  37062 : 00;
  37063 : 13;
  37064 : 96;
  37065 : BC;
  37066 : BB;
  37067 : BE;
  37068 : C0;
  37069 : C2;
  37070 : C6;
  37071 : CC;
  37072 : D1;
  37073 : D5;
  37074 : D7;
  37075 : D9;
  37076 : DB;
  37077 : DC;
  37078 : DE;
  37079 : E0;
  37080 : E1;
  37081 : E2;
  37082 : E3;
  37083 : E4;
  37084 : E5;
  [37085..37089] : E6;
  [37090..37095] : E7;
  [37096..37097] : E8;
  37098 : E9;
  37099 : CD;
  37100 : 21;
  37101 : 00;
  37102 : 23;
  37103 : 36;
  37104 : 15;
  [37105..37108] : 19;
  37109 : 1C;
  37110 : 1B;
  [37111..37114] : 1C;
  37115 : 1D;
  [37116..37117] : 1C;
  [37118..37119] : 1D;
  37120 : 36;
  [37121..37123] : 34;
  37124 : 33;
  37125 : 34;
  37126 : 33;
  [37127..37128] : 30;
  37129 : 2F;
  37130 : 2C;
  37131 : 2D;
  37132 : 2C;
  37133 : 2D;
  37134 : 2C;
  37135 : 29;
  37136 : 21;
  37137 : 16;
  37138 : 00;
  37139 : 25;
  37140 : EB;
  37141 : F5;
  [37142..37149] : EF;
  37150 : EE;
  [37151..37152] : ED;
  [37153..37154] : EC;
  37155 : EB;
  [37156..37157] : EA;
  [37158..37159] : E9;
  [37160..37162] : E7;
  37163 : EC;
  37164 : AE;
  37165 : 12;
  37166 : 00;
  37167 : 34;
  37168 : 6C;
  37169 : 39;
  37170 : 14;
  37171 : 16;
  37172 : 14;
  37173 : 15;
  37174 : 13;
  [37175..37178] : 12;
  [37179..37180] : 11;
  37181 : 10;
  37182 : 0B;
  37183 : 0F;
  37184 : 36;
  37185 : 1A;
  [37186..37187] : 00;
  37188 : 2E;
  37189 : A7;
  37190 : B2;
  37191 : B8;
  37192 : BF;
  37193 : C5;
  37194 : CB;
  37195 : D0;
  37196 : D4;
  37197 : D6;
  37198 : D9;
  37199 : DC;
  37200 : DE;
  37201 : DF;
  37202 : E0;
  [37203..37205] : E1;
  [37206..37207] : E2;
  37208 : E7;
  37209 : C0;
  37210 : 17;
  37211 : 00;
  37212 : 35;
  37213 : 63;
  37214 : 50;
  37215 : 12;
  37216 : 17;
  37217 : 18;
  37218 : 17;
  37219 : 14;
  37220 : 15;
  [37221..37226] : 13;
  37227 : 12;
  37228 : 0D;
  37229 : 17;
  37230 : 41;
  37231 : 13;
  37232 : 00;
  37233 : 01;
  37234 : 77;
  37235 : B8;
  37236 : B5;
  37237 : B8;
  37238 : BC;
  37239 : C1;
  37240 : C6;
  37241 : CD;
  37242 : D3;
  37243 : D6;
  37244 : D8;
  37245 : DA;
  37246 : DB;
  37247 : DE;
  37248 : E0;
  37249 : E1;
  37250 : E3;
  37251 : E4;
  37252 : E5;
  [37253..37254] : E6;
  37255 : AD;
  37256 : 0F;
  37257 : C7;
  37258 : F6;
  [37259..37261] : EA;
  [37262..37264] : E9;
  [37265..37266] : E8;
  37267 : E7;
  37268 : E6;
  37269 : E5;
  37270 : E4;
  [37271..37273] : E3;
  37274 : E5;
  37275 : D7;
  37276 : 2F;
  37277 : 00;
  37278 : 1B;
  37279 : 5E;
  37280 : 5D;
  37281 : 21;
  37282 : 0D;
  [37283..37284] : 0E;
  37285 : 0F;
  37286 : 0E;
  37287 : 0D;
  37288 : 0E;
  [37289..37290] : 0D;
  37291 : 0E;
  [37292..37294] : 0D;
  37295 : 24;
  37296 : 2A;
  [37297..37298] : 00;
  37299 : 69;
  37300 : B2;
  37301 : B1;
  37302 : B6;
  37303 : BB;
  37304 : C1;
  37305 : C8;
  37306 : CD;
  37307 : D1;
  37308 : D4;
  37309 : D5;
  37310 : D7;
  37311 : D8;
  [37312..37314] : D9;
  37315 : DA;
  37316 : DF;
  37317 : A4;
  37318 : 07;
  37319 : 00;
  37320 : 29;
  37321 : 59;
  37322 : 5A;
  37323 : 1F;
  37324 : 0E;
  [37325..37327] : 0F;
  [37328..37332] : 0E;
  [37333..37334] : 0D;
  37335 : 0B;
  37336 : 13;
  37337 : 2D;
  37338 : 15;
  37339 : 00;
  37340 : 1B;
  37341 : A2;
  37342 : B4;
  37343 : B6;
  37344 : B9;
  37345 : BD;
  37346 : C2;
  37347 : C7;
  37348 : CD;
  37349 : D1;
  37350 : D3;
  37351 : D5;
  37352 : D7;
  37353 : D8;
  37354 : D7;
  37355 : D8;
  [37356..37357] : D7;
  37358 : D8;
  37359 : D3;
  37360 : 38;
  37361 : 00;
  37362 : 06;
  37363 : 32;
  37364 : 4E;
  37365 : 4D;
  37366 : 2F;
  37367 : 08;
  [37368..37372] : 0C;
  [37373..37374] : 0D;
  [37375..37376] : 0E;
  [37377..37378] : 0D;
  37379 : 0F;
  37380 : 2D;
  37381 : 2A;
  37382 : 00;
  37383 : 13;
  37384 : 96;
  [37385..37386] : BB;
  37387 : BE;
  37388 : C0;
  37389 : C2;
  37390 : C6;
  37391 : CC;
  37392 : D1;
  37393 : D5;
  37394 : D8;
  37395 : D9;
  37396 : DB;
  37397 : DD;
  37398 : DE;
  37399 : E0;
  37400 : E2;
  37401 : E3;
  37402 : E4;
  37403 : E5;
  [37404..37406] : E6;
  [37407..37414] : E7;
  [37415..37417] : E8;
  37418 : EA;
  37419 : CB;
  37420 : 20;
  37421 : 00;
  37422 : 21;
  37423 : 34;
  37424 : 14;
  [37425..37426] : 19;
  37427 : 1B;
  37428 : 1A;
  [37429..37430] : 19;
  37431 : 1A;
  [37432..37433] : 19;
  [37434..37436] : 1C;
  [37437..37438] : 1B;
  37439 : 1C;
  37440 : 36;
  37441 : 35;
  [37442..37443] : 33;
  [37444..37446] : 34;
  37447 : 32;
  37448 : 30;
  37449 : 2E;
  37450 : 2D;
  37451 : 2E;
  37452 : 2D;
  37453 : 2C;
  37454 : 2A;
  37455 : 26;
  37456 : 1F;
  37457 : 16;
  37458 : 00;
  37459 : 24;
  37460 : EB;
  37461 : F4;
  [37462..37466] : EF;
  [37467..37470] : EE;
  [37471..37472] : ED;
  [37473..37474] : EC;
  37475 : EB;
  [37476..37477] : EA;
  37478 : E9;
  37479 : E8;
  37480 : E7;
  37481 : E8;
  37482 : E7;
  37483 : EC;
  37484 : AE;
  37485 : 12;
  37486 : 00;
  37487 : 33;
  37488 : 6C;
  37489 : 38;
  37490 : 15;
  37491 : 16;
  37492 : 15;
  37493 : 14;
  37494 : 13;
  37495 : 12;
  37496 : 13;
  [37497..37498] : 12;
  [37499..37501] : 11;
  37502 : 0C;
  37503 : 11;
  37504 : 36;
  37505 : 1A;
  [37506..37507] : 00;
  37508 : 2E;
  37509 : A7;
  37510 : B2;
  37511 : B9;
  37512 : BE;
  37513 : C4;
  37514 : CB;
  37515 : D0;
  37516 : D4;
  37517 : D7;
  37518 : D9;
  37519 : DC;
  37520 : DE;
  37521 : DF;
  37522 : E0;
  [37523..37526] : E1;
  37527 : E2;
  37528 : E6;
  37529 : C1;
  37530 : 17;
  37531 : 00;
  37532 : 34;
  37533 : 63;
  37534 : 4F;
  37535 : 12;
  [37536..37537] : 18;
  37538 : 17;
  37539 : 16;
  37540 : 15;
  37541 : 14;
  [37542..37543] : 13;
  [37544..37545] : 14;
  37546 : 13;
  37547 : 12;
  37548 : 0D;
  37549 : 18;
  37550 : 40;
  37551 : 12;
  37552 : 00;
  37553 : 02;
  37554 : 77;
  37555 : B7;
  37556 : B5;
  37557 : B8;
  37558 : BB;
  37559 : C0;
  37560 : C6;
  37561 : CD;
  37562 : D3;
  37563 : D6;
  37564 : D8;
  37565 : DA;
  37566 : DC;
  37567 : DE;
  37568 : E0;
  37569 : E1;
  37570 : E3;
  37571 : E5;
  37572 : E6;
  37573 : E7;
  37574 : E6;
  37575 : AD;
  37576 : 10;
  37577 : C8;
  37578 : F6;
  [37579..37580] : EA;
  37581 : E9;
  [37582..37583] : EA;
  37584 : E9;
  37585 : E8;
  [37586..37587] : E7;
  37588 : E6;
  37589 : E5;
  [37590..37591] : E4;
  [37592..37593] : E3;
  37594 : E4;
  37595 : D7;
  37596 : 2F;
  37597 : 00;
  37598 : 1B;
  37599 : 5E;
  37600 : 5D;
  37601 : 21;
  37602 : 0D;
  [37603..37605] : 0F;
  37606 : 0E;
  37607 : 0D;
  [37608..37609] : 0E;
  37610 : 0D;
  37611 : 0E;
  [37612..37613] : 0D;
  37614 : 0E;
  37615 : 24;
  37616 : 2A;
  [37617..37618] : 00;
  37619 : 69;
  37620 : B2;
  37621 : B1;
  37622 : B6;
  37623 : BB;
  37624 : C1;
  37625 : C8;
  37626 : CD;
  37627 : D1;
  37628 : D4;
  37629 : D6;
  [37630..37631] : D8;
  [37632..37634] : D9;
  37635 : DA;
  37636 : DF;
  37637 : A3;
  37638 : 06;
  37639 : 00;
  37640 : 28;
  37641 : 58;
  37642 : 59;
  37643 : 1E;
  37644 : 0E;
  [37645..37646] : 0F;
  [37647..37649] : 0E;
  [37650..37651] : 0D;
  37652 : 0E;
  [37653..37654] : 0D;
  37655 : 0B;
  37656 : 14;
  37657 : 2E;
  37658 : 15;
  37659 : 00;
  37660 : 1A;
  37661 : A2;
  37662 : B5;
  37663 : B6;
  37664 : B9;
  37665 : BD;
  37666 : C1;
  37667 : C7;
  37668 : CC;
  37669 : D1;
  37670 : D4;
  37671 : D5;
  37672 : D6;
  [37673..37674] : D7;
  37675 : D8;
  [37676..37678] : D7;
  37679 : D3;
  37680 : 39;
  37681 : 00;
  37682 : 06;
  37683 : 31;
  [37684..37685] : 4E;
  37686 : 2F;
  37687 : 08;
  [37688..37691] : 0C;
  [37692..37693] : 0D;
  [37694..37696] : 0E;
  [37697..37698] : 0D;
  37699 : 0F;
  37700 : 2F;
  37701 : 2B;
  37702 : 00;
  37703 : 12;
  37704 : 96;
  [37705..37706] : BB;
  37707 : BE;
  37708 : C0;
  37709 : C2;
  37710 : C6;
  37711 : CC;
  37712 : D1;
  37713 : D5;
  37714 : D7;
  37715 : D9;
  37716 : DB;
  37717 : DC;
  37718 : DE;
  37719 : E0;
  37720 : E2;
  37721 : E3;
  37722 : E4;
  37723 : E5;
  [37724..37727] : E6;
  [37728..37733] : E7;
  [37734..37737] : E8;
  37738 : EA;
  37739 : CB;
  37740 : 1F;
  37741 : 00;
  37742 : 21;
  37743 : 34;
  37744 : 16;
  37745 : 19;
  37746 : 1B;
  [37747..37749] : 1C;
  [37750..37751] : 1B;
  37752 : 1C;
  37753 : 1B;
  37754 : 1D;
  [37755..37756] : 1E;
  37757 : 1D;
  [37758..37759] : 1C;
  37760 : 35;
  [37761..37763] : 33;
  37764 : 32;
  37765 : 31;
  37766 : 30;
  37767 : 2F;
  37768 : 2E;
  37769 : 30;
  37770 : 31;
  37771 : 30;
  37772 : 2E;
  37773 : 2C;
  37774 : 2A;
  37775 : 28;
  37776 : 1F;
  37777 : 14;
  37778 : 00;
  37779 : 23;
  37780 : EB;
  37781 : F5;
  37782 : EF;
  37783 : F0;
  [37784..37787] : EF;
  [37788..37790] : EE;
  [37791..37792] : ED;
  [37793..37794] : EC;
  37795 : EB;
  [37796..37797] : EA;
  [37798..37802] : E8;
  37803 : EC;
  37804 : AF;
  37805 : 14;
  37806 : 00;
  37807 : 31;
  37808 : 6B;
  37809 : 39;
  37810 : 15;
  37811 : 17;
  37812 : 15;
  37813 : 14;
  37814 : 13;
  [37815..37816] : 12;
  37817 : 11;
  [37818..37820] : 12;
  37821 : 11;
  37822 : 0C;
  37823 : 12;
  37824 : 38;
  37825 : 1A;
  [37826..37827] : 00;
  37828 : 2E;
  37829 : A8;
  37830 : B2;
  37831 : B8;
  37832 : BD;
  37833 : C3;
  37834 : C9;
  37835 : CF;
  37836 : D4;
  37837 : D6;
  37838 : D9;
  37839 : DC;
  37840 : DD;
  37841 : DE;
  37842 : DF;
  [37843..37846] : E1;
  37847 : E2;
  37848 : E6;
  37849 : C1;
  37850 : 16;
  37851 : 00;
  37852 : 35;
  37853 : 62;
  37854 : 4E;
  37855 : 12;
  [37856..37857] : 18;
  37858 : 17;
  37859 : 16;
  [37860..37866] : 14;
  37867 : 13;
  37868 : 0E;
  37869 : 19;
  37870 : 41;
  37871 : 13;
  37872 : 00;
  37873 : 01;
  37874 : 75;
  37875 : B8;
  37876 : B5;
  37877 : B7;
  37878 : BB;
  37879 : C0;
  37880 : C6;
  37881 : CD;
  37882 : D3;
  37883 : D6;
  37884 : D8;
  37885 : DA;
  37886 : DC;
  37887 : DE;
  37888 : E0;
  37889 : E2;
  37890 : E3;
  37891 : E5;
  37892 : E6;
  37893 : E7;
  37894 : E6;
  37895 : AE;
  37896 : 10;
  37897 : C7;
  37898 : F6;
  [37899..37901] : EA;
  [37902..37904] : E9;
  37905 : E8;
  [37906..37907] : E7;
  37908 : E6;
  37909 : E5;
  [37910..37911] : E4;
  37912 : E3;
  37913 : E2;
  37914 : E4;
  37915 : D7;
  37916 : 2F;
  37917 : 00;
  37918 : 1A;
  37919 : 5B;
  37920 : 5C;
  37921 : 23;
  37922 : 0D;
  37923 : 0F;
  37924 : 10;
  37925 : 0F;
  [37926..37929] : 0E;
  37930 : 0D;
  [37931..37932] : 0E;
  37933 : 0D;
  37934 : 0E;
  37935 : 26;
  37936 : 2B;
  [37937..37938] : 00;
  37939 : 6B;
  37940 : B2;
  37941 : B1;
  37942 : B6;
  37943 : BB;
  37944 : C1;
  37945 : C7;
  37946 : CD;
  37947 : D1;
  37948 : D4;
  37949 : D7;
  [37950..37951] : D8;
  [37952..37954] : D9;
  37955 : DA;
  37956 : DF;
  37957 : A2;
  37958 : 06;
  37959 : 00;
  37960 : 28;
  37961 : 58;
  37962 : 5A;
  37963 : 20;
  37964 : 0F;
  37965 : 10;
  [37966..37967] : 0F;
  [37968..37973] : 0E;
  37974 : 0D;
  37975 : 0B;
  37976 : 14;
  37977 : 2F;
  37978 : 15;
  37979 : 00;
  37980 : 1A;
  37981 : A3;
  [37982..37983] : B6;
  37984 : B8;
  37985 : BC;
  37986 : C1;
  37987 : C7;
  37988 : CD;
  37989 : D1;
  37990 : D3;
  37991 : D5;
  37992 : D6;
  37993 : D7;
  [37994..37995] : D8;
  [37996..37997] : D7;
  37998 : D8;
  37999 : D2;
  38000 : 38;
  38001 : 00;
  38002 : 06;
  38003 : 33;
  38004 : 4E;
  38005 : 4D;
  38006 : 2E;
  38007 : 09;
  38008 : 0C;
  [38009..38011] : 0D;
  38012 : 0C;
  38013 : 0D;
  [38014..38017] : 0E;
  38018 : 0D;
  38019 : 10;
  38020 : 30;
  38021 : 29;
  38022 : 00;
  38023 : 12;
  38024 : 97;
  [38025..38026] : BC;
  38027 : BF;
  38028 : C0;
  38029 : C2;
  38030 : C7;
  38031 : CB;
  38032 : D1;
  38033 : D5;
  38034 : D7;
  38035 : D9;
  38036 : DB;
  38037 : DC;
  38038 : DE;
  38039 : E0;
  38040 : E2;
  38041 : E3;
  38042 : E4;
  [38043..38047] : E6;
  [38048..38053] : E7;
  [38054..38057] : E8;
  38058 : E9;
  38059 : CB;
  38060 : 1F;
  38061 : 00;
  38062 : 20;
  38063 : 34;
  38064 : 16;
  [38065..38066] : 1A;
  [38067..38068] : 19;
  [38069..38073] : 1A;
  38074 : 1C;
  [38075..38076] : 1E;
  [38077..38078] : 1D;
  38079 : 1C;
  [38080..38083] : 36;
  38084 : 34;
  [38085..38088] : 33;
  [38089..38090] : 34;
  38091 : 33;
  38092 : 30;
  38093 : 2F;
  38094 : 2B;
  38095 : 28;
  38096 : 1F;
  38097 : 14;
  38098 : 00;
  38099 : 24;
  38100 : EB;
  38101 : F5;
  [38102..38106] : EF;
  [38107..38109] : EE;
  [38110..38112] : ED;
  [38113..38114] : EC;
  38115 : EB;
  38116 : EA;
  [38117..38118] : E9;
  [38119..38120] : E8;
  [38121..38122] : E7;
  38123 : EB;
  38124 : B2;
  38125 : 16;
  38126 : 00;
  38127 : 31;
  38128 : 6C;
  38129 : 37;
  38130 : 14;
  38131 : 17;
  38132 : 15;
  38133 : 14;
  [38134..38135] : 13;
  [38136..38140] : 12;
  38141 : 11;
  38142 : 0C;
  38143 : 14;
  38144 : 3A;
  38145 : 1B;
  [38146..38147] : 00;
  38148 : 2E;
  38149 : A8;
  38150 : B1;
  38151 : B7;
  38152 : BD;
  38153 : C3;
  38154 : C9;
  38155 : CF;
  38156 : D3;
  38157 : D6;
  38158 : D9;
  38159 : DB;
  38160 : DD;
  38161 : DE;
  [38162..38163] : E0;
  [38164..38166] : E1;
  38167 : E2;
  38168 : E7;
  38169 : BF;
  38170 : 15;
  38171 : 00;
  38172 : 37;
  38173 : 61;
  38174 : 4E;
  38175 : 13;
  38176 : 18;
  38177 : 17;
  38178 : 16;
  [38179..38180] : 15;
  [38181..38185] : 14;
  [38186..38187] : 13;
  38188 : 0D;
  38189 : 1A;
  38190 : 43;
  38191 : 14;
  38192 : 00;
  38193 : 02;
  38194 : 73;
  38195 : B7;
  38196 : B5;
  38197 : B8;
  38198 : BB;
  38199 : C0;
  38200 : C6;
  38201 : CD;
  38202 : D3;
  38203 : D6;
  38204 : D8;
  38205 : DA;
  38206 : DC;
  38207 : DF;
  38208 : E0;
  38209 : E3;
  38210 : E4;
  38211 : E5;
  38212 : E6;
  [38213..38214] : E7;
  38215 : AD;
  38216 : 10;
  38217 : C8;
  38218 : F4;
  [38219..38220] : EA;
  [38221..38224] : E9;
  [38225..38226] : E8;
  38227 : E7;
  38228 : E6;
  38229 : E5;
  [38230..38231] : E4;
  38232 : E3;
  38233 : E2;
  38234 : E4;
  38235 : D7;
  38236 : 2F;
  38237 : 00;
  38238 : 1A;
  38239 : 5C;
  38240 : 5A;
  38241 : 22;
  38242 : 0E;
  [38243..38244] : 10;
  [38245..38246] : 0F;
  38247 : 0E;
  38248 : 0F;
  [38249..38252] : 0E;
  38253 : 0D;
  38254 : 0F;
  38255 : 29;
  38256 : 2C;
  [38257..38258] : 00;
  38259 : 6A;
  38260 : B3;
  38261 : B2;
  38262 : B7;
  38263 : BB;
  38264 : C1;
  38265 : C7;
  38266 : CD;
  38267 : D1;
  38268 : D4;
  38269 : D7;
  38270 : D8;
  38271 : D9;
  38272 : DA;
  [38273..38274] : D9;
  38275 : DA;
  38276 : DF;
  38277 : A2;
  38278 : 06;
  38279 : 00;
  38280 : 29;
  38281 : 5B;
  38282 : 59;
  38283 : 1F;
  38284 : 10;
  38285 : 11;
  38286 : 10;
  38287 : 0F;
  [38288..38293] : 0E;
  38294 : 0D;
  38295 : 0B;
  38296 : 15;
  38297 : 30;
  38298 : 15;
  38299 : 00;
  38300 : 1A;
  38301 : A2;
  [38302..38303] : B6;
  38304 : B8;
  38305 : BC;
  38306 : C2;
  38307 : C7;
  38308 : CC;
  38309 : D0;
  38310 : D2;
  38311 : D5;
  38312 : D6;
  [38313..38316] : D8;
  38317 : D7;
  38318 : D8;
  38319 : D2;
  38320 : 37;
  38321 : 00;
  38322 : 06;
  38323 : 35;
  38324 : 51;
  38325 : 4D;
  38326 : 2E;
  38327 : 09;
  [38328..38332] : 0D;
  38333 : 0E;
  38334 : 0D;
  [38335..38336] : 0E;
  38337 : 0F;
  38338 : 0E;
  38339 : 10;
  38340 : 30;
  38341 : 2A;
  38342 : 00;
  38343 : 11;
  38344 : 97;
  38345 : BD;
  38346 : BC;
  38347 : BE;
  38348 : C0;
  38349 : C2;
  38350 : C6;
  38351 : CC;
  38352 : D0;
  38353 : D5;
  38354 : D7;
  38355 : D9;
  38356 : DB;
  38357 : DC;
  38358 : DF;
  38359 : E0;
  38360 : E2;
  38361 : E3;
  38362 : E4;
  38363 : E5;
  [38364..38365] : E6;
  [38366..38369] : E7;
  [38370..38371] : E8;
  38372 : E7;
  [38373..38375] : E8;
  38376 : E7;
  38377 : E8;
  38378 : EA;
  38379 : CD;
  38380 : 20;
  38381 : 00;
  38382 : 23;
  38383 : 35;
  38384 : 12;
  38385 : 18;
  [38386..38390] : 19;
  38391 : 1A;
  38392 : 1B;
  [38393..38395] : 1C;
  38396 : 1D;
  38397 : 1E;
  38398 : 1F;
  38399 : 1E;
  38400 : 38;
  [38401..38403] : 37;
  38404 : 36;
  38405 : 34;
  38406 : 33;
  38407 : 34;
  [38408..38409] : 35;
  38410 : 33;
  38411 : 32;
  38412 : 2F;
  38413 : 2E;
  38414 : 2C;
  38415 : 27;
  38416 : 20;
  38417 : 15;
  38418 : 00;
  38419 : 24;
  38420 : EC;
  38421 : F5;
  [38422..38426] : EF;
  [38427..38430] : EE;
  38431 : ED;
  [38432..38433] : EC;
  [38434..38436] : EB;
  38437 : EA;
  38438 : E9;
  38439 : E8;
  38440 : E7;
  [38441..38442] : E8;
  38443 : EC;
  38444 : B4;
  38445 : 17;
  38446 : 00;
  38447 : 33;
  38448 : 6E;
  38449 : 38;
  38450 : 15;
  38451 : 17;
  [38452..38453] : 15;
  38454 : 14;
  38455 : 12;
  38456 : 13;
  38457 : 12;
  [38458..38459] : 13;
  [38460..38461] : 12;
  38462 : 0C;
  38463 : 15;
  38464 : 3B;
  38465 : 1C;
  [38466..38467] : 00;
  38468 : 2F;
  38469 : A9;
  38470 : B0;
  38471 : B6;
  38472 : BC;
  38473 : C2;
  38474 : C8;
  38475 : CF;
  38476 : D3;
  38477 : D6;
  38478 : D8;
  38479 : DB;
  38480 : DD;
  38481 : DE;
  38482 : DF;
  38483 : E0;
  [38484..38486] : E1;
  38487 : E2;
  38488 : E7;
  38489 : C0;
  38490 : 15;
  38491 : 00;
  38492 : 37;
  38493 : 61;
  38494 : 4E;
  38495 : 12;
  38496 : 18;
  38497 : 17;
  [38498..38499] : 16;
  [38500..38501] : 15;
  [38502..38504] : 14;
  38505 : 13;
  38506 : 14;
  38507 : 12;
  38508 : 0D;
  38509 : 1C;
  38510 : 43;
  38511 : 14;
  38512 : 00;
  38513 : 01;
  38514 : 74;
  38515 : B6;
  38516 : B4;
  38517 : B8;
  38518 : BC;
  38519 : C0;
  38520 : C7;
  38521 : CD;
  38522 : D2;
  38523 : D5;
  38524 : D8;
  38525 : DA;
  38526 : DD;
  38527 : DF;
  38528 : E1;
  38529 : E3;
  38530 : E4;
  38531 : E5;
  38532 : E6;
  [38533..38534] : E7;
  38535 : AE;
  38536 : 10;
  38537 : C9;
  38538 : F5;
  [38539..38540] : EA;
  [38541..38543] : E9;
  [38544..38546] : E8;
  38547 : E7;
  38548 : E6;
  38549 : E5;
  38550 : E4;
  [38551..38552] : E3;
  38553 : E2;
  38554 : E4;
  38555 : D8;
  38556 : 30;
  38557 : 00;
  38558 : 18;
  38559 : 5C;
  38560 : 5B;
  38561 : 20;
  38562 : 0D;
  [38563..38565] : 0F;
  [38566..38572] : 0E;
  38573 : 0D;
  38574 : 10;
  38575 : 29;
  38576 : 2A;
  [38577..38578] : 00;
  38579 : 6B;
  38580 : B3;
  38581 : B2;
  38582 : B7;
  38583 : BC;
  38584 : C1;
  38585 : C6;
  38586 : CC;
  38587 : D1;
  38588 : D5;
  38589 : D7;
  38590 : D8;
  [38591..38593] : D9;
  [38594..38595] : DA;
  38596 : E0;
  38597 : A2;
  38598 : 06;
  38599 : 00;
  38600 : 29;
  38601 : 5C;
  38602 : 5A;
  38603 : 1F;
  38604 : 10;
  38605 : 11;
  [38606..38608] : 0F;
  [38609..38613] : 0E;
  38614 : 0D;
  38615 : 0B;
  38616 : 16;
  38617 : 31;
  38618 : 15;
  38619 : 00;
  38620 : 19;
  38621 : A1;
  38622 : B5;
  38623 : B6;
  38624 : B8;
  38625 : BC;
  38626 : C1;
  38627 : C7;
  38628 : CC;
  38629 : D1;
  38630 : D3;
  38631 : D5;
  38632 : D7;
  [38633..38635] : D8;
  [38636..38637] : D7;
  38638 : D8;
  38639 : D2;
  38640 : 38;
  38641 : 00;
  38642 : 06;
  38643 : 34;
  38644 : 52;
  38645 : 4E;
  38646 : 2E;
  38647 : 09;
  [38648..38653] : 0D;
  38654 : 0E;
  [38655..38657] : 0F;
  38658 : 0E;
  38659 : 10;
  38660 : 30;
  38661 : 2A;
  38662 : 00;
  38663 : 11;
  38664 : 96;
  [38665..38666] : BD;
  [38667..38668] : BF;
  38669 : C2;
  38670 : C6;
  38671 : CC;
  38672 : D1;
  38673 : D5;
  38674 : D7;
  38675 : D9;
  38676 : DB;
  38677 : DC;
  38678 : DF;
  38679 : E0;
  38680 : E1;
  38681 : E3;
  38682 : E4;
  [38683..38684] : E5;
  [38685..38687] : E6;
  38688 : E7;
  [38689..38697] : E8;
  38698 : EB;
  38699 : CE;
  38700 : 21;
  38701 : 00;
  38702 : 21;
  38703 : 34;
  38704 : 13;
  38705 : 17;
  38706 : 18;
  [38707..38708] : 17;
  38709 : 19;
  [38710..38711] : 1A;
  [38712..38715] : 1B;
  38716 : 1C;
  38717 : 1D;
  38718 : 1C;
  38719 : 1D;
  38720 : 37;
  [38721..38723] : 34;
  [38724..38725] : 35;
  38726 : 34;
  [38727..38731] : 31;
  38732 : 2E;
  38733 : 2D;
  38734 : 2C;
  38735 : 28;
  38736 : 20;
  38737 : 16;
  38738 : 00;
  38739 : 24;
  38740 : EC;
  38741 : F5;
  [38742..38744] : EF;
  [38745..38746] : EE;
  38747 : EF;
  38748 : EE;
  [38749..38751] : ED;
  [38752..38753] : EC;
  [38754..38756] : EB;
  38757 : EA;
  [38758..38759] : E8;
  38760 : E7;
  [38761..38762] : E8;
  38763 : EC;
  38764 : B6;
  38765 : 18;
  38766 : 00;
  38767 : 2F;
  38768 : 6B;
  38769 : 39;
  38770 : 16;
  38771 : 17;
  38772 : 16;
  38773 : 15;
  38774 : 14;
  [38775..38779] : 13;
  [38780..38781] : 12;
  38782 : 0B;
  38783 : 15;
  38784 : 3A;
  38785 : 1D;
  [38786..38787] : 00;
  38788 : 2F;
  38789 : A7;
  38790 : B0;
  38791 : B5;
  38792 : BC;
  38793 : C2;
  38794 : C8;
  38795 : CF;
  38796 : D3;
  38797 : D6;
  38798 : D9;
  38799 : DB;
  38800 : DD;
  38801 : DE;
  [38802..38805] : E0;
  38806 : E1;
  38807 : E2;
  38808 : E6;
  38809 : C0;
  38810 : 16;
  38811 : 00;
  38812 : 37;
  38813 : 62;
  38814 : 4E;
  38815 : 11;
  [38816..38819] : 16;
  38820 : 15;
  [38821..38823] : 14;
  [38824..38826] : 13;
  38827 : 12;
  38828 : 0E;
  38829 : 1D;
  38830 : 42;
  38831 : 14;
  38832 : 00;
  38833 : 01;
  38834 : 72;
  38835 : B7;
  38836 : B5;
  38837 : B8;
  38838 : BC;
  38839 : C0;
  38840 : C7;
  38841 : CD;
  38842 : D2;
  38843 : D5;
  38844 : D8;
  38845 : DA;
  38846 : DC;
  38847 : DF;
  38848 : E1;
  38849 : E2;
  38850 : E4;
  38851 : E5;
  38852 : E6;
  [38853..38854] : E7;
  38855 : AE;
  38856 : 0F;
  38857 : CA;
  38858 : F5;
  [38859..38860] : EA;
  [38861..38862] : E9;
  [38863..38865] : E8;
  [38866..38867] : E7;
  38868 : E6;
  38869 : E5;
  [38870..38871] : E4;
  [38872..38873] : E3;
  38874 : E5;
  38875 : D8;
  38876 : 30;
  38877 : 00;
  38878 : 19;
  38879 : 5B;
  38880 : 58;
  38881 : 20;
  38882 : 0D;
  [38883..38886] : 0F;
  [38887..38890] : 0E;
  38891 : 0F;
  [38892..38893] : 0E;
  38894 : 10;
  38895 : 2A;
  38896 : 29;
  [38897..38898] : 00;
  38899 : 6A;
  38900 : B4;
  38901 : B2;
  38902 : B6;
  38903 : BB;
  38904 : C0;
  38905 : C6;
  38906 : CC;
  38907 : D1;
  38908 : D4;
  38909 : D7;
  38910 : D8;
  [38911..38913] : D9;
  [38914..38915] : DA;
  38916 : E0;
  38917 : A2;
  38918 : 06;
  38919 : 00;
  38920 : 29;
  38921 : 5D;
  38922 : 58;
  38923 : 1F;
  38924 : 0F;
  38925 : 11;
  [38926..38929] : 0F;
  [38930..38934] : 0E;
  38935 : 0C;
  38936 : 17;
  38937 : 31;
  38938 : 14;
  38939 : 00;
  38940 : 19;
  38941 : A2;
  [38942..38943] : B6;
  38944 : B9;
  38945 : BD;
  38946 : C1;
  38947 : C7;
  38948 : CC;
  38949 : D0;
  38950 : D3;
  38951 : D5;
  38952 : D6;
  [38953..38955] : D8;
  [38956..38957] : D7;
  38958 : D8;
  38959 : D3;
  38960 : 37;
  38961 : 00;
  38962 : 06;
  38963 : 33;
  38964 : 50;
  38965 : 4D;
  38966 : 2F;
  38967 : 0A;
  38968 : 0D;
  38969 : 0E;
  38970 : 0D;
  38971 : 0E;
  38972 : 0D;
  38973 : 0E;
  [38974..38978] : 0F;
  38979 : 10;
  38980 : 30;
  38981 : 2B;
  38982 : 00;
  38983 : 10;
  38984 : 95;
  [38985..38986] : BD;
  38987 : BF;
  38988 : C0;
  38989 : C2;
  38990 : C7;
  38991 : CC;
  38992 : D1;
  38993 : D4;
  38994 : D7;
  38995 : D9;
  38996 : DB;
  38997 : DD;
  38998 : DF;
  38999 : E0;
  39000 : E1;
  39001 : E3;
  39002 : E4;
  [39003..39004] : E5;
  [39005..39007] : E6;
  39008 : E7;
  [39009..39017] : E8;
  39018 : EA;
  39019 : CD;
  39020 : 20;
  39021 : 00;
  39022 : 21;
  39023 : 34;
  39024 : 12;
  [39025..39026] : 16;
  39027 : 17;
  39028 : 18;
  [39029..39030] : 19;
  39031 : 1A;
  [39032..39033] : 19;
  39034 : 1A;
  [39035..39039] : 1B;
  39040 : 35;
  39041 : 33;
  [39042..39045] : 34;
  39046 : 32;
  39047 : 31;
  39048 : 30;
  39049 : 31;
  39050 : 30;
  [39051..39052] : 2F;
  39053 : 2E;
  39054 : 2C;
  39055 : 28;
  39056 : 22;
  39057 : 19;
  39058 : 00;
  39059 : 24;
  39060 : EB;
  39061 : F4;
  39062 : EF;
  [39063..39068] : EE;
  [39069..39070] : ED;
  [39071..39073] : EC;
  [39074..39075] : EB;
  39076 : EA;
  39077 : E9;
  [39078..39082] : E8;
  39083 : ED;
  39084 : B7;
  39085 : 17;
  39086 : 00;
  39087 : 2E;
  39088 : 68;
  39089 : 38;
  39090 : 17;
  39091 : 19;
  39092 : 17;
  39093 : 15;
  [39094..39098] : 13;
  39099 : 14;
  39100 : 13;
  39101 : 11;
  39102 : 0B;
  39103 : 16;
  39104 : 3B;
  39105 : 1C;
  [39106..39107] : 00;
  39108 : 2D;
  39109 : A7;
  39110 : B1;
  39111 : B5;
  39112 : BC;
  39113 : C1;
  39114 : C7;
  39115 : CE;
  39116 : D3;
  39117 : D6;
  39118 : D8;
  39119 : DA;
  39120 : DC;
  39121 : DE;
  [39122..39123] : DF;
  39124 : E0;
  [39125..39126] : E1;
  39127 : E2;
  39128 : E7;
  39129 : C1;
  39130 : 17;
  39131 : 00;
  39132 : 35;
  39133 : 63;
  39134 : 4E;
  39135 : 11;
  [39136..39138] : 16;
  [39139..39140] : 15;
  39141 : 14;
  [39142..39146] : 13;
  39147 : 12;
  39148 : 0F;
  39149 : 1E;
  39150 : 42;
  39151 : 16;
  39152 : 00;
  39153 : 01;
  39154 : 73;
  39155 : B7;
  39156 : B5;
  39157 : B8;
  39158 : BB;
  39159 : C0;
  39160 : C7;
  39161 : CD;
  39162 : D2;
  39163 : D5;
  39164 : D8;
  39165 : DA;
  39166 : DD;
  39167 : DF;
  39168 : E2;
  39169 : E3;
  39170 : E4;
  39171 : E5;
  39172 : E6;
  [39173..39174] : E7;
  39175 : AF;
  39176 : 10;
  39177 : CA;
  39178 : F6;
  39179 : EB;
  [39180..39181] : EA;
  [39182..39184] : E9;
  39185 : E8;
  [39186..39187] : E7;
  39188 : E6;
  39189 : E5;
  [39190..39191] : E4;
  [39192..39193] : E3;
  39194 : E5;
  39195 : D8;
  39196 : 30;
  39197 : 00;
  39198 : 18;
  39199 : 59;
  39200 : 55;
  39201 : 22;
  39202 : 0E;
  39203 : 10;
  39204 : 0F;
  [39205..39210] : 0E;
  39211 : 0F;
  39212 : 0E;
  39213 : 0D;
  39214 : 10;
  39215 : 2C;
  39216 : 29;
  [39217..39218] : 00;
  39219 : 6A;
  39220 : B4;
  39221 : B2;
  39222 : B6;
  39223 : BB;
  39224 : C1;
  39225 : C6;
  39226 : CC;
  39227 : D0;
  39228 : D4;
  39229 : D7;
  39230 : D8;
  [39231..39233] : D9;
  [39234..39235] : DA;
  39236 : E0;
  39237 : A3;
  39238 : 06;
  39239 : 00;
  39240 : 28;
  39241 : 5C;
  39242 : 57;
  39243 : 1F;
  39244 : 10;
  39245 : 11;
  39246 : 10;
  39247 : 0F;
  [39248..39251] : 0E;
  39252 : 0F;
  [39253..39254] : 0E;
  39255 : 0C;
  39256 : 18;
  39257 : 31;
  39258 : 14;
  39259 : 00;
  39260 : 19;
  39261 : A3;
  [39262..39263] : B7;
  39264 : B9;
  39265 : BD;
  39266 : C1;
  39267 : C7;
  39268 : CD;
  39269 : D0;
  39270 : D3;
  39271 : D5;
  39272 : D6;
  [39273..39274] : D7;
  39275 : D8;
  [39276..39277] : D7;
  39278 : D8;
  39279 : D2;
  39280 : 37;
  39281 : 00;
  39282 : 07;
  39283 : 32;
  39284 : 4E;
  39285 : 4C;
  39286 : 30;
  39287 : 0B;
  [39288..39292] : 0E;
  [39293..39295] : 0F;
  39296 : 10;
  [39297..39298] : 0F;
  39299 : 10;
  39300 : 31;
  39301 : 2C;
  39302 : 00;
  39303 : 0F;
  39304 : 94;
  39305 : BE;
  39306 : BD;
  39307 : C0;
  39308 : C1;
  39309 : C3;
  39310 : C8;
  39311 : CC;
  39312 : D1;
  39313 : D4;
  39314 : D6;
  39315 : D9;
  39316 : DB;
  39317 : DD;
  39318 : DF;
  [39319..39320] : E1;
  39321 : E3;
  39322 : E4;
  [39323..39324] : E5;
  39325 : E6;
  [39326..39329] : E7;
  39330 : E8;
  [39331..39332] : E7;
  [39333..39337] : E8;
  39338 : EA;
  39339 : CE;
  39340 : 21;
  39341 : 00;
  39342 : 21;
  39343 : 33;
  39344 : 13;
  39345 : 17;
  39346 : 16;
  39347 : 17;
  [39348..39351] : 18;
  39352 : 19;
  39353 : 1A;
  39354 : 1B;
  39355 : 1A;
  [39356..39358] : 1B;
  39359 : 1A;
  39360 : 36;
  39361 : 35;
  [39362..39363] : 37;
  39364 : 36;
  39365 : 34;
  39366 : 33;
  39367 : 32;
  39368 : 33;
  39369 : 34;
  39370 : 32;
  39371 : 30;
  [39372..39374] : 2E;
  39375 : 2A;
  39376 : 21;
  39377 : 18;
  39378 : 00;
  39379 : 24;
  39380 : EB;
  39381 : F4;
  [39382..39390] : EE;
  39391 : ED;
  [39392..39394] : EC;
  39395 : EB;
  [39396..39397] : EA;
  39398 : E9;
  39399 : E8;
  [39400..39402] : E7;
  39403 : EC;
  39404 : B7;
  39405 : 18;
  39406 : 00;
  39407 : 2E;
  39408 : 6A;
  39409 : 3B;
  39410 : 16;
  39411 : 18;
  39412 : 16;
  39413 : 15;
  [39414..39415] : 13;
  [39416..39418] : 14;
  39419 : 13;
  39420 : 12;
  39421 : 11;
  39422 : 0B;
  39423 : 1B;
  39424 : 3C;
  39425 : 1E;
  39426 : 01;
  39427 : 00;
  39428 : 2E;
  39429 : A8;
  39430 : B1;
  39431 : B5;
  39432 : BB;
  39433 : C0;
  39434 : C6;
  39435 : CE;
  39436 : D3;
  39437 : D6;
  39438 : D9;
  39439 : DA;
  39440 : DC;
  39441 : DE;
  39442 : DF;
  [39443..39445] : E0;
  39446 : E1;
  39447 : E2;
  39448 : E7;
  39449 : C3;
  39450 : 17;
  39451 : 00;
  39452 : 33;
  39453 : 62;
  39454 : 50;
  39455 : 10;
  39456 : 16;
  [39457..39458] : 15;
  [39459..39462] : 14;
  [39463..39465] : 13;
  [39466..39467] : 12;
  39468 : 0F;
  39469 : 21;
  39470 : 42;
  39471 : 17;
  39472 : 00;
  39473 : 01;
  39474 : 75;
  39475 : B6;
  39476 : B3;
  39477 : B6;
  39478 : BB;
  39479 : C0;
  39480 : C6;
  39481 : CD;
  39482 : D3;
  39483 : D6;
  39484 : D9;
  39485 : DB;
  39486 : DD;
  39487 : DF;
  39488 : E1;
  39489 : E3;
  39490 : E4;
  39491 : E5;
  39492 : E6;
  39493 : E7;
  39494 : E6;
  39495 : AE;
  39496 : 10;
  39497 : C9;
  39498 : F6;
  [39499..39502] : EA;
  [39503..39504] : E9;
  39505 : E8;
  [39506..39507] : E7;
  39508 : E6;
  39509 : E5;
  [39510..39511] : E4;
  [39512..39513] : E3;
  39514 : E4;
  39515 : D9;
  39516 : 31;
  39517 : 00;
  39518 : 18;
  39519 : 58;
  39520 : 59;
  39521 : 25;
  39522 : 0F;
  39523 : 10;
  39524 : 0F;
  [39525..39526] : 0E;
  39527 : 0D;
  [39528..39531] : 0E;
  39532 : 0F;
  39533 : 0D;
  39534 : 12;
  39535 : 2D;
  39536 : 2A;
  [39537..39538] : 00;
  39539 : 69;
  39540 : B3;
  39541 : B2;
  39542 : B7;
  39543 : BA;
  39544 : C0;
  39545 : C6;
  39546 : CC;
  39547 : D1;
  39548 : D4;
  39549 : D6;
  39550 : D8;
  [39551..39553] : D9;
  [39554..39555] : DA;
  39556 : DF;
  39557 : A2;
  39558 : 06;
  39559 : 00;
  39560 : 28;
  [39561..39562] : 5A;
  39563 : 23;
  [39564..39565] : 11;
  39566 : 10;
  [39567..39568] : 0F;
  [39569..39570] : 0E;
  [39571..39574] : 0F;
  39575 : 0C;
  39576 : 1B;
  39577 : 34;
  39578 : 13;
  39579 : 00;
  39580 : 19;
  39581 : A3;
  [39582..39583] : B7;
  39584 : BA;
  39585 : BE;
  39586 : C2;
  39587 : C7;
  39588 : CD;
  39589 : D1;
  39590 : D4;
  39591 : D5;
  [39592..39594] : D7;
  [39595..39596] : D8;
  39597 : D7;
  39598 : D8;
  39599 : D2;
  39600 : 36;
  39601 : 00;
  39602 : 06;
  39603 : 32;
  39604 : 4F;
  39605 : 4E;
  39606 : 34;
  39607 : 0C;
  39608 : 0F;
  39609 : 0E;
  39610 : 0F;
  [39611..39612] : 0E;
  39613 : 0F;
  [39614..39617] : 10;
  39618 : 0F;
  39619 : 11;
  39620 : 31;
  39621 : 2A;
  39622 : 00;
  39623 : 10;
  39624 : 96;
  39625 : C0;
  39626 : BE;
  39627 : C0;
  39628 : C1;
  39629 : C3;
  39630 : C8;
  39631 : CC;
  39632 : D1;
  39633 : D4;
  39634 : D6;
  39635 : D9;
  39636 : DB;
  39637 : DD;
  39638 : DF;
  39639 : E0;
  39640 : E1;
  39641 : E2;
  [39642..39643] : E4;
  39644 : E5;
  [39645..39646] : E6;
  [39647..39652] : E7;
  [39653..39657] : E8;
  39658 : EB;
  39659 : CD;
  39660 : 20;
  39661 : 00;
  39662 : 23;
  39663 : 36;
  39664 : 15;
  39665 : 18;
  [39666..39672] : 19;
  39673 : 18;
  [39674..39675] : 19;
  [39676..39677] : 1B;
  [39678..39679] : 1A;
  39680 : 36;
  39681 : 34;
  39682 : 35;
  39683 : 36;
  39684 : 37;
  39685 : 34;
  39686 : 32;
  39687 : 30;
  39688 : 31;
  [39689..39690] : 32;
  39691 : 30;
  39692 : 2F;
  39693 : 2E;
  39694 : 2C;
  39695 : 27;
  39696 : 21;
  39697 : 18;
  39698 : 00;
  39699 : 24;
  39700 : EB;
  39701 : F4;
  39702 : EF;
  [39703..39709] : EE;
  [39710..39711] : ED;
  [39712..39714] : EC;
  39715 : EB;
  [39716..39717] : EA;
  39718 : E8;
  [39719..39722] : E7;
  39723 : EB;
  39724 : B7;
  39725 : 18;
  39726 : 00;
  39727 : 2F;
  39728 : 69;
  39729 : 40;
  39730 : 14;
  39731 : 16;
  39732 : 15;
  [39733..39736] : 14;
  [39737..39739] : 13;
  39740 : 12;
  39741 : 10;
  39742 : 0B;
  39743 : 26;
  39744 : 3B;
  39745 : 1F;
  39746 : 01;
  39747 : 00;
  39748 : 2D;
  39749 : A7;
  39750 : B1;
  39751 : B5;
  39752 : BC;
  39753 : C1;
  39754 : C7;
  39755 : CE;
  39756 : D2;
  39757 : D6;
  39758 : D9;
  39759 : DA;
  39760 : DC;
  39761 : DE;
  39762 : DF;
  [39763..39765] : E0;
  39766 : E1;
  39767 : E2;
  39768 : E6;
  39769 : C3;
  39770 : 17;
  39771 : 00;
  39772 : 32;
  39773 : 5B;
  39774 : 59;
  39775 : 12;
  39776 : 17;
  39777 : 15;
  [39778..39779] : 14;
  [39780..39783] : 13;
  [39784..39785] : 12;
  39786 : 11;
  39787 : 0F;
  39788 : 12;
  39789 : 2B;
  39790 : 42;
  39791 : 18;
  39792 : 00;
  39793 : 01;
  39794 : 73;
  39795 : B5;
  39796 : B3;
  39797 : B6;
  39798 : BA;
  39799 : C0;
  39800 : C6;
  39801 : CE;
  39802 : D2;
  39803 : D6;
  39804 : D9;
  39805 : DC;
  39806 : DE;
  39807 : E0;
  39808 : E2;
  39809 : E3;
  [39810..39811] : E5;
  39812 : E6;
  39813 : E7;
  39814 : E6;
  39815 : AD;
  39816 : 11;
  39817 : CA;
  39818 : F6;
  [39819..39822] : EA;
  [39823..39825] : E9;
  39826 : E8;
  39827 : E7;
  39828 : E6;
  39829 : E5;
  [39830..39831] : E4;
  [39832..39833] : E3;
  39834 : E5;
  39835 : D8;
  39836 : 2E;
  39837 : 00;
  39838 : 18;
  39839 : 5D;
  39840 : 5E;
  39841 : 2A;
  39842 : 0B;
  [39843..39845] : 0F;
  [39846..39849] : 0E;
  [39850..39851] : 0D;
  39852 : 0E;
  39853 : 0C;
  39854 : 16;
  39855 : 30;
  39856 : 29;
  39857 : 01;
  39858 : 00;
  39859 : 69;
  [39860..39861] : B2;
  39862 : B6;
  39863 : BA;
  39864 : BF;
  39865 : C6;
  39866 : CC;
  39867 : D0;
  39868 : D4;
  39869 : D6;
  39870 : D8;
  [39871..39874] : D9;
  39875 : DA;
  39876 : DF;
  39877 : A0;
  39878 : 05;
  39879 : 00;
  39880 : 2A;
  [39881..39882] : 5E;
  39883 : 28;
  [39884..39885] : 11;
  39886 : 10;
  [39887..39890] : 0F;
  [39891..39893] : 10;
  39894 : 0F;
  39895 : 0C;
  39896 : 26;
  39897 : 37;
  39898 : 13;
  39899 : 00;
  39900 : 1A;
  39901 : A3;
  39902 : B8;
  39903 : B9;
  39904 : BA;
  39905 : BE;
  39906 : C3;
  39907 : C8;
  39908 : CD;
  39909 : D1;
  39910 : D4;
  39911 : D6;
  [39912..39913] : D7;
  [39914..39915] : D8;
  39916 : D7;
  [39917..39918] : D8;
  39919 : D2;
  39920 : 36;
  39921 : 00;
  39922 : 05;
  39923 : 33;
  39924 : 51;
  39925 : 4E;
  39926 : 3E;
  39927 : 09;
  [39928..39930] : 0E;
  39931 : 0D;
  39932 : 0E;
  [39933..39934] : 0F;
  [39935..39936] : 10;
  [39937..39938] : 0F;
  39939 : 13;
  39940 : 31;
  39941 : 27;
  39942 : 00;
  39943 : 10;
  39944 : 97;
  39945 : BF;
  39946 : BE;
  39947 : BF;
  39948 : C1;
  39949 : C3;
  39950 : C8;
  39951 : CD;
  39952 : D1;
  39953 : D5;
  39954 : D7;
  39955 : D9;
  39956 : DB;
  39957 : DD;
  39958 : DE;
  39959 : E0;
  39960 : E1;
  39961 : E2;
  39962 : E4;
  39963 : E5;
  [39964..39967] : E6;
  [39968..39969] : E7;
  [39970..39971] : E8;
  39972 : E7;
  [39973..39974] : E8;
  39975 : E7;
  [39976..39977] : E8;
  39978 : EA;
  39979 : CC;
  39980 : 20;
  39981 : 00;
  39982 : 23;
  39983 : 34;
  39984 : 13;
  39985 : 18;
  39986 : 19;
  39987 : 18;
  39988 : 19;
  39989 : 1B;
  39990 : 1A;
  [39991..39994] : 19;
  39995 : 1A;
  [39996..39997] : 1B;
  39998 : 1A;
  39999 : 1B;
  40000 : 38;
  40001 : 36;
  40002 : 34;
  40003 : 33;
  40004 : 32;
  [40005..40006] : 33;
  [40007..40008] : 31;
  [40009..40011] : 30;
  40012 : 2F;
  40013 : 2D;
  40014 : 2B;
  40015 : 26;
  40016 : 20;
  40017 : 18;
  40018 : 00;
  40019 : 23;
  40020 : EB;
  40021 : F5;
  [40022..40023] : EF;
  [40024..40029] : EE;
  [40030..40033] : ED;
  [40034..40035] : EC;
  [40036..40037] : EA;
  40038 : E8;
  [40039..40042] : E7;
  40043 : EB;
  40044 : B9;
  40045 : 17;
  40046 : 00;
  40047 : 2F;
  40048 : 52;
  40049 : 54;
  40050 : 11;
  [40051..40052] : 15;
  [40053..40056] : 14;
  [40057..40059] : 13;
  40060 : 11;
  [40061..40062] : 0E;
  40063 : 22;
  40064 : 38;
  40065 : 20;
  40066 : 01;
  40067 : 00;
  40068 : 2C;
  40069 : A7;
  40070 : B1;
  40071 : B6;
  40072 : BC;
  40073 : C2;
  40074 : C8;
  40075 : CE;
  40076 : D3;
  40077 : D6;
  40078 : D9;
  40079 : DB;
  40080 : DC;
  [40081..40082] : DF;
  40083 : E0;
  [40084..40086] : E1;
  40087 : E2;
  40088 : E6;
  40089 : C2;
  40090 : 17;
  40091 : 00;
  40092 : 38;
  40093 : 4C;
  40094 : 68;
  [40095..40096] : 15;
  40097 : 14;
  [40098..40100] : 13;
  [40101..40105] : 12;
  40106 : 10;
  40107 : 0B;
  40108 : 18;
  40109 : 29;
  40110 : 44;
  40111 : 18;
  40112 : 00;
  40113 : 01;
  40114 : 72;
  40115 : B5;
  40116 : B3;
  40117 : B7;
  40118 : BB;
  40119 : C0;
  40120 : C7;
  40121 : CE;
  40122 : D2;
  40123 : D6;
  40124 : DA;
  40125 : DC;
  40126 : DE;
  40127 : E0;
  40128 : E2;
  40129 : E4;
  40130 : E5;
  [40131..40132] : E6;
  [40133..40134] : E7;
  40135 : AE;
  40136 : 12;
  40137 : CB;
  40138 : F6;
  [40139..40142] : EA;
  [40143..40145] : E9;
  40146 : E8;
  40147 : E7;
  40148 : E6;
  40149 : E5;
  [40150..40151] : E4;
  [40152..40153] : E3;
  40154 : E5;
  40155 : D7;
  40156 : 2E;
  40157 : 00;
  40158 : 19;
  40159 : 5B;
  40160 : 4C;
  40161 : 3E;
  40162 : 0B;
  40163 : 0F;
  40164 : 0E;
  40165 : 0F;
  [40166..40172] : 0E;
  40173 : 09;
  40174 : 1E;
  40175 : 2B;
  40176 : 2C;
  [40177..40178] : 00;
  40179 : 68;
  [40180..40181] : B2;
  40182 : B7;
  40183 : BB;
  40184 : C0;
  40185 : C6;
  40186 : CC;
  40187 : D1;
  40188 : D4;
  40189 : D6;
  40190 : D8;
  [40191..40193] : D9;
  [40194..40195] : DA;
  40196 : DF;
  40197 : A0;
  40198 : 05;
  40199 : 00;
  40200 : 2A;
  40201 : 5F;
  40202 : 52;
  40203 : 3B;
  40204 : 0D;
  [40205..40210] : 10;
  [40211..40212] : 11;
  40213 : 10;
  40214 : 0F;
  40215 : 0C;
  40216 : 2E;
  40217 : 32;
  40218 : 16;
  40219 : 00;
  40220 : 1C;
  40221 : A4;
  40222 : B8;
  40223 : B9;
  40224 : BB;
  40225 : BF;
  40226 : C4;
  40227 : CA;
  40228 : CE;
  40229 : D2;
  40230 : D4;
  40231 : D6;
  [40232..40234] : D8;
  40235 : D9;
  [40236..40237] : D8;
  40238 : D9;
  40239 : D3;
  40240 : 37;
  40241 : 00;
  40242 : 05;
  40243 : 33;
  40244 : 50;
  40245 : 38;
  40246 : 48;
  40247 : 08;
  40248 : 0E;
  [40249..40251] : 0D;
  [40252..40253] : 0E;
  [40254..40256] : 0F;
  40257 : 0E;
  40258 : 0D;
  40259 : 1F;
  40260 : 2A;
  40261 : 28;
  40262 : 00;
  40263 : 11;
  40264 : 97;
  40265 : BF;
  40266 : BE;
  40267 : C0;
  40268 : C1;
  40269 : C3;
  40270 : C8;
  40271 : CD;
  40272 : D2;
  40273 : D5;
  40274 : D7;
  40275 : D9;
  40276 : DB;
  40277 : DD;
  40278 : DF;
  40279 : E0;
  40280 : E1;
  40281 : E2;
  40282 : E4;
  40283 : E5;
  [40284..40286] : E6;
  [40287..40289] : E7;
  [40290..40297] : E8;
  40298 : EB;
  40299 : CC;
  40300 : 20;
  40301 : 00;
  40302 : 23;
  40303 : 33;
  40304 : 14;
  40305 : 18;
  [40306..40310] : 19;
  40311 : 1A;
  40312 : 19;
  40313 : 1B;
  [40314..40316] : 1A;
  [40317..40319] : 1B;
  40320 : 36;
  40321 : 35;
  40322 : 33;
  40323 : 32;
  40324 : 31;
  40325 : 32;
  40326 : 31;
  40327 : 32;
  40328 : 30;
  [40329..40330] : 2D;
  40331 : 2C;
  40332 : 2B;
  [40333..40334] : 2A;
  40335 : 25;
  40336 : 1E;
  40337 : 16;
  40338 : 00;
  40339 : 23;
  40340 : EB;
  40341 : F5;
  [40342..40343] : EF;
  40344 : EE;
  [40345..40346] : EF;
  [40347..40349] : EE;
  [40350..40353] : ED;
  [40354..40355] : EC;
  40356 : EB;
  40357 : EA;
  [40358..40359] : E8;
  [40360..40362] : E7;
  40363 : EB;
  40364 : B9;
  40365 : 18;
  40366 : 00;
  40367 : 2E;
  40368 : 29;
  40369 : 4C;
  40370 : 24;
  [40371..40372] : 15;
  40373 : 14;
  [40374..40375] : 13;
  40376 : 12;
  [40377..40378] : 13;
  40379 : 12;
  40380 : 0E;
  40381 : 05;
  40382 : 0E;
  40383 : 11;
  40384 : 37;
  40385 : 21;
  40386 : 01;
  40387 : 00;
  40388 : 2D;
  40389 : A9;
  40390 : B3;
  40391 : B7;
  40392 : BD;
  40393 : C3;
  40394 : C9;
  40395 : CF;
  40396 : D4;
  40397 : D7;
  40398 : DA;
  40399 : DC;
  40400 : DD;
  40401 : DF;
  [40402..40403] : E0;
  [40404..40406] : E1;
  40407 : E2;
  40408 : E6;
  40409 : C1;
  40410 : 16;
  40411 : 00;
  40412 : 3E;
  40413 : 34;
  40414 : 47;
  40415 : 24;
  40416 : 11;
  40417 : 13;
  40418 : 14;
  [40419..40420] : 13;
  40421 : 12;
  40422 : 11;
  40423 : 12;
  [40424..40425] : 11;
  40426 : 0D;
  40427 : 07;
  40428 : 1A;
  40429 : 15;
  40430 : 41;
  40431 : 18;
  40432 : 00;
  40433 : 02;
  40434 : 72;
  40435 : B5;
  40436 : B4;
  40437 : B7;
  40438 : BC;
  40439 : C1;
  40440 : C8;
  40441 : CE;
  40442 : D4;
  40443 : D7;
  40444 : DA;
  40445 : DC;
  40446 : DF;
  40447 : E1;
  40448 : E3;
  40449 : E4;
  40450 : E5;
  40451 : E6;
  40452 : E7;
  40453 : E8;
  40454 : E7;
  40455 : AF;
  40456 : 11;
  40457 : CB;
  40458 : F6;
  [40459..40462] : EA;
  [40463..40464] : E9;
  [40465..40466] : E8;
  40467 : E7;
  40468 : E6;
  40469 : E5;
  [40470..40471] : E4;
  40472 : E3;
  40473 : E2;
  40474 : E4;
  40475 : D8;
  40476 : 30;
  40477 : 00;
  40478 : 18;
  40479 : 58;
  40480 : 26;
  40481 : 46;
  40482 : 19;
  40483 : 0E;
  [40484..40489] : 0D;
  40490 : 0E;
  40491 : 0D;
  40492 : 0C;
  40493 : 0B;
  40494 : 19;
  40495 : 1A;
  40496 : 2E;
  [40497..40498] : 00;
  40499 : 69;
  [40500..40501] : B4;
  40502 : B7;
  40503 : BB;
  40504 : C0;
  40505 : C7;
  40506 : CD;
  40507 : D1;
  40508 : D4;
  40509 : D7;
  [40510..40511] : D9;
  [40512..40515] : DA;
  40516 : DF;
  40517 : A1;
  40518 : 05;
  40519 : 00;
  40520 : 2B;
  40521 : 5D;
  40522 : 24;
  40523 : 39;
  40524 : 13;
  [40525..40529] : 0F;
  40530 : 10;
  [40531..40532] : 11;
  40533 : 10;
  40534 : 0D;
  40535 : 11;
  40536 : 1A;
  40537 : 23;
  40538 : 18;
  40539 : 00;
  40540 : 1C;
  40541 : A6;
  40542 : B9;
  40543 : BB;
  40544 : BD;
  40545 : C0;
  40546 : C5;
  40547 : CB;
  40548 : CF;
  40549 : D3;
  40550 : D5;
  40551 : D7;
  [40552..40553] : D8;
  40554 : D9;
  [40555..40558] : D8;
  40559 : D4;
  40560 : 38;
  40561 : 00;
  40562 : 05;
  40563 : 30;
  40564 : 4F;
  40565 : 1B;
  40566 : 34;
  40567 : 0E;
  40568 : 0A;
  [40569..40570] : 0D;
  [40571..40575] : 0E;
  [40576..40577] : 0F;
  40578 : 13;
  40579 : 1F;
  40580 : 14;
  40581 : 29;
  40582 : 00;
  40583 : 10;
  40584 : 96;
  40585 : BF;
  40586 : BE;
  40587 : C0;
  40588 : C1;
  40589 : C4;
  40590 : C8;
  40591 : CE;
  40592 : D2;
  40593 : D6;
  40594 : D8;
  40595 : DA;
  40596 : DC;
  40597 : DE;
  40598 : DF;
  40599 : E0;
  40600 : E2;
  40601 : E3;
  40602 : E4;
  [40603..40604] : E5;
  [40605..40606] : E6;
  [40607..40609] : E7;
  [40610..40617] : E8;
  40618 : EA;
  40619 : CC;
  40620 : 1F;
  40621 : 00;
  40622 : 25;
  40623 : 38;
  40624 : 15;
  40625 : 18;
  [40626..40627] : 19;
  [40628..40630] : 18;
  40631 : 1A;
  40632 : 19;
  [40633..40636] : 1A;
  40637 : 1B;
  40638 : 1C;
  40639 : 1D;
  40640 : 32;
  [40641..40642] : 31;
  40643 : 32;
  [40644..40646] : 30;
  [40647..40648] : 2F;
  40649 : 2E;
  [40650..40651] : 2C;
  40652 : 2A;
  40653 : 28;
  40654 : 27;
  40655 : 23;
  40656 : 20;
  40657 : 15;
  40658 : 00;
  40659 : 22;
  40660 : EB;
  40661 : F5;
  [40662..40666] : EF;
  40667 : EE;
  40668 : EF;
  [40669..40670] : EE;
  [40671..40673] : ED;
  [40674..40675] : EC;
  40676 : EB;
  40677 : EA;
  40678 : E9;
  40679 : E8;
  40680 : E7;
  [40681..40682] : E6;
  40683 : EB;
  40684 : B9;
  40685 : 18;
  40686 : 00;
  40687 : 33;
  40688 : 1F;
  40689 : 18;
  40690 : 20;
  40691 : 12;
  40692 : 0B;
  40693 : 08;
  [40694..40695] : 07;
  40696 : 09;
  40697 : 08;
  40698 : 07;
  40699 : 06;
  40700 : 02;
  40701 : 01;
  40702 : 07;
  40703 : 08;
  40704 : 38;
  40705 : 23;
  [40706..40707] : 00;
  40708 : 2D;
  40709 : A9;
  40710 : B4;
  40711 : B9;
  40712 : BF;
  40713 : C5;
  40714 : CB;
  40715 : D0;
  40716 : D4;
  40717 : D8;
  40718 : DC;
  40719 : DE;
  40720 : DF;
  40721 : E0;
  [40722..40725] : E1;
  [40726..40727] : E2;
  40728 : E6;
  40729 : C2;
  40730 : 17;
  40731 : 00;
  40732 : 3B;
  40733 : 2C;
  40734 : 15;
  40735 : 22;
  40736 : 15;
  40737 : 0B;
  [40738..40740] : 08;
  40741 : 07;
  40742 : 08;
  40743 : 07;
  40744 : 06;
  40745 : 04;
  40746 : 03;
  40747 : 07;
  40748 : 0D;
  40749 : 09;
  40750 : 3B;
  40751 : 16;
  40752 : 00;
  40753 : 02;
  40754 : 74;
  40755 : B6;
  40756 : B5;
  40757 : B9;
  40758 : BD;
  40759 : C2;
  40760 : C9;
  40761 : D0;
  40762 : D5;
  40763 : D8;
  40764 : DB;
  40765 : DE;
  40766 : E0;
  40767 : E1;
  40768 : E3;
  40769 : E4;
  40770 : E5;
  40771 : E6;
  40772 : E7;
  40773 : E8;
  40774 : E7;
  40775 : AE;
  40776 : 10;
  40777 : CB;
  40778 : F7;
  [40779..40783] : EA;
  40784 : E9;
  [40785..40787] : E8;
  40788 : E6;
  40789 : E5;
  [40790..40791] : E4;
  [40792..40793] : E3;
  40794 : E4;
  40795 : D8;
  40796 : 2F;
  40797 : 00;
  40798 : 19;
  40799 : 60;
  40800 : 1A;
  40801 : 1B;
  40802 : 16;
  40803 : 0A;
  [40804..40806] : 05;
  [40807..40808] : 06;
  40809 : 05;
  [40810..40812] : 04;
  40813 : 09;
  40814 : 08;
  40815 : 14;
  40816 : 2D;
  [40817..40818] : 00;
  40819 : 6C;
  40820 : B5;
  40821 : B4;
  40822 : B8;
  40823 : BB;
  40824 : C2;
  40825 : C9;
  40826 : CF;
  40827 : D3;
  40828 : D7;
  40829 : D8;
  [40830..40835] : DA;
  40836 : DF;
  40837 : A1;
  40838 : 05;
  40839 : 00;
  40840 : 2D;
  40841 : 61;
  40842 : 11;
  40843 : 14;
  40844 : 0D;
  40845 : 06;
  [40846..40847] : 07;
  [40848..40849] : 06;
  40850 : 07;
  [40851..40853] : 06;
  40854 : 07;
  40855 : 0C;
  40856 : 06;
  40857 : 1F;
  40858 : 16;
  40859 : 00;
  40860 : 1D;
  40861 : A9;
  40862 : BA;
  40863 : BB;
  40864 : BD;
  40865 : C2;
  40866 : C7;
  40867 : CC;
  40868 : D1;
  40869 : D5;
  40870 : D6;
  40871 : D8;
  40872 : D9;
  [40873..40875] : DA;
  40876 : D9;
  40877 : D8;
  40878 : D9;
  40879 : D3;
  40880 : 37;
  40881 : 00;
  40882 : 05;
  40883 : 31;
  40884 : 4E;
  40885 : 16;
  40886 : 15;
  40887 : 0C;
  40888 : 04;
  [40889..40890] : 05;
  [40891..40892] : 06;
  [40893..40895] : 07;
  40896 : 08;
  [40897..40898] : 09;
  40899 : 05;
  40900 : 0B;
  40901 : 2C;
  40902 : 00;
  40903 : 11;
  40904 : 98;
  40905 : BE;
  40906 : BD;
  40907 : BF;
  40908 : C1;
  40909 : C4;
  40910 : C9;
  40911 : CF;
  40912 : D4;
  40913 : D6;
  40914 : D8;
  40915 : DB;
  40916 : DD;
  40917 : DF;
  40918 : E0;
  [40919..40920] : E2;
  40921 : E3;
  [40922..40923] : E4;
  40924 : E5;
  40925 : E6;
  [40926..40928] : E7;
  [40929..40932] : E8;
  [40933..40934] : E9;
  [40935..40937] : E8;
  40938 : EA;
  40939 : CB;
  40940 : 1F;
  40941 : 00;
  40942 : 23;
  40943 : 36;
  40944 : 13;
  [40945..40946] : 17;
  [40947..40948] : 18;
  [40949..40951] : 19;
  [40952..40956] : 1A;
  40957 : 1B;
  [40958..40959] : 1C;
  40960 : 34;
  40961 : 33;
  40962 : 34;
  [40963..40965] : 33;
  40966 : 32;
  40967 : 31;
  40968 : 30;
  [40969..40971] : 2D;
  [40972..40973] : 2B;
  40974 : 29;
  40975 : 27;
  40976 : 20;
  40977 : 15;
  40978 : 00;
  40979 : 21;
  40980 : EA;
  40981 : F5;
  [40982..40985] : EF;
  [40986..40990] : EE;
  [40991..40993] : ED;
  [40994..40995] : EC;
  [40996..40997] : EB;
  40998 : EA;
  40999 : E8;
  [41000..41001] : E7;
  41002 : E6;
  41003 : EA;
  41004 : B8;
  41005 : 15;
  41006 : 00;
  41007 : 3B;
  41008 : 30;
  41009 : 09;
  41010 : 02;
  [41011..41012] : 00;
  41013 : 01;
  [41014..41015] : 02;
  41016 : 01;
  [41017..41021] : 00;
  41022 : 03;
  41023 : 06;
  41024 : 35;
  41025 : 21;
  [41026..41027] : 00;
  41028 : 2F;
  41029 : AB;
  41030 : B5;
  41031 : BA;
  41032 : C0;
  41033 : C8;
  41034 : CE;
  41035 : D3;
  41036 : D7;
  41037 : DA;
  41038 : DD;
  41039 : DF;
  41040 : E0;
  [41041..41042] : E1;
  [41043..41044] : E2;
  41045 : E1;
  [41046..41047] : E2;
  41048 : E6;
  41049 : BF;
  41050 : 14;
  41051 : 00;
  41052 : 42;
  41053 : 3D;
  41054 : 0F;
  41055 : 09;
  41056 : 04;
  [41057..41058] : 00;
  [41059..41062] : 01;
  [41063..41067] : 00;
  41068 : 02;
  41069 : 0A;
  41070 : 41;
  41071 : 16;
  41072 : 00;
  41073 : 01;
  41074 : 74;
  41075 : B7;
  41076 : B5;
  41077 : B9;
  41078 : BF;
  41079 : C5;
  41080 : CC;
  41081 : D2;
  41082 : D6;
  41083 : D9;
  41084 : DD;
  41085 : DF;
  41086 : E1;
  41087 : E2;
  41088 : E3;
  41089 : E4;
  [41090..41091] : E6;
  41092 : E7;
  41093 : E8;
  41094 : E7;
  41095 : AE;
  41096 : 10;
  41097 : CC;
  41098 : F6;
  [41099..41101] : EA;
  [41102..41105] : E9;
  [41106..41107] : E8;
  41108 : E7;
  41109 : E5;
  [41110..41111] : E4;
  41112 : E3;
  41113 : E2;
  41114 : E3;
  41115 : D6;
  41116 : 2D;
  41117 : 00;
  41118 : 1A;
  41119 : 61;
  41120 : 1D;
  41121 : 07;
  [41122..41124] : 00;
  [41125..41126] : 01;
  [41127..41129] : 02;
  [41130..41133] : 00;
  41134 : 02;
  41135 : 1D;
  41136 : 34;
  [41137..41138] : 00;
  41139 : 6C;
  [41140..41141] : B5;
  41142 : B9;
  41143 : BE;
  41144 : C4;
  41145 : CB;
  41146 : D1;
  41147 : D6;
  41148 : D8;
  41149 : DA;
  [41150..41153] : DB;
  [41154..41155] : DA;
  41156 : DE;
  41157 : 9F;
  41158 : 05;
  41159 : 00;
  41160 : 2E;
  41161 : 63;
  41162 : 16;
  41163 : 08;
  41164 : 01;
  [41165..41167] : 00;
  41168 : 02;
  [41169..41170] : 03;
  41171 : 01;
  [41172..41174] : 00;
  41175 : 01;
  41176 : 05;
  41177 : 2E;
  41178 : 1B;
  41179 : 00;
  41180 : 1C;
  41181 : A7;
  41182 : BA;
  41183 : BC;
  41184 : C0;
  41185 : C4;
  41186 : C8;
  41187 : CE;
  41188 : D2;
  41189 : D6;
  41190 : D9;
  41191 : DA;
  [41192..41195] : DB;
  41196 : DA;
  41197 : D9;
  41198 : D8;
  41199 : D2;
  41200 : 35;
  41201 : 00;
  41202 : 04;
  41203 : 33;
  41204 : 53;
  41205 : 1E;
  41206 : 09;
  41207 : 01;
  [41208..41210] : 00;
  [41211..41214] : 01;
  [41215..41218] : 00;
  41219 : 01;
  41220 : 12;
  41221 : 33;
  41222 : 00;
  41223 : 0F;
  41224 : 95;
  [41225..41226] : BD;
  41227 : C0;
  41228 : C1;
  41229 : C5;
  41230 : CA;
  41231 : D0;
  41232 : D5;
  41233 : D8;
  41234 : DA;
  41235 : DC;
  41236 : DE;
  41237 : E0;
  41238 : E1;
  41239 : E2;
  41240 : E3;
  41241 : E4;
  [41242..41244] : E5;
  41245 : E6;
  [41246..41248] : E7;
  [41249..41252] : E8;
  [41253..41255] : E9;
  [41256..41257] : E8;
  41258 : EA;
  41259 : CB;
  41260 : 1F;
  41261 : 00;
  41262 : 21;
  41263 : 34;
  41264 : 14;
  [41265..41266] : 19;
  [41267..41268] : 1A;
  41269 : 1B;
  41270 : 1A;
  [41271..41272] : 19;
  [41273..41274] : 1A;
  [41275..41276] : 1B;
  41277 : 1A;
  41278 : 1B;
  41279 : 1C;
  [41280..41281] : 37;
  41282 : 35;
  41283 : 37;
  41284 : 38;
  41285 : 36;
  41286 : 34;
  41287 : 33;
  [41288..41289] : 32;
  41290 : 30;
  [41291..41292] : 2F;
  41293 : 2E;
  41294 : 2C;
  41295 : 27;
  41296 : 20;
  41297 : 15;
  41298 : 00;
  41299 : 21;
  41300 : E9;
  41301 : F6;
  [41302..41305] : EF;
  [41306..41312] : EE;
  41313 : ED;
  [41314..41316] : EC;
  41317 : EB;
  41318 : EA;
  41319 : E9;
  41320 : E8;
  41321 : E7;
  41322 : E6;
  41323 : EA;
  41324 : B8;
  41325 : 16;
  41326 : 00;
  41327 : 3B;
  41328 : 38;
  41329 : 07;
  41330 : 09;
  41331 : 10;
  41332 : 15;
  41333 : 18;
  41334 : 1A;
  41335 : 1B;
  41336 : 1A;
  41337 : 19;
  41338 : 17;
  41339 : 13;
  41340 : 0F;
  41341 : 08;
  41342 : 01;
  41343 : 05;
  41344 : 36;
  41345 : 24;
  [41346..41347] : 00;
  41348 : 2E;
  41349 : AA;
  41350 : B5;
  41351 : BA;
  41352 : C2;
  41353 : CA;
  41354 : D1;
  41355 : D6;
  41356 : DA;
  41357 : DC;
  41358 : DE;
  41359 : E0;
  41360 : E1;
  41361 : E2;
  [41362..41364] : E3;
  [41365..41366] : E2;
  41367 : E3;
  41368 : E6;
  41369 : BF;
  41370 : 14;
  41371 : 00;
  41372 : 43;
  41373 : 46;
  41374 : 0B;
  41375 : 08;
  41376 : 0F;
  41377 : 13;
  41378 : 15;
  41379 : 1A;
  [41380..41382] : 1E;
  [41383..41384] : 1F;
  41385 : 1D;
  41386 : 14;
  41387 : 09;
  41388 : 01;
  41389 : 0D;
  41390 : 49;
  41391 : 1D;
  41392 : 00;
  41393 : 01;
  41394 : 71;
  [41395..41396] : B7;
  41397 : BC;
  41398 : C1;
  41399 : C8;
  41400 : CF;
  41401 : D4;
  41402 : D8;
  41403 : DB;
  41404 : DE;
  41405 : E0;
  41406 : E2;
  41407 : E3;
  [41408..41409] : E5;
  [41410..41411] : E6;
  41412 : E7;
  41413 : E8;
  41414 : E7;
  41415 : AE;
  41416 : 10;
  41417 : CB;
  41418 : F6;
  [41419..41422] : EA;
  [41423..41425] : E9;
  [41426..41427] : E8;
  41428 : E7;
  [41429..41430] : E5;
  41431 : E4;
  41432 : E3;
  41433 : E2;
  41434 : E3;
  41435 : D6;
  41436 : 2E;
  41437 : 00;
  41438 : 1B;
  41439 : 5B;
  41440 : 22;
  41441 : 05;
  41442 : 0A;
  41443 : 15;
  41444 : 1D;
  41445 : 21;
  [41446..41448] : 20;
  41449 : 1F;
  41450 : 1C;
  41451 : 14;
  41452 : 0C;
  41453 : 07;
  41454 : 03;
  41455 : 27;
  41456 : 39;
  [41457..41458] : 00;
  41459 : 6C;
  [41460..41461] : B7;
  41462 : BB;
  41463 : C1;
  41464 : C8;
  41465 : CE;
  41466 : D4;
  41467 : D7;
  41468 : DA;
  41469 : DC;
  [41470..41472] : DD;
  41473 : DC;
  41474 : DB;
  41475 : DA;
  41476 : DE;
  41477 : 9F;
  41478 : 05;
  41479 : 00;
  41480 : 2D;
  41481 : 58;
  41482 : 19;
  41483 : 06;
  41484 : 0D;
  41485 : 14;
  41486 : 16;
  41487 : 17;
  41488 : 16;
  41489 : 15;
  41490 : 1A;
  41491 : 1B;
  41492 : 1A;
  41493 : 15;
  41494 : 0D;
  [41495..41496] : 06;
  41497 : 36;
  41498 : 1D;
  41499 : 00;
  41500 : 1D;
  41501 : AA;
  41502 : BD;
  41503 : BE;
  41504 : C1;
  41505 : C5;
  41506 : CB;
  41507 : D0;
  41508 : D5;
  41509 : D8;
  41510 : DA;
  [41511..41513] : DC;
  41514 : DD;
  41515 : DC;
  41516 : DB;
  [41517..41518] : D9;
  41519 : D3;
  41520 : 36;
  41521 : 00;
  41522 : 04;
  41523 : 31;
  41524 : 4E;
  41525 : 1E;
  41526 : 06;
  41527 : 09;
  41528 : 0C;
  41529 : 13;
  [41530..41532] : 17;
  41533 : 16;
  41534 : 15;
  41535 : 14;
  41536 : 13;
  41537 : 10;
  41538 : 0A;
  41539 : 02;
  41540 : 18;
  41541 : 34;
  41542 : 00;
  41543 : 0F;
  41544 : 94;
  [41545..41546] : BC;
  41547 : C0;
  41548 : C3;
  41549 : C8;
  41550 : CD;
  41551 : D2;
  41552 : D7;
  41553 : DA;
  41554 : DB;
  41555 : DD;
  41556 : DF;
  41557 : E0;
  41558 : E2;
  [41559..41560] : E3;
  41561 : E4;
  [41562..41563] : E5;
  [41564..41565] : E6;
  41566 : E7;
  [41567..41572] : E8;
  [41573..41575] : E9;
  [41576..41577] : E8;
  41578 : EA;
  41579 : CB;
  41580 : 1E;
  41581 : 00;
  41582 : 20;
  41583 : 33;
  41584 : 14;
  [41585..41586] : 19;
  41587 : 1A;
  41588 : 19;
  41589 : 18;
  [41590..41591] : 19;
  [41592..41593] : 1A;
  41594 : 19;
  41595 : 1A;
  [41596..41598] : 1B;
  41599 : 1C;
  [41600..41602] : 36;
  41603 : 35;
  41604 : 34;
  41605 : 35;
  41606 : 34;
  41607 : 32;
  [41608..41609] : 30;
  41610 : 31;
  41611 : 2F;
  41612 : 2E;
  41613 : 2D;
  41614 : 2B;
  41615 : 28;
  41616 : 22;
  41617 : 16;
  41618 : 00;
  41619 : 21;
  41620 : EA;
  41621 : F6;
  [41622..41625] : EF;
  [41626..41629] : EE;
  [41630..41633] : ED;
  [41634..41635] : EC;
  [41636..41637] : EB;
  41638 : EA;
  [41639..41640] : E9;
  41641 : E7;
  41642 : E6;
  41643 : EA;
  41644 : B6;
  41645 : 17;
  41646 : 00;
  41647 : 3F;
  41648 : 34;
  41649 : 16;
  41650 : 29;
  [41651..41653] : 2B;
  [41654..41657] : 2A;
  41658 : 26;
  41659 : 20;
  41660 : 1D;
  41661 : 20;
  41662 : 1A;
  41663 : 10;
  41664 : 36;
  41665 : 2B;
  [41666..41667] : 00;
  41668 : 2D;
  41669 : A9;
  41670 : B7;
  41671 : BE;
  41672 : C6;
  41673 : CF;
  41674 : D4;
  41675 : D8;
  41676 : DC;
  41677 : DE;
  41678 : E0;
  41679 : E1;
  41680 : E2;
  41681 : E3;
  41682 : E4;
  [41683..41684] : E3;
  41685 : E4;
  41686 : E3;
  41687 : E2;
  41688 : E6;
  41689 : BF;
  41690 : 16;
  41691 : 00;
  41692 : 43;
  41693 : 3F;
  41694 : 18;
  41695 : 28;
  41696 : 2D;
  41697 : 28;
  41698 : 22;
  41699 : 23;
  41700 : 2F;
  41701 : 32;
  41702 : 30;
  [41703..41705] : 31;
  41706 : 2F;
  41707 : 2D;
  41708 : 23;
  41709 : 18;
  41710 : 42;
  41711 : 1E;
  41712 : 00;
  41713 : 02;
  41714 : 72;
  41715 : B6;
  41716 : B8;
  41717 : BE;
  41718 : C5;
  41719 : CC;
  41720 : D2;
  41721 : D6;
  41722 : DA;
  41723 : DD;
  41724 : DF;
  41725 : E1;
  41726 : E2;
  41727 : E4;
  41728 : E5;
  [41729..41730] : E6;
  [41731..41732] : E7;
  41733 : E8;
  41734 : E7;
  41735 : AF;
  41736 : 10;
  41737 : CB;
  41738 : F6;
  41739 : EB;
  41740 : EA;
  41741 : E9;
  41742 : EA;
  [41743..41746] : E9;
  [41747..41748] : E8;
  [41749..41750] : E6;
  41751 : E5;
  41752 : E4;
  41753 : E2;
  41754 : E3;
  41755 : D6;
  41756 : 2D;
  41757 : 00;
  41758 : 1A;
  41759 : 54;
  41760 : 22;
  41761 : 23;
  [41762..41763] : 2E;
  41764 : 2F;
  [41765..41767] : 30;
  41768 : 2E;
  41769 : 2C;
  41770 : 26;
  41771 : 20;
  41772 : 1F;
  41773 : 2A;
  41774 : 1C;
  41775 : 28;
  41776 : 39;
  41777 : 02;
  41778 : 00;
  41779 : 6D;
  41780 : B8;
  41781 : B9;
  41782 : C0;
  41783 : C6;
  41784 : CD;
  41785 : D3;
  41786 : D7;
  41787 : D9;
  41788 : DC;
  41789 : DE;
  [41790..41792] : DF;
  41793 : DE;
  41794 : DD;
  41795 : DB;
  41796 : DE;
  41797 : 9D;
  41798 : 04;
  41799 : 00;
  41800 : 31;
  41801 : 55;
  41802 : 19;
  41803 : 1A;
  41804 : 27;
  41805 : 2A;
  41806 : 29;
  41807 : 27;
  41808 : 22;
  41809 : 1B;
  41810 : 20;
  [41811..41812] : 29;
  41813 : 28;
  41814 : 27;
  41815 : 25;
  41816 : 18;
  41817 : 34;
  41818 : 1F;
  41819 : 00;
  41820 : 1F;
  41821 : AD;
  41822 : BD;
  41823 : BE;
  41824 : C3;
  41825 : C8;
  41826 : CE;
  41827 : D3;
  41828 : D7;
  41829 : DA;
  41830 : DC;
  41831 : DD;
  [41832..41834] : DE;
  41835 : DD;
  41836 : DC;
  41837 : DB;
  41838 : DA;
  41839 : D3;
  41840 : 36;
  41841 : 00;
  41842 : 04;
  41843 : 33;
  41844 : 43;
  41845 : 13;
  41846 : 16;
  41847 : 1B;
  41848 : 1C;
  41849 : 25;
  41850 : 26;
  41851 : 23;
  [41852..41853] : 22;
  [41854..41856] : 23;
  41857 : 22;
  41858 : 20;
  41859 : 16;
  41860 : 21;
  41861 : 36;
  41862 : 00;
  41863 : 11;
  41864 : 97;
  [41865..41866] : BD;
  41867 : C1;
  41868 : C6;
  41869 : CB;
  41870 : D0;
  41871 : D4;
  41872 : D8;
  41873 : DB;
  41874 : DC;
  41875 : DE;
  41876 : E0;
  41877 : E1;
  41878 : E2;
  41879 : E3;
  [41880..41881] : E4;
  41882 : E5;
  [41883..41885] : E6;
  41886 : E7;
  [41887..41888] : E8;
  41889 : E9;
  [41890..41892] : E8;
  [41893..41894] : E9;
  [41895..41897] : E8;
  41898 : EA;
  41899 : CA;
  41900 : 1E;
  41901 : 00;
  41902 : 1F;
  41903 : 31;
  41904 : 12;
  [41905..41906] : 16;
  [41907..41909] : 17;
  41910 : 18;
  41911 : 19;
  41912 : 1A;
  [41913..41914] : 1B;
  [41915..41916] : 1A;
  41917 : 1B;
  41918 : 1C;
  41919 : 1D;
  41920 : 36;
  41921 : 37;
  [41922..41923] : 36;
  41924 : 35;
  [41925..41927] : 34;
  41928 : 32;
  41929 : 31;
  41930 : 30;
  [41931..41932] : 2E;
  41933 : 2C;
  41934 : 2A;
  41935 : 26;
  41936 : 21;
  41937 : 16;
  41938 : 00;
  41939 : 20;
  41940 : E9;
  41941 : F6;
  41942 : F0;
  [41943..41944] : EF;
  [41945..41951] : EE;
  [41952..41954] : ED;
  [41955..41956] : EC;
  [41957..41958] : EB;
  41959 : EA;
  [41960..41961] : E9;
  41962 : E7;
  41963 : EA;
  41964 : B4;
  41965 : 16;
  41966 : 00;
  41967 : 46;
  41968 : 3A;
  41969 : 2B;
  41970 : 2E;
  [41971..41975] : 2F;
  41976 : 2E;
  41977 : 2C;
  41978 : 26;
  41979 : 1F;
  41980 : 1A;
  41981 : 26;
  41982 : 2E;
  41983 : 26;
  41984 : 2F;
  41985 : 2E;
  [41986..41987] : 00;
  41988 : 30;
  41989 : AE;
  41990 : BA;
  41991 : C3;
  41992 : CC;
  41993 : D3;
  41994 : D7;
  41995 : DB;
  41996 : DE;
  41997 : E0;
  41998 : E2;
  41999 : E3;
  42000 : E4;
  [42001..42003] : E5;
  [42004..42007] : E4;
  42008 : E6;
  42009 : BE;
  42010 : 16;
  42011 : 00;
  42012 : 49;
  42013 : 3E;
  42014 : 2E;
  42015 : 30;
  42016 : 2F;
  42017 : 28;
  42018 : 1F;
  42019 : 22;
  42020 : 35;
  42021 : 38;
  42022 : 34;
  42023 : 33;
  42024 : 32;
  [42025..42026] : 31;
  42027 : 33;
  42028 : 35;
  42029 : 2C;
  42030 : 3B;
  42031 : 1F;
  42032 : 00;
  42033 : 02;
  42034 : 75;
  42035 : B9;
  42036 : BB;
  42037 : C2;
  42038 : CA;
  42039 : D0;
  42040 : D5;
  42041 : D9;
  42042 : DC;
  42043 : DE;
  42044 : E0;
  42045 : E1;
  42046 : E3;
  [42047..42048] : E5;
  [42049..42050] : E6;
  [42051..42052] : E7;
  [42053..42054] : E8;
  42055 : AF;
  42056 : 11;
  42057 : CA;
  42058 : F6;
  [42059..42061] : EA;
  42062 : E9;
  42063 : EA;
  42064 : E9;
  [42065..42066] : EA;
  42067 : E9;
  42068 : E8;
  42069 : E7;
  [42070..42071] : E6;
  42072 : E5;
  42073 : E3;
  42074 : E4;
  42075 : D5;
  42076 : 2C;
  42077 : 00;
  42078 : 20;
  42079 : 4D;
  42080 : 2C;
  42081 : 32;
  [42082..42084] : 33;
  [42085..42088] : 32;
  42089 : 30;
  42090 : 28;
  42091 : 1F;
  42092 : 1D;
  42093 : 2E;
  42094 : 33;
  42095 : 30;
  42096 : 3D;
  42097 : 02;
  42098 : 00;
  42099 : 6F;
  42100 : BA;
  42101 : BC;
  42102 : C4;
  42103 : CB;
  42104 : D1;
  42105 : D5;
  42106 : D8;
  42107 : DB;
  42108 : DE;
  42109 : E0;
  [42110..42112] : E1;
  42113 : E0;
  42114 : DF;
  42115 : DD;
  42116 : DF;
  42117 : 9B;
  42118 : 04;
  42119 : 00;
  42120 : 37;
  42121 : 47;
  42122 : 26;
  42123 : 2E;
  42124 : 2D;
  [42125..42127] : 2C;
  42128 : 26;
  42129 : 1C;
  42130 : 20;
  [42131..42132] : 2C;
  42133 : 2B;
  42134 : 2C;
  42135 : 2D;
  42136 : 27;
  42137 : 33;
  42138 : 25;
  42139 : 00;
  42140 : 21;
  42141 : AE;
  42142 : BE;
  42143 : C2;
  42144 : C8;
  42145 : CD;
  42146 : D2;
  42147 : D6;
  42148 : D9;
  42149 : DC;
  42150 : DD;
  42151 : DF;
  [42152..42154] : E0;
  42155 : DF;
  42156 : DE;
  42157 : DD;
  42158 : DB;
  42159 : D2;
  42160 : 35;
  42161 : 00;
  42162 : 03;
  42163 : 3E;
  42164 : 39;
  42165 : 1E;
  42166 : 22;
  [42167..42168] : 1A;
  42169 : 26;
  42170 : 2B;
  42171 : 28;
  [42172..42177] : 27;
  42178 : 25;
  42179 : 24;
  42180 : 2B;
  42181 : 39;
  42182 : 00;
  42183 : 12;
  42184 : 98;
  42185 : BF;
  42186 : C0;
  42187 : C5;
  42188 : CA;
  42189 : CF;
  42190 : D3;
  42191 : D7;
  42192 : DA;
  42193 : DC;
  42194 : DE;
  42195 : DF;
  42196 : E0;
  42197 : E2;
  42198 : E3;
  [42199..42200] : E4;
  [42201..42202] : E5;
  42203 : E6;
  [42204..42205] : E7;
  [42206..42210] : E8;
  42211 : E9;
  42212 : E8;
  [42213..42214] : E9;
  [42215..42217] : E8;
  42218 : EA;
  42219 : CA;
  42220 : 1F;
  42221 : 00;
  42222 : 21;
  42223 : 33;
  42224 : 13;
  [42225..42226] : 17;
  42227 : 16;
  42228 : 17;
  42229 : 19;
  42230 : 1A;
  42231 : 1B;
  42232 : 1C;
  [42233..42235] : 1D;
  42236 : 1C;
  [42237..42239] : 1D;
  42240 : 33;
  42241 : 32;
  [42242..42243] : 33;
  [42244..42246] : 31;
  [42247..42248] : 30;
  42249 : 2E;
  42250 : 2D;
  [42251..42252] : 2C;
  42253 : 29;
  42254 : 28;
  42255 : 25;
  42256 : 20;
  42257 : 18;
  42258 : 00;
  42259 : 20;
  42260 : E9;
  42261 : F5;
  42262 : F0;
  42263 : EF;
  [42264..42267] : EE;
  42268 : EF;
  42269 : ED;
  [42270..42271] : EE;
  [42272..42274] : ED;
  [42275..42276] : EC;
  42277 : EB;
  42278 : EC;
  42279 : EB;
  [42280..42281] : EA;
  42282 : E8;
  42283 : EA;
  42284 : B4;
  42285 : 17;
  42286 : 01;
  42287 : 48;
  42288 : 3B;
  42289 : 31;
  [42290..42291] : 33;
  42292 : 32;
  42293 : 31;
  42294 : 30;
  42295 : 31;
  42296 : 2F;
  42297 : 2E;
  42298 : 26;
  42299 : 1D;
  42300 : 17;
  42301 : 2A;
  42302 : 34;
  42303 : 2E;
  42304 : 2B;
  42305 : 32;
  42306 : 01;
  42307 : 00;
  42308 : 32;
  42309 : B3;
  42310 : C0;
  42311 : C9;
  42312 : D1;
  42313 : D6;
  42314 : DA;
  42315 : DE;
  42316 : E0;
  42317 : E2;
  42318 : E3;
  [42319..42321] : E5;
  [42322..42325] : E6;
  [42326..42327] : E5;
  42328 : E7;
  42329 : BD;
  42330 : 15;
  42331 : 00;
  42332 : 47;
  42333 : 3A;
  42334 : 33;
  42335 : 34;
  42336 : 33;
  42337 : 29;
  42338 : 1C;
  42339 : 22;
  42340 : 3D;
  42341 : 3B;
  [42342..42343] : 35;
  42344 : 33;
  42345 : 34;
  [42346..42347] : 33;
  42348 : 34;
  42349 : 32;
  42350 : 39;
  42351 : 28;
  42352 : 00;
  42353 : 02;
  42354 : 78;
  42355 : BE;
  42356 : C2;
  42357 : C9;
  42358 : CF;
  42359 : D4;
  42360 : D8;
  42361 : DB;
  42362 : DE;
  42363 : E0;
  42364 : E1;
  42365 : E3;
  42366 : E4;
  42367 : E5;
  42368 : E6;
  [42369..42371] : E7;
  42372 : E8;
  42373 : E9;
  42374 : E8;
  42375 : B1;
  42376 : 11;
  42377 : CB;
  42378 : F6;
  [42379..42380] : EA;
  42381 : E9;
  [42382..42386] : EA;
  42387 : E9;
  [42388..42389] : E8;
  [42390..42391] : E7;
  [42392..42394] : E6;
  42395 : D6;
  42396 : 2C;
  42397 : 00;
  42398 : 28;
  42399 : 4A;
  42400 : 33;
  42401 : 35;
  42402 : 34;
  [42403..42405] : 35;
  [42406..42408] : 34;
  42409 : 33;
  42410 : 2B;
  42411 : 1F;
  42412 : 19;
  42413 : 2D;
  42414 : 36;
  42415 : 2F;
  42416 : 3E;
  42417 : 05;
  42418 : 00;
  42419 : 70;
  42420 : BE;
  42421 : C2;
  42422 : CA;
  42423 : D1;
  42424 : D5;
  42425 : D9;
  42426 : DB;
  42427 : DE;
  42428 : E0;
  [42429..42432] : E2;
  [42433..42434] : E1;
  42435 : E0;
  42436 : E2;
  42437 : 9B;
  42438 : 03;
  42439 : 00;
  42440 : 39;
  42441 : 3A;
  42442 : 2D;
  [42443..42444] : 31;
  42445 : 30;
  42446 : 2F;
  42447 : 2E;
  42448 : 27;
  42449 : 1B;
  42450 : 1C;
  42451 : 30;
  42452 : 31;
  [42453..42455] : 2E;
  42456 : 2B;
  42457 : 33;
  42458 : 29;
  42459 : 00;
  42460 : 23;
  42461 : B2;
  42462 : C4;
  42463 : C8;
  42464 : CD;
  42465 : D2;
  42466 : D5;
  42467 : D9;
  42468 : DB;
  42469 : DE;
  42470 : E0;
  [42471..42475] : E1;
  42476 : E0;
  42477 : DF;
  42478 : DE;
  42479 : D4;
  42480 : 35;
  42481 : 00;
  42482 : 04;
  42483 : 49;
  42484 : 32;
  42485 : 29;
  42486 : 26;
  42487 : 1B;
  42488 : 17;
  42489 : 27;
  42490 : 32;
  42491 : 2C;
  [42492..42497] : 29;
  42498 : 28;
  42499 : 27;
  42500 : 2D;
  42501 : 37;
  42502 : 00;
  42503 : 13;
  42504 : 98;
  42505 : C0;
  42506 : C4;
  42507 : CA;
  42508 : CF;
  42509 : D3;
  42510 : D6;
  42511 : DA;
  42512 : DD;
  42513 : DE;
  42514 : DF;
  42515 : E0;
  42516 : E2;
  [42517..42518] : E3;
  42519 : E4;
  [42520..42521] : E5;
  [42522..42525] : E7;
  [42526..42531] : E8;
  [42532..42534] : E9;
  [42535..42537] : E8;
  42538 : EA;
  42539 : C9;
  42540 : 1E;
  42541 : 00;
  42542 : 22;
  42543 : 36;
  42544 : 13;
  42545 : 18;
  42546 : 1B;
  42547 : 1A;
  [42548..42549] : 19;
  [42550..42551] : 1A;
  [42552..42553] : 1C;
  42554 : 1B;
  [42555..42557] : 1C;
  [42558..42559] : 1D;
  42560 : 33;
  [42561..42562] : 32;
  42563 : 31;
  42564 : 2F;
  [42565..42566] : 30;
  42567 : 2F;
  [42568..42569] : 2E;
  [42570..42571] : 2D;
  42572 : 2B;
  42573 : 29;
  42574 : 27;
  42575 : 22;
  42576 : 1F;
  42577 : 17;
  42578 : 00;
  42579 : 20;
  42580 : E9;
  42581 : F6;
  42582 : F0;
  [42583..42585] : EF;
  42586 : EE;
  [42587..42588] : EF;
  [42589..42590] : EE;
  [42591..42594] : ED;
  [42595..42597] : EC;
  [42598..42600] : EB;
  42601 : EA;
  42602 : E9;
  42603 : EC;
  42604 : B7;
  42605 : 19;
  42606 : 02;
  42607 : 46;
  42608 : 3C;
  [42609..42611] : 35;
  42612 : 34;
  42613 : 33;
  42614 : 32;
  42615 : 33;
  42616 : 32;
  42617 : 30;
  42618 : 26;
  42619 : 1B;
  42620 : 13;
  42621 : 30;
  42622 : 38;
  42623 : 32;
  42624 : 2D;
  42625 : 36;
  42626 : 08;
  42627 : 00;
  42628 : 38;
  42629 : BE;
  42630 : CB;
  42631 : D2;
  42632 : D7;
  42633 : DB;
  42634 : DE;
  42635 : E0;
  42636 : E2;
  42637 : E3;
  42638 : E5;
  [42639..42640] : E6;
  [42641..42646] : E7;
  42647 : E6;
  42648 : E9;
  42649 : C0;
  42650 : 16;
  42651 : 00;
  42652 : 41;
  [42653..42655] : 38;
  42656 : 36;
  42657 : 2A;
  42658 : 19;
  42659 : 21;
  42660 : 46;
  42661 : 3C;
  42662 : 36;
  [42663..42666] : 35;
  [42667..42668] : 34;
  42669 : 35;
  42670 : 39;
  42671 : 30;
  42672 : 00;
  42673 : 03;
  42674 : 81;
  42675 : C6;
  42676 : C9;
  42677 : CF;
  42678 : D4;
  42679 : D8;
  42680 : DB;
  42681 : DD;
  42682 : E0;
  42683 : E1;
  42684 : E3;
  42685 : E4;
  42686 : E5;
  [42687..42688] : E6;
  [42689..42690] : E7;
  [42691..42692] : E8;
  42693 : E9;
  42694 : E8;
  42695 : B1;
  42696 : 11;
  42697 : CC;
  42698 : F6;
  [42699..42705] : EA;
  [42706..42708] : E9;
  [42709..42711] : E8;
  [42712..42714] : E7;
  42715 : D8;
  42716 : 2E;
  42717 : 00;
  42718 : 2F;
  42719 : 43;
  42720 : 34;
  42721 : 36;
  42722 : 37;
  [42723..42728] : 36;
  42729 : 35;
  42730 : 2F;
  42731 : 1F;
  42732 : 12;
  42733 : 2A;
  42734 : 38;
  42735 : 31;
  42736 : 3E;
  42737 : 0A;
  42738 : 00;
  42739 : 7F;
  42740 : CB;
  42741 : CC;
  42742 : D2;
  42743 : D6;
  42744 : DA;
  42745 : DC;
  42746 : DE;
  42747 : E0;
  42748 : E1;
  42749 : E3;
  [42750..42752] : E4;
  [42753..42754] : E3;
  42755 : E2;
  42756 : E5;
  42757 : A5;
  42758 : 06;
  42759 : 00;
  42760 : 3E;
  42761 : 37;
  [42762..42765] : 33;
  42766 : 32;
  42767 : 31;
  42768 : 29;
  42769 : 1A;
  42770 : 16;
  42771 : 31;
  42772 : 35;
  42773 : 30;
  [42774..42775] : 2F;
  42776 : 2E;
  42777 : 32;
  42778 : 2D;
  42779 : 00;
  42780 : 28;
  42781 : BB;
  42782 : CC;
  42783 : CF;
  42784 : D3;
  42785 : D7;
  42786 : D9;
  42787 : DC;
  42788 : DE;
  42789 : DF;
  42790 : E1;
  [42791..42793] : E2;
  42794 : E3;
  [42795..42796] : E2;
  [42797..42798] : E1;
  42799 : DA;
  42800 : 3A;
  42801 : 00;
  42802 : 0D;
  42803 : 49;
  42804 : 2E;
  42805 : 2D;
  42806 : 29;
  42807 : 1E;
  42808 : 12;
  42809 : 27;
  42810 : 3A;
  42811 : 2E;
  [42812..42813] : 2A;
  [42814..42816] : 2B;
  [42817..42819] : 2A;
  42820 : 2E;
  42821 : 34;
  42822 : 00;
  42823 : 18;
  42824 : A2;
  42825 : C7;
  42826 : CB;
  42827 : D0;
  42828 : D4;
  42829 : D8;
  42830 : DA;
  42831 : DC;
  42832 : DE;
  [42833..42834] : E0;
  42835 : E1;
  [42836..42837] : E3;
  42838 : E4;
  [42839..42840] : E5;
  42841 : E6;
  [42842..42846] : E7;
  [42847..42853] : E8;
  [42854..42855] : E9;
  [42856..42857] : E8;
  42858 : EA;
  42859 : CA;
  42860 : 1E;
  42861 : 00;
  42862 : 22;
  42863 : 33;
  42864 : 12;
  [42865..42866] : 17;
  42867 : 18;
  42868 : 17;
  [42869..42871] : 18;
  42872 : 19;
  42873 : 18;
  42874 : 19;
  [42875..42879] : 1A;
  42880 : 33;
  42881 : 32;
  42882 : 33;
  42883 : 32;
  [42884..42886] : 31;
  42887 : 2F;
  42888 : 2E;
  [42889..42890] : 2D;
  42891 : 2C;
  42892 : 2A;
  [42893..42894] : 29;
  42895 : 24;
  42896 : 20;
  42897 : 16;
  42898 : 00;
  42899 : 20;
  42900 : E8;
  42901 : F5;
  [42902..42909] : EF;
  [42910..42911] : EE;
  [42912..42914] : ED;
  42915 : EC;
  42916 : ED;
  [42917..42919] : EC;
  [42920..42922] : EB;
  42923 : EE;
  42924 : BC;
  42925 : 1E;
  42926 : 02;
  42927 : 3E;
  42928 : 43;
  42929 : 3B;
  42930 : 39;
  42931 : 38;
  42932 : 37;
  42933 : 38;
  [42934..42935] : 37;
  42936 : 35;
  42937 : 32;
  42938 : 27;
  42939 : 1A;
  42940 : 12;
  42941 : 3C;
  42942 : 3D;
  42943 : 37;
  42944 : 35;
  42945 : 3B;
  42946 : 11;
  42947 : 00;
  42948 : 46;
  42949 : CF;
  42950 : D4;
  42951 : D8;
  42952 : DB;
  42953 : DE;
  42954 : E0;
  42955 : E2;
  42956 : E3;
  42957 : E4;
  42958 : E6;
  [42959..42960] : E7;
  42961 : E8;
  [42962..42963] : E7;
  42964 : E8;
  42965 : E7;
  [42966..42967] : E8;
  42968 : EB;
  42969 : C7;
  42970 : 1B;
  42971 : 00;
  42972 : 3B;
  42973 : 3C;
  [42974..42975] : 3D;
  42976 : 3B;
  42977 : 2E;
  42978 : 18;
  42979 : 24;
  42980 : 53;
  42981 : 3E;
  [42982..42984] : 39;
  42985 : 3A;
  [42986..42987] : 39;
  42988 : 38;
  [42989..42990] : 39;
  42991 : 33;
  42992 : 01;
  42993 : 05;
  42994 : 95;
  42995 : D1;
  42996 : D2;
  42997 : D6;
  42998 : D9;
  42999 : DC;
  43000 : DD;
  43001 : DF;
  43002 : E1;
  43003 : E3;
  [43004..43005] : E4;
  [43006..43007] : E6;
  [43008..43009] : E7;
  [43010..43012] : E8;
  43013 : E9;
  43014 : E8;
  43015 : B2;
  43016 : 11;
  43017 : CC;
  43018 : F7;
  [43019..43020] : EB;
  [43021..43025] : EA;
  [43026..43028] : E9;
  43029 : E8;
  [43030..43032] : E9;
  43033 : E8;
  43034 : E9;
  43035 : DE;
  43036 : 35;
  43037 : 00;
  43038 : 2F;
  43039 : 40;
  43040 : 39;
  43041 : 3A;
  43042 : 3B;
  43043 : 3A;
  [43044..43045] : 39;
  [43046..43047] : 3A;
  43048 : 39;
  43049 : 38;
  43050 : 31;
  43051 : 1F;
  43052 : 0E;
  43053 : 31;
  43054 : 42;
  43055 : 3A;
  43056 : 41;
  43057 : 0E;
  43058 : 01;
  43059 : 95;
  [43060..43061] : D3;
  43062 : D7;
  43063 : DB;
  43064 : DD;
  43065 : DF;
  43066 : E1;
  43067 : E2;
  43068 : E3;
  [43069..43071] : E4;
  [43072..43074] : E5;
  43075 : E4;
  43076 : E7;
  43077 : AF;
  43078 : 09;
  43079 : 02;
  43080 : 39;
  43081 : 37;
  43082 : 39;
  43083 : 37;
  [43084..43085] : 38;
  43086 : 35;
  43087 : 33;
  43088 : 2D;
  43089 : 1D;
  43090 : 12;
  43091 : 34;
  43092 : 3E;
  43093 : 35;
  43094 : 34;
  [43095..43096] : 35;
  43097 : 38;
  43098 : 2B;
  43099 : 00;
  43100 : 36;
  43101 : CC;
  43102 : D4;
  43103 : D7;
  43104 : D9;
  43105 : DB;
  43106 : DD;
  43107 : DF;
  43108 : E0;
  43109 : E1;
  43110 : E2;
  [43111..43112] : E3;
  [43113..43114] : E4;
  43115 : E3;
  43116 : E4;
  [43117..43118] : E3;
  43119 : E1;
  43120 : 42;
  43121 : 00;
  43122 : 17;
  43123 : 40;
  43124 : 2F;
  43125 : 30;
  43126 : 2D;
  43127 : 24;
  43128 : 13;
  43129 : 23;
  43130 : 42;
  43131 : 2F;
  [43132..43135] : 2E;
  [43136..43139] : 2D;
  43140 : 30;
  43141 : 28;
  43142 : 00;
  43143 : 23;
  43144 : B6;
  43145 : CF;
  43146 : D2;
  43147 : D6;
  43148 : D9;
  43149 : DB;
  43150 : DD;
  43151 : DE;
  43152 : E0;
  43153 : E1;
  [43154..43155] : E2;
  [43156..43157] : E4;
  [43158..43159] : E5;
  [43160..43161] : E6;
  [43162..43165] : E7;
  [43166..43177] : E8;
  43178 : EB;
  43179 : CA;
  43180 : 1E;
  43181 : 00;
  43182 : 23;
  43183 : 33;
  43184 : 11;
  43185 : 15;
  43186 : 16;
  [43187..43189] : 17;
  [43190..43193] : 18;
  [43194..43195] : 19;
  [43196..43197] : 1A;
  [43198..43199] : 1B;
  43200 : 33;
  [43201..43202] : 32;
  [43203..43206] : 33;
  [43207..43208] : 31;
  [43209..43210] : 2F;
  43211 : 2E;
  43212 : 2C;
  43213 : 2B;
  43214 : 2C;
  43215 : 27;
  43216 : 21;
  43217 : 17;
  43218 : 00;
  43219 : 1F;
  43220 : E8;
  43221 : F5;
  [43222..43224] : EF;
  [43225..43231] : EE;
  [43232..43235] : ED;
  [43236..43242] : EC;
  43243 : EF;
  43244 : C2;
  43245 : 25;
  43246 : 03;
  43247 : 1E;
  43248 : 35;
  43249 : 2F;
  43250 : 2B;
  43251 : 29;
  43252 : 2A;
  43253 : 2B;
  43254 : 2A;
  43255 : 29;
  43256 : 27;
  43257 : 22;
  43258 : 1B;
  43259 : 15;
  43260 : 0C;
  43261 : 3D;
  43262 : 32;
  43263 : 2C;
  43264 : 2E;
  43265 : 2A;
  43266 : 0C;
  43267 : 00;
  43268 : 52;
  43269 : DC;
  43270 : DB;
  43271 : DD;
  43272 : DF;
  43273 : E1;
  43274 : E2;
  43275 : E3;
  [43276..43277] : E5;
  [43278..43279] : E7;
  [43280..43284] : E8;
  43285 : E9;
  43286 : E8;
  43287 : E9;
  43288 : EC;
  43289 : CD;
  43290 : 22;
  43291 : 00;
  43292 : 23;
  43293 : 36;
  43294 : 32;
  43295 : 2F;
  43296 : 2B;
  43297 : 20;
  43298 : 0E;
  43299 : 1C;
  43300 : 47;
  43301 : 2A;
  43302 : 29;
  43303 : 2A;
  [43304..43305] : 2B;
  [43306..43308] : 2A;
  [43309..43310] : 29;
  43311 : 20;
  43312 : 04;
  43313 : 08;
  43314 : A9;
  [43315..43316] : D9;
  43317 : DB;
  43318 : DD;
  43319 : DF;
  43320 : E0;
  43321 : E1;
  43322 : E3;
  [43323..43324] : E4;
  43325 : E5;
  43326 : E6;
  [43327..43329] : E7;
  [43330..43332] : E8;
  43333 : E9;
  43334 : E8;
  43335 : B0;
  43336 : 10;
  43337 : CB;
  43338 : F6;
  [43339..43341] : EB;
  [43342..43346] : EA;
  [43347..43352] : E9;
  43353 : E8;
  43354 : EA;
  43355 : E4;
  43356 : 3D;
  43357 : 00;
  43358 : 15;
  43359 : 2A;
  43360 : 29;
  43361 : 28;
  43362 : 27;
  [43363..43364] : 26;
  43365 : 25;
  [43366..43367] : 26;
  43368 : 24;
  43369 : 22;
  43370 : 1D;
  43371 : 18;
  43372 : 0B;
  43373 : 2D;
  43374 : 37;
  43375 : 2E;
  43376 : 28;
  43377 : 05;
  43378 : 03;
  43379 : AB;
  43380 : DC;
  43381 : DA;
  43382 : DC;
  43383 : DE;
  43384 : E1;
  43385 : E2;
  [43386..43387] : E3;
  43388 : E4;
  [43389..43392] : E5;
  [43393..43395] : E6;
  43396 : E9;
  43397 : B5;
  43398 : 0C;
  43399 : 02;
  43400 : 1D;
  43401 : 29;
  43402 : 26;
  43403 : 24;
  [43404..43405] : 23;
  43406 : 21;
  43407 : 20;
  43408 : 1C;
  43409 : 16;
  43410 : 0A;
  43411 : 26;
  43412 : 2E;
  43413 : 25;
  43414 : 24;
  43415 : 25;
  [43416..43417] : 26;
  43418 : 12;
  43419 : 00;
  43420 : 43;
  43421 : DB;
  43422 : DA;
  43423 : DC;
  43424 : DE;
  43425 : DF;
  43426 : E0;
  43427 : E1;
  [43428..43429] : E2;
  43430 : E3;
  [43431..43438] : E4;
  43439 : E5;
  43440 : 46;
  43441 : 00;
  43442 : 0F;
  43443 : 25;
  43444 : 20;
  43445 : 1E;
  43446 : 1C;
  43447 : 17;
  43448 : 0B;
  43449 : 12;
  43450 : 33;
  [43451..43455] : 1D;
  43456 : 1B;
  43457 : 1C;
  43458 : 1D;
  43459 : 1F;
  43460 : 20;
  43461 : 0F;
  43462 : 00;
  43463 : 31;
  43464 : CC;
  43465 : D6;
  43466 : D8;
  43467 : DA;
  43468 : DC;
  43469 : DE;
  [43470..43471] : E0;
  43472 : E1;
  43473 : E2;
  43474 : E3;
  [43475..43476] : E4;
  [43477..43479] : E5;
  43480 : E6;
  [43481..43484] : E7;
  [43485..43497] : E8;
  43498 : EB;
  43499 : C8;
  43500 : 1C;
  43501 : 00;
  43502 : 23;
  43503 : 35;
  43504 : 13;
  [43505..43507] : 18;
  [43508..43510] : 19;
  43511 : 1A;
  43512 : 1B;
  [43513..43514] : 1A;
  [43515..43517] : 1B;
  43518 : 1A;
  43519 : 1B;
  [43520..43521] : 31;
  [43522..43524] : 32;
  43525 : 31;
  43526 : 2E;
  43527 : 2F;
  43528 : 31;
  43529 : 30;
  43530 : 2F;
  43531 : 2E;
  [43532..43533] : 2C;
  43534 : 2B;
  43535 : 27;
  43536 : 20;
  43537 : 17;
  43538 : 00;
  43539 : 1F;
  43540 : E8;
  43541 : F6;
  [43542..43544] : EF;
  [43545..43551] : EE;
  [43552..43557] : ED;
  43558 : EC;
  [43559..43562] : ED;
  43563 : EE;
  43564 : C8;
  43565 : 32;
  [43566..43567] : 04;
  43568 : 06;
  43569 : 04;
  43570 : 03;
  43571 : 02;
  43572 : 03;
  43573 : 04;
  [43574..43575] : 02;
  43576 : 01;
  [43577..43578] : 00;
  43579 : 02;
  43580 : 01;
  43581 : 05;
  43582 : 04;
  [43583..43584] : 05;
  43585 : 06;
  43586 : 05;
  43587 : 00;
  43588 : 56;
  43589 : E4;
  43590 : DF;
  43591 : E1;
  43592 : E2;
  43593 : E3;
  [43594..43595] : E5;
  43596 : E6;
  [43597..43599] : E8;
  [43600..43602] : E9;
  43603 : E8;
  [43604..43606] : E9;
  43607 : EA;
  43608 : EC;
  43609 : D0;
  43610 : 26;
  43611 : 00;
  43612 : 05;
  43613 : 09;
  43614 : 07;
  43615 : 05;
  43616 : 03;
  [43617..43618] : 01;
  43619 : 03;
  43620 : 05;
  [43621..43622] : 03;
  [43623..43625] : 02;
  [43626..43627] : 01;
  [43628..43629] : 02;
  43630 : 01;
  43631 : 05;
  43632 : 01;
  43633 : 0A;
  43634 : BC;
  43635 : E4;
  43636 : DE;
  43637 : DF;
  43638 : E0;
  43639 : E2;
  43640 : E3;
  43641 : E4;
  [43642..43643] : E5;
  [43644..43645] : E6;
  [43646..43648] : E7;
  [43649..43651] : E8;
  [43652..43654] : E9;
  43655 : B2;
  43656 : 12;
  43657 : CC;
  43658 : F7;
  [43659..43660] : EB;
  [43661..43669] : EA;
  [43670..43673] : E9;
  43674 : EA;
  43675 : E4;
  43676 : 3C;
  43677 : 00;
  43678 : 01;
  43679 : 03;
  43680 : 02;
  43681 : 01;
  [43682..43690] : 00;
  43691 : 02;
  43692 : 03;
  43693 : 07;
  43694 : 05;
  [43695..43696] : 03;
  43697 : 00;
  43698 : 06;
  43699 : BE;
  43700 : E6;
  43701 : E0;
  43702 : E1;
  43703 : E2;
  43704 : E3;
  [43705..43707] : E4;
  [43708..43709] : E5;
  [43710..43714] : E6;
  43715 : E7;
  43716 : E9;
  43717 : B9;
  43718 : 09;
  43719 : 00;
  43720 : 03;
  43721 : 02;
  [43722..43728] : 00;
  [43729..43730] : 02;
  43731 : 04;
  43732 : 01;
  [43733..43734] : 00;
  [43735..43736] : 01;
  43737 : 02;
  43738 : 01;
  43739 : 00;
  43740 : 52;
  43741 : E3;
  43742 : DD;
  43743 : DF;
  43744 : E1;
  [43745..43746] : E2;
  [43747..43748] : E3;
  [43749..43750] : E4;
  [43751..43755] : E5;
  43756 : E4;
  [43757..43758] : E5;
  43759 : E7;
  43760 : 45;
  43761 : 00;
  43762 : 01;
  [43763..43768] : 00;
  43769 : 01;
  43770 : 02;
  [43771..43778] : 00;
  43779 : 01;
  43780 : 03;
  43781 : 01;
  43782 : 00;
  43783 : 48;
  43784 : DC;
  43785 : DE;
  43786 : DD;
  43787 : DE;
  43788 : E0;
  43789 : E1;
  43790 : E2;
  [43791..43792] : E3;
  [43793..43794] : E4;
  [43795..43797] : E5;
  [43798..43800] : E6;
  [43801..43803] : E7;
  43804 : E8;
  43805 : E9;
  [43806..43817] : E8;
  43818 : EA;
  43819 : C8;
  43820 : 1C;
  43821 : 00;
  43822 : 23;
  43823 : 37;
  43824 : 15;
  [43825..43829] : 19;
  [43830..43831] : 1A;
  43832 : 1B;
  43833 : 1C;
  [43834..43835] : 1E;
  [43836..43837] : 1F;
  43838 : 1D;
  43839 : 1F;
  [43840..43841] : 31;
  43842 : 32;
  43843 : 31;
  [43844..43846] : 30;
  43847 : 31;
  43848 : 32;
  [43849..43850] : 31;
  43851 : 30;
  [43852..43853] : 2E;
  43854 : 2B;
  43855 : 23;
  43856 : 1F;
  43857 : 17;
  43858 : 00;
  43859 : 1E;
  43860 : E8;
  43861 : F6;
  [43862..43863] : EF;
  [43864..43871] : EE;
  [43872..43882] : ED;
  43883 : EF;
  43884 : CF;
  43885 : 46;
  43886 : 12;
  43887 : 0E;
  [43888..43889] : 11;
  43890 : 10;
  43891 : 0F;
  43892 : 0D;
  43893 : 0C;
  [43894..43895] : 0B;
  43896 : 0C;
  43897 : 0D;
  43898 : 09;
  [43899..43901] : 00;
  43902 : 0C;
  43903 : 0D;
  43904 : 10;
  43905 : 13;
  43906 : 15;
  43907 : 11;
  43908 : 71;
  43909 : EB;
  [43910..43911] : E4;
  [43912..43913] : E5;
  [43914..43916] : E7;
  43917 : E8;
  [43918..43920] : E9;
  43921 : EA;
  [43922..43926] : E9;
  43927 : EA;
  43928 : EB;
  43929 : D7;
  43930 : 41;
  43931 : 12;
  43932 : 14;
  [43933..43935] : 16;
  43936 : 15;
  43937 : 08;
  [43938..43939] : 00;
  43940 : 07;
  43941 : 11;
  43942 : 12;
  [43943..43946] : 13;
  43947 : 12;
  43948 : 14;
  [43949..43950] : 15;
  43951 : 16;
  43952 : 15;
  43953 : 25;
  43954 : C7;
  43955 : E5;
  43956 : E2;
  [43957..43958] : E3;
  43959 : E4;
  [43960..43962] : E5;
  [43963..43964] : E6;
  43965 : E7;
  [43966..43968] : E8;
  [43969..43972] : E9;
  43973 : EA;
  43974 : E9;
  43975 : B4;
  43976 : 11;
  43977 : CB;
  43978 : F7;
  [43979..43980] : EB;
  [43981..43988] : EA;
  [43989..43991] : E9;
  43992 : EA;
  [43993..43994] : E9;
  43995 : E7;
  43996 : 5E;
  43997 : 1B;
  43998 : 1D;
  43999 : 20;
  44000 : 21;
  44001 : 1D;
  [44002..44003] : 1B;
  44004 : 1C;
  44005 : 1B;
  44006 : 19;
  [44007..44008] : 18;
  44009 : 19;
  44010 : 1B;
  44011 : 0A;
  44012 : 01;
  44013 : 00;
  44014 : 13;
  44015 : 1C;
  44016 : 20;
  44017 : 23;
  44018 : 33;
  44019 : CE;
  44020 : E7;
  [44021..44022] : E3;
  44023 : E4;
  [44024..44026] : E5;
  [44027..44029] : E6;
  [44030..44032] : E7;
  44033 : E6;
  44034 : E7;
  44035 : E8;
  44036 : EA;
  44037 : C7;
  44038 : 33;
  44039 : 22;
  44040 : 25;
  44041 : 26;
  44042 : 23;
  44043 : 22;
  44044 : 21;
  [44045..44046] : 22;
  44047 : 23;
  44048 : 22;
  44049 : 0D;
  [44050..44051] : 00;
  44052 : 16;
  [44053..44054] : 1F;
  44055 : 23;
  [44056..44057] : 22;
  44058 : 27;
  44059 : 2A;
  44060 : 7E;
  44061 : E9;
  44062 : E0;
  44063 : E1;
  44064 : E3;
  [44065..44069] : E4;
  [44070..44078] : E5;
  44079 : E8;
  44080 : 72;
  [44081..44082] : 29;
  44083 : 28;
  44084 : 29;
  44085 : 2A;
  44086 : 29;
  44087 : 1E;
  44088 : 04;
  44089 : 00;
  44090 : 0A;
  [44091..44092] : 1E;
  44093 : 20;
  [44094..44095] : 21;
  44096 : 22;
  [44097..44098] : 23;
  44099 : 24;
  44100 : 26;
  44101 : 28;
  44102 : 2D;
  44103 : 73;
  44104 : E2;
  44105 : E1;
  44106 : E0;
  44107 : E1;
  44108 : E2;
  44109 : E3;
  44110 : E4;
  [44111..44114] : E5;
  [44115..44117] : E6;
  44118 : E7;
  44119 : E6;
  [44120..44121] : E7;
  [44122..44123] : E8;
  44124 : E9;
  [44125..44133] : E8;
  44134 : E7;
  [44135..44137] : E8;
  44138 : EA;
  44139 : C9;
  44140 : 1D;
  44141 : 00;
  44142 : 25;
  44143 : 37;
  44144 : 14;
  44145 : 17;
  44146 : 18;
  [44147..44148] : 19;
  44149 : 1B;
  44150 : 1A;
  44151 : 19;
  44152 : 1A;
  44153 : 19;
  44154 : 1B;
  [44155..44156] : 1C;
  44157 : 1D;
  [44158..44159] : 1E;
  44160 : 34;
  [44161..44162] : 33;
  44163 : 31;
  44164 : 30;
  44165 : 31;
  [44166..44167] : 30;
  44168 : 2F;
  [44169..44170] : 2E;
  [44171..44172] : 2F;
  44173 : 2E;
  44174 : 2C;
  44175 : 25;
  44176 : 20;
  44177 : 17;
  44178 : 00;
  44179 : 1E;
  44180 : E8;
  44181 : F6;
  [44182..44184] : EF;
  [44185..44195] : EE;
  [44196..44203] : ED;
  44204 : E9;
  44205 : D8;
  44206 : CF;
  [44207..44208] : CE;
  44209 : CD;
  44210 : C9;
  44211 : C6;
  44212 : C1;
  [44213..44214] : BE;
  44215 : BF;
  44216 : C0;
  44217 : C1;
  44218 : A5;
  44219 : 48;
  44220 : 0B;
  44221 : 96;
  44222 : C3;
  44223 : BC;
  44224 : C0;
  44225 : C4;
  44226 : C8;
  44227 : CD;
  44228 : E1;
  44229 : E8;
  [44230..44232] : E6;
  [44233..44234] : E7;
  [44235..44237] : E8;
  44238 : E9;
  44239 : EA;
  44240 : E9;
  [44241..44243] : EA;
  [44244..44246] : E9;
  [44247..44248] : EA;
  44249 : E9;
  44250 : DB;
  44251 : D3;
  44252 : D2;
  44253 : D0;
  44254 : CB;
  [44255..44256] : CA;
  44257 : 9D;
  44258 : 23;
  44259 : 2C;
  44260 : BF;
  44261 : C5;
  44262 : C3;
  44263 : C5;
  44264 : C4;
  [44265..44266] : C3;
  44267 : C4;
  44268 : C6;
  44269 : C8;
  44270 : CB;
  44271 : CD;
  44272 : CE;
  44273 : D3;
  [44274..44275] : E3;
  44276 : E4;
  [44277..44278] : E5;
  44279 : E6;
  [44280..44281] : E7;
  44282 : E6;
  [44283..44284] : E7;
  [44285..44287] : E8;
  [44288..44290] : E9;
  44291 : EA;
  44292 : E9;
  44293 : EA;
  44294 : E8;
  44295 : B5;
  44296 : 12;
  44297 : CC;
  44298 : F8;
  [44299..44300] : EB;
  [44301..44308] : EA;
  [44309..44310] : E9;
  [44311..44312] : EA;
  44313 : E9;
  [44314..44315] : E8;
  44316 : E2;
  44317 : DB;
  [44318..44320] : D9;
  44321 : D7;
  44322 : D4;
  [44323..44324] : D1;
  44325 : CE;
  [44326..44327] : CB;
  44328 : CC;
  44329 : CE;
  44330 : CB;
  44331 : 93;
  44332 : 0B;
  44333 : 55;
  44334 : D6;
  44335 : D2;
  44336 : D3;
  44337 : D7;
  44338 : DC;
  44339 : E6;
  [44340..44343] : E4;
  [44344..44347] : E6;
  [44348..44353] : E7;
  [44354..44356] : E8;
  44357 : E7;
  44358 : E0;
  44359 : DC;
  44360 : DB;
  44361 : DA;
  44362 : D7;
  [44363..44365] : D4;
  [44366..44367] : D5;
  44368 : D2;
  44369 : 97;
  44370 : 0C;
  44371 : 5A;
  44372 : D5;
  44373 : D0;
  44374 : D1;
  44375 : D2;
  44376 : D0;
  44377 : D1;
  44378 : D6;
  44379 : DC;
  44380 : E3;
  44381 : E5;
  [44382..44383] : E3;
  [44384..44385] : E4;
  [44386..44390] : E5;
  [44391..44394] : E6;
  44395 : E5;
  44396 : E6;
  [44397..44398] : E5;
  44399 : E4;
  44400 : E5;
  44401 : E1;
  44402 : DD;
  [44403..44404] : DC;
  44405 : DA;
  44406 : D8;
  44407 : C9;
  44408 : 51;
  44409 : 15;
  44410 : B5;
  44411 : D3;
  44412 : CA;
  44413 : CC;
  44414 : CE;
  44415 : CF;
  44416 : D0;
  [44417..44418] : D1;
  44419 : D2;
  44420 : D5;
  44421 : D9;
  44422 : DC;
  44423 : E0;
  [44424..44427] : E3;
  44428 : E4;
  [44429..44430] : E5;
  [44431..44434] : E6;
  44435 : E7;
  44436 : E6;
  [44437..44439] : E7;
  44440 : E8;
  [44441..44444] : E7;
  [44445..44449] : E8;
  44450 : E7;
  [44451..44457] : E8;
  44458 : EA;
  44459 : CA;
  44460 : 1E;
  44461 : 00;
  44462 : 24;
  44463 : 36;
  44464 : 12;
  44465 : 16;
  [44466..44467] : 17;
  44468 : 18;
  [44469..44472] : 19;
  44473 : 1A;
  [44474..44475] : 1B;
  44476 : 1C;
  44477 : 1D;
  [44478..44479] : 1E;
  44480 : 32;
  44481 : 33;
  44482 : 31;
  44483 : 2F;
  44484 : 30;
  [44485..44486] : 31;
  44487 : 30;
  [44488..44489] : 2D;
  44490 : 2F;
  [44491..44492] : 2E;
  44493 : 2D;
  44494 : 2C;
  44495 : 25;
  44496 : 22;
  44497 : 19;
  44498 : 00;
  44499 : 1E;
  44500 : E7;
  44501 : F6;
  [44502..44506] : EF;
  [44507..44516] : EE;
  44517 : ED;
  44518 : EE;
  [44519..44524] : ED;
  44525 : F0;
  44526 : F1;
  44527 : F0;
  44528 : EF;
  [44529..44530] : EE;
  44531 : ED;
  [44532..44533] : EC;
  44534 : EB;
  44535 : EC;
  44536 : EB;
  44537 : E9;
  44538 : D6;
  44539 : 89;
  44540 : 25;
  44541 : EB;
  44542 : F0;
  [44543..44544] : E7;
  [44545..44546] : E9;
  44547 : EA;
  44548 : E8;
  [44549..44550] : E7;
  [44551..44553] : E8;
  44554 : E9;
  44555 : E8;
  [44556..44558] : E9;
  44559 : EA;
  [44560..44561] : EB;
  [44562..44569] : EA;
  [44570..44572] : ED;
  44573 : EC;
  44574 : EA;
  44575 : E9;
  44576 : E8;
  44577 : D4;
  44578 : 4C;
  44579 : 5B;
  44580 : FF;
  44581 : EC;
  44582 : E8;
  [44583..44584] : E6;
  [44585..44591] : E7;
  [44592..44593] : E8;
  [44594..44596] : E5;
  [44597..44598] : E6;
  [44599..44602] : E7;
  [44603..44605] : E8;
  [44606..44608] : E9;
  [44609..44610] : EA;
  44611 : E9;
  44612 : EA;
  44613 : EB;
  44614 : E8;
  44615 : B7;
  44616 : 12;
  44617 : CD;
  44618 : F8;
  44619 : EC;
  44620 : EB;
  [44621..44626] : EA;
  44627 : E9;
  [44628..44629] : EA;
  44630 : EB;
  [44631..44632] : EA;
  [44633..44635] : E9;
  44636 : EA;
  [44637..44638] : EC;
  44639 : EB;
  [44640..44641] : EA;
  44642 : E9;
  44643 : E8;
  44644 : E7;
  [44645..44648] : E6;
  44649 : E5;
  44650 : E1;
  44651 : C7;
  44652 : 1F;
  44653 : 8E;
  44654 : FD;
  [44655..44656] : E8;
  44657 : E7;
  44658 : E6;
  44659 : E5;
  44660 : E6;
  [44661..44662] : E5;
  [44663..44664] : E6;
  [44665..44669] : E7;
  44670 : E8;
  44671 : E7;
  [44672..44677] : E8;
  44678 : E9;
  44679 : EA;
  44680 : E9;
  [44681..44682] : E8;
  44683 : E7;
  44684 : E6;
  44685 : E5;
  [44686..44687] : E4;
  44688 : E2;
  44689 : C9;
  44690 : 23;
  44691 : 96;
  44692 : FD;
  44693 : E5;
  44694 : E4;
  [44695..44697] : E3;
  [44698..44700] : E4;
  [44701..44702] : E3;
  [44703..44704] : E4;
  [44705..44707] : E5;
  [44708..44710] : E6;
  44711 : E7;
  44712 : E6;
  44713 : E7;
  44714 : E6;
  44715 : E7;
  44716 : E6;
  44717 : E7;
  [44718..44719] : E6;
  44720 : E7;
  [44721..44722] : E8;
  44723 : E7;
  44724 : E5;
  [44725..44726] : E3;
  44727 : E6;
  44728 : 7B;
  44729 : 3A;
  44730 : F1;
  44731 : EB;
  44732 : DF;
  44733 : E0;
  [44734..44735] : E1;
  [44736..44738] : E2;
  [44739..44740] : E3;
  44741 : E4;
  [44742..44743] : E5;
  [44744..44748] : E4;
  44749 : E5;
  [44750..44752] : E6;
  44753 : E7;
  44754 : E6;
  44755 : E7;
  44756 : E8;
  [44757..44760] : E7;
  44761 : E8;
  [44762..44763] : E7;
  [44764..44767] : E8;
  44768 : E7;
  [44769..44777] : E8;
  44778 : EA;
  44779 : CC;
  44780 : 1F;
  44781 : 00;
  44782 : 24;
  44783 : 36;
  44784 : 13;
  44785 : 18;
  [44786..44788] : 1A;
  44789 : 19;
  44790 : 1A;
  [44791..44792] : 1B;
  [44793..44799] : 1C;
  44800 : 33;
  44801 : 32;
  [44802..44805] : 31;
  44806 : 2E;
  44807 : 2F;
  [44808..44809] : 2E;
  44810 : 2F;
  44811 : 2D;
  [44812..44813] : 2C;
  44814 : 2A;
  44815 : 24;
  44816 : 23;
  44817 : 19;
  44818 : 00;
  44819 : 1D;
  44820 : E5;
  44821 : F6;
  [44822..44826] : EF;
  [44827..44831] : EE;
  44832 : EF;
  [44833..44834] : EE;
  44835 : ED;
  [44836..44837] : EE;
  [44838..44839] : ED;
  [44840..44843] : EE;
  [44844..44847] : ED;
  [44848..44849] : EC;
  [44850..44853] : EB;
  [44854..44855] : EA;
  44856 : E8;
  44857 : E7;
  44858 : D5;
  44859 : 8F;
  44860 : 28;
  44861 : E8;
  44862 : ED;
  44863 : E6;
  [44864..44866] : E8;
  44867 : E9;
  [44868..44869] : E8;
  [44870..44874] : E9;
  44875 : EA;
  44876 : E9;
  [44877..44881] : EA;
  [44882..44884] : EB;
  [44885..44886] : EA;
  [44887..44888] : EB;
  [44889..44891] : EA;
  [44892..44893] : E9;
  44894 : E8;
  44895 : E9;
  44896 : E7;
  44897 : D3;
  44898 : 4E;
  44899 : 59;
  44900 : FD;
  44901 : E9;
  44902 : E7;
  [44903..44904] : E6;
  44905 : E5;
  44906 : E6;
  44907 : E5;
  [44908..44914] : E6;
  [44915..44918] : E7;
  [44919..44925] : E8;
  [44926..44928] : E9;
  44929 : EA;
  44930 : E9;
  [44931..44932] : EA;
  44933 : EB;
  44934 : E8;
  44935 : B7;
  44936 : 12;
  44937 : CC;
  44938 : F8;
  44939 : EC;
  [44940..44943] : EB;
  [44944..44948] : EA;
  44949 : EB;
  [44950..44952] : EA;
  [44953..44960] : E9;
  [44961..44962] : E8;
  [44963..44964] : E7;
  [44965..44966] : E6;
  [44967..44969] : E5;
  44970 : E3;
  44971 : CE;
  44972 : 22;
  44973 : 8C;
  44974 : F9;
  [44975..44976] : E7;
  [44977..44980] : E6;
  [44981..44982] : E7;
  [44983..44985] : E8;
  44986 : E7;
  [44987..44988] : E8;
  [44989..44990] : E7;
  [44991..44998] : E8;
  [44999..45000] : E9;
  45001 : E8;
  45002 : E7;
  45003 : E6;
  [45004..45005] : E5;
  [45006..45007] : E4;
  45008 : E3;
  45009 : CF;
  45010 : 27;
  45011 : 9B;
  45012 : F9;
  45013 : E3;
  [45014..45017] : E4;
  45018 : E5;
  [45019..45023] : E4;
  [45024..45025] : E5;
  [45026..45028] : E6;
  [45029..45033] : E7;
  45034 : E6;
  [45035..45038] : E7;
  45039 : E8;
  [45040..45041] : E7;
  [45042..45043] : E6;
  [45044..45045] : E5;
  45046 : E4;
  45047 : E6;
  45048 : 7B;
  45049 : 3E;
  45050 : EF;
  45051 : EB;
  45052 : E0;
  [45053..45055] : E2;
  [45056..45059] : E3;
  [45060..45061] : E4;
  [45062..45069] : E5;
  [45070..45072] : E6;
  [45073..45075] : E7;
  [45076..45097] : E8;
  45098 : EB;
  45099 : CC;
  45100 : 1F;
  45101 : 00;
  45102 : 24;
  45103 : 37;
  45104 : 18;
  [45105..45106] : 1C;
  [45107..45108] : 1B;
  45109 : 1C;
  [45110..45111] : 1D;
  45112 : 1E;
  [45113..45114] : 1D;
  [45115..45116] : 1E;
  45117 : 1F;
  [45118..45119] : 1E;
  45120 : 32;
  45121 : 33;
  45122 : 32;
  [45123..45124] : 31;
  45125 : 30;
  [45126..45128] : 2F;
  45129 : 30;
  [45130..45131] : 2F;
  45132 : 2C;
  45133 : 2B;
  45134 : 2A;
  45135 : 24;
  45136 : 22;
  45137 : 19;
  45138 : 00;
  45139 : 1D;
  45140 : E6;
  45141 : F6;
  [45142..45147] : EF;
  [45148..45150] : EE;
  45151 : EF;
  45152 : EE;
  45153 : EF;
  [45154..45164] : EE;
  [45165..45167] : ED;
  45168 : EC;
  45169 : ED;
  [45170..45172] : EC;
  [45173..45174] : EB;
  [45175..45176] : EA;
  45177 : E8;
  45178 : DB;
  45179 : 95;
  45180 : 28;
  45181 : E8;
  45182 : F0;
  [45183..45186] : E9;
  [45187..45189] : EA;
  [45190..45191] : E9;
  [45192..45202] : EA;
  45203 : EB;
  [45204..45205] : EA;
  [45206..45207] : EB;
  45208 : EA;
  45209 : EB;
  [45210..45214] : EA;
  45215 : E9;
  45216 : E8;
  45217 : D7;
  45218 : 52;
  45219 : 58;
  45220 : FC;
  45221 : EB;
  45222 : E9;
  [45223..45225] : E8;
  [45226..45229] : E7;
  [45230..45239] : E8;
  45240 : E9;
  45241 : E8;
  [45242..45245] : E9;
  45246 : EA;
  [45247..45250] : E9;
  [45251..45252] : EA;
  45253 : EB;
  45254 : E8;
  45255 : B8;
  45256 : 12;
  45257 : CC;
  45258 : F8;
  45259 : EC;
  [45260..45264] : EB;
  [45265..45273] : EA;
  [45274..45275] : E9;
  [45276..45277] : EA;
  45278 : E9;
  [45279..45281] : EA;
  45282 : E9;
  [45283..45284] : E8;
  [45285..45289] : E7;
  45290 : E6;
  45291 : D1;
  45292 : 22;
  45293 : 8C;
  45294 : FB;
  45295 : E9;
  [45296..45298] : E8;
  [45299..45301] : E7;
  [45302..45312] : E8;
  45313 : E9;
  45314 : E8;
  [45315..45321] : E9;
  45322 : E8;
  [45323..45324] : E7;
  [45325..45328] : E6;
  45329 : D1;
  45330 : 27;
  45331 : 9A;
  45332 : FB;
  45333 : E7;
  45334 : E6;
  [45335..45336] : E5;
  [45337..45341] : E6;
  [45342..45343] : E5;
  [45344..45345] : E6;
  [45346..45357] : E7;
  [45358..45359] : E8;
  [45360..45361] : E7;
  [45362..45363] : E6;
  45364 : E7;
  [45365..45366] : E6;
  45367 : EA;
  45368 : 7E;
  45369 : 3D;
  45370 : F0;
  45371 : ED;
  [45372..45377] : E4;
  [45378..45380] : E5;
  [45381..45390] : E6;
  [45391..45394] : E7;
  [45395..45417] : E8;
  45418 : EB;
  45419 : CC;
  45420 : 1F;
  45421 : 00;
  45422 : 23;
  45423 : 38;
  45424 : 16;
  45425 : 19;
  45426 : 1A;
  [45427..45428] : 1B;
  45429 : 1C;
  45430 : 1D;
  [45431..45434] : 1E;
  45435 : 1F;
  45436 : 20;
  45437 : 1E;
  45438 : 20;
  45439 : 1F;
  45440 : 34;
  45441 : 35;
  45442 : 33;
  45443 : 30;
  45444 : 2F;
  45445 : 2E;
  45446 : 2F;
  45447 : 30;
  45448 : 2F;
  45449 : 2D;
  [45450..45451] : 2C;
  45452 : 2B;
  45453 : 2A;
  45454 : 28;
  45455 : 23;
  45456 : 21;
  45457 : 19;
  45458 : 00;
  45459 : 1E;
  45460 : E7;
  45461 : F6;
  [45462..45464] : EF;
  [45465..45466] : EE;
  [45467..45468] : EF;
  [45469..45477] : EE;
  45478 : EF;
  [45479..45481] : EE;
  45482 : EF;
  [45483..45485] : EE;
  [45486..45492] : ED;
  45493 : EC;
  [45494..45496] : EB;
  45497 : EA;
  45498 : DD;
  45499 : 95;
  45500 : 28;
  45501 : E9;
  45502 : F1;
  [45503..45516] : EA;
  45517 : EB;
  [45518..45519] : EA;
  [45520..45528] : EB;
  45529 : EA;
  [45530..45531] : EB;
  [45532..45535] : EA;
  45536 : E9;
  45537 : D9;
  45538 : 53;
  45539 : 58;
  45540 : FD;
  45541 : EC;
  [45542..45546] : E9;
  45547 : E8;
  45548 : E9;
  45549 : E7;
  [45550..45551] : E8;
  [45552..45554] : E9;
  [45555..45556] : E8;
  [45557..45564] : E9;
  [45565..45567] : EA;
  [45568..45569] : E9;
  [45570..45572] : EA;
  45573 : EB;
  45574 : E8;
  45575 : B9;
  45576 : 13;
  45577 : CD;
  45578 : F8;
  [45579..45580] : EC;
  [45581..45585] : EB;
  [45586..45588] : EA;
  45589 : EB;
  [45590..45598] : EA;
  45599 : E9;
  45600 : EA;
  [45601..45604] : E9;
  [45605..45607] : E8;
  [45608..45609] : E9;
  45610 : E7;
  45611 : D1;
  45612 : 22;
  45613 : 8D;
  45614 : FC;
  45615 : E9;
  45616 : E8;
  45617 : E9;
  45618 : E8;
  45619 : E9;
  [45620..45622] : E8;
  45623 : E9;
  [45624..45632] : E8;
  [45633..45641] : E9;
  45642 : E8;
  [45643..45647] : E7;
  45648 : E6;
  45649 : D0;
  45650 : 28;
  45651 : 9E;
  45652 : FD;
  45653 : E8;
  [45654..45655] : E7;
  45656 : E6;
  [45657..45668] : E7;
  [45669..45672] : E8;
  45673 : E7;
  [45674..45679] : E8;
  [45680..45682] : E7;
  45683 : E6;
  [45684..45686] : E7;
  45687 : EB;
  45688 : 80;
  45689 : 41;
  45690 : F2;
  45691 : EF;
  45692 : E5;
  [45693..45694] : E6;
  [45695..45696] : E5;
  [45697..45700] : E6;
  [45701..45710] : E7;
  [45711..45717] : E8;
  45718 : E9;
  45719 : E8;
  [45720..45721] : E7;
  [45722..45723] : E8;
  45724 : E7;
  [45725..45737] : E8;
  45738 : EB;
  45739 : CB;
  45740 : 1E;
  45741 : 00;
  45742 : 24;
  45743 : 36;
  45744 : 14;
  [45745..45746] : 18;
  [45747..45748] : 19;
  45749 : 1A;
  [45750..45754] : 1B;
  45755 : 1C;
  [45756..45759] : 1D;
  45760 : 31;
  45761 : 32;
  [45762..45764] : 31;
  [45765..45766] : 2F;
  [45767..45768] : 2E;
  45769 : 2F;
  45770 : 2E;
  45771 : 2D;
  45772 : 2B;
  45773 : 2A;
  45774 : 28;
  45775 : 24;
  45776 : 22;
  45777 : 18;
  45778 : 00;
  45779 : 1E;
  45780 : E7;
  45781 : F6;
  [45782..45785] : EF;
  45786 : EE;
  [45787..45791] : EF;
  45792 : EE;
  [45793..45794] : EF;
  [45795..45806] : EE;
  [45807..45812] : ED;
  [45813..45816] : EC;
  45817 : EB;
  45818 : DD;
  45819 : 96;
  45820 : 2A;
  45821 : E9;
  45822 : F1;
  [45823..45826] : EB;
  [45827..45828] : EA;
  [45829..45830] : EB;
  45831 : EA;
  45832 : EB;
  45833 : EA;
  45834 : EB;
  45835 : EA;
  45836 : EB;
  [45837..45838] : EA;
  [45839..45853] : EB;
  45854 : EA;
  45855 : EB;
  45856 : EA;
  45857 : DA;
  45858 : 54;
  45859 : 58;
  45860 : FD;
  45861 : ED;
  45862 : EB;
  45863 : E9;
  45864 : EA;
  45865 : E9;
  45866 : EA;
  [45867..45868] : E9;
  45869 : E8;
  [45870..45883] : E9;
  [45884..45889] : EA;
  45890 : E9;
  45891 : EA;
  [45892..45893] : EB;
  45894 : E8;
  45895 : BA;
  45896 : 13;
  45897 : CD;
  45898 : F8;
  [45899..45901] : EC;
  [45902..45906] : EB;
  45907 : EA;
  45908 : EB;
  45909 : EA;
  45910 : EB;
  [45911..45920] : EA;
  [45921..45923] : E9;
  [45924..45925] : EA;
  45926 : E9;
  45927 : E8;
  [45928..45929] : E9;
  45930 : E7;
  45931 : D3;
  45932 : 24;
  45933 : 8D;
  45934 : FC;
  45935 : EA;
  [45936..45945] : E9;
  [45946..45947] : E8;
  [45948..45949] : E9;
  45950 : E8;
  [45951..45961] : E9;
  [45962..45963] : E8;
  45964 : E7;
  [45965..45967] : E8;
  45968 : E6;
  45969 : D1;
  45970 : 29;
  45971 : A2;
  45972 : FC;
  [45973..45974] : E8;
  [45975..45976] : E7;
  45977 : E8;
  [45978..45979] : E7;
  [45980..45983] : E8;
  45984 : E7;
  [45985..45992] : E8;
  45993 : E7;
  [45994..46000] : E8;
  [46001..46004] : E7;
  [46005..46006] : E8;
  46007 : EC;
  46008 : 81;
  46009 : 43;
  46010 : F4;
  46011 : F0;
  [46012..46014] : E7;
  [46015..46017] : E6;
  [46018..46022] : E7;
  46023 : E8;
  [46024..46026] : E7;
  [46027..46028] : E8;
  46029 : E7;
  [46030..46034] : E8;
  [46035..46037] : E9;
  [46038..46039] : E8;
  46040 : E7;
  [46041..46045] : E8;
  46046 : E7;
  [46047..46048] : E8;
  [46049..46050] : E7;
  [46051..46054] : E8;
  46055 : E7;
  [46056..46057] : E8;
  46058 : EB;
  46059 : CB;
  46060 : 1E;
  46061 : 00;
  46062 : 24;
  46063 : 37;
  46064 : 13;
  46065 : 17;
  [46066..46067] : 18;
  46068 : 19;
  [46069..46070] : 1A;
  [46071..46072] : 19;
  [46073..46074] : 1A;
  [46075..46077] : 1C;
  [46078..46079] : 1B;
  46080 : 31;
  46081 : 30;
  46082 : 31;
  [46083..46085] : 30;
  46086 : 2F;
  [46087..46088] : 2E;
  46089 : 2F;
  46090 : 2D;
  [46091..46092] : 2C;
  46093 : 2B;
  46094 : 28;
  [46095..46096] : 23;
  46097 : 19;
  46098 : 00;
  46099 : 1E;
  46100 : E7;
  46101 : F6;
  [46102..46104] : EF;
  46105 : EE;
  [46106..46109] : EF;
  46110 : EE;
  [46111..46114] : EF;
  46115 : EE;
  [46116..46118] : EF;
  46119 : EE;
  46120 : EF;
  [46121..46124] : EE;
  [46125..46126] : ED;
  [46127..46128] : EE;
  [46129..46135] : ED;
  46136 : EC;
  46137 : EB;
  46138 : DD;
  46139 : 9A;
  46140 : 2C;
  46141 : E9;
  46142 : F2;
  [46143..46145] : EC;
  [46146..46147] : EB;
  46148 : EC;
  [46149..46152] : EB;
  46153 : EC;
  [46154..46166] : EB;
  46167 : EC;
  [46168..46174] : EB;
  46175 : EC;
  46176 : EA;
  46177 : DA;
  46178 : 55;
  46179 : 58;
  46180 : FD;
  46181 : EC;
  46182 : EB;
  [46183..46186] : EA;
  [46187..46190] : E9;
  46191 : EA;
  [46192..46193] : E9;
  [46194..46199] : EA;
  46200 : E9;
  46201 : EA;
  [46202..46203] : E9;
  [46204..46212] : EA;
  46213 : EB;
  46214 : E8;
  46215 : BA;
  46216 : 12;
  46217 : CC;
  46218 : F8;
  [46219..46221] : EC;
  [46222..46224] : EB;
  [46225..46226] : EA;
  [46227..46228] : EB;
  [46229..46231] : EA;
  [46232..46235] : EB;
  [46236..46245] : EA;
  [46246..46247] : E9;
  [46248..46249] : EA;
  46250 : E7;
  46251 : D3;
  46252 : 24;
  46253 : 8E;
  46254 : FD;
  46255 : EB;
  [46256..46258] : EA;
  46259 : E9;
  46260 : EA;
  [46261..46279] : E9;
  [46280..46287] : E8;
  46288 : E7;
  46289 : D4;
  46290 : 2A;
  46291 : A1;
  46292 : FC;
  46293 : E9;
  [46294..46300] : E8;
  46301 : E9;
  [46302..46320] : E8;
  46321 : E7;
  [46322..46326] : E8;
  46327 : ED;
  46328 : 82;
  46329 : 46;
  46330 : F4;
  46331 : F1;
  46332 : E9;
  [46333..46334] : E8;
  [46335..46341] : E7;
  [46342..46347] : E8;
  46348 : E7;
  [46349..46351] : E8;
  46352 : E9;
  [46353..46354] : E8;
  [46355..46358] : E9;
  [46359..46361] : E8;
  46362 : E9;
  [46363..46368] : E8;
  46369 : E7;
  46370 : E8;
  46371 : E7;
  [46372..46373] : E8;
  [46374..46377] : E7;
  46378 : EA;
  46379 : CA;
  46380 : 1D;
  46381 : 00;
  46382 : 24;
  46383 : 37;
  46384 : 12;
  46385 : 17;
  46386 : 18;
  46387 : 19;
  [46388..46389] : 18;
  [46390..46391] : 19;
  [46392..46393] : 1B;
  [46394..46396] : 1C;
  [46397..46398] : 1B;
  46399 : 1C;
  46400 : 33;
  [46401..46402] : 32;
  46403 : 31;
  46404 : 32;
  46405 : 30;
  46406 : 31;
  46407 : 30;
  46408 : 2F;
  46409 : 2E;
  46410 : 2C;
  46411 : 2B;
  [46412..46413] : 2A;
  46414 : 29;
  [46415..46416] : 24;
  46417 : 1A;
  46418 : 00;
  46419 : 1D;
  46420 : E6;
  46421 : F6;
  [46422..46429] : EF;
  46430 : EE;
  [46431..46434] : EF;
  [46435..46436] : EE;
  [46437..46438] : EF;
  [46439..46442] : EE;
  46443 : EF;
  46444 : EE;
  46445 : ED;
  [46446..46448] : EE;
  [46449..46454] : ED;
  [46455..46456] : EE;
  46457 : EB;
  46458 : E0;
  46459 : 9B;
  46460 : 2B;
  46461 : E9;
  46462 : F3;
  [46463..46474] : EC;
  [46475..46482] : EB;
  [46483..46488] : EC;
  [46489..46494] : EB;
  46495 : EC;
  46496 : EA;
  46497 : DC;
  46498 : 58;
  46499 : 59;
  46500 : FE;
  46501 : EE;
  [46502..46504] : EB;
  [46505..46527] : EA;
  46528 : EB;
  46529 : EA;
  [46530..46533] : EB;
  46534 : E8;
  46535 : B9;
  46536 : 12;
  46537 : CC;
  46538 : F8;
  [46539..46541] : EC;
  [46542..46548] : EB;
  [46549..46550] : EA;
  [46551..46554] : EB;
  [46555..46561] : EA;
  [46562..46564] : EB;
  [46565..46567] : EA;
  [46568..46569] : EB;
  46570 : E8;
  46571 : D4;
  46572 : 23;
  46573 : 8E;
  46574 : FE;
  46575 : EB;
  [46576..46580] : EA;
  [46581..46584] : E9;
  46585 : EA;
  [46586..46592] : E9;
  [46593..46595] : EA;
  46596 : E9;
  46597 : EA;
  [46598..46600] : E9;
  [46601..46606] : E8;
  46607 : E9;
  46608 : E8;
  46609 : D5;
  46610 : 2A;
  46611 : A2;
  46612 : FD;
  46613 : EA;
  46614 : E9;
  [46615..46620] : E8;
  46621 : E9;
  [46622..46624] : E8;
  [46625..46626] : E9;
  [46627..46636] : E8;
  [46637..46638] : E9;
  [46639..46644] : E8;
  46645 : E9;
  46646 : E8;
  46647 : ED;
  46648 : 82;
  46649 : 48;
  46650 : F6;
  46651 : F1;
  [46652..46653] : E9;
  [46654..46661] : E8;
  46662 : E9;
  [46663..46665] : E8;
  46666 : E9;
  [46667..46670] : E8;
  [46671..46672] : E9;
  [46673..46675] : E8;
  [46676..46681] : E9;
  [46682..46685] : E8;
  [46686..46687] : E7;
  [46688..46689] : E8;
  46690 : E7;
  46691 : E8;
  46692 : E7;
  46693 : E8;
  [46694..46696] : E7;
  46697 : E8;
  46698 : EA;
  46699 : C9;
  46700 : 1D;
  46701 : 00;
  46702 : 24;
  46703 : 38;
  46704 : 16;
  [46705..46706] : 19;
  46707 : 1A;
  [46708..46709] : 1C;
  46710 : 1D;
  [46711..46712] : 1E;
  46713 : 1D;
  46714 : 1F;
  46715 : 1E;
  46716 : 20;
  46717 : 1F;
  [46718..46719] : 1E;
  46720 : 32;
  [46721..46722] : 33;
  [46723..46724] : 32;
  46725 : 2F;
  46726 : 2E;
  [46727..46728] : 2F;
  [46729..46730] : 2D;
  46731 : 2C;
  46732 : 2B;
  [46733..46734] : 2A;
  46735 : 28;
  46736 : 25;
  46737 : 1A;
  46738 : 00;
  46739 : 1C;
  46740 : E6;
  46741 : F7;
  46742 : EF;
  46743 : EE;
  [46744..46747] : EF;
  [46748..46750] : EE;
  [46751..46758] : EF;
  [46759..46770] : EE;
  [46771..46774] : ED;
  [46775..46776] : EE;
  46777 : ED;
  46778 : DF;
  46779 : 9B;
  46780 : 2C;
  46781 : EA;
  46782 : F3;
  46783 : ED;
  [46784..46796] : EC;
  [46797..46798] : EB;
  [46799..46800] : EC;
  [46801..46802] : EB;
  [46803..46806] : EC;
  46807 : EB;
  46808 : EC;
  [46809..46813] : EB;
  [46814..46815] : EC;
  46816 : EA;
  46817 : DD;
  [46818..46819] : 59;
  46820 : FE;
  46821 : EE;
  46822 : EC;
  [46823..46824] : EB;
  [46825..46832] : EA;
  46833 : EB;
  [46834..46850] : EA;
  [46851..46853] : EB;
  46854 : E8;
  46855 : B8;
  46856 : 12;
  46857 : CD;
  46858 : F8;
  [46859..46862] : EC;
  [46863..46865] : EB;
  46866 : EA;
  [46867..46872] : EB;
  [46873..46875] : EA;
  [46876..46880] : EB;
  [46881..46882] : EA;
  [46883..46886] : EB;
  [46887..46888] : EA;
  46889 : EB;
  46890 : E8;
  46891 : D5;
  46892 : 24;
  46893 : 90;
  46894 : FE;
  [46895..46896] : EB;
  [46897..46900] : EA;
  46901 : E9;
  46902 : EA;
  [46903..46904] : E9;
  [46905..46906] : EA;
  [46907..46909] : E9;
  [46910..46911] : EA;
  46912 : E9;
  [46913..46914] : EA;
  [46915..46920] : E9;
  [46921..46925] : E8;
  [46926..46927] : E9;
  46928 : E8;
  46929 : D5;
  46930 : 2B;
  46931 : A5;
  46932 : FC;
  [46933..46935] : E9;
  [46936..46939] : E8;
  46940 : E9;
  [46941..46943] : E8;
  [46944..46947] : E9;
  [46948..46955] : E8;
  [46956..46957] : E9;
  [46958..46964] : E8;
  46965 : E9;
  46966 : E8;
  46967 : ED;
  46968 : 81;
  46969 : 49;
  46970 : F6;
  46971 : F1;
  [46972..46973] : EA;
  [46974..46975] : E9;
  46976 : E8;
  [46977..46980] : E9;
  46981 : E8;
  [46982..46983] : E9;
  [46984..46988] : E8;
  46989 : E9;
  46990 : E8;
  46991 : E9;
  [46992..46993] : E8;
  46994 : E9;
  46995 : E8;
  46996 : E9;
  [46997..46999] : EA;
  [47000..47002] : E9;
  [47003..47004] : E8;
  47005 : E7;
  [47006..47008] : E8;
  [47009..47015] : E7;
  [47016..47017] : E8;
  47018 : EB;
  47019 : C8;
  47020 : 1C;
  47021 : 00;
  47022 : 23;
  47023 : 36;
  47024 : 13;
  47025 : 18;
  47026 : 19;
  47027 : 1B;
  47028 : 1C;
  [47029..47031] : 1D;
  47032 : 1E;
  47033 : 1D;
  47034 : 1E;
  [47035..47036] : 1F;
  [47037..47039] : 1E;
  47040 : 31;
  [47041..47043] : 30;
  47044 : 31;
  47045 : 30;
  47046 : 2E;
  47047 : 2F;
  [47048..47051] : 2E;
  47052 : 2D;
  47053 : 2E;
  47054 : 2A;
  47055 : 26;
  47056 : 23;
  47057 : 1B;
  47058 : 00;
  47059 : 1D;
  47060 : E6;
  47061 : F6;
  47062 : EE;
  47063 : EF;
  47064 : EE;
  [47065..47066] : EF;
  47067 : EE;
  47068 : EF;
  [47069..47070] : EE;
  47071 : EF;
  [47072..47073] : EE;
  [47074..47079] : EF;
  [47080..47081] : EE;
  47082 : EF;
  47083 : EE;
  47084 : EF;
  47085 : EE;
  47086 : EF;
  [47087..47090] : EE;
  [47091..47094] : ED;
  [47095..47096] : EE;
  47097 : ED;
  47098 : DF;
  47099 : 9D;
  47100 : 2F;
  47101 : EA;
  47102 : F3;
  47103 : EC;
  [47104..47105] : ED;
  [47106..47107] : EC;
  47108 : ED;
  [47109..47116] : EC;
  [47117..47118] : EB;
  [47119..47127] : EC;
  47128 : EB;
  47129 : EC;
  [47130..47131] : EB;
  47132 : EC;
  [47133..47134] : EB;
  47135 : EC;
  47136 : EA;
  47137 : DE;
  47138 : 5B;
  47139 : 5A;
  47140 : FF;
  47141 : EE;
  [47142..47143] : EC;
  [47144..47146] : EB;
  47147 : EA;
  [47148..47150] : EB;
  [47151..47153] : EA;
  47154 : EB;
  [47155..47167] : EA;
  [47168..47169] : EB;
  47170 : EA;
  [47171..47173] : EB;
  47174 : E8;
  47175 : B8;
  47176 : 12;
  47177 : CC;
  47178 : F8;
  [47179..47180] : ED;
  [47181..47182] : EC;
  [47183..47184] : EB;
  [47185..47186] : EA;
  [47187..47192] : EB;
  [47193..47194] : EA;
  [47195..47199] : EB;
  [47200..47201] : EA;
  47202 : EB;
  [47203..47204] : EA;
  [47205..47207] : EB;
  47208 : EA;
  47209 : EB;
  47210 : E8;
  47211 : D5;
  47212 : 25;
  47213 : 92;
  47214 : FE;
  47215 : EC;
  [47216..47217] : EB;
  [47218..47223] : EA;
  47224 : E9;
  [47225..47226] : EA;
  [47227..47229] : E9;
  [47230..47235] : EA;
  [47236..47242] : E9;
  [47243..47245] : E8;
  [47246..47248] : E9;
  47249 : D6;
  47250 : 2B;
  47251 : A4;
  47252 : FD;
  47253 : EA;
  [47254..47256] : E9;
  47257 : E8;
  47258 : E9;
  47259 : E8;
  47260 : E9;
  [47261..47263] : E8;
  [47264..47267] : E9;
  47268 : E8;
  47269 : E9;
  [47270..47272] : E8;
  [47273..47275] : E9;
  47276 : E8;
  47277 : E9;
  47278 : E8;
  47279 : E9;
  [47280..47282] : E8;
  [47283..47286] : E9;
  47287 : ED;
  47288 : 81;
  47289 : 4A;
  47290 : F6;
  47291 : F2;
  [47292..47293] : EA;
  [47294..47300] : E9;
  47301 : E8;
  47302 : E9;
  [47303..47313] : E8;
  47314 : E9;
  47315 : E8;
  [47316..47317] : E9;
  [47318..47319] : EA;
  [47320..47322] : E9;
  [47323..47324] : E8;
  [47325..47327] : E7;
  47328 : E8;
  [47329..47330] : E7;
  47331 : E8;
  [47332..47334] : E7;
  [47335..47337] : E8;
  47338 : EA;
  47339 : C8;
  47340 : 1C;
  47341 : 00;
  47342 : 23;
  47343 : 35;
  47344 : 14;
  47345 : 19;
  [47346..47347] : 1A;
  [47348..47349] : 1B;
  47350 : 1C;
  [47351..47352] : 1D;
  [47353..47354] : 1E;
  47355 : 1F;
  [47356..47359] : 1E;
  [47360..47361] : 31;
  47362 : 2F;
  47363 : 2E;
  [47364..47367] : 2F;
  [47368..47371] : 2D;
  47372 : 2E;
  47373 : 2D;
  47374 : 2A;
  47375 : 26;
  47376 : 23;
  47377 : 1B;
  47378 : 00;
  47379 : 1D;
  47380 : E7;
  47381 : F6;
  47382 : EF;
  [47383..47385] : EE;
  [47386..47387] : EF;
  47388 : EE;
  [47389..47391] : EF;
  [47392..47394] : EE;
  [47395..47401] : EF;
  47402 : EE;
  [47403..47405] : EF;
  [47406..47410] : EE;
  [47411..47413] : ED;
  [47414..47416] : EE;
  47417 : ED;
  47418 : E1;
  47419 : 9E;
  47420 : 2E;
  47421 : EA;
  47422 : F4;
  [47423..47429] : ED;
  [47430..47448] : EC;
  [47449..47452] : EB;
  [47453..47454] : EC;
  47455 : ED;
  47456 : EB;
  47457 : DF;
  47458 : 5D;
  47459 : 59;
  47460 : FE;
  47461 : EF;
  [47462..47464] : EC;
  [47465..47477] : EB;
  47478 : EA;
  47479 : EB;
  [47480..47481] : EA;
  [47482..47483] : EB;
  47484 : EA;
  47485 : EB;
  [47486..47487] : EA;
  [47488..47489] : EB;
  47490 : EA;
  [47491..47492] : EB;
  47493 : EC;
  47494 : E8;
  47495 : B9;
  47496 : 12;
  47497 : CB;
  47498 : F9;
  47499 : ED;
  [47500..47502] : EC;
  [47503..47522] : EB;
  [47523..47525] : EA;
  47526 : EB;
  [47527..47528] : EA;
  47529 : EB;
  47530 : E8;
  47531 : D6;
  47532 : 24;
  47533 : 91;
  47534 : FE;
  47535 : EC;
  [47536..47540] : EB;
  [47541..47553] : EA;
  47554 : EB;
  [47555..47557] : EA;
  [47558..47566] : E9;
  47567 : EA;
  47568 : E9;
  47569 : D6;
  47570 : 2B;
  47571 : A5;
  47572 : FD;
  [47573..47574] : EA;
  [47575..47578] : E9;
  [47579..47581] : E8;
  [47582..47588] : E9;
  47589 : E8;
  47590 : E9;
  [47591..47592] : E8;
  [47593..47598] : E9;
  [47599..47601] : E8;
  [47602..47606] : E9;
  47607 : ED;
  47608 : 83;
  47609 : 4A;
  47610 : F6;
  47611 : F2;
  47612 : E9;
  [47613..47614] : EA;
  [47615..47622] : E9;
  [47623..47630] : E8;
  [47631..47633] : E9;
  [47634..47635] : E8;
  [47636..47637] : E9;
  47638 : EA;
  [47639..47641] : E9;
  [47642..47644] : E8;
  [47645..47647] : E7;
  47648 : E8;
  [47649..47654] : E7;
  [47655..47657] : E8;
  47658 : EA;
  47659 : C8;
  47660 : 1C;
  47661 : 00;
  47662 : 25;
  47663 : 38;
  47664 : 14;
  47665 : 17;
  [47666..47667] : 18;
  47668 : 19;
  47669 : 1B;
  47670 : 1C;
  [47671..47675] : 1B;
  47676 : 1C;
  47677 : 1D;
  47678 : 1E;
  47679 : 1F;
  47680 : 31;
  [47681..47682] : 2F;
  [47683..47687] : 2D;
  [47688..47691] : 2E;
  47692 : 2C;
  47693 : 2A;
  47694 : 28;
  [47695..47696] : 25;
  47697 : 1B;
  47698 : 00;
  47699 : 1D;
  47700 : E6;
  47701 : F7;
  47702 : EF;
  [47703..47706] : EE;
  47707 : EF;
  47708 : EE;
  [47709..47711] : EF;
  [47712..47715] : EE;
  [47716..47721] : EF;
  [47722..47723] : EE;
  [47724..47725] : EF;
  [47726..47730] : EE;
  [47731..47733] : ED;
  [47734..47736] : EE;
  47737 : ED;
  47738 : E1;
  47739 : 9F;
  47740 : 2E;
  47741 : EA;
  47742 : F4;
  [47743..47747] : ED;
  [47748..47751] : EC;
  47752 : ED;
  [47753..47754] : EC;
  47755 : ED;
  [47756..47764] : EC;
  47765 : ED;
  [47766..47768] : EC;
  47769 : EB;
  [47770..47774] : EC;
  47775 : ED;
  47776 : EB;
  47777 : DF;
  47778 : 5B;
  47779 : 59;
  47780 : FE;
  47781 : EF;
  47782 : ED;
  [47783..47785] : EC;
  [47786..47798] : EB;
  47799 : EA;
  [47800..47803] : EB;
  47804 : EA;
  [47805..47807] : EB;
  [47808..47810] : EA;
  [47811..47813] : EB;
  47814 : E7;
  47815 : BB;
  47816 : 13;
  47817 : CB;
  47818 : F9;
  [47819..47822] : EC;
  [47823..47834] : EB;
  47835 : EA;
  [47836..47842] : EB;
  [47843..47847] : EA;
  [47848..47849] : EB;
  47850 : E8;
  47851 : D7;
  47852 : 23;
  47853 : 90;
  47854 : FE;
  47855 : ED;
  47856 : EC;
  [47857..47861] : EB;
  [47862..47863] : EA;
  47864 : E9;
  [47865..47877] : EA;
  [47878..47882] : E9;
  [47883..47884] : EA;
  [47885..47887] : E9;
  47888 : E8;
  47889 : D5;
  47890 : 2A;
  47891 : A5;
  47892 : FD;
  47893 : EA;
  [47894..47895] : E9;
  47896 : EA;
  [47897..47900] : E9;
  [47901..47902] : E8;
  [47903..47906] : E9;
  47907 : EA;
  [47908..47910] : E9;
  [47911..47913] : E8;
  [47914..47918] : E9;
  [47919..47920] : E8;
  47921 : E9;
  [47922..47923] : E8;
  [47924..47926] : E9;
  47927 : ED;
  47928 : 84;
  47929 : 4A;
  47930 : F6;
  47931 : F2;
  47932 : E9;
  [47933..47936] : EA;
  [47937..47942] : E9;
  [47943..47944] : E8;
  47945 : E9;
  [47946..47955] : E8;
  [47956..47960] : E9;
  47961 : EA;
  47962 : E9;
  47963 : E8;
  [47964..47966] : E7;
  47967 : E8;
  47968 : E7;
  [47969..47972] : E8;
  [47973..47976] : E7;
  47977 : E8;
  47978 : EA;
  47979 : C7;
  47980 : 1C;
  47981 : 00;
  47982 : 25;
  47983 : 37;
  47984 : 13;
  [47985..47987] : 18;
  [47988..47989] : 19;
  47990 : 1A;
  47991 : 19;
  47992 : 1A;
  47993 : 19;
  [47994..47996] : 1A;
  47997 : 1C;
  47998 : 1D;
  47999 : 1E;
  [48000..48001] : 2E;
  48002 : 2F;
  [48003..48004] : 2E;
  [48005..48006] : 2F;
  48007 : 2E;
  48008 : 30;
  [48009..48010] : 2F;
  48011 : 2E;
  48012 : 2B;
  [48013..48014] : 2A;
  48015 : 26;
  48016 : 25;
  48017 : 1A;
  48018 : 00;
  48019 : 1C;
  48020 : E6;
  48021 : F7;
  [48022..48026] : EF;
  48027 : EE;
  [48028..48031] : EF;
  [48032..48034] : EE;
  [48035..48039] : EF;
  [48040..48042] : EE;
  48043 : EF;
  [48044..48050] : EE;
  48051 : ED;
  [48052..48056] : EE;
  48057 : ED;
  48058 : E1;
  48059 : 9F;
  48060 : 2C;
  48061 : EA;
  48062 : F4;
  [48063..48068] : ED;
  48069 : EC;
  [48070..48072] : ED;
  48073 : EC;
  48074 : ED;
  [48075..48080] : EC;
  [48081..48083] : ED;
  48084 : EC;
  [48085..48086] : ED;
  [48087..48088] : EC;
  [48089..48090] : EB;
  [48091..48094] : EC;
  48095 : ED;
  48096 : EB;
  48097 : DF;
  48098 : 5C;
  48099 : 59;
  48100 : FE;
  48101 : F0;
  48102 : ED;
  [48103..48105] : EC;
  [48106..48108] : EB;
  [48109..48111] : EC;
  [48112..48118] : EB;
  [48119..48120] : EA;
  [48121..48132] : EB;
  48133 : EC;
  48134 : E8;
  48135 : BA;
  48136 : 13;
  48137 : CD;
  48138 : F9;
  48139 : ED;
  48140 : EC;
  48141 : EB;
  [48142..48143] : EC;
  48144 : EB;
  48145 : EC;
  48146 : EB;
  48147 : EC;
  [48148..48161] : EB;
  [48162..48167] : EA;
  [48168..48169] : EB;
  48170 : E8;
  48171 : D5;
  48172 : 23;
  48173 : 90;
  48174 : FF;
  48175 : ED;
  48176 : EC;
  [48177..48182] : EB;
  [48183..48198] : EA;
  [48199..48206] : E9;
  48207 : EA;
  48208 : E9;
  48209 : D6;
  48210 : 2B;
  48211 : A6;
  48212 : FD;
  48213 : EA;
  48214 : E9;
  48215 : EA;
  48216 : E9;
  48217 : EA;
  [48218..48219] : E9;
  48220 : E8;
  48221 : E9;
  48222 : E8;
  [48223..48226] : E9;
  48227 : EA;
  [48228..48231] : E9;
  48232 : E8;
  [48233..48237] : E9;
  [48238..48239] : E8;
  [48240..48242] : E9;
  48243 : E8;
  [48244..48246] : E9;
  48247 : ED;
  48248 : 84;
  48249 : 4B;
  48250 : F7;
  48251 : F2;
  [48252..48253] : EA;
  [48254..48262] : E9;
  48263 : E8;
  [48264..48266] : E9;
  [48267..48270] : E8;
  48271 : E9;
  [48272..48277] : E8;
  [48278..48281] : E9;
  [48282..48283] : E8;
  48284 : E7;
  48285 : E8;
  [48286..48287] : E7;
  [48288..48293] : E8;
  [48294..48296] : E7;
  48297 : E8;
  48298 : EA;
  48299 : C6;
  48300 : 1C;
  48301 : 00;
  48302 : 24;
  48303 : 34;
  48304 : 12;
  48305 : 17;
  [48306..48308] : 19;
  48309 : 1A;
  [48310..48311] : 18;
  [48312..48314] : 19;
  [48315..48316] : 18;
  48317 : 1B;
  48318 : 1C;
  48319 : 1E;
  [48320..48324] : 2F;
  48325 : 2E;
  48326 : 2F;
  [48327..48328] : 2D;
  [48329..48330] : 2F;
  48331 : 2C;
  [48332..48334] : 29;
  48335 : 26;
  48336 : 23;
  48337 : 1A;
  48338 : 00;
  48339 : 1C;
  48340 : E6;
  48341 : F8;
  [48342..48346] : EF;
  48347 : EE;
  [48348..48349] : EF;
  48350 : EE;
  48351 : EF;
  48352 : EE;
  48353 : EF;
  48354 : EE;
  [48355..48360] : EF;
  [48361..48376] : EE;
  48377 : EC;
  48378 : E1;
  48379 : 9F;
  48380 : 2C;
  48381 : EA;
  48382 : F4;
  [48383..48392] : ED;
  [48393..48400] : EC;
  48401 : ED;
  [48402..48407] : EC;
  48408 : EB;
  [48409..48412] : EC;
  [48413..48415] : ED;
  48416 : EB;
  48417 : DF;
  48418 : 5D;
  48419 : 59;
  48420 : FF;
  48421 : F0;
  [48422..48423] : ED;
  [48424..48427] : EC;
  48428 : EB;
  48429 : EC;
  48430 : EB;
  48431 : EC;
  [48432..48438] : EB;
  48439 : EA;
  [48440..48452] : EB;
  48453 : EC;
  48454 : E9;
  48455 : B9;
  48456 : 13;
  48457 : CE;
  48458 : F9;
  48459 : ED;
  [48460..48463] : EC;
  48464 : EB;
  48465 : EC;
  [48466..48467] : EB;
  [48468..48469] : EC;
  [48470..48480] : EB;
  48481 : EA;
  [48482..48483] : EB;
  48484 : EA;
  [48485..48489] : EB;
  48490 : E8;
  48491 : D5;
  48492 : 24;
  48493 : 90;
  48494 : FF;
  [48495..48496] : EC;
  [48497..48498] : EB;
  48499 : EA;
  [48500..48503] : EB;
  [48504..48512] : EA;
  [48513..48516] : EB;
  [48517..48518] : EA;
  [48519..48526] : E9;
  48527 : EA;
  48528 : E9;
  48529 : D7;
  48530 : 2C;
  48531 : A5;
  48532 : FD;
  48533 : EA;
  48534 : E9;
  48535 : EA;
  [48536..48540] : E9;
  48541 : E8;
  48542 : E9;
  48543 : E8;
  [48544..48554] : E9;
  [48555..48556] : E8;
  [48557..48560] : E9;
  48561 : E8;
  [48562..48566] : E9;
  48567 : ED;
  48568 : 84;
  48569 : 4B;
  48570 : F7;
  48571 : F3;
  48572 : EB;
  [48573..48586] : E9;
  [48587..48594] : E8;
  48595 : E9;
  [48596..48597] : E8;
  [48598..48599] : E9;
  [48600..48606] : E8;
  [48607..48608] : E7;
  [48609..48612] : E8;
  [48613..48616] : E7;
  48617 : E8;
  48618 : EA;
  48619 : C7;
  48620 : 1C;
  48621 : 00;
  48622 : 24;
  48623 : 34;
  48624 : 11;
  48625 : 16;
  [48626..48630] : 17;
  48631 : 18;
  48632 : 19;
  [48633..48634] : 1A;
  [48635..48636] : 18;
  48637 : 1A;
  48638 : 1B;
  48639 : 1A;
  48640 : 2F;
  48641 : 30;
  [48642..48643] : 2F;
  [48644..48646] : 2E;
  48647 : 2C;
  48648 : 2D;
  48649 : 2E;
  48650 : 2D;
  48651 : 2C;
  [48652..48653] : 2B;
  48654 : 2A;
  48655 : 25;
  48656 : 21;
  48657 : 1A;
  48658 : 00;
  48659 : 1B;
  48660 : E5;
  48661 : F7;
  [48662..48666] : EF;
  48667 : EE;
  [48668..48669] : EF;
  48670 : EE;
  48671 : EF;
  48672 : EE;
  [48673..48674] : EF;
  [48675..48676] : EE;
  [48677..48679] : EF;
  [48680..48687] : EE;
  48688 : ED;
  [48689..48696] : EE;
  48697 : ED;
  48698 : E1;
  48699 : 9E;
  48700 : 2C;
  48701 : EA;
  48702 : F4;
  [48703..48710] : ED;
  48711 : EC;
  [48712..48713] : ED;
  [48714..48719] : EC;
  48720 : ED;
  [48721..48733] : EC;
  [48734..48735] : ED;
  48736 : EB;
  48737 : E0;
  48738 : 5C;
  48739 : 59;
  48740 : FF;
  48741 : F0;
  [48742..48743] : ED;
  [48744..48749] : EC;
  [48750..48759] : EB;
  48760 : EA;
  [48761..48772] : EB;
  48773 : EC;
  48774 : E8;
  48775 : B7;
  48776 : 12;
  48777 : CE;
  48778 : F9;
  [48779..48781] : EC;
  [48782..48787] : EB;
  48788 : EC;
  [48789..48808] : EB;
  48809 : EC;
  48810 : E8;
  48811 : D5;
  48812 : 25;
  48813 : 90;
  48814 : FF;
  48815 : ED;
  48816 : EC;
  [48817..48818] : EB;
  48819 : EA;
  [48820..48823] : EB;
  [48824..48828] : EA;
  48829 : EB;
  [48830..48835] : EA;
  48836 : EB;
  [48837..48839] : EA;
  [48840..48847] : E9;
  48848 : E8;
  48849 : D6;
  48850 : 2B;
  48851 : A6;
  48852 : FD;
  48853 : EA;
  48854 : E9;
  48855 : EA;
  [48856..48858] : E9;
  48859 : E8;
  48860 : E9;
  48861 : E8;
  [48862..48873] : E9;
  [48874..48875] : E8;
  [48876..48886] : E9;
  48887 : ED;
  48888 : 85;
  48889 : 4C;
  48890 : F7;
  48891 : F3;
  48892 : EA;
  [48893..48906] : E9;
  [48907..48909] : E8;
  [48910..48911] : E7;
  [48912..48917] : E8;
  48918 : E9;
  [48919..48925] : E8;
  [48926..48929] : E7;
  [48930..48933] : E8;
  [48934..48937] : E7;
  48938 : EA;
  48939 : C6;
  48940 : 1C;
  48941 : 00;
  48942 : 25;
  48943 : 37;
  48944 : 14;
  48945 : 18;
  48946 : 19;
  48947 : 18;
  48948 : 1A;
  48949 : 1C;
  [48950..48953] : 1B;
  [48954..48955] : 1C;
  48956 : 1B;
  48957 : 1D;
  48958 : 1E;
  48959 : 1D;
  48960 : 2F;
  [48961..48962] : 2E;
  [48963..48964] : 2D;
  48965 : 2E;
  [48966..48968] : 2D;
  48969 : 2E;
  [48970..48971] : 2D;
  48972 : 2C;
  48973 : 2A;
  48974 : 27;
  48975 : 23;
  48976 : 22;
  48977 : 1C;
  48978 : 00;
  48979 : 1B;
  48980 : E5;
  48981 : F7;
  [48982..48986] : EF;
  [48987..48991] : EE;
  [48992..48993] : EF;
  [48994..48999] : EE;
  49000 : EF;
  [49001..49007] : EE;
  49008 : ED;
  [49009..49016] : EE;
  49017 : ED;
  49018 : E0;
  49019 : 9D;
  49020 : 2B;
  49021 : E9;
  49022 : F4;
  [49023..49029] : ED;
  [49030..49052] : EC;
  [49053..49055] : ED;
  49056 : EB;
  49057 : DF;
  49058 : 5C;
  49059 : 5A;
  49060 : FF;
  49061 : F0;
  [49062..49064] : ED;
  [49065..49070] : EC;
  49071 : EB;
  49072 : EC;
  [49073..49079] : EB;
  [49080..49081] : EA;
  [49082..49084] : EB;
  [49085..49086] : EA;
  49087 : EB;
  [49088..49089] : EA;
  [49090..49092] : EB;
  49093 : EC;
  49094 : E7;
  49095 : B7;
  49096 : 12;
  49097 : CE;
  49098 : F9;
  49099 : ED;
  49100 : EC;
  [49101..49107] : EB;
  49108 : EC;
  [49109..49112] : EB;
  49113 : EC;
  [49114..49126] : EB;
  49127 : EA;
  49128 : EB;
  49129 : EC;
  49130 : E8;
  49131 : D5;
  49132 : 24;
  49133 : 90;
  49134 : FF;
  49135 : ED;
  [49136..49137] : EC;
  49138 : EB;
  [49139..49144] : EA;
  [49145..49147] : E9;
  [49148..49159] : EA;
  [49160..49164] : E9;
  [49165..49167] : EA;
  49168 : E9;
  49169 : D6;
  49170 : 2A;
  49171 : A5;
  49172 : FD;
  [49173..49176] : EA;
  [49177..49194] : E9;
  49195 : E8;
  [49196..49206] : E9;
  49207 : EE;
  49208 : 86;
  49209 : 4B;
  49210 : F7;
  49211 : F3;
  [49212..49213] : EA;
  [49214..49226] : E9;
  [49227..49243] : E8;
  49244 : E9;
  [49245..49246] : E8;
  49247 : E7;
  49248 : E8;
  [49249..49250] : E7;
  49251 : E8;
  49252 : E7;
  [49253..49254] : E8;
  [49255..49257] : E7;
  49258 : E9;
  49259 : C8;
  49260 : 1D;
  49261 : 00;
  49262 : 25;
  49263 : 37;
  49264 : 14;
  [49265..49267] : 18;
  49268 : 1A;
  49269 : 1B;
  [49270..49271] : 19;
  49272 : 1A;
  [49273..49276] : 1B;
  [49277..49279] : 1C;
  49280 : 2F;
  [49281..49284] : 2E;
  49285 : 2D;
  49286 : 2B;
  49287 : 2A;
  49288 : 2C;
  49289 : 2D;
  49290 : 2C;
  49291 : 2B;
  49292 : 2C;
  49293 : 2A;
  49294 : 28;
  49295 : 26;
  49296 : 25;
  49297 : 1E;
  49298 : 00;
  49299 : 1B;
  49300 : E5;
  49301 : F7;
  [49302..49303] : EF;
  49304 : EE;
  49305 : EF;
  [49306..49336] : EE;
  49337 : ED;
  49338 : E0;
  49339 : 9E;
  49340 : 2A;
  49341 : E9;
  49342 : F4;
  [49343..49353] : ED;
  [49354..49356] : EC;
  49357 : ED;
  [49358..49366] : EC;
  49367 : ED;
  [49368..49369] : EC;
  49370 : ED;
  [49371..49372] : EC;
  [49373..49375] : ED;
  49376 : EB;
  49377 : E0;
  49378 : 5C;
  49379 : 59;
  49380 : FF;
  49381 : F1;
  49382 : EE;
  49383 : ED;
  [49384..49390] : EC;
  [49391..49394] : EB;
  49395 : EC;
  [49396..49402] : EB;
  49403 : EA;
  [49404..49407] : EB;
  49408 : EA;
  49409 : EB;
  49410 : EA;
  [49411..49412] : EB;
  49413 : EC;
  49414 : E7;
  49415 : B8;
  49416 : 12;
  49417 : CE;
  49418 : F9;
  49419 : ED;
  [49420..49422] : EC;
  [49423..49432] : EB;
  49433 : EC;
  [49434..49439] : EB;
  49440 : EA;
  [49441..49449] : EB;
  49450 : E8;
  49451 : D5;
  49452 : 24;
  49453 : 90;
  49454 : FF;
  49455 : ED;
  [49456..49458] : EB;
  [49459..49460] : EA;
  49461 : EB;
  [49462..49464] : EA;
  [49465..49468] : E9;
  [49469..49483] : EA;
  49484 : E9;
  [49485..49487] : EA;
  49488 : E9;
  49489 : D6;
  49490 : 2C;
  49491 : A5;
  49492 : FE;
  49493 : EB;
  [49494..49497] : EA;
  [49498..49503] : E9;
  [49504..49506] : EA;
  [49507..49523] : E9;
  49524 : EA;
  [49525..49526] : E9;
  49527 : EE;
  49528 : 86;
  49529 : 4B;
  49530 : F7;
  49531 : F3;
  [49532..49546] : E9;
  [49547..49554] : E8;
  49555 : E9;
  [49556..49557] : E8;
  49558 : E7;
  [49559..49568] : E8;
  [49569..49573] : E7;
  [49574..49575] : E8;
  [49576..49577] : E7;
  49578 : E9;
  49579 : C9;
  49580 : 1E;
  49581 : 00;
  49582 : 25;
  49583 : 36;
  49584 : 12;
  49585 : 16;
  [49586..49587] : 17;
  49588 : 18;
  49589 : 19;
  [49590..49592] : 18;
  [49593..49594] : 1A;
  49595 : 1B;
  [49596..49599] : 1C;
  49600 : 30;
  49601 : 2E;
  [49602..49603] : 2D;
  [49604..49605] : 2C;
  [49606..49610] : 2B;
  49611 : 2A;
  49612 : 2B;
  49613 : 29;
  49614 : 28;
  [49615..49616] : 25;
  49617 : 1E;
  49618 : 00;
  49619 : 1A;
  49620 : E4;
  49621 : F8;
  [49622..49623] : EF;
  49624 : EE;
  49625 : EF;
  [49626..49630] : EE;
  49631 : ED;
  [49632..49638] : EE;
  49639 : EF;
  49640 : EE;
  49641 : EF;
  [49642..49647] : EE;
  49648 : ED;
  [49649..49651] : EE;
  [49652..49653] : ED;
  49654 : EE;
  49655 : ED;
  49656 : EE;
  49657 : ED;
  49658 : E0;
  49659 : 9D;
  49660 : 29;
  49661 : E8;
  49662 : F4;
  [49663..49664] : EE;
  [49665..49672] : ED;
  49673 : EC;
  49674 : ED;
  [49675..49676] : EC;
  [49677..49678] : ED;
  [49679..49686] : EC;
  [49687..49688] : ED;
  [49689..49692] : EC;
  [49693..49695] : ED;
  49696 : EB;
  49697 : E0;
  49698 : 5D;
  49699 : 59;
  49700 : FF;
  49701 : F0;
  49702 : ED;
  [49703..49712] : EC;
  49713 : EB;
  49714 : EC;
  [49715..49721] : EB;
  [49722..49723] : EA;
  49724 : EB;
  [49725..49728] : EA;
  [49729..49732] : EB;
  49733 : EC;
  49734 : E7;
  49735 : B9;
  49736 : 13;
  49737 : CE;
  49738 : F9;
  [49739..49740] : ED;
  [49741..49742] : EC;
  [49743..49745] : EB;
  [49746..49747] : EC;
  [49748..49751] : EB;
  [49752..49753] : EC;
  [49754..49761] : EB;
  49762 : EA;
  [49763..49769] : EB;
  49770 : E8;
  49771 : D4;
  49772 : 23;
  49773 : 90;
  49774 : FE;
  49775 : EC;
  [49776..49777] : EB;
  [49778..49783] : EA;
  [49784..49788] : E9;
  [49789..49792] : EA;
  [49793..49794] : E9;
  [49795..49801] : EA;
  49802 : E9;
  [49803..49807] : EA;
  49808 : E9;
  49809 : D5;
  49810 : 2C;
  49811 : A7;
  49812 : FE;
  49813 : EB;
  [49814..49817] : EA;
  [49818..49841] : E9;
  49842 : E8;
  [49843..49844] : E9;
  49845 : EA;
  49846 : E9;
  49847 : ED;
  49848 : 84;
  49849 : 49;
  49850 : F6;
  49851 : F3;
  [49852..49855] : E9;
  [49856..49857] : E8;
  [49858..49864] : E9;
  49865 : E8;
  49866 : E9;
  [49867..49870] : E8;
  49871 : E7;
  [49872..49874] : E8;
  49875 : E9;
  [49876..49878] : E8;
  [49879..49885] : E7;
  [49886..49887] : E8;
  49888 : E7;
  [49889..49890] : E8;
  [49891..49892] : E7;
  [49893..49894] : E8;
  [49895..49897] : E7;
  49898 : E9;
  49899 : C7;
  49900 : 1D;
  49901 : 00;
  49902 : 25;
  49903 : 37;
  49904 : 13;
  49905 : 17;
  49906 : 18;
  49907 : 19;
  [49908..49912] : 18;
  49913 : 19;
  49914 : 1A;
  49915 : 1B;
  49916 : 1C;
  [49917..49918] : 1D;
  49919 : 1C;
  49920 : 31;
  [49921..49923] : 2F;
  49924 : 2D;
  49925 : 2E;
  [49926..49927] : 2C;
  [49928..49929] : 2B;
  [49930..49932] : 2A;
  [49933..49934] : 28;
  49935 : 25;
  49936 : 26;
  49937 : 1F;
  49938 : 00;
  49939 : 1A;
  49940 : E4;
  49941 : F8;
  [49942..49944] : EF;
  [49945..49946] : EE;
  [49947..49948] : EF;
  [49949..49962] : EE;
  [49963..49964] : EF;
  [49965..49973] : EE;
  49974 : ED;
  [49975..49976] : EE;
  49977 : ED;
  49978 : E1;
  49979 : 9E;
  49980 : 29;
  49981 : E8;
  49982 : F5;
  [49983..49984] : ED;
  49985 : EE;
  [49986..49988] : ED;
  [49989..49990] : EC;
  [49991..49993] : ED;
  49994 : EC;
  49995 : ED;
  49996 : EC;
  [49997..49999] : ED;
  50000 : EC;
  50001 : ED;
  50002 : EC;
  50003 : ED;
  50004 : EC;
  50005 : ED;
  [50006..50007] : EC;
  50008 : ED;
  [50009..50010] : EC;
  50011 : ED;
  [50012..50013] : EC;
  [50014..50015] : ED;
  50016 : EB;
  50017 : DF;
  50018 : 5C;
  50019 : 59;
  50020 : FF;
  50021 : F0;
  50022 : ED;
  [50023..50032] : EC;
  [50033..50042] : EB;
  [50043..50046] : EA;
  [50047..50049] : EB;
  50050 : EC;
  [50051..50052] : EB;
  50053 : EC;
  50054 : E7;
  50055 : B7;
  50056 : 13;
  50057 : CE;
  50058 : F9;
  50059 : ED;
  50060 : EC;
  50061 : ED;
  50062 : EC;
  [50063..50071] : EB;
  [50072..50073] : EC;
  [50074..50077] : EB;
  [50078..50079] : EA;
  50080 : EB;
  50081 : EA;
  50082 : EB;
  [50083..50084] : EA;
  50085 : EB;
  [50086..50087] : EA;
  [50088..50089] : EB;
  50090 : E8;
  50091 : D5;
  50092 : 24;
  50093 : 8F;
  50094 : FE;
  50095 : EC;
  [50096..50098] : EB;
  50099 : EA;
  50100 : EB;
  [50101..50104] : EA;
  50105 : E9;
  50106 : EA;
  [50107..50108] : E9;
  [50109..50111] : EA;
  [50112..50115] : E9;
  [50116..50121] : EA;
  [50122..50126] : E9;
  50127 : EA;
  50128 : E9;
  50129 : D7;
  50130 : 2C;
  50131 : A7;
  50132 : FE;
  50133 : EB;
  [50134..50137] : EA;
  50138 : E9;
  50139 : EA;
  [50140..50143] : E9;
  50144 : EA;
  [50145..50157] : E9;
  [50158..50159] : E8;
  [50160..50166] : E9;
  50167 : ED;
  50168 : 84;
  50169 : 49;
  50170 : F6;
  50171 : F3;
  [50172..50175] : E9;
  50176 : E8;
  [50177..50186] : E9;
  [50187..50190] : E8;
  50191 : E7;
  [50192..50194] : E8;
  50195 : E9;
  [50196..50200] : E8;
  [50201..50204] : E7;
  [50205..50208] : E8;
  [50209..50213] : E7;
  50214 : E8;
  [50215..50217] : E7;
  50218 : E9;
  50219 : C7;
  50220 : 1D;
  50221 : 00;
  50222 : 25;
  50223 : 3A;
  50224 : 13;
  50225 : 17;
  50226 : 18;
  [50227..50231] : 17;
  [50232..50233] : 18;
  50234 : 1B;
  50235 : 1C;
  [50236..50238] : 1D;
  50239 : 1E;
  50240 : 32;
  [50241..50243] : 31;
  [50244..50245] : 30;
  [50246..50247] : 2E;
  [50248..50249] : 2D;
  50250 : 2C;
  50251 : 2B;
  50252 : 29;
  [50253..50254] : 27;
  50255 : 26;
  50256 : 25;
  50257 : 1E;
  50258 : 00;
  50259 : 19;
  50260 : E3;
  50261 : F8;
  50262 : EF;
  [50263..50283] : EE;
  50284 : EF;
  [50285..50292] : EE;
  [50293..50294] : ED;
  [50295..50296] : EE;
  50297 : ED;
  50298 : E2;
  50299 : 9D;
  50300 : 29;
  50301 : E9;
  50302 : F4;
  [50303..50304] : ED;
  50305 : EE;
  50306 : ED;
  [50307..50308] : EC;
  [50309..50311] : ED;
  50312 : EC;
  [50313..50314] : ED;
  [50315..50316] : EC;
  [50317..50318] : ED;
  50319 : EC;
  [50320..50321] : ED;
  50322 : EC;
  [50323..50326] : ED;
  [50327..50333] : EC;
  [50334..50335] : ED;
  50336 : EB;
  50337 : DF;
  50338 : 5C;
  50339 : 59;
  50340 : FF;
  50341 : F1;
  50342 : ED;
  [50343..50352] : EC;
  50353 : EB;
  [50354..50355] : EC;
  [50356..50358] : EB;
  [50359..50362] : EA;
  [50363..50364] : EB;
  [50365..50366] : EA;
  [50367..50368] : EB;
  [50369..50370] : EC;
  [50371..50372] : EB;
  50373 : ED;
  50374 : E7;
  50375 : B7;
  50376 : 13;
  50377 : CE;
  50378 : F9;
  50379 : ED;
  [50380..50382] : EC;
  [50383..50397] : EB;
  [50398..50402] : EA;
  [50403..50404] : EB;
  [50405..50407] : EA;
  50408 : EB;
  50409 : EC;
  50410 : E9;
  50411 : D5;
  50412 : 23;
  50413 : 8E;
  50414 : FE;
  50415 : EC;
  [50416..50417] : EB;
  [50418..50425] : EA;
  50426 : E9;
  [50427..50431] : EA;
  [50432..50433] : E9;
  [50434..50440] : EA;
  [50441..50445] : E9;
  [50446..50447] : EA;
  50448 : E9;
  50449 : D6;
  50450 : 2C;
  50451 : A8;
  50452 : FD;
  50453 : EB;
  [50454..50457] : EA;
  [50458..50463] : E9;
  50464 : EA;
  [50465..50480] : E9;
  50481 : E8;
  [50482..50486] : E9;
  50487 : ED;
  50488 : 84;
  50489 : 49;
  50490 : F6;
  50491 : F3;
  [50492..50500] : E9;
  50501 : EA;
  [50502..50505] : E9;
  [50506..50510] : E8;
  [50511..50512] : E7;
  [50513..50520] : E8;
  [50521..50524] : E7;
  [50525..50527] : E8;
  [50528..50533] : E7;
  50534 : E8;
  [50535..50537] : E7;
  50538 : E9;
  50539 : C7;
  50540 : 1D;
  50541 : 00;
  50542 : 24;
  50543 : 3B;
  50544 : 12;
  [50545..50548] : 17;
  50549 : 18;
  50550 : 19;
  50551 : 1A;
  [50552..50553] : 1B;
  50554 : 1C;
  [50555..50557] : 1D;
  [50558..50559] : 1E;
  50560 : 35;
  50561 : 33;
  50562 : 32;
  [50563..50564] : 30;
  50565 : 2F;
  [50566..50567] : 30;
  [50568..50569] : 2F;
  50570 : 2C;
  50571 : 2B;
  [50572..50573] : 2A;
  50574 : 29;
  50575 : 26;
  50576 : 25;
  50577 : 1D;
  50578 : 00;
  50579 : 18;
  50580 : E2;
  50581 : F8;
  50582 : EF;
  [50583..50598] : EE;
  50599 : EF;
  [50600..50606] : EE;
  [50607..50608] : ED;
  [50609..50610] : EE;
  [50611..50615] : ED;
  50616 : EE;
  50617 : ED;
  50618 : E0;
  50619 : 9C;
  50620 : 2A;
  50621 : E9;
  50622 : F4;
  [50623..50625] : ED;
  50626 : EC;
  [50627..50629] : ED;
  [50630..50639] : EC;
  [50640..50642] : ED;
  50643 : EC;
  [50644..50646] : ED;
  [50647..50655] : EC;
  50656 : EA;
  50657 : E0;
  50658 : 5C;
  50659 : 59;
  50660 : FF;
  50661 : F0;
  50662 : ED;
  [50663..50670] : EC;
  [50671..50673] : EB;
  50674 : EC;
  [50675..50678] : EB;
  [50679..50685] : EA;
  [50686..50692] : EB;
  50693 : ED;
  50694 : E7;
  50695 : B8;
  50696 : 13;
  50697 : CE;
  50698 : F9;
  50699 : ED;
  [50700..50701] : EC;
  [50702..50707] : EB;
  50708 : EC;
  [50709..50716] : EB;
  50717 : EA;
  [50718..50720] : EB;
  50721 : EA;
  50722 : EB;
  [50723..50727] : EA;
  50728 : EB;
  50729 : EC;
  50730 : E9;
  50731 : D3;
  50732 : 22;
  50733 : 90;
  50734 : FE;
  50735 : EC;
  50736 : EB;
  [50737..50740] : EA;
  50741 : E9;
  [50742..50743] : EA;
  50744 : E9;
  [50745..50750] : EA;
  [50751..50754] : E9;
  [50755..50759] : EA;
  [50760..50765] : E9;
  [50766..50767] : EA;
  50768 : E9;
  50769 : D6;
  50770 : 2C;
  50771 : A9;
  50772 : FE;
  50773 : EB;
  [50774..50777] : EA;
  [50778..50779] : E9;
  50780 : E8;
  [50781..50801] : E9;
  50802 : E8;
  [50803..50806] : E9;
  50807 : EE;
  50808 : 83;
  50809 : 49;
  50810 : F6;
  50811 : F2;
  [50812..50820] : E9;
  50821 : EA;
  [50822..50823] : E9;
  [50824..50828] : E8;
  [50829..50830] : E7;
  [50831..50835] : E8;
  [50836..50843] : E7;
  [50844..50845] : E8;
  50846 : E7;
  [50847..50848] : E8;
  [50849..50850] : E7;
  [50851..50852] : E6;
  [50853..50857] : E7;
  50858 : EA;
  50859 : C6;
  50860 : 1C;
  50861 : 00;
  50862 : 24;
  50863 : 36;
  50864 : 11;
  50865 : 16;
  [50866..50867] : 17;
  [50868..50871] : 18;
  50872 : 19;
  50873 : 1A;
  [50874..50875] : 1B;
  [50876..50877] : 1C;
  50878 : 1D;
  50879 : 1E;
  50880 : 32;
  [50881..50884] : 30;
  50885 : 2E;
  [50886..50887] : 2D;
  [50888..50889] : 2B;
  50890 : 2A;
  [50891..50892] : 2B;
  [50893..50894] : 2A;
  50895 : 27;
  50896 : 25;
  50897 : 1C;
  50898 : 00;
  50899 : 17;
  50900 : E1;
  50901 : F8;
  [50902..50903] : EE;
  50904 : EF;
  [50905..50908] : EE;
  50909 : EF;
  [50910..50915] : EE;
  50916 : EF;
  [50917..50927] : EE;
  50928 : ED;
  50929 : EE;
  [50930..50932] : ED;
  50933 : EE;
  [50934..50935] : ED;
  50936 : EE;
  50937 : EC;
  50938 : E1;
  50939 : 9E;
  50940 : 2A;
  50941 : E8;
  50942 : F4;
  [50943..50948] : ED;
  [50949..50959] : EC;
  50960 : ED;
  [50961..50973] : EC;
  [50974..50975] : ED;
  50976 : EA;
  50977 : DF;
  50978 : 5C;
  50979 : 59;
  50980 : FF;
  50981 : F0;
  50982 : ED;
  [50983..50989] : EC;
  [50990..50998] : EB;
  [50999..51004] : EA;
  [51005..51012] : EB;
  51013 : EC;
  51014 : E7;
  51015 : B7;
  51016 : 14;
  51017 : CF;
  51018 : F9;
  51019 : ED;
  51020 : EC;
  [51021..51037] : EB;
  51038 : EA;
  51039 : EB;
  [51040..51047] : EA;
  51048 : EB;
  51049 : EC;
  51050 : E8;
  51051 : D4;
  51052 : 23;
  51053 : 90;
  51054 : FE;
  51055 : EB;
  [51056..51060] : EA;
  [51061..51063] : E9;
  51064 : EA;
  [51065..51067] : E9;
  [51068..51071] : EA;
  [51072..51075] : E9;
  [51076..51078] : EA;
  [51079..51085] : E9;
  51086 : EA;
  51087 : EB;
  51088 : E9;
  51089 : D6;
  51090 : 2D;
  51091 : A7;
  51092 : FE;
  51093 : EB;
  [51094..51095] : EA;
  [51096..51120] : E9;
  [51121..51123] : E8;
  [51124..51126] : E9;
  51127 : EE;
  51128 : 84;
  51129 : 49;
  51130 : F6;
  51131 : F3;
  [51132..51145] : E9;
  [51146..51153] : E8;
  51154 : E7;
  51155 : E8;
  [51156..51161] : E7;
  51162 : E8;
  [51163..51164] : E7;
  51165 : E8;
  [51166..51171] : E7;
  [51172..51174] : E6;
  [51175..51177] : E7;
  51178 : EA;
  51179 : C6;
  51180 : 1C;
  51181 : 00;
  51182 : 23;
  51183 : 36;
  51184 : 12;
  [51185..51186] : 17;
  51187 : 18;
  51188 : 17;
  51189 : 18;
  [51190..51191] : 19;
  51192 : 1A;
  [51193..51194] : 1B;
  51195 : 1C;
  51196 : 1E;
  51197 : 1D;
  [51198..51199] : 1F;
  51200 : 2F;
  51201 : 2E;
  [51202..51203] : 2D;
  [51204..51205] : 2C;
  [51206..51207] : 2B;
  [51208..51209] : 2A;
  [51210..51212] : 29;
  51213 : 28;
  51214 : 27;
  51215 : 23;
  51216 : 26;
  51217 : 1D;
  51218 : 00;
  51219 : 17;
  51220 : E0;
  51221 : F8;
  [51222..51234] : EE;
  51235 : EF;
  [51236..51243] : EE;
  51244 : EF;
  [51245..51249] : EE;
  [51250..51252] : ED;
  51253 : EC;
  [51254..51255] : ED;
  51256 : EE;
  51257 : ED;
  51258 : E2;
  51259 : 9F;
  51260 : 29;
  51261 : E8;
  51262 : F4;
  [51263..51265] : ED;
  51266 : EE;
  [51267..51268] : ED;
  [51269..51279] : EC;
  51280 : ED;
  [51281..51286] : EC;
  51287 : EB;
  [51288..51292] : EC;
  [51293..51294] : ED;
  51295 : EC;
  51296 : EA;
  51297 : DF;
  51298 : 5A;
  51299 : 59;
  51300 : FF;
  51301 : F0;
  [51302..51303] : ED;
  [51304..51305] : EC;
  [51306..51307] : EB;
  51308 : EC;
  [51309..51318] : EB;
  [51319..51324] : EA;
  51325 : EB;
  51326 : EA;
  [51327..51331] : EB;
  51332 : EC;
  51333 : ED;
  51334 : E7;
  51335 : B7;
  51336 : 14;
  51337 : CF;
  51338 : F9;
  51339 : ED;
  51340 : EC;
  [51341..51344] : EB;
  51345 : EC;
  [51346..51357] : EB;
  [51358..51367] : EA;
  [51368..51369] : EB;
  51370 : E8;
  51371 : D5;
  51372 : 22;
  51373 : 8F;
  51374 : FF;
  51375 : EB;
  [51376..51380] : EA;
  [51381..51388] : E9;
  [51389..51392] : EA;
  [51393..51397] : E9;
  [51398..51399] : EA;
  [51400..51405] : E9;
  [51406..51407] : EA;
  51408 : E8;
  51409 : D7;
  51410 : 2D;
  51411 : A5;
  51412 : FE;
  51413 : EB;
  [51414..51416] : EA;
  [51417..51422] : E9;
  51423 : E8;
  [51424..51426] : E9;
  [51427..51429] : E8;
  [51430..51434] : E9;
  51435 : EA;
  [51436..51440] : E9;
  51441 : E8;
  51442 : E9;
  51443 : E8;
  51444 : E9;
  51445 : EA;
  51446 : E9;
  51447 : EF;
  51448 : 84;
  51449 : 49;
  51450 : F6;
  51451 : F3;
  51452 : EA;
  [51453..51466] : E9;
  51467 : E8;
  51468 : E7;
  [51469..51471] : E8;
  [51472..51488] : E7;
  51489 : E6;
  [51490..51491] : E7;
  [51492..51494] : E6;
  51495 : E7;
  51496 : E6;
  51497 : E7;
  51498 : E9;
  51499 : C5;
  51500 : 1B;
  51501 : 00;
  51502 : 24;
  51503 : 3A;
  51504 : 12;
  51505 : 16;
  51506 : 17;
  [51507..51508] : 16;
  51509 : 17;
  [51510..51511] : 18;
  [51512..51513] : 19;
  51514 : 1A;
  [51515..51516] : 1B;
  51517 : 1A;
  [51518..51519] : 1B;
  51520 : 30;
  51521 : 2F;
  [51522..51523] : 2E;
  [51524..51525] : 2C;
  51526 : 2B;
  51527 : 2C;
  [51528..51529] : 2B;
  [51530..51531] : 29;
  51532 : 26;
  51533 : 25;
  51534 : 26;
  51535 : 24;
  51536 : 28;
  51537 : 1E;
  51538 : 00;
  51539 : 17;
  51540 : E0;
  51541 : F8;
  [51542..51557] : EE;
  51558 : ED;
  [51559..51565] : EE;
  51566 : ED;
  51567 : EE;
  [51568..51572] : ED;
  51573 : EC;
  [51574..51575] : ED;
  51576 : EE;
  51577 : ED;
  51578 : E1;
  51579 : 9E;
  51580 : 2B;
  51581 : E9;
  51582 : F4;
  [51583..51589] : ED;
  [51590..51596] : EC;
  51597 : EB;
  [51598..51607] : EC;
  51608 : EB;
  [51609..51612] : EC;
  [51613..51615] : ED;
  51616 : EA;
  51617 : DF;
  [51618..51619] : 59;
  51620 : FF;
  51621 : F0;
  [51622..51623] : ED;
  [51624..51625] : EC;
  51626 : EB;
  51627 : EC;
  [51628..51638] : EB;
  [51639..51645] : EA;
  51646 : EB;
  [51647..51648] : EA;
  [51649..51652] : EB;
  51653 : EC;
  51654 : E6;
  51655 : B6;
  51656 : 13;
  51657 : CE;
  51658 : FA;
  51659 : ED;
  [51660..51661] : EC;
  [51662..51677] : EB;
  [51678..51679] : EA;
  [51680..51683] : E9;
  [51684..51687] : EA;
  [51688..51689] : EB;
  51690 : E8;
  51691 : D5;
  51692 : 23;
  51693 : 8F;
  51694 : FF;
  51695 : EC;
  [51696..51702] : EA;
  [51703..51707] : E9;
  [51708..51710] : EA;
  [51711..51717] : E9;
  [51718..51720] : EA;
  [51721..51726] : E9;
  51727 : EA;
  51728 : E9;
  51729 : D6;
  51730 : 2C;
  51731 : A6;
  51732 : FE;
  51733 : EB;
  51734 : EA;
  [51735..51741] : E9;
  [51742..51744] : E8;
  51745 : E9;
  [51746..51749] : E8;
  [51750..51758] : E9;
  [51759..51763] : E8;
  [51764..51766] : E9;
  51767 : EE;
  51768 : 84;
  51769 : 4A;
  51770 : F6;
  51771 : F3;
  [51772..51773] : EA;
  51774 : E9;
  [51775..51776] : EA;
  [51777..51780] : E9;
  [51781..51783] : E8;
  [51784..51786] : E9;
  51787 : E8;
  51788 : E7;
  [51789..51793] : E8;
  [51794..51807] : E7;
  [51808..51810] : E6;
  [51811..51812] : E7;
  [51813..51815] : E6;
  51816 : E7;
  51817 : E6;
  51818 : EA;
  51819 : C5;
  51820 : 1B;
  51821 : 00;
  51822 : 24;
  51823 : 3A;
  51824 : 12;
  51825 : 17;
  51826 : 16;
  [51827..51828] : 17;
  51829 : 19;
  [51830..51834] : 1A;
  [51835..51839] : 1B;
  51840 : 2D;
  51841 : 2E;
  51842 : 2F;
  51843 : 2E;
  51844 : 2D;
  51845 : 2E;
  51846 : 2C;
  51847 : 2D;
  51848 : 2B;
  51849 : 29;
  [51850..51851] : 2A;
  [51852..51853] : 29;
  51854 : 27;
  51855 : 25;
  51856 : 29;
  51857 : 1E;
  51858 : 00;
  51859 : 15;
  51860 : DE;
  51861 : F7;
  [51862..51867] : EE;
  51868 : EF;
  [51869..51877] : EE;
  51878 : ED;
  [51879..51887] : EE;
  [51888..51891] : ED;
  [51892..51893] : EC;
  [51894..51895] : ED;
  51896 : EE;
  51897 : EC;
  51898 : E1;
  51899 : 9F;
  51900 : 2C;
  51901 : E9;
  51902 : F4;
  [51903..51908] : ED;
  [51909..51932] : EC;
  [51933..51935] : ED;
  51936 : EB;
  51937 : DE;
  51938 : 58;
  51939 : 5A;
  51940 : FF;
  51941 : F0;
  51942 : ED;
  [51943..51945] : EC;
  51946 : EB;
  51947 : EC;
  [51948..51958] : EB;
  [51959..51961] : EA;
  [51962..51972] : EB;
  51973 : EC;
  51974 : E6;
  51975 : B6;
  51976 : 12;
  51977 : CD;
  51978 : F9;
  [51979..51980] : ED;
  [51981..51982] : EC;
  [51983..51998] : EB;
  [51999..52007] : EA;
  [52008..52009] : EB;
  52010 : E7;
  52011 : D4;
  52012 : 23;
  52013 : 90;
  52014 : FF;
  52015 : EC;
  [52016..52018] : EB;
  [52019..52021] : EA;
  [52022..52025] : E9;
  52026 : EA;
  [52027..52029] : E9;
  52030 : EA;
  [52031..52032] : E9;
  [52033..52034] : EA;
  [52035..52037] : E9;
  [52038..52040] : EA;
  [52041..52045] : E9;
  [52046..52047] : EA;
  52048 : E9;
  52049 : D5;
  52050 : 2B;
  52051 : A8;
  52052 : FF;
  52053 : EB;
  52054 : E9;
  52055 : EA;
  [52056..52059] : E9;
  52060 : E8;
  [52061..52066] : E9;
  [52067..52069] : E8;
  [52070..52079] : E9;
  [52080..52081] : E8;
  52082 : E7;
  52083 : E8;
  [52084..52086] : E9;
  52087 : ED;
  52088 : 82;
  52089 : 4B;
  52090 : F7;
  52091 : F3;
  [52092..52095] : EA;
  [52096..52106] : E9;
  [52107..52114] : E8;
  [52115..52118] : E7;
  [52119..52120] : E8;
  [52121..52125] : E7;
  52126 : E6;
  52127 : E7;
  [52128..52131] : E6;
  52132 : E7;
  [52133..52137] : E6;
  52138 : E9;
  52139 : C5;
  52140 : 1B;
  52141 : 00;
  52142 : 24;
  52143 : 3A;
  52144 : 11;
  52145 : 16;
  52146 : 17;
  52147 : 18;
  52148 : 19;
  52149 : 1A;
  52150 : 1C;
  [52151..52152] : 1A;
  [52153..52157] : 1B;
  52158 : 1C;
  52159 : 1D;
  52160 : 30;
  52161 : 2F;
  52162 : 2E;
  52163 : 2C;
  52164 : 2A;
  [52165..52167] : 2B;
  52168 : 29;
  52169 : 27;
  [52170..52171] : 28;
  52172 : 29;
  52173 : 2B;
  52174 : 29;
  52175 : 24;
  52176 : 26;
  52177 : 1C;
  52178 : 00;
  52179 : 14;
  52180 : DD;
  52181 : F7;
  52182 : EE;
  52183 : EF;
  52184 : EE;
  52185 : EF;
  [52186..52205] : EE;
  52206 : ED;
  [52207..52208] : EE;
  [52209..52211] : ED;
  52212 : EC;
  [52213..52216] : ED;
  52217 : EC;
  52218 : E1;
  52219 : A0;
  52220 : 2B;
  52221 : E8;
  52222 : F4;
  [52223..52226] : ED;
  [52227..52239] : EC;
  52240 : EB;
  [52241..52251] : EC;
  [52252..52255] : ED;
  52256 : EB;
  52257 : DF;
  52258 : 56;
  52259 : 59;
  52260 : FF;
  52261 : F0;
  52262 : ED;
  52263 : EC;
  52264 : EB;
  52265 : EC;
  52266 : EB;
  52267 : EC;
  [52268..52270] : EB;
  52271 : EC;
  [52272..52278] : EB;
  [52279..52282] : EA;
  52283 : EB;
  52284 : EA;
  [52285..52289] : EB;
  52290 : EA;
  [52291..52292] : EB;
  52293 : EC;
  52294 : E5;
  52295 : B6;
  52296 : 12;
  52297 : CD;
  52298 : F9;
  52299 : ED;
  [52300..52302] : EC;
  [52303..52318] : EB;
  52319 : EA;
  52320 : E9;
  [52321..52322] : EA;
  [52323..52327] : E9;
  52328 : EA;
  52329 : EB;
  52330 : E8;
  52331 : D4;
  52332 : 23;
  52333 : 8F;
  52334 : FF;
  52335 : EC;
  [52336..52338] : EB;
  [52339..52343] : EA;
  52344 : E9;
  [52345..52346] : EA;
  [52347..52349] : E9;
  [52350..52351] : EA;
  [52352..52357] : E9;
  [52358..52360] : EA;
  [52361..52364] : E9;
  [52365..52367] : EA;
  52368 : E8;
  52369 : D5;
  52370 : 2B;
  52371 : A8;
  52372 : FE;
  [52373..52374] : EA;
  [52375..52378] : E9;
  [52379..52381] : E8;
  52382 : E9;
  52383 : E8;
  [52384..52386] : E9;
  [52387..52388] : E8;
  [52389..52398] : E9;
  [52399..52400] : E8;
  [52401..52402] : E7;
  52403 : E8;
  [52404..52406] : E9;
  52407 : ED;
  52408 : 82;
  52409 : 4A;
  52410 : F6;
  52411 : F3;
  [52412..52415] : EA;
  [52416..52422] : E9;
  [52423..52424] : E8;
  52425 : E9;
  52426 : E8;
  52427 : E9;
  [52428..52435] : E8;
  [52436..52448] : E7;
  [52449..52457] : E6;
  52458 : E9;
  52459 : C5;
  52460 : 1C;
  52461 : 00;
  52462 : 23;
  52463 : 39;
  52464 : 10;
  52465 : 14;
  52466 : 16;
  [52467..52468] : 17;
  52469 : 16;
  52470 : 18;
  [52471..52472] : 17;
  [52473..52475] : 18;
  [52476..52479] : 19;
  [52480..52483] : 2E;
  52484 : 2C;
  [52485..52486] : 2B;
  52487 : 2A;
  52488 : 28;
  52489 : 2A;
  [52490..52491] : 2B;
  52492 : 2C;
  52493 : 2D;
  52494 : 2A;
  52495 : 23;
  52496 : 24;
  52497 : 1B;
  52498 : 00;
  52499 : 12;
  52500 : DB;
  52501 : F8;
  [52502..52518] : EE;
  52519 : EF;
  [52520..52523] : EE;
  52524 : ED;
  [52525..52526] : EE;
  [52527..52528] : ED;
  52529 : EE;
  [52530..52535] : ED;
  52536 : EE;
  52537 : EC;
  52538 : E0;
  52539 : 9F;
  52540 : 2C;
  52541 : E8;
  52542 : F3;
  52543 : EC;
  [52544..52546] : ED;
  [52547..52572] : EC;
  [52573..52574] : ED;
  52575 : EE;
  52576 : EB;
  52577 : DF;
  52578 : 56;
  52579 : 59;
  52580 : FF;
  52581 : F0;
  52582 : ED;
  [52583..52586] : EC;
  [52587..52594] : EB;
  [52595..52596] : EC;
  [52597..52599] : EB;
  [52600..52601] : EA;
  52602 : EB;
  52603 : EA;
  [52604..52607] : EB;
  [52608..52609] : EA;
  [52610..52613] : EB;
  52614 : E5;
  52615 : B6;
  52616 : 12;
  52617 : CC;
  52618 : F9;
  52619 : ED;
  [52620..52621] : EC;
  [52622..52633] : EB;
  52634 : EA;
  [52635..52637] : EB;
  [52638..52639] : EA;
  [52640..52641] : E9;
  52642 : EA;
  [52643..52646] : E9;
  [52647..52648] : EA;
  52649 : EB;
  52650 : E7;
  52651 : D5;
  52652 : 24;
  52653 : 8E;
  52654 : FF;
  52655 : EC;
  [52656..52657] : EB;
  [52658..52663] : EA;
  52664 : E9;
  52665 : EA;
  [52666..52667] : E9;
  52668 : EA;
  [52669..52670] : E9;
  52671 : EA;
  [52672..52676] : E9;
  52677 : EA;
  52678 : E9;
  [52679..52680] : EA;
  [52681..52684] : E9;
  [52685..52687] : EA;
  52688 : E8;
  52689 : D6;
  52690 : 2B;
  52691 : A5;
  52692 : FE;
  52693 : EB;
  52694 : EA;
  [52695..52697] : E9;
  [52698..52700] : E8;
  [52701..52702] : E9;
  52703 : E8;
  52704 : E9;
  52705 : E8;
  52706 : E9;
  [52707..52708] : E8;
  [52709..52710] : E9;
  52711 : EA;
  [52712..52716] : E9;
  [52717..52724] : E8;
  [52725..52726] : E9;
  52727 : ED;
  52728 : 81;
  52729 : 49;
  52730 : F6;
  52731 : F3;
  [52732..52734] : EA;
  52735 : E9;
  52736 : EA;
  52737 : E9;
  52738 : EA;
  [52739..52742] : E9;
  [52743..52746] : E8;
  52747 : E9;
  [52748..52751] : E8;
  52752 : E7;
  [52753..52757] : E8;
  [52758..52766] : E7;
  52767 : E6;
  [52768..52769] : E7;
  [52770..52773] : E6;
  52774 : E7;
  [52775..52777] : E6;
  52778 : E9;
  52779 : C4;
  52780 : 1B;
  52781 : 00;
  52782 : 21;
  52783 : 38;
  52784 : 12;
  52785 : 17;
  [52786..52787] : 18;
  52788 : 17;
  [52789..52790] : 18;
  [52791..52792] : 17;
  [52793..52794] : 18;
  52795 : 17;
  52796 : 18;
  52797 : 19;
  52798 : 1A;
  52799 : 19;
  52800 : 2D;
  52801 : 2A;
  [52802..52803] : 2B;
  52804 : 29;
  52805 : 28;
  [52806..52811] : 29;
  [52812..52813] : 28;
  52814 : 26;
  52815 : 20;
  52816 : 23;
  52817 : 1B;
  52818 : 00;
  52819 : 11;
  52820 : DA;
  52821 : F8;
  [52822..52836] : EE;
  52837 : EF;
  52838 : EE;
  [52839..52840] : EF;
  [52841..52843] : EE;
  52844 : ED;
  [52845..52847] : EE;
  [52848..52855] : ED;
  52856 : EE;
  52857 : EC;
  52858 : DF;
  52859 : 9F;
  52860 : 2D;
  52861 : E8;
  52862 : F4;
  [52863..52865] : ED;
  [52866..52877] : EC;
  [52878..52879] : EB;
  [52880..52892] : EC;
  52893 : ED;
  52894 : EC;
  52895 : EE;
  52896 : EC;
  52897 : DF;
  52898 : 57;
  52899 : 59;
  52900 : FF;
  52901 : F0;
  [52902..52903] : ED;
  [52904..52906] : EC;
  [52907..52914] : EB;
  [52915..52916] : EC;
  [52917..52919] : EB;
  [52920..52921] : EA;
  [52922..52927] : EB;
  52928 : EA;
  [52929..52932] : EB;
  52933 : EC;
  52934 : E6;
  52935 : B7;
  52936 : 12;
  52937 : CD;
  52938 : F9;
  52939 : ED;
  [52940..52941] : EC;
  [52942..52950] : EB;
  52951 : EA;
  [52952..52956] : EB;
  52957 : EA;
  52958 : EB;
  [52959..52961] : EA;
  52962 : E9;
  52963 : EA;
  [52964..52965] : E9;
  52966 : EA;
  52967 : E9;
  [52968..52969] : EA;
  52970 : E7;
  52971 : D4;
  52972 : 22;
  52973 : 8E;
  52974 : FF;
  52975 : ED;
  52976 : EB;
  [52977..52985] : EA;
  [52986..52990] : E9;
  52991 : EA;
  [52992..52994] : E9;
  [52995..52997] : EA;
  [52998..53005] : E9;
  [53006..53007] : EA;
  53008 : E9;
  53009 : D5;
  53010 : 2A;
  53011 : A4;
  53012 : FE;
  53013 : EA;
  53014 : E9;
  53015 : EA;
  [53016..53017] : E9;
  [53018..53019] : E8;
  53020 : E9;
  53021 : E8;
  [53022..53025] : E9;
  [53026..53027] : E8;
  [53028..53030] : E9;
  [53031..53032] : EA;
  [53033..53036] : E9;
  [53037..53041] : E8;
  53042 : E7;
  [53043..53045] : E8;
  53046 : E9;
  53047 : EC;
  53048 : 80;
  53049 : 4A;
  53050 : F6;
  53051 : F3;
  [53052..53059] : EA;
  [53060..53061] : E9;
  [53062..53076] : E8;
  53077 : E7;
  53078 : E8;
  [53079..53084] : E7;
  53085 : E6;
  53086 : E7;
  53087 : E6;
  [53088..53090] : E7;
  [53091..53093] : E6;
  53094 : E7;
  [53095..53097] : E6;
  53098 : E9;
  53099 : C2;
  53100 : 1A;
  53101 : 00;
  53102 : 21;
  53103 : 37;
  53104 : 13;
  53105 : 17;
  53106 : 16;
  53107 : 17;
  53108 : 18;
  [53109..53113] : 19;
  53114 : 1A;
  53115 : 19;
  53116 : 1A;
  53117 : 19;
  [53118..53119] : 1B;
  53120 : 2D;
  [53121..53123] : 2C;
  [53124..53125] : 2A;
  [53126..53129] : 29;
  [53130..53131] : 28;
  53132 : 27;
  53133 : 26;
  53134 : 24;
  53135 : 20;
  53136 : 24;
  53137 : 1C;
  53138 : 00;
  53139 : 11;
  53140 : D9;
  53141 : F8;
  [53142..53144] : EE;
  53145 : EF;
  [53146..53147] : EE;
  53148 : EF;
  [53149..53153] : EE;
  53154 : EF;
  [53155..53158] : EE;
  [53159..53161] : EF;
  [53162..53163] : EE;
  [53164..53166] : ED;
  53167 : EE;
  [53168..53174] : ED;
  [53175..53176] : EE;
  53177 : EC;
  53178 : DF;
  53179 : A0;
  53180 : 2D;
  53181 : E8;
  53182 : F4;
  [53183..53185] : ED;
  [53186..53188] : EC;
  [53189..53190] : ED;
  53191 : EC;
  53192 : ED;
  [53193..53214] : EC;
  53215 : ED;
  53216 : EB;
  53217 : DF;
  53218 : 57;
  53219 : 59;
  53220 : FF;
  53221 : F0;
  [53222..53223] : ED;
  [53224..53226] : EC;
  [53227..53241] : EB;
  [53242..53243] : EA;
  [53244..53246] : EB;
  53247 : EA;
  [53248..53252] : EB;
  53253 : EC;
  53254 : E5;
  53255 : B7;
  53256 : 13;
  53257 : CE;
  53258 : F9;
  53259 : ED;
  [53260..53261] : EC;
  [53262..53276] : EB;
  [53277..53283] : EA;
  [53284..53286] : E9;
  [53287..53288] : EA;
  53289 : EB;
  53290 : E7;
  53291 : D4;
  53292 : 23;
  53293 : 8E;
  53294 : FF;
  53295 : EC;
  53296 : EB;
  [53297..53305] : EA;
  [53306..53308] : E9;
  [53309..53310] : EA;
  53311 : E9;
  [53312..53317] : EA;
  [53318..53326] : E9;
  53327 : EA;
  53328 : E8;
  53329 : D5;
  53330 : 2B;
  53331 : A5;
  53332 : FE;
  53333 : EB;
  [53334..53335] : EA;
  [53336..53337] : E9;
  53338 : E8;
  [53339..53340] : E9;
  53341 : E8;
  [53342..53346] : E9;
  53347 : E8;
  [53348..53354] : E9;
  [53355..53365] : E8;
  53366 : E9;
  53367 : EC;
  53368 : 7F;
  53369 : 4B;
  53370 : F6;
  53371 : F3;
  [53372..53375] : EA;
  [53376..53377] : E9;
  [53378..53379] : EA;
  [53380..53381] : E9;
  53382 : E8;
  53383 : E9;
  [53384..53396] : E8;
  [53397..53400] : E7;
  53401 : E8;
  [53402..53410] : E7;
  [53411..53413] : E6;
  53414 : E7;
  53415 : E6;
  53416 : E7;
  53417 : E6;
  53418 : E9;
  53419 : C3;
  53420 : 1A;
  53421 : 00;
  53422 : 21;
  53423 : 37;
  53424 : 13;
  53425 : 16;
  [53426..53427] : 17;
  [53428..53432] : 18;
  53433 : 19;
  53434 : 1A;
  [53435..53437] : 1B;
  [53438..53439] : 1C;
  53440 : 31;
  53441 : 2F;
  53442 : 30;
  53443 : 2F;
  [53444..53445] : 2E;
  53446 : 2D;
  53447 : 2B;
  [53448..53449] : 2A;
  [53450..53451] : 28;
  53452 : 26;
  53453 : 27;
  53454 : 25;
  53455 : 22;
  53456 : 25;
  53457 : 1C;
  53458 : 00;
  53459 : 10;
  53460 : D9;
  53461 : F8;
  [53462..53465] : EF;
  53466 : EE;
  53467 : EF;
  [53468..53480] : EE;
  [53481..53482] : EF;
  [53483..53484] : EE;
  53485 : ED;
  [53486..53487] : EE;
  [53488..53489] : ED;
  53490 : EE;
  [53491..53496] : ED;
  53497 : EC;
  53498 : DE;
  53499 : A0;
  53500 : 2E;
  53501 : E8;
  53502 : F4;
  [53503..53504] : ED;
  [53505..53507] : EC;
  53508 : ED;
  [53509..53525] : EC;
  [53526..53527] : EB;
  [53528..53534] : EC;
  53535 : ED;
  53536 : EA;
  53537 : DE;
  53538 : 57;
  53539 : 59;
  53540 : FF;
  53541 : F0;
  53542 : ED;
  [53543..53545] : EC;
  [53546..53559] : EB;
  [53560..53564] : EA;
  53565 : EB;
  [53566..53567] : EA;
  [53568..53572] : EB;
  53573 : EC;
  53574 : E5;
  53575 : B6;
  53576 : 12;
  53577 : CD;
  53578 : F8;
  [53579..53580] : EC;
  [53581..53583] : EB;
  [53584..53585] : EA;
  [53586..53587] : EB;
  [53588..53591] : EA;
  [53592..53597] : EB;
  [53598..53600] : EA;
  53601 : E9;
  53602 : EA;
  [53603..53605] : E9;
  [53606..53608] : EA;
  53609 : EB;
  53610 : E7;
  53611 : D3;
  53612 : 22;
  53613 : 90;
  53614 : FF;
  53615 : EC;
  53616 : EB;
  [53617..53620] : EA;
  [53621..53622] : E9;
  [53623..53624] : EA;
  [53625..53627] : E9;
  [53628..53634] : EA;
  53635 : E9;
  [53636..53637] : EA;
  [53638..53645] : E9;
  [53646..53647] : EA;
  53648 : E8;
  53649 : D7;
  53650 : 2C;
  53651 : A6;
  53652 : FE;
  53653 : EB;
  [53654..53655] : EA;
  [53656..53657] : E9;
  [53658..53661] : E8;
  [53662..53674] : E9;
  [53675..53684] : E8;
  [53685..53686] : E9;
  53687 : EB;
  53688 : 80;
  53689 : 4B;
  53690 : F7;
  53691 : F3;
  [53692..53693] : E9;
  [53694..53695] : EA;
  [53696..53697] : E9;
  53698 : EA;
  [53699..53701] : E9;
  [53702..53705] : E8;
  [53706..53708] : E9;
  [53709..53715] : E8;
  [53716..53718] : E7;
  53719 : E8;
  [53720..53731] : E7;
  [53732..53733] : E6;
  [53734..53735] : E7;
  [53736..53737] : E6;
  53738 : EA;
  53739 : C4;
  53740 : 1A;
  53741 : 00;
  53742 : 21;
  53743 : 36;
  53744 : 11;
  53745 : 15;
  [53746..53748] : 17;
  [53749..53750] : 18;
  [53751..53753] : 19;
  [53754..53756] : 1A;
  53757 : 1B;
  53758 : 1A;
  53759 : 1B;
  53760 : 33;
  53761 : 32;
  53762 : 31;
  [53763..53765] : 2F;
  53766 : 2E;
  [53767..53769] : 2D;
  [53770..53771] : 2C;
  [53772..53773] : 2D;
  53774 : 2B;
  [53775..53776] : 26;
  53777 : 1C;
  53778 : 00;
  53779 : 11;
  53780 : DA;
  53781 : F8;
  [53782..53784] : EF;
  [53785..53786] : EE;
  53787 : EF;
  [53788..53805] : EE;
  [53806..53810] : ED;
  53811 : EE;
  [53812..53814] : ED;
  53815 : EE;
  53816 : ED;
  53817 : EC;
  53818 : E0;
  53819 : A1;
  53820 : 2E;
  53821 : E8;
  53822 : F4;
  [53823..53824] : ED;
  [53825..53831] : EC;
  53832 : ED;
  [53833..53836] : EC;
  53837 : ED;
  [53838..53845] : EC;
  [53846..53849] : EB;
  [53850..53855] : EC;
  53856 : EA;
  53857 : DE;
  53858 : 57;
  53859 : 5A;
  53860 : FF;
  53861 : F0;
  53862 : ED;
  [53863..53865] : EC;
  [53866..53878] : EB;
  53879 : EA;
  [53880..53883] : EB;
  [53884..53890] : EA;
  [53891..53892] : EB;
  53893 : EC;
  53894 : E5;
  53895 : B6;
  53896 : 12;
  53897 : CD;
  53898 : F9;
  53899 : EC;
  [53900..53906] : EB;
  [53907..53909] : EA;
  [53910..53918] : EB;
  [53919..53920] : EA;
  [53921..53925] : E9;
  [53926..53927] : EA;
  [53928..53929] : EB;
  53930 : E8;
  53931 : D3;
  53932 : 22;
  53933 : 8F;
  53934 : FF;
  53935 : EC;
  [53936..53940] : EA;
  [53941..53942] : E9;
  [53943..53944] : EA;
  [53945..53949] : E9;
  53950 : EA;
  [53951..53952] : E9;
  53953 : EA;
  [53954..53956] : E9;
  [53957..53958] : EA;
  [53959..53965] : E9;
  [53966..53967] : EA;
  53968 : E8;
  53969 : D8;
  53970 : 2C;
  53971 : A4;
  53972 : FE;
  53973 : EB;
  53974 : EA;
  53975 : E9;
  [53976..53977] : EA;
  53978 : E9;
  53979 : E8;
  [53980..53993] : E9;
  [53994..54003] : E8;
  [54004..54006] : E9;
  54007 : EC;
  54008 : 82;
  54009 : 4C;
  54010 : F7;
  54011 : F2;
  [54012..54013] : E9;
  54014 : EA;
  [54015..54017] : E9;
  54018 : EA;
  [54019..54020] : E9;
  [54021..54023] : E8;
  [54024..54025] : E9;
  54026 : E8;
  [54027..54028] : E9;
  54029 : E8;
  54030 : E9;
  [54031..54036] : E8;
  [54037..54041] : E7;
  54042 : E8;
  [54043..54052] : E7;
  [54053..54054] : E6;
  [54055..54057] : E7;
  54058 : E9;
  54059 : C5;
  54060 : 1B;
  54061 : 00;
  54062 : 21;
  54063 : 36;
  54064 : 11;
  54065 : 17;
  [54066..54071] : 18;
  54072 : 19;
  [54073..54074] : 1A;
  [54075..54076] : 1B;
  54077 : 1C;
  54078 : 1D;
  54079 : 1C;
  [54080..54081] : 30;
  54082 : 2F;
  [54083..54084] : 30;
  54085 : 32;
  54086 : 31;
  54087 : 30;
  [54088..54089] : 2D;
  [54090..54093] : 2B;
  54094 : 28;
  54095 : 23;
  54096 : 24;
  54097 : 1B;
  54098 : 00;
  54099 : 12;
  54100 : DA;
  54101 : F8;
  [54102..54103] : EF;
  54104 : EE;
  [54105..54106] : EF;
  [54107..54125] : EE;
  [54126..54130] : ED;
  54131 : EE;
  [54132..54135] : ED;
  54136 : EE;
  54137 : EC;
  54138 : E0;
  54139 : A2;
  54140 : 2D;
  54141 : E8;
  54142 : F4;
  [54143..54144] : ED;
  [54145..54148] : EC;
  54149 : ED;
  54150 : EC;
  [54151..54152] : ED;
  [54153..54155] : EC;
  [54156..54157] : ED;
  [54158..54163] : EC;
  54164 : EB;
  54165 : EC;
  [54166..54169] : EB;
  [54170..54175] : EC;
  54176 : EA;
  54177 : DD;
  54178 : 56;
  54179 : 5A;
  54180 : FF;
  54181 : EF;
  [54182..54183] : EC;
  54184 : EB;
  54185 : EC;
  [54186..54188] : EB;
  54189 : EC;
  [54190..54200] : EB;
  54201 : EA;
  [54202..54203] : EB;
  [54204..54206] : EA;
  54207 : EB;
  [54208..54209] : EA;
  [54210..54212] : EB;
  54213 : EC;
  54214 : E5;
  54215 : B7;
  54216 : 12;
  54217 : CD;
  54218 : F9;
  54219 : EC;
  [54220..54225] : EB;
  [54226..54228] : EA;
  [54229..54232] : EB;
  54233 : EC;
  [54234..54237] : EB;
  [54238..54240] : EA;
  [54241..54242] : E9;
  54243 : E8;
  [54244..54247] : E9;
  54248 : EA;
  54249 : EB;
  54250 : E8;
  54251 : D3;
  54252 : 23;
  54253 : 90;
  54254 : FF;
  54255 : EC;
  [54256..54259] : EA;
  [54260..54261] : E9;
  [54262..54263] : EA;
  [54264..54268] : E9;
  [54269..54270] : EA;
  [54271..54274] : E9;
  54275 : EA;
  54276 : E9;
  [54277..54278] : EA;
  [54279..54285] : E9;
  [54286..54287] : EA;
  54288 : E8;
  54289 : D8;
  54290 : 2C;
  54291 : A4;
  54292 : FE;
  54293 : EB;
  54294 : EA;
  [54295..54299] : E9;
  [54300..54301] : E8;
  [54302..54311] : E9;
  54312 : E8;
  54313 : E9;
  54314 : E8;
  54315 : E9;
  [54316..54317] : E8;
  [54318..54319] : E9;
  [54320..54322] : E8;
  54323 : E9;
  54324 : E8;
  [54325..54326] : E9;
  54327 : ED;
  54328 : 82;
  54329 : 4C;
  54330 : F7;
  54331 : F2;
  [54332..54336] : E9;
  [54337..54338] : EA;
  54339 : E9;
  [54340..54343] : E8;
  [54344..54348] : E9;
  [54349..54355] : E8;
  [54356..54370] : E7;
  [54371..54375] : E6;
  [54376..54377] : E7;
  54378 : E9;
  54379 : C5;
  54380 : 1B;
  54381 : 00;
  54382 : 22;
  54383 : 38;
  54384 : 12;
  [54385..54386] : 17;
  54387 : 16;
  [54388..54391] : 17;
  [54392..54394] : 18;
  54395 : 17;
  [54396..54397] : 1A;
  54398 : 1C;
  54399 : 1B;
  54400 : 2F;
  [54401..54402] : 2D;
  54403 : 2C;
  [54404..54405] : 2D;
  54406 : 2C;
  54407 : 2B;
  54408 : 2A;
  54409 : 29;
  54410 : 28;
  [54411..54412] : 29;
  54413 : 28;
  54414 : 25;
  54415 : 21;
  54416 : 25;
  54417 : 1C;
  54418 : 00;
  54419 : 11;
  54420 : DA;
  54421 : F9;
  54422 : EF;
  [54423..54424] : EE;
  54425 : EF;
  [54426..54431] : EE;
  54432 : ED;
  [54433..54437] : EE;
  54438 : ED;
  [54439..54441] : EE;
  [54442..54443] : ED;
  [54444..54446] : EE;
  [54447..54456] : ED;
  54457 : EC;
  54458 : E0;
  54459 : A2;
  54460 : 2D;
  54461 : E8;
  54462 : F4;
  [54463..54464] : ED;
  [54465..54473] : EC;
  54474 : ED;
  [54475..54481] : EC;
  54482 : EB;
  54483 : EC;
  54484 : EB;
  54485 : EC;
  [54486..54491] : EB;
  [54492..54494] : EC;
  54495 : ED;
  54496 : EA;
  54497 : DD;
  54498 : 56;
  54499 : 5B;
  54500 : FF;
  54501 : EF;
  [54502..54503] : EC;
  [54504..54519] : EB;
  [54520..54525] : EA;
  [54526..54527] : EB;
  [54528..54530] : EA;
  [54531..54532] : EB;
  54533 : EC;
  54534 : E5;
  54535 : B7;
  54536 : 12;
  54537 : CC;
  54538 : F8;
  [54539..54540] : EB;
  [54541..54543] : EA;
  [54544..54545] : EB;
  [54546..54548] : EA;
  [54549..54550] : EB;
  [54551..54552] : EC;
  [54553..54557] : EB;
  [54558..54561] : EA;
  [54562..54567] : E9;
  54568 : EB;
  54569 : EC;
  54570 : E8;
  54571 : D3;
  54572 : 23;
  54573 : 90;
  54574 : FF;
  54575 : EB;
  [54576..54579] : EA;
  [54580..54595] : E9;
  54596 : EA;
  [54597..54605] : E9;
  54606 : EA;
  54607 : E9;
  54608 : E8;
  54609 : D7;
  54610 : 2D;
  54611 : A3;
  54612 : FE;
  54613 : EB;
  54614 : EA;
  [54615..54618] : E9;
  [54619..54620] : E8;
  54621 : E9;
  54622 : E8;
  [54623..54626] : E9;
  54627 : E8;
  [54628..54629] : E9;
  54630 : E8;
  54631 : E9;
  54632 : E8;
  54633 : E9;
  54634 : E8;
  [54635..54636] : E9;
  54637 : E8;
  54638 : E9;
  [54639..54642] : E8;
  [54643..54646] : E9;
  54647 : ED;
  54648 : 83;
  54649 : 4B;
  54650 : F7;
  54651 : F3;
  [54652..54656] : E9;
  54657 : EA;
  [54658..54659] : E9;
  [54660..54673] : E8;
  [54674..54675] : E7;
  54676 : E8;
  [54677..54697] : E7;
  54698 : EA;
  54699 : C2;
  54700 : 19;
  54701 : 00;
  54702 : 23;
  54703 : 39;
  54704 : 12;
  54705 : 16;
  [54706..54707] : 15;
  54708 : 16;
  [54709..54713] : 17;
  [54714..54716] : 18;
  54717 : 19;
  [54718..54719] : 1A;
  54720 : 2D;
  [54721..54722] : 2E;
  [54723..54724] : 2D;
  [54725..54726] : 2C;
  [54727..54728] : 2A;
  54729 : 29;
  54730 : 2A;
  54731 : 29;
  54732 : 27;
  [54733..54734] : 25;
  54735 : 21;
  54736 : 26;
  54737 : 1D;
  54738 : 00;
  54739 : 10;
  54740 : D9;
  54741 : F9;
  [54742..54748] : EE;
  54749 : EF;
  54750 : EE;
  [54751..54752] : ED;
  54753 : EE;
  54754 : ED;
  54755 : EE;
  54756 : ED;
  [54757..54760] : EE;
  [54761..54763] : ED;
  [54764..54766] : EE;
  [54767..54776] : ED;
  54777 : EC;
  54778 : E1;
  54779 : A2;
  54780 : 2C;
  54781 : E8;
  54782 : F4;
  [54783..54785] : EC;
  [54786..54787] : ED;
  [54788..54790] : EC;
  54791 : ED;
  [54792..54793] : EC;
  54794 : ED;
  [54795..54800] : EC;
  54801 : EB;
  [54802..54803] : EC;
  54804 : EB;
  [54805..54807] : EC;
  [54808..54809] : EB;
  [54810..54815] : EC;
  54816 : E9;
  54817 : DC;
  54818 : 56;
  54819 : 5B;
  54820 : FF;
  54821 : EF;
  [54822..54824] : EC;
  [54825..54827] : EB;
  [54828..54830] : EC;
  [54831..54840] : EB;
  [54841..54842] : EA;
  [54843..54844] : EB;
  [54845..54850] : EA;
  [54851..54853] : EB;
  54854 : E5;
  54855 : B6;
  54856 : 12;
  54857 : CD;
  54858 : F8;
  [54859..54862] : EB;
  54863 : EA;
  [54864..54865] : EB;
  [54866..54868] : EA;
  [54869..54872] : EB;
  54873 : EC;
  [54874..54877] : EB;
  [54878..54882] : EA;
  [54883..54886] : E9;
  [54887..54888] : EA;
  54889 : EB;
  54890 : E8;
  54891 : D3;
  54892 : 23;
  54893 : 90;
  54894 : FF;
  54895 : EB;
  54896 : E9;
  [54897..54900] : EA;
  54901 : E9;
  54902 : E8;
  [54903..54913] : E9;
  [54914..54917] : EA;
  [54918..54925] : E9;
  [54926..54927] : EA;
  54928 : E8;
  54929 : D7;
  54930 : 2D;
  54931 : A3;
  54932 : FD;
  54933 : EA;
  [54934..54940] : E9;
  [54941..54943] : E8;
  [54944..54950] : E9;
  [54951..54953] : E8;
  [54954..54957] : E9;
  [54958..54962] : E8;
  [54963..54966] : E9;
  54967 : ED;
  54968 : 82;
  54969 : 4B;
  54970 : F7;
  54971 : F3;
  54972 : E9;
  54973 : EA;
  [54974..54981] : E9;
  [54982..54997] : E8;
  [54998..55008] : E7;
  [55009..55010] : E6;
  55011 : E7;
  [55012..55014] : E6;
  [55015..55017] : E7;
  55018 : EA;
  55019 : C1;
  55020 : 19;
  55021 : 00;
  55022 : 23;
  55023 : 3A;
  55024 : 12;
  55025 : 17;
  [55026..55027] : 16;
  [55028..55030] : 17;
  55031 : 18;
  [55032..55033] : 19;
  [55034..55035] : 1A;
  55036 : 1B;
  [55037..55039] : 1A;
  55040 : 2D;
  [55041..55042] : 2E;
  55043 : 2D;
  55044 : 2C;
  [55045..55046] : 2A;
  55047 : 29;
  [55048..55049] : 28;
  55050 : 27;
  55051 : 25;
  55052 : 23;
  55053 : 24;
  55054 : 23;
  55055 : 1F;
  55056 : 26;
  55057 : 1B;
  55058 : 00;
  55059 : 10;
  55060 : D9;
  55061 : F9;
  [55062..55063] : EE;
  55064 : EF;
  [55065..55070] : EE;
  55071 : ED;
  [55072..55073] : EE;
  55074 : ED;
  [55075..55080] : EE;
  [55081..55083] : ED;
  55084 : EE;
  55085 : ED;
  55086 : EE;
  [55087..55091] : ED;
  [55092..55093] : EC;
  [55094..55097] : ED;
  55098 : E0;
  55099 : A0;
  55100 : 2B;
  55101 : E8;
  55102 : F4;
  55103 : ED;
  55104 : EC;
  55105 : ED;
  [55106..55117] : EC;
  55118 : ED;
  55119 : EC;
  [55120..55121] : EB;
  55122 : EC;
  55123 : EB;
  [55124..55135] : EC;
  55136 : EA;
  55137 : DD;
  55138 : 56;
  55139 : 5A;
  55140 : FF;
  55141 : F0;
  [55142..55143] : EC;
  [55144..55145] : EB;
  [55146..55148] : EC;
  [55149..55157] : EB;
  55158 : EA;
  55159 : EB;
  [55160..55171] : EA;
  [55172..55173] : EB;
  55174 : E6;
  55175 : B7;
  55176 : 12;
  55177 : CD;
  55178 : F7;
  [55179..55183] : EB;
  [55184..55189] : EA;
  [55190..55195] : EB;
  [55196..55202] : EA;
  [55203..55205] : E9;
  55206 : EA;
  [55207..55209] : EB;
  55210 : E8;
  55211 : D2;
  55212 : 21;
  55213 : 8F;
  55214 : FF;
  55215 : EB;
  55216 : E9;
  [55217..55219] : EA;
  [55220..55223] : E9;
  [55224..55225] : EA;
  [55226..55229] : E9;
  55230 : E8;
  [55231..55234] : E9;
  [55235..55237] : EA;
  [55238..55245] : E9;
  55246 : EA;
  55247 : E9;
  55248 : E8;
  55249 : D6;
  55250 : 2C;
  55251 : A2;
  55252 : FD;
  55253 : EA;
  [55254..55258] : E9;
  [55259..55260] : E8;
  55261 : E9;
  [55262..55264] : E8;
  [55265..55266] : E9;
  [55267..55268] : E8;
  55269 : E9;
  [55270..55274] : E8;
  [55275..55277] : E9;
  [55278..55283] : E8;
  [55284..55286] : E9;
  55287 : EC;
  55288 : 82;
  55289 : 49;
  55290 : F6;
  55291 : F2;
  [55292..55301] : E9;
  [55302..55317] : E8;
  [55318..55325] : E7;
  55326 : E6;
  [55327..55328] : E7;
  [55329..55330] : E6;
  55331 : E7;
  [55332..55334] : E6;
  [55335..55337] : E7;
  55338 : EA;
  55339 : C1;
  55340 : 18;
  55341 : 00;
  55342 : 22;
  55343 : 39;
  55344 : 12;
  55345 : 16;
  [55346..55347] : 17;
  55348 : 18;
  [55349..55350] : 17;
  55351 : 19;
  55352 : 1A;
  55353 : 19;
  55354 : 1A;
  55355 : 19;
  [55356..55359] : 1A;
  55360 : 2E;
  [55361..55364] : 2D;
  55365 : 2E;
  55366 : 30;
  55367 : 2F;
  55368 : 2D;
  [55369..55370] : 29;
  [55371..55372] : 27;
  55373 : 28;
  55374 : 26;
  [55375..55376] : 21;
  55377 : 1A;
  55378 : 00;
  55379 : 10;
  55380 : D8;
  55381 : F9;
  55382 : EF;
  [55383..55395] : EE;
  [55396..55407] : ED;
  55408 : EC;
  55409 : ED;
  55410 : EC;
  [55411..55412] : ED;
  [55413..55414] : EC;
  55415 : ED;
  55416 : EE;
  55417 : EC;
  55418 : DF;
  55419 : 9F;
  55420 : 2C;
  55421 : E8;
  55422 : F4;
  55423 : ED;
  [55424..55425] : EC;
  [55426..55427] : ED;
  [55428..55442] : EC;
  [55443..55445] : EB;
  [55446..55447] : EC;
  55448 : EB;
  [55449..55451] : EC;
  55452 : EB;
  55453 : EC;
  55454 : EB;
  55455 : EC;
  55456 : EA;
  55457 : DD;
  55458 : 57;
  55459 : 5A;
  55460 : FF;
  55461 : F0;
  [55462..55463] : EC;
  [55464..55465] : EB;
  55466 : EC;
  [55467..55478] : EB;
  [55479..55493] : EA;
  55494 : E5;
  55495 : B7;
  55496 : 13;
  55497 : CD;
  55498 : F8;
  [55499..55503] : EB;
  55504 : EA;
  55505 : EB;
  [55506..55510] : EA;
  [55511..55515] : EB;
  [55516..55522] : EA;
  [55523..55525] : E9;
  [55526..55527] : EA;
  [55528..55529] : EB;
  55530 : E7;
  55531 : D1;
  55532 : 22;
  55533 : 8F;
  55534 : FF;
  55535 : EB;
  55536 : EA;
  [55537..55541] : E9;
  55542 : EA;
  [55543..55544] : E9;
  [55545..55548] : EA;
  [55549..55554] : E9;
  [55555..55557] : EA;
  [55558..55566] : E9;
  55567 : EA;
  55568 : E9;
  55569 : D6;
  55570 : 2C;
  55571 : A2;
  55572 : FE;
  55573 : EA;
  [55574..55580] : E9;
  [55581..55584] : E8;
  55585 : E9;
  [55586..55588] : E8;
  55589 : E9;
  [55590..55604] : E8;
  [55605..55606] : E9;
  55607 : EC;
  55608 : 81;
  55609 : 47;
  55610 : F6;
  55611 : F2;
  [55612..55618] : E9;
  [55619..55624] : E8;
  [55625..55626] : E7;
  [55627..55631] : E8;
  55632 : E7;
  [55633..55636] : E8;
  [55637..55641] : E7;
  [55642..55643] : E6;
  [55644..55645] : E7;
  [55646..55654] : E6;
  [55655..55657] : E7;
  55658 : EA;
  55659 : C0;
  55660 : 18;
  55661 : 00;
  55662 : 22;
  55663 : 39;
  55664 : 13;
  [55665..55666] : 17;
  55667 : 18;
  [55668..55671] : 19;
  [55672..55674] : 1B;
  55675 : 1A;
  [55676..55677] : 19;
  55678 : 18;
  55679 : 19;
  55680 : 2F;
  [55681..55685] : 2E;
  55686 : 30;
  55687 : 2F;
  55688 : 2D;
  [55689..55690] : 2B;
  55691 : 2C;
  [55692..55693] : 2B;
  55694 : 27;
  55695 : 1F;
  55696 : 20;
  55697 : 1A;
  55698 : 00;
  55699 : 0F;
  55700 : D7;
  55701 : F9;
  [55702..55715] : EE;
  [55716..55724] : ED;
  55725 : EE;
  [55726..55729] : ED;
  55730 : EC;
  55731 : ED;
  55732 : EC;
  [55733..55736] : ED;
  55737 : EB;
  55738 : DF;
  55739 : 9E;
  55740 : 29;
  55741 : E8;
  55742 : F4;
  55743 : ED;
  [55744..55767] : EC;
  55768 : EB;
  [55769..55775] : EC;
  55776 : E9;
  55777 : DD;
  55778 : 56;
  55779 : 59;
  55780 : FF;
  55781 : F0;
  55782 : EC;
  [55783..55797] : EB;
  [55798..55813] : EA;
  55814 : E4;
  55815 : B7;
  55816 : 13;
  55817 : CE;
  55818 : F8;
  [55819..55822] : EB;
  55823 : EA;
  [55824..55825] : EB;
  [55826..55830] : EA;
  55831 : EB;
  55832 : EA;
  [55833..55834] : EB;
  [55835..55836] : EA;
  55837 : EB;
  [55838..55839] : EA;
  [55840..55841] : EB;
  [55842..55845] : EA;
  55846 : E9;
  55847 : EA;
  [55848..55849] : EB;
  55850 : E7;
  55851 : D2;
  55852 : 23;
  55853 : 90;
  55854 : FE;
  55855 : EA;
  [55856..55858] : E9;
  [55859..55861] : EA;
  55862 : E9;
  55863 : EA;
  55864 : E9;
  55865 : EA;
  [55866..55875] : E9;
  [55876..55877] : EA;
  [55878..55886] : E9;
  55887 : EA;
  55888 : E9;
  55889 : D6;
  55890 : 2C;
  55891 : A2;
  55892 : FD;
  55893 : EA;
  [55894..55896] : E9;
  55897 : E8;
  [55898..55902] : E9;
  [55903..55904] : E8;
  [55905..55906] : E9;
  [55907..55918] : E8;
  55919 : E7;
  55920 : E8;
  55921 : E7;
  [55922..55924] : E8;
  55925 : E9;
  55926 : E8;
  55927 : EB;
  55928 : 80;
  55929 : 46;
  55930 : F6;
  55931 : F2;
  55932 : E8;
  [55933..55934] : E9;
  55935 : E8;
  [55936..55937] : E9;
  [55938..55943] : E8;
  [55944..55946] : E7;
  55947 : E8;
  55948 : E7;
  [55949..55955] : E8;
  [55956..55961] : E7;
  [55962..55963] : E6;
  55964 : E7;
  [55965..55976] : E6;
  55977 : E7;
  55978 : E9;
  55979 : BF;
  55980 : 18;
  55981 : 00;
  55982 : 23;
  55983 : 3B;
  55984 : 12;
  55985 : 16;
  55986 : 15;
  [55987..55988] : 16;
  [55989..55990] : 17;
  55991 : 16;
  [55992..55993] : 17;
  [55994..55995] : 18;
  [55996..55997] : 19;
  55998 : 1A;
  55999 : 1B;
  [56000..56002] : 2D;
  56003 : 2C;
  [56004..56005] : 2B;
  [56006..56011] : 2A;
  56012 : 27;
  [56013..56014] : 26;
  56015 : 21;
  56016 : 24;
  56017 : 1B;
  56018 : 00;
  56019 : 0E;
  56020 : D6;
  56021 : F8;
  [56022..56035] : EE;
  [56036..56044] : ED;
  56045 : EE;
  56046 : ED;
  [56047..56048] : EC;
  [56049..56056] : ED;
  56057 : EC;
  56058 : DF;
  56059 : 9D;
  56060 : 29;
  56061 : E8;
  56062 : F4;
  56063 : EC;
  56064 : EB;
  [56065..56068] : EC;
  56069 : ED;
  [56070..56086] : EC;
  [56087..56089] : EB;
  56090 : EC;
  [56091..56093] : EB;
  [56094..56095] : EC;
  56096 : E9;
  56097 : DC;
  56098 : 56;
  56099 : 5A;
  56100 : FF;
  56101 : EF;
  [56102..56103] : EC;
  [56104..56117] : EB;
  [56118..56128] : EA;
  [56129..56130] : E9;
  [56131..56133] : EA;
  56134 : E4;
  56135 : B5;
  56136 : 13;
  56137 : CD;
  56138 : F8;
  [56139..56141] : EB;
  [56142..56143] : EA;
  56144 : EB;
  [56145..56156] : EA;
  56157 : EB;
  [56158..56163] : EA;
  [56164..56166] : E9;
  [56167..56169] : EA;
  56170 : E7;
  56171 : D2;
  56172 : 22;
  56173 : 8E;
  56174 : FE;
  56175 : EA;
  [56176..56187] : E9;
  56188 : EA;
  56189 : E9;
  [56190..56192] : E8;
  [56193..56195] : E9;
  [56196..56197] : EA;
  [56198..56201] : E9;
  56202 : E8;
  [56203..56206] : E9;
  56207 : EA;
  56208 : E8;
  56209 : D6;
  56210 : 2C;
  56211 : A3;
  56212 : FD;
  56213 : EA;
  [56214..56215] : E9;
  [56216..56218] : E8;
  [56219..56221] : E9;
  [56222..56224] : E8;
  56225 : E9;
  [56226..56228] : E8;
  56229 : E9;
  [56230..56231] : E8;
  56232 : E9;
  [56233..56240] : E8;
  [56241..56243] : E7;
  56244 : E8;
  56245 : E9;
  56246 : E8;
  56247 : EA;
  56248 : 7E;
  56249 : 47;
  56250 : F6;
  56251 : F2;
  [56252..56254] : E9;
  [56255..56256] : E8;
  56257 : E9;
  [56258..56262] : E8;
  [56263..56269] : E7;
  [56270..56271] : E8;
  56272 : E7;
  [56273..56275] : E8;
  [56276..56278] : E7;
  [56279..56289] : E6;
  56290 : E5;
  [56291..56297] : E6;
  56298 : EA;
  56299 : BE;
  56300 : 17;
  56301 : 00;
  56302 : 24;
  56303 : 3C;
  56304 : 10;
  56305 : 14;
  [56306..56312] : 15;
  56313 : 16;
  56314 : 17;
  56315 : 16;
  [56316..56317] : 17;
  56318 : 18;
  56319 : 19;
  [56320..56323] : 2B;
  [56324..56325] : 2A;
  56326 : 28;
  [56327..56329] : 27;
  56330 : 26;
  56331 : 25;
  56332 : 24;
  [56333..56334] : 25;
  56335 : 20;
  56336 : 22;
  56337 : 1A;
  56338 : 00;
  56339 : 0D;
  56340 : D5;
  56341 : F8;
  [56342..56345] : EE;
  56346 : EF;
  [56347..56353] : EE;
  [56354..56355] : ED;
  56356 : EE;
  [56357..56367] : ED;
  56368 : EC;
  56369 : ED;
  [56370..56371] : EC;
  [56372..56373] : ED;
  56374 : EC;
  56375 : ED;
  56376 : EE;
  56377 : EC;
  56378 : DE;
  56379 : 9C;
  56380 : 29;
  56381 : E8;
  56382 : F3;
  56383 : EC;
  56384 : EB;
  [56385..56387] : EC;
  56388 : ED;
  [56389..56403] : EC;
  [56404..56410] : EB;
  56411 : EC;
  56412 : EB;
  [56413..56415] : EC;
  56416 : E8;
  56417 : DB;
  56418 : 53;
  56419 : 59;
  56420 : FF;
  56421 : EF;
  [56422..56423] : EC;
  [56424..56427] : EB;
  56428 : EC;
  [56429..56436] : EB;
  [56437..56440] : EA;
  [56441..56442] : E9;
  [56443..56445] : EA;
  56446 : E9;
  [56447..56448] : EA;
  56449 : E9;
  [56450..56453] : EA;
  56454 : E3;
  56455 : B5;
  56456 : 13;
  56457 : CD;
  56458 : F7;
  [56459..56460] : EB;
  [56461..56466] : EA;
  56467 : EB;
  56468 : EA;
  [56469..56472] : E9;
  [56473..56484] : EA;
  [56485..56486] : E9;
  [56487..56489] : EA;
  56490 : E7;
  56491 : D0;
  56492 : 20;
  56493 : 8C;
  56494 : FE;
  [56495..56497] : EA;
  [56498..56509] : E9;
  [56510..56512] : E8;
  [56513..56519] : E9;
  56520 : E8;
  56521 : E9;
  [56522..56525] : E8;
  56526 : E9;
  56527 : EA;
  56528 : E8;
  56529 : D4;
  56530 : 2B;
  56531 : A2;
  56532 : FE;
  56533 : EA;
  [56534..56538] : E9;
  56539 : E8;
  [56540..56541] : E9;
  [56542..56543] : E8;
  56544 : E9;
  [56545..56548] : E8;
  56549 : E9;
  [56550..56561] : E8;
  [56562..56563] : E7;
  56564 : E8;
  [56565..56566] : E9;
  56567 : EA;
  56568 : 7E;
  56569 : 45;
  56570 : F5;
  56571 : F2;
  [56572..56573] : E9;
  [56574..56583] : E8;
  56584 : E7;
  56585 : E8;
  [56586..56589] : E7;
  56590 : E8;
  [56591..56593] : E7;
  [56594..56595] : E8;
  [56596..56599] : E7;
  [56600..56608] : E6;
  [56609..56610] : E5;
  [56611..56616] : E6;
  56617 : E7;
  56618 : EA;
  56619 : BF;
  56620 : 17;
  56621 : 00;
  56622 : 23;
  56623 : 39;
  56624 : 11;
  56625 : 15;
  [56626..56630] : 16;
  [56631..56632] : 15;
  [56633..56636] : 16;
  56637 : 17;
  [56638..56639] : 18;
  56640 : 2C;
  56641 : 2D;
  56642 : 2B;
  56643 : 2A;
  56644 : 29;
  [56645..56646] : 2A;
  [56647..56648] : 27;
  56649 : 26;
  [56650..56651] : 25;
  56652 : 24;
  56653 : 25;
  56654 : 24;
  56655 : 1F;
  56656 : 21;
  56657 : 1B;
  56658 : 00;
  56659 : 0F;
  56660 : D6;
  56661 : F8;
  [56662..56666] : EE;
  56667 : ED;
  [56668..56671] : EE;
  56672 : ED;
  [56673..56679] : EE;
  [56680..56682] : ED;
  [56683..56685] : EC;
  [56686..56690] : ED;
  56691 : EC;
  [56692..56696] : ED;
  56697 : EB;
  56698 : DD;
  56699 : 9B;
  56700 : 28;
  56701 : E7;
  56702 : F4;
  [56703..56704] : EC;
  56705 : ED;
  56706 : EC;
  [56707..56708] : ED;
  [56709..56722] : EC;
  [56723..56730] : EB;
  [56731..56735] : EC;
  56736 : E9;
  56737 : D9;
  56738 : 50;
  56739 : 59;
  56740 : FF;
  56741 : EF;
  56742 : EC;
  [56743..56745] : EB;
  [56746..56750] : EC;
  [56751..56753] : EB;
  56754 : EA;
  [56755..56758] : EB;
  56759 : EA;
  56760 : E9;
  [56761..56767] : EA;
  56768 : E9;
  56769 : EA;
  56770 : E9;
  [56771..56773] : EA;
  56774 : E3;
  56775 : B6;
  56776 : 14;
  56777 : CE;
  56778 : F8;
  56779 : EB;
  [56780..56784] : EA;
  56785 : EB;
  [56786..56790] : EA;
  [56791..56792] : E9;
  [56793..56794] : EA;
  56795 : EB;
  [56796..56803] : EA;
  [56804..56807] : E9;
  56808 : EA;
  56809 : EB;
  56810 : E7;
  56811 : CF;
  56812 : 21;
  56813 : 8D;
  56814 : FF;
  56815 : EB;
  [56816..56835] : E9;
  56836 : EA;
  [56837..56842] : E9;
  [56843..56845] : E8;
  56846 : E9;
  56847 : EA;
  56848 : E9;
  56849 : D5;
  56850 : 2A;
  56851 : 9F;
  56852 : FC;
  [56853..56859] : E9;
  [56860..56868] : E8;
  [56869..56870] : E9;
  [56871..56881] : E8;
  56882 : E7;
  [56883..56884] : E8;
  56885 : E9;
  56886 : E8;
  56887 : EB;
  56888 : 80;
  56889 : 43;
  56890 : F6;
  56891 : F3;
  [56892..56898] : E9;
  [56899..56906] : E8;
  [56907..56908] : E7;
  [56909..56911] : E8;
  [56912..56914] : E7;
  56915 : E8;
  [56916..56921] : E7;
  [56922..56936] : E6;
  56937 : E8;
  56938 : EB;
  56939 : C2;
  56940 : 19;
  56941 : 00;
  56942 : 25;
  56943 : 39;
  56944 : 11;
  56945 : 15;
  56946 : 16;
  56947 : 17;
  [56948..56950] : 18;
  [56951..56955] : 17;
  [56956..56958] : 19;
  56959 : 1A;
  56960 : 2A;
  [56961..56964] : 2C;
  56965 : 2B;
  56966 : 28;
  56967 : 2A;
  56968 : 2B;
  56969 : 28;
  [56970..56973] : 26;
  56974 : 25;
  56975 : 21;
  56976 : 23;
  56977 : 1B;
  56978 : 00;
  56979 : 0E;
  56980 : D5;
  56981 : F9;
  56982 : EF;
  [56983..56992] : EE;
  56993 : ED;
  [56994..56999] : EE;
  57000 : ED;
  57001 : EE;
  [57002..57003] : ED;
  57004 : EC;
  [57005..57013] : ED;
  57014 : EE;
  [57015..57016] : ED;
  57017 : EA;
  57018 : DA;
  57019 : 9D;
  57020 : 2A;
  57021 : E7;
  57022 : F3;
  57023 : EC;
  [57024..57026] : ED;
  [57027..57028] : EE;
  [57029..57032] : ED;
  [57033..57034] : EC;
  57035 : ED;
  [57036..57043] : EC;
  57044 : EB;
  [57045..57046] : EC;
  [57047..57048] : EB;
  57049 : EC;
  57050 : EB;
  57051 : EC;
  57052 : ED;
  [57053..57055] : EC;
  57056 : E7;
  57057 : D5;
  57058 : 52;
  57059 : 5C;
  57060 : FF;
  57061 : EF;
  [57062..57064] : EC;
  [57065..57067] : ED;
  [57068..57069] : EC;
  57070 : ED;
  57071 : EC;
  [57072..57077] : EB;
  57078 : EC;
  [57079..57084] : EB;
  [57085..57091] : EA;
  57092 : EB;
  57093 : EC;
  57094 : E3;
  57095 : B7;
  57096 : 13;
  57097 : CD;
  57098 : F8;
  57099 : EC;
  57100 : EB;
  57101 : EA;
  [57102..57108] : EB;
  [57109..57111] : EA;
  [57112..57123] : EB;
  [57124..57129] : EA;
  57130 : E5;
  57131 : CF;
  57132 : 24;
  57133 : 8B;
  57134 : FD;
  57135 : EB;
  [57136..57146] : EA;
  57147 : EB;
  [57148..57149] : EA;
  57150 : E9;
  [57151..57154] : EA;
  57155 : E9;
  [57156..57162] : EA;
  [57163..57164] : E9;
  57165 : E8;
  [57166..57167] : E9;
  57168 : E6;
  57169 : D1;
  57170 : 2B;
  57171 : 9D;
  57172 : FA;
  57173 : E9;
  [57174..57176] : EA;
  [57177..57202] : E9;
  57203 : E8;
  [57204..57205] : E9;
  [57206..57207] : E8;
  57208 : 80;
  57209 : 45;
  57210 : F5;
  57211 : F2;
  [57212..57215] : EA;
  [57216..57227] : E9;
  [57228..57229] : E8;
  [57230..57232] : E9;
  [57233..57236] : E8;
  57237 : E9;
  [57238..57241] : E8;
  [57242..57252] : E7;
  57253 : E6;
  [57254..57256] : E7;
  57257 : E8;
  57258 : EB;
  57259 : C0;
  57260 : 1A;
  57261 : 00;
  57262 : 25;
  57263 : 3C;
  57264 : 12;
  57265 : 16;
  [57266..57268] : 17;
  [57269..57270] : 18;
  [57271..57275] : 19;
  57276 : 1B;
  [57277..57279] : 1C;
  57280 : 2B;
  57281 : 2A;
  [57282..57284] : 2B;
  57285 : 2A;
  57286 : 29;
  57287 : 27;
  [57288..57289] : 26;
  [57290..57291] : 25;
  [57292..57293] : 26;
  57294 : 24;
  57295 : 21;
  57296 : 1E;
  57297 : 10;
  57298 : 00;
  57299 : 06;
  57300 : C4;
  57301 : F6;
  57302 : EC;
  [57303..57304] : EE;
  57305 : ED;
  [57306..57308] : EC;
  57309 : EB;
  [57310..57318] : EC;
  [57319..57330] : EB;
  [57331..57332] : EA;
  [57333..57334] : E9;
  57335 : EA;
  57336 : EB;
  57337 : E0;
  57338 : C7;
  57339 : 7C;
  57340 : 1B;
  57341 : D6;
  57342 : F1;
  57343 : E9;
  [57344..57346] : EA;
  [57347..57348] : EB;
  [57349..57350] : EA;
  [57351..57361] : E9;
  57362 : E8;
  57363 : E9;
  [57364..57367] : E8;
  57368 : E7;
  [57369..57371] : E8;
  57372 : E9;
  57373 : E8;
  57374 : E7;
  57375 : E6;
  57376 : D9;
  57377 : BF;
  57378 : 3E;
  57379 : 49;
  57380 : F1;
  57381 : EB;
  [57382..57383] : E9;
  [57384..57386] : E8;
  57387 : E7;
  [57388..57391] : E8;
  [57392..57399] : E7;
  [57400..57403] : E6;
  57404 : E5;
  57405 : E6;
  [57406..57408] : E5;
  57409 : E4;
  [57410..57412] : E3;
  57413 : E1;
  57414 : CC;
  57415 : 90;
  57416 : 0A;
  57417 : AF;
  57418 : EF;
  57419 : E4;
  [57420..57421] : E5;
  [57422..57427] : E4;
  57428 : E3;
  57429 : E4;
  57430 : E3;
  [57431..57432] : E4;
  57433 : E3;
  57434 : E4;
  [57435..57438] : E5;
  57439 : E4;
  57440 : E5;
  57441 : E4;
  [57442..57443] : E5;
  [57444..57445] : E3;
  57446 : E2;
  57447 : E3;
  57448 : E4;
  57449 : E1;
  57450 : CE;
  57451 : A2;
  57452 : 11;
  57453 : 6B;
  57454 : EF;
  57455 : E4;
  57456 : E2;
  57457 : E4;
  [57458..57462] : E3;
  [57463..57465] : E2;
  [57466..57481] : E1;
  [57482..57484] : E0;
  57485 : E1;
  57486 : E2;
  57487 : DF;
  57488 : CC;
  57489 : A2;
  57490 : 15;
  57491 : 77;
  57492 : F3;
  57493 : E7;
  57494 : E2;
  57495 : E0;
  [57496..57497] : DF;
  [57498..57502] : E0;
  [57503..57505] : DF;
  57506 : DE;
  57507 : DF;
  [57508..57509] : E0;
  [57510..57515] : DF;
  [57516..57518] : E0;
  [57519..57522] : DF;
  57523 : E0;
  [57524..57525] : E1;
  57526 : D7;
  57527 : C5;
  57528 : 58;
  57529 : 2B;
  57530 : D7;
  57531 : EB;
  57532 : E3;
  [57533..57534] : E1;
  57535 : E0;
  [57536..57538] : DF;
  57539 : DE;
  [57540..57543] : DF;
  [57544..57545] : DE;
  57546 : DD;
  [57547..57548] : DE;
  [57549..57550] : DF;
  57551 : DE;
  57552 : DD;
  [57553..57556] : DE;
  57557 : DF;
  57558 : DE;
  [57559..57561] : DD;
  57562 : DC;
  57563 : DD;
  57564 : DC;
  [57565..57568] : DD;
  57569 : DE;
  [57570..57571] : DD;
  57572 : DE;
  [57573..57576] : DD;
  57577 : D9;
  57578 : CE;
  57579 : 90;
  57580 : 0A;
  57581 : 00;
  57582 : 20;
  57583 : 3A;
  57584 : 13;
  57585 : 18;
  [57586..57587] : 17;
  [57588..57592] : 18;
  57593 : 19;
  [57594..57595] : 1A;
  [57596..57597] : 1B;
  57598 : 1A;
  57599 : 1C;
  57600 : 2A;
  57601 : 28;
  57602 : 27;
  57603 : 29;
  57604 : 28;
  [57605..57606] : 26;
  57607 : 24;
  57608 : 25;
  57609 : 23;
  57610 : 22;
  [57611..57612] : 23;
  57613 : 22;
  57614 : 20;
  57615 : 18;
  57616 : 11;
  57617 : 07;
  [57618..57619] : 00;
  57620 : 54;
  57621 : C8;
  57622 : C2;
  57623 : BA;
  [57624..57625] : BB;
  57626 : B8;
  57627 : B6;
  [57628..57629] : B7;
  57630 : B6;
  57631 : B5;
  [57632..57635] : B7;
  57636 : B6;
  57637 : B7;
  57638 : B8;
  [57639..57642] : B7;
  [57643..57645] : B9;
  57646 : B8;
  57647 : B7;
  [57648..57649] : B5;
  [57650..57651] : B6;
  57652 : B4;
  [57653..57654] : B1;
  57655 : B3;
  57656 : B4;
  57657 : A0;
  57658 : 6F;
  57659 : 2A;
  57660 : 03;
  57661 : 61;
  57662 : C3;
  57663 : BA;
  [57664..57665] : B0;
  57666 : AF;
  [57667..57669] : B0;
  57670 : B1;
  [57671..57672] : AF;
  [57673..57676] : B0;
  57677 : B2;
  57678 : B4;
  57679 : B5;
  57680 : B3;
  57681 : B2;
  [57682..57685] : B1;
  [57686..57687] : B0;
  57688 : AF;
  [57689..57691] : B0;
  [57692..57693] : AF;
  57694 : AD;
  57695 : A9;
  57696 : 8F;
  57697 : 58;
  57698 : 12;
  57699 : 0D;
  57700 : 8E;
  57701 : C4;
  57702 : B6;
  57703 : AF;
  57704 : AC;
  [57705..57706] : AA;
  [57707..57709] : AB;
  57710 : AA;
  [57711..57712] : A9;
  57713 : AA;
  57714 : A9;
  57715 : A8;
  57716 : A9;
  [57717..57718] : AB;
  57719 : AA;
  57720 : A8;
  [57721..57722] : A7;
  57723 : A6;
  [57724..57727] : A5;
  57728 : A4;
  57729 : A1;
  57730 : 9F;
  57731 : A0;
  57732 : 9C;
  57733 : 93;
  57734 : 73;
  57735 : 2A;
  57736 : 00;
  57737 : 36;
  57738 : A6;
  57739 : A9;
  57740 : A2;
  57741 : A4;
  57742 : A2;
  57743 : A0;
  57744 : 9F;
  [57745..57747] : 9D;
  57748 : 9E;
  [57749..57750] : A0;
  [57751..57753] : 9F;
  57754 : A1;
  [57755..57757] : A2;
  [57758..57760] : A1;
  57761 : A0;
  57762 : 9E;
  57763 : 9D;
  [57764..57766] : 9C;
  [57767..57768] : 9D;
  57769 : 99;
  57770 : 79;
  57771 : 2E;
  57772 : 00;
  57773 : 11;
  57774 : 88;
  57775 : A8;
  [57776..57778] : 9D;
  57779 : 9C;
  57780 : 9B;
  57781 : 99;
  [57782..57783] : 98;
  57784 : 96;
  57785 : 94;
  57786 : 96;
  [57787..57789] : 97;
  57790 : 98;
  57791 : 99;
  57792 : 9A;
  57793 : 98;
  57794 : 99;
  [57795..57796] : 9B;
  57797 : 9A;
  57798 : 98;
  [57799..57800] : 99;
  57801 : 98;
  [57802..57804] : 96;
  57805 : 95;
  [57806..57807] : 96;
  57808 : 79;
  57809 : 31;
  57810 : 00;
  57811 : 1A;
  57812 : 89;
  57813 : A8;
  57814 : 99;
  57815 : 94;
  [57816..57817] : 91;
  57818 : 93;
  57819 : 92;
  57820 : 91;
  57821 : 92;
  57822 : 91;
  57823 : 92;
  57824 : 93;
  57825 : 92;
  57826 : 94;
  [57827..57829] : 97;
  57830 : 95;
  [57831..57832] : 94;
  57833 : 96;
  57834 : 95;
  57835 : 93;
  57836 : 90;
  57837 : 8F;
  [57838..57840] : 8D;
  57841 : 8E;
  [57842..57843] : 8F;
  57844 : 91;
  57845 : 93;
  57846 : 84;
  57847 : 55;
  57848 : 09;
  57849 : 0D;
  57850 : 63;
  57851 : 9F;
  57852 : 98;
  57853 : 8F;
  [57854..57858] : 8E;
  57859 : 8C;
  [57860..57862] : 8D;
  57863 : 8C;
  57864 : 8A;
  57865 : 89;
  57866 : 8A;
  57867 : 8C;
  57868 : 8F;
  57869 : 90;
  57870 : 8F;
  57871 : 8D;
  [57872..57873] : 8C;
  [57874..57876] : 8D;
  57877 : 8C;
  57878 : 8D;
  57879 : 8C;
  [57880..57881] : 8B;
  [57882..57886] : 8A;
  [57887..57891] : 8C;
  57892 : 8D;
  57893 : 8E;
  [57894..57895] : 8F;
  57896 : 8C;
  57897 : 86;
  57898 : 6B;
  57899 : 22;
  [57900..57901] : 00;
  57902 : 16;
  57903 : 2E;
  57904 : 15;
  57905 : 18;
  57906 : 17;
  57907 : 16;
  [57908..57910] : 17;
  57911 : 18;
  57912 : 19;
  [57913..57917] : 1A;
  57918 : 1C;
  57919 : 1E;
  57920 : 0A;
  [57921..57923] : 09;
  [57924..57931] : 08;
  [57932..57933] : 09;
  57934 : 08;
  57935 : 05;
  [57936..57937] : 01;
  57938 : 00;
  57939 : 02;
  57940 : 00;
  57941 : 18;
  57942 : 2A;
  57943 : 27;
  [57944..57945] : 24;
  [57946..57947] : 21;
  [57948..57949] : 22;
  57950 : 20;
  [57951..57952] : 1F;
  [57953..57955] : 1E;
  57956 : 1D;
  [57957..57958] : 1E;
  57959 : 1D;
  [57960..57961] : 1F;
  [57962..57963] : 1E;
  [57964..57965] : 1F;
  57966 : 1E;
  57967 : 1D;
  57968 : 1C;
  [57969..57970] : 1B;
  [57971..57972] : 1C;
  57973 : 1D;
  57974 : 1E;
  57975 : 1D;
  57976 : 1B;
  57977 : 14;
  57978 : 05;
  [57979..57980] : 01;
  57981 : 00;
  57982 : 17;
  57983 : 26;
  57984 : 20;
  [57985..57986] : 1D;
  57987 : 1E;
  57988 : 1D;
  [57989..57990] : 1C;
  [57991..57992] : 19;
  57993 : 1B;
  57994 : 1A;
  [57995..57997] : 1B;
  57998 : 1A;
  57999 : 1B;
  58000 : 1A;
  [58001..58002] : 19;
  58003 : 18;
  58004 : 17;
  [58005..58007] : 18;
  [58008..58012] : 19;
  [58013..58014] : 1A;
  58015 : 19;
  58016 : 10;
  58017 : 02;
  58018 : 00;
  58019 : 01;
  58020 : 06;
  58021 : 22;
  58022 : 21;
  58023 : 1C;
  58024 : 19;
  58025 : 18;
  58026 : 17;
  [58027..58030] : 16;
  58031 : 15;
  [58032..58037] : 14;
  [58038..58040] : 13;
  [58041..58043] : 12;
  [58044..58045] : 11;
  [58046..58050] : 12;
  58051 : 13;
  58052 : 14;
  58053 : 13;
  58054 : 05;
  [58055..58057] : 00;
  58058 : 11;
  58059 : 1D;
  58060 : 17;
  58061 : 15;
  58062 : 13;
  58063 : 12;
  58064 : 11;
  58065 : 10;
  [58066..58067] : 11;
  58068 : 12;
  [58069..58070] : 11;
  58071 : 10;
  [58072..58073] : 11;
  58074 : 10;
  [58075..58080] : 0F;
  58081 : 10;
  [58082..58085] : 0F;
  [58086..58087] : 10;
  58088 : 0F;
  58089 : 0E;
  58090 : 04;
  [58091..58093] : 00;
  58094 : 07;
  58095 : 15;
  58096 : 13;
  58097 : 11;
  [58098..58099] : 10;
  58100 : 0F;
  58101 : 0E;
  58102 : 0C;
  58103 : 0D;
  58104 : 0C;
  58105 : 0B;
  58106 : 0C;
  58107 : 0D;
  [58108..58109] : 0C;
  [58110..58112] : 0D;
  58113 : 0C;
  58114 : 0D;
  58115 : 0F;
  58116 : 0E;
  58117 : 0D;
  [58118..58120] : 0C;
  [58121..58123] : 0E;
  [58124..58127] : 0D;
  58128 : 05;
  [58129..58131] : 00;
  58132 : 05;
  58133 : 10;
  [58134..58135] : 0F;
  58136 : 0E;
  [58137..58138] : 0D;
  58139 : 0C;
  58140 : 0B;
  58141 : 0C;
  [58142..58143] : 0B;
  58144 : 0C;
  58145 : 0B;
  58146 : 0C;
  58147 : 0E;
  [58148..58149] : 0D;
  [58150..58152] : 0E;
  [58153..58154] : 0D;
  58155 : 0C;
  [58156..58157] : 0A;
  58158 : 09;
  58159 : 0A;
  58160 : 0B;
  [58161..58162] : 0C;
  [58163..58165] : 0D;
  58166 : 07;
  [58167..58168] : 00;
  58169 : 03;
  58170 : 0B;
  58171 : 0F;
  58172 : 0C;
  58173 : 0B;
  [58174..58175] : 0A;
  [58176..58180] : 0B;
  [58181..58182] : 0A;
  [58183..58185] : 09;
  [58186..58187] : 0A;
  58188 : 09;
  58189 : 0A;
  [58190..58192] : 09;
  [58193..58201] : 08;
  58202 : 07;
  [58203..58204] : 06;
  [58205..58206] : 07;
  58207 : 08;
  58208 : 09;
  58209 : 0A;
  58210 : 0B;
  [58211..58212] : 0C;
  58213 : 0D;
  [58214..58215] : 0E;
  58216 : 0F;
  58217 : 09;
  [58218..58221] : 00;
  58222 : 02;
  58223 : 05;
  58224 : 04;
  [58225..58227] : 05;
  [58228..58235] : 04;
  [58236..58239] : 05;
  [58240..58255] : 00;
  58256 : 01;
  [58257..58258] : 02;
  58259 : 01;
  58260 : 02;
  58261 : 01;
  [58262..58297] : 00;
  58298 : 01;
  58299 : 02;
  58300 : 01;
  [58301..58302] : 02;
  [58303..58336] : 00;
  [58337..58338] : 01;
  58339 : 02;
  58340 : 03;
  [58341..58367] : 00;
  [58368..58369] : 01;
  [58370..58372] : 00;
  [58373..58374] : 02;
  58375 : 03;
  58376 : 02;
  58377 : 04;
  58378 : 03;
  58379 : 02;
  [58380..58403] : 00;
  [58404..58406] : 01;
  [58407..58409] : 00;
  58410 : 02;
  [58411..58412] : 04;
  58413 : 05;
  58414 : 04;
  58415 : 01;
  [58416..58418] : 00;
  [58419..58429] : 01;
  58430 : 02;
  [58431..58433] : 01;
  [58434..58435] : 02;
  [58436..58442] : 01;
  58443 : 00;
  58444 : 01;
  [58445..58447] : 00;
  58448 : 01;
  58449 : 02;
  58450 : 04;
  58451 : 05;
  58452 : 03;
  [58453..58457] : 01;
  58458 : 00;
  [58459..58460] : 01;
  [58461..58462] : 00;
  [58463..58482] : 01;
  58483 : 00;
  [58484..58485] : 01;
  [58486..58492] : 02;
  [58493..58500] : 01;
  58501 : 02;
  58502 : 01;
  [58503..58506] : 00;
  [58507..58518] : 01;
  [58519..58520] : 00;
  58521 : 01;
  58522 : 00;
  [58523..58531] : 01;
  [58532..58537] : 00;
  [58538..58539] : 02;
  [58540..58542] : 01;
  [58543..58559] : 00;
  58560 : 0A;
  [58561..58562] : 0B;
  58563 : 0A;
  [58564..58567] : 0B;
  58568 : 0C;
  58569 : 0D;
  58570 : 0B;
  58571 : 0C;
  58572 : 0B;
  58573 : 0C;
  58574 : 0D;
  58575 : 0E;
  58576 : 0F;
  58577 : 11;
  58578 : 13;
  58579 : 12;
  58580 : 15;
  58581 : 22;
  58582 : 1E;
  58583 : 15;
  58584 : 13;
  58585 : 12;
  58586 : 10;
  [58587..58589] : 0F;
  [58590..58593] : 10;
  58594 : 0F;
  [58595..58596] : 10;
  58597 : 11;
  58598 : 10;
  58599 : 11;
  [58600..58602] : 10;
  [58603..58604] : 11;
  [58605..58606] : 10;
  [58607..58608] : 0F;
  58609 : 10;
  58610 : 0F;
  58611 : 10;
  [58612..58613] : 0F;
  58614 : 0E;
  58615 : 0F;
  58616 : 10;
  58617 : 12;
  58618 : 16;
  58619 : 19;
  58620 : 16;
  58621 : 1B;
  58622 : 21;
  58623 : 18;
  58624 : 13;
  58625 : 11;
  [58626..58629] : 12;
  [58630..58631] : 11;
  58632 : 12;
  [58633..58637] : 11;
  [58638..58640] : 12;
  [58641..58647] : 11;
  [58648..58649] : 12;
  [58650..58651] : 13;
  [58652..58654] : 12;
  58655 : 13;
  58656 : 14;
  58657 : 17;
  58658 : 1A;
  58659 : 1F;
  58660 : 24;
  58661 : 1C;
  58662 : 15;
  58663 : 14;
  [58664..58665] : 13;
  [58666..58667] : 12;
  58668 : 11;
  58669 : 10;
  [58670..58671] : 11;
  58672 : 12;
  58673 : 13;
  [58674..58677] : 12;
  [58678..58679] : 11;
  [58680..58682] : 10;
  58683 : 11;
  [58684..58686] : 12;
  58687 : 11;
  58688 : 12;
  [58689..58690] : 14;
  58691 : 12;
  58692 : 13;
  58693 : 15;
  58694 : 19;
  58695 : 18;
  58696 : 16;
  [58697..58698] : 1D;
  58699 : 17;
  58700 : 16;
  58701 : 15;
  [58702..58704] : 14;
  [58705..58706] : 13;
  [58707..58709] : 12;
  [58710..58713] : 13;
  58714 : 11;
  [58715..58720] : 12;
  [58721..58722] : 13;
  58723 : 14;
  58724 : 15;
  [58725..58726] : 14;
  [58727..58728] : 13;
  58729 : 15;
  58730 : 19;
  58731 : 1D;
  58732 : 19;
  [58733..58734] : 1E;
  58735 : 16;
  [58736..58740] : 14;
  [58741..58742] : 13;
  58743 : 12;
  58744 : 13;
  [58745..58747] : 12;
  [58748..58749] : 13;
  [58750..58754] : 14;
  [58755..58758] : 13;
  [58759..58761] : 12;
  [58762..58763] : 11;
  [58764..58765] : 12;
  58766 : 13;
  58767 : 14;
  58768 : 18;
  58769 : 19;
  58770 : 1B;
  58771 : 22;
  58772 : 20;
  58773 : 18;
  58774 : 16;
  58775 : 14;
  [58776..58779] : 13;
  [58780..58781] : 12;
  [58782..58786] : 11;
  [58787..58796] : 12;
  [58797..58798] : 11;
  58799 : 10;
  58800 : 11;
  [58801..58803] : 10;
  58804 : 12;
  58805 : 14;
  58806 : 18;
  58807 : 19;
  58808 : 17;
  58809 : 19;
  58810 : 20;
  58811 : 1D;
  58812 : 16;
  58813 : 13;
  58814 : 12;
  [58815..58819] : 11;
  58820 : 12;
  58821 : 13;
  [58822..58823] : 11;
  [58824..58827] : 10;
  58828 : 11;
  58829 : 12;
  58830 : 11;
  [58831..58837] : 10;
  [58838..58840] : 0F;
  58841 : 10;
  [58842..58844] : 0F;
  [58845..58847] : 10;
  [58848..58851] : 0F;
  [58852..58855] : 0E;
  58856 : 0F;
  58857 : 12;
  58858 : 15;
  58859 : 14;
  58860 : 15;
  58861 : 16;
  58862 : 14;
  [58863..58865] : 12;
  58866 : 11;
  58867 : 12;
  58868 : 11;
  58869 : 10;
  [58870..58871] : 11;
  [58872..58873] : 10;
  [58874..58875] : 0F;
  58876 : 0E;
  [58877..58878] : 0C;
  58879 : 0D;
  58880 : 42;
  58881 : 41;
  58882 : 40;
  [58883..58884] : 42;
  58885 : 41;
  58886 : 3F;
  58887 : 3E;
  58888 : 3D;
  [58889..58890] : 3F;
  58891 : 40;
  58892 : 43;
  58893 : 41;
  58894 : 42;
  58895 : 40;
  58896 : 3D;
  58897 : 3B;
  58898 : 39;
  58899 : 37;
  58900 : 35;
  58901 : 38;
  58902 : 39;
  58903 : 38;
  58904 : 39;
  [58905..58906] : 38;
  58907 : 35;
  [58908..58910] : 34;
  58911 : 32;
  [58912..58915] : 31;
  [58916..58920] : 2F;
  58921 : 2E;
  58922 : 30;
  58923 : 31;
  58924 : 2F;
  58925 : 31;
  58926 : 30;
  58927 : 2E;
  58928 : 2D;
  [58929..58931] : 2B;
  58932 : 2C;
  58933 : 2B;
  [58934..58935] : 2A;
  58936 : 29;
  58937 : 2B;
  58938 : 2C;
  [58939..58940] : 2B;
  58941 : 2C;
  58942 : 2A;
  58943 : 29;
  58944 : 28;
  58945 : 27;
  58946 : 28;
  58947 : 29;
  58948 : 28;
  58949 : 27;
  58950 : 26;
  [58951..58952] : 27;
  [58953..58955] : 26;
  58956 : 28;
  58957 : 29;
  [58958..58959] : 28;
  58960 : 27;
  58961 : 26;
  58962 : 24;
  58963 : 26;
  [58964..58965] : 24;
  58966 : 25;
  [58967..58968] : 24;
  [58969..58970] : 25;
  58971 : 23;
  58972 : 24;
  58973 : 22;
  58974 : 23;
  58975 : 22;
  58976 : 20;
  58977 : 22;
  58978 : 24;
  [58979..58980] : 26;
  [58981..58982] : 24;
  [58983..58984] : 23;
  [58985..58988] : 22;
  58989 : 23;
  [58990..58991] : 22;
  58992 : 23;
  58993 : 20;
  58994 : 21;
  58995 : 20;
  [58996..58997] : 1F;
  58998 : 1E;
  58999 : 1C;
  59000 : 1B;
  [59001..59002] : 1C;
  [59003..59004] : 1D;
  [59005..59006] : 1F;
  59007 : 1E;
  59008 : 1D;
  59009 : 1F;
  59010 : 20;
  59011 : 1D;
  [59012..59013] : 1C;
  59014 : 1E;
  59015 : 1D;
  59016 : 1C;
  59017 : 1B;
  [59018..59019] : 1D;
  59020 : 1F;
  59021 : 20;
  59022 : 21;
  59023 : 22;
  59024 : 21;
  59025 : 20;
  59026 : 21;
  59027 : 20;
  59028 : 22;
  59029 : 23;
  59030 : 24;
  59031 : 27;
  59032 : 25;
  [59033..59035] : 24;
  59036 : 22;
  59037 : 23;
  59038 : 20;
  [59039..59040] : 22;
  59041 : 20;
  [59042..59044] : 1F;
  59045 : 1E;
  59046 : 1C;
  59047 : 1E;
  59048 : 1D;
  59049 : 1E;
  59050 : 1D;
  59051 : 1B;
  59052 : 19;
  59053 : 18;
  59054 : 19;
  59055 : 1A;
  59056 : 1B;
  59057 : 1C;
  [59058..59059] : 1D;
  59060 : 1B;
  [59061..59062] : 19;
  [59063..59064] : 18;
  [59065..59070] : 17;
  59071 : 18;
  59072 : 19;
  59073 : 1B;
  59074 : 1A;
  59075 : 18;
  [59076..59077] : 19;
  [59078..59080] : 18;
  [59081..59082] : 16;
  [59083..59084] : 19;
  [59085..59087] : 1A;
  [59088..59089] : 1B;
  [59090..59091] : 1A;
  59092 : 1B;
  59093 : 1C;
  [59094..59096] : 1B;
  59097 : 1C;
  59098 : 1D;
  [59099..59100] : 1E;
  59101 : 1F;
  [59102..59105] : 1E;
  59106 : 1D;
  59107 : 1E;
  59108 : 1F;
  59109 : 21;
  59110 : 23;
  59111 : 24;
  59112 : 25;
  59113 : 26;
  59114 : 24;
  59115 : 21;
  59116 : 20;
  59117 : 1F;
  59118 : 1E;
  59119 : 1D;
  [59120..59121] : 1B;
  [59122..59123] : 1A;
  [59124..59126] : 1B;
  [59127..59128] : 1A;
  59129 : 1B;
  59130 : 1A;
  [59131..59132] : 18;
  59133 : 19;
  59134 : 1A;
  [59135..59136] : 19;
  59137 : 1A;
  59138 : 1B;
  [59139..59140] : 1C;
  59141 : 1D;
  59142 : 1E;
  59143 : 1D;
  [59144..59145] : 1E;
  [59146..59148] : 1D;
  59149 : 1E;
  59150 : 1F;
  [59151..59152] : 1E;
  59153 : 1F;
  59154 : 1C;
  [59155..59156] : 1D;
  [59157..59159] : 1E;
  [59160..59163] : 1D;
  59164 : 1C;
  59165 : 1B;
  59166 : 1D;
  [59167..59168] : 1E;
  59169 : 1D;
  [59170..59172] : 1C;
  59173 : 1D;
  59174 : 1F;
  59175 : 1E;
  59176 : 1D;
  [59177..59178] : 1F;
  59179 : 1E;
  59180 : 1F;
  [59181..59182] : 1E;
  59183 : 20;
  59184 : 21;
  59185 : 22;
  59186 : 23;
  59187 : 22;
  59188 : 23;
  59189 : 24;
  59190 : 23;
  59191 : 21;
  59192 : 23;
  59193 : 24;
  59194 : 25;
  59195 : 26;
  59196 : 25;
  59197 : 24;
  59198 : 23;
  59199 : 24;
  [59200..59201] : 2C;
  59202 : 2B;
  [59203..59205] : 2C;
  [59206..59207] : 2B;
  [59208..59209] : 2A;
  59210 : 2B;
  59211 : 2D;
  59212 : 2B;
  59213 : 2C;
  59214 : 29;
  [59215..59217] : 27;
  [59218..59219] : 26;
  59220 : 27;
  59221 : 28;
  [59222..59223] : 27;
  59224 : 25;
  59225 : 23;
  59226 : 24;
  59227 : 23;
  [59228..59230] : 25;
  59231 : 24;
  59232 : 25;
  59233 : 24;
  59234 : 26;
  59235 : 25;
  59236 : 22;
  59237 : 23;
  [59238..59240] : 22;
  59241 : 21;
  59242 : 22;
  59243 : 23;
  59244 : 24;
  59245 : 21;
  [59246..59247] : 20;
  [59248..59249] : 1F;
  [59250..59251] : 1E;
  [59252..59256] : 1F;
  59257 : 1D;
  [59258..59259] : 1B;
  59260 : 1C;
  [59261..59263] : 1B;
  [59264..59265] : 1A;
  59266 : 1B;
  59267 : 1C;
  [59268..59270] : 1A;
  [59271..59272] : 1C;
  [59273..59274] : 1D;
  59275 : 1E;
  59276 : 20;
  [59277..59278] : 1F;
  59279 : 1E;
  59280 : 1D;
  59281 : 1B;
  59282 : 1C;
  [59283..59284] : 1D;
  [59285..59286] : 1C;
  [59287..59291] : 1D;
  59292 : 1E;
  59293 : 1D;
  59294 : 1C;
  59295 : 1A;
  [59296..59297] : 19;
  59298 : 1B;
  59299 : 1C;
  [59300..59303] : 1E;
  [59304..59305] : 1D;
  [59306..59307] : 1B;
  59308 : 1E;
  59309 : 1D;
  59310 : 1B;
  [59311..59312] : 1A;
  59313 : 19;
  59314 : 18;
  [59315..59319] : 17;
  [59320..59323] : 16;
  59324 : 15;
  59325 : 16;
  59326 : 17;
  59327 : 16;
  [59328..59332] : 15;
  [59333..59335] : 14;
  [59336..59337] : 13;
  [59338..59339] : 15;
  59340 : 16;
  [59341..59343] : 17;
  59344 : 16;
  59345 : 17;
  59346 : 15;
  59347 : 13;
  59348 : 15;
  59349 : 13;
  [59350..59351] : 14;
  [59352..59354] : 13;
  59355 : 12;
  59356 : 11;
  59357 : 13;
  [59358..59359] : 12;
  59360 : 14;
  59361 : 13;
  59362 : 12;
  [59363..59365] : 11;
  [59366..59367] : 12;
  [59368..59369] : 11;
  59370 : 10;
  [59371..59373] : 0F;
  59374 : 11;
  59375 : 13;
  59376 : 12;
  [59377..59378] : 13;
  59379 : 11;
  59380 : 0F;
  59381 : 10;
  [59382..59383] : 0F;
  [59384..59386] : 0E;
  [59387..59389] : 0F;
  [59390..59391] : 10;
  [59392..59393] : 11;
  [59394..59395] : 0F;
  [59396..59398] : 10;
  59399 : 12;
  [59400..59401] : 14;
  59402 : 10;
  59403 : 11;
  59404 : 13;
  59405 : 12;
  59406 : 10;
  [59407..59409] : 0F;
  59410 : 0E;
  [59411..59412] : 0D;
  [59413..59416] : 0E;
  [59417..59418] : 0F;
  59419 : 10;
  59420 : 0F;
  59421 : 10;
  [59422..59423] : 0F;
  [59424..59426] : 10;
  [59427..59428] : 11;
  59429 : 12;
  [59430..59432] : 13;
  [59433..59435] : 12;
  [59436..59437] : 11;
  59438 : 13;
  59439 : 15;
  [59440..59441] : 14;
  59442 : 16;
  [59443..59445] : 15;
  59446 : 13;
  [59447..59450] : 12;
  59451 : 13;
  59452 : 14;
  [59453..59454] : 15;
  59455 : 14;
  59456 : 13;
  59457 : 14;
  [59458..59461] : 13;
  [59462..59465] : 14;
  59466 : 15;
  [59467..59469] : 16;
  59470 : 17;
  [59471..59472] : 16;
  59473 : 19;
  59474 : 17;
  [59475..59476] : 16;
  59477 : 17;
  59478 : 16;
  [59479..59480] : 18;
  59481 : 17;
  [59482..59483] : 16;
  59484 : 17;
  [59485..59486] : 16;
  [59487..59489] : 18;
  [59490..59491] : 17;
  59492 : 16;
  59493 : 17;
  [59494..59497] : 18;
  59498 : 17;
  [59499..59501] : 16;
  [59502..59503] : 17;
  59504 : 19;
  [59505..59506] : 1B;
  [59507..59511] : 1C;
  [59512..59513] : 1D;
  59514 : 20;
  59515 : 1F;
  [59516..59517] : 20;
  59518 : 1F;
  59519 : 20;
  [59520..59521] : 25;
  [59522..59523] : 24;
  59524 : 23;
  59525 : 21;
  [59526..59527] : 23;
  [59528..59530] : 24;
  59531 : 23;
  [59532..59533] : 22;
  [59534..59535] : 20;
  [59536..59540] : 21;
  59541 : 20;
  59542 : 1F;
  59543 : 20;
  59544 : 1E;
  59545 : 1C;
  [59546..59549] : 1E;
  59550 : 1C;
  59551 : 1D;
  [59552..59553] : 1C;
  [59554..59555] : 20;
  [59556..59557] : 1E;
  [59558..59559] : 1F;
  59560 : 1E;
  59561 : 1F;
  59562 : 1D;
  59563 : 1E;
  59564 : 1D;
  59565 : 1A;
  59566 : 1B;
  [59567..59568] : 1A;
  [59569..59571] : 1B;
  59572 : 1A;
  [59573..59574] : 1B;
  [59575..59576] : 1A;
  [59577..59579] : 1B;
  [59580..59581] : 1C;
  [59582..59583] : 1D;
  [59584..59586] : 1C;
  59587 : 1B;
  59588 : 1A;
  59589 : 1B;
  [59590..59591] : 1C;
  59592 : 1D;
  59593 : 1F;
  59594 : 1D;
  59595 : 1E;
  59596 : 1D;
  59597 : 1E;
  59598 : 1D;
  59599 : 1A;
  59600 : 19;
  59601 : 18;
  59602 : 19;
  59603 : 1A;
  59604 : 1B;
  [59605..59606] : 19;
  59607 : 1B;
  [59608..59609] : 1E;
  [59610..59611] : 1C;
  59612 : 1E;
  59613 : 21;
  59614 : 20;
  [59615..59616] : 1F;
  59617 : 1D;
  59618 : 1E;
  59619 : 1D;
  [59620..59623] : 1B;
  59624 : 19;
  [59625..59627] : 18;
  [59628..59629] : 19;
  [59630..59631] : 18;
  59632 : 16;
  59633 : 15;
  [59634..59635] : 16;
  59636 : 15;
  59637 : 16;
  59638 : 15;
  [59639..59640] : 13;
  59641 : 14;
  [59642..59644] : 15;
  [59645..59647] : 16;
  59648 : 17;
  59649 : 16;
  59650 : 15;
  [59651..59654] : 14;
  [59655..59656] : 15;
  [59657..59659] : 14;
  59660 : 13;
  [59661..59662] : 12;
  59663 : 11;
  59664 : 12;
  [59665..59668] : 13;
  [59669..59670] : 12;
  [59671..59673] : 11;
  59674 : 12;
  [59675..59680] : 11;
  [59681..59682] : 12;
  [59683..59684] : 11;
  [59685..59686] : 12;
  [59687..59688] : 10;
  59689 : 11;
  59690 : 10;
  59691 : 11;
  [59692..59693] : 12;
  [59694..59695] : 11;
  59696 : 0F;
  59697 : 10;
  59698 : 13;
  59699 : 11;
  [59700..59702] : 12;
  [59703..59704] : 11;
  59705 : 10;
  59706 : 11;
  59707 : 10;
  [59708..59711] : 0F;
  [59712..59713] : 10;
  59714 : 0F;
  59715 : 0E;
  [59716..59718] : 0F;
  59719 : 0E;
  59720 : 0F;
  59721 : 10;
  59722 : 0E;
  59723 : 0F;
  59724 : 10;
  59725 : 0F;
  [59726..59728] : 0E;
  59729 : 0D;
  59730 : 0E;
  59731 : 0D;
  59732 : 0E;
  [59733..59735] : 10;
  59736 : 11;
  [59737..59738] : 12;
  59739 : 11;
  59740 : 10;
  59741 : 12;
  59742 : 11;
  59743 : 10;
  [59744..59748] : 12;
  59749 : 13;
  59750 : 15;
  59751 : 13;
  59752 : 11;
  59753 : 13;
  [59754..59755] : 11;
  [59756..59759] : 10;
  59760 : 12;
  [59761..59762] : 13;
  59763 : 12;
  59764 : 11;
  59765 : 10;
  59766 : 0F;
  59767 : 11;
  [59768..59770] : 12;
  59771 : 13;
  59772 : 14;
  59773 : 15;
  [59774..59776] : 14;
  59777 : 15;
  [59778..59779] : 13;
  59780 : 12;
  59781 : 13;
  59782 : 15;
  59783 : 14;
  59784 : 13;
  59785 : 16;
  59786 : 15;
  [59787..59788] : 16;
  [59789..59791] : 15;
  59792 : 16;
  59793 : 17;
  [59794..59797] : 16;
  59798 : 15;
  59799 : 16;
  [59800..59801] : 15;
  59802 : 14;
  [59803..59804] : 15;
  59805 : 16;
  59806 : 17;
  59807 : 16;
  59808 : 17;
  59809 : 16;
  59810 : 17;
  [59811..59813] : 16;
  [59814..59815] : 17;
  [59816..59817] : 15;
  [59818..59821] : 16;
  59822 : 17;
  [59823..59830] : 16;
  [59831..59834] : 18;
  59835 : 19;
  59836 : 1A;
  [59837..59839] : 19;
  59840 : 25;
  [59841..59843] : 23;
  [59844..59845] : 24;
  59846 : 23;
  [59847..59848] : 24;
  [59849..59850] : 23;
  59851 : 22;
  59852 : 21;
  [59853..59854] : 20;
  59855 : 21;
  59856 : 20;
  59857 : 21;
  59858 : 1F;
  59859 : 20;
  59860 : 1F;
  59861 : 1E;
  59862 : 1F;
  59863 : 20;
  59864 : 1E;
  [59865..59866] : 1F;
  [59867..59868] : 20;
  [59869..59871] : 1E;
  59872 : 1F;
  [59873..59875] : 1E;
  59876 : 1C;
  59877 : 1B;
  59878 : 1C;
  59879 : 1A;
  [59880..59881] : 1B;
  [59882..59883] : 19;
  59884 : 1A;
  59885 : 1B;
  [59886..59887] : 1A;
  59888 : 1C;
  [59889..59891] : 1F;
  [59892..59893] : 1E;
  [59894..59895] : 1F;
  59896 : 21;
  59897 : 1E;
  59898 : 1D;
  59899 : 1E;
  [59900..59901] : 1F;
  59902 : 20;
  59903 : 21;
  [59904..59906] : 1F;
  59907 : 1D;
  59908 : 1E;
  [59909..59910] : 1C;
  59911 : 1B;
  59912 : 1C;
  59913 : 1E;
  59914 : 1D;
  59915 : 1E;
  [59916..59918] : 1D;
  59919 : 1F;
  [59920..59921] : 1E;
  59922 : 1F;
  59923 : 1D;
  59924 : 1F;
  59925 : 1E;
  59926 : 1F;
  59927 : 1D;
  59928 : 1F;
  59929 : 1B;
  59930 : 1A;
  59931 : 1B;
  [59932..59933] : 1C;
  59934 : 1B;
  59935 : 18;
  [59936..59937] : 19;
  59938 : 18;
  59939 : 17;
  [59940..59941] : 16;
  59942 : 17;
  [59943..59944] : 16;
  [59945..59950] : 15;
  [59951..59952] : 13;
  [59953..59954] : 14;
  59955 : 15;
  [59956..59960] : 14;
  59961 : 13;
  59962 : 14;
  [59963..59964] : 15;
  59965 : 16;
  59966 : 15;
  59967 : 16;
  [59968..59969] : 17;
  [59970..59971] : 16;
  59972 : 17;
  [59973..59974] : 16;
  [59975..59976] : 15;
  [59977..59980] : 13;
  59981 : 12;
  59982 : 13;
  [59983..59984] : 12;
  [59985..59987] : 13;
  59988 : 12;
  [59989..59990] : 13;
  [59991..59992] : 14;
  59993 : 12;
  59994 : 13;
  59995 : 14;
  59996 : 13;
  59997 : 12;
  59998 : 11;
  59999 : 12;
  60000 : 13;
  60001 : 12;
  [60002..60003] : 11;
  [60004..60009] : 10;
  60010 : 11;
  60011 : 12;
  60012 : 14;
  60013 : 13;
  60014 : 12;
  60015 : 11;
  60016 : 10;
  [60017..60019] : 11;
  [60020..60024] : 0F;
  [60025..60026] : 0E;
  60027 : 0F;
  60028 : 0E;
  60029 : 0F;
  60030 : 0E;
  60031 : 0F;
  [60032..60033] : 10;
  [60034..60035] : 0F;
  60036 : 0E;
  60037 : 0F;
  60038 : 11;
  [60039..60042] : 10;
  [60043..60045] : 0F;
  [60046..60051] : 0E;
  [60052..60054] : 0D;
  [60055..60056] : 0E;
  60057 : 0F;
  60058 : 0E;
  [60059..60063] : 0F;
  [60064..60065] : 10;
  [60066..60067] : 11;
  [60068..60069] : 12;
  60070 : 11;
  [60071..60072] : 12;
  [60073..60077] : 11;
  60078 : 10;
  [60079..60081] : 11;
  60082 : 13;
  60083 : 14;
  [60084..60085] : 13;
  [60086..60087] : 14;
  60088 : 15;
  60089 : 14;
  [60090..60091] : 15;
  [60092..60093] : 13;
  60094 : 12;
  60095 : 14;
  60096 : 16;
  60097 : 14;
  [60098..60099] : 13;
  60100 : 12;
  [60101..60104] : 13;
  60105 : 14;
  60106 : 15;
  60107 : 17;
  60108 : 18;
  60109 : 16;
  60110 : 15;
  60111 : 16;
  60112 : 15;
  [60113..60114] : 14;
  [60115..60118] : 15;
  60119 : 14;
  60120 : 13;
  [60121..60124] : 14;
  60125 : 16;
  [60126..60128] : 17;
  60129 : 18;
  60130 : 17;
  60131 : 18;
  [60132..60134] : 17;
  [60135..60140] : 18;
  [60141..60144] : 17;
  [60145..60148] : 18;
  [60149..60150] : 17;
  [60151..60152] : 19;
  [60153..60156] : 18;
  [60157..60158] : 17;
  60159 : 18;
  60160 : 23;
  60161 : 22;
  [60162..60163] : 21;
  60164 : 22;
  60165 : 23;
  [60166..60167] : 22;
  60168 : 21;
  60169 : 22;
  [60170..60173] : 21;
  [60174..60178] : 20;
  60179 : 1F;
  [60180..60181] : 20;
  [60182..60186] : 1F;
  60187 : 20;
  60188 : 1F;
  [60189..60191] : 1D;
  [60192..60193] : 1E;
  [60194..60195] : 1D;
  60196 : 1E;
  60197 : 1F;
  60198 : 1D;
  [60199..60200] : 1E;
  60201 : 1C;
  60202 : 1E;
  [60203..60204] : 1C;
  [60205..60207] : 1D;
  [60208..60209] : 1F;
  [60210..60213] : 20;
  60214 : 1D;
  60215 : 1C;
  [60216..60218] : 1B;
  60219 : 19;
  60220 : 1A;
  60221 : 1C;
  60222 : 1B;
  60223 : 19;
  60224 : 1A;
  [60225..60226] : 1B;
  [60227..60229] : 1C;
  60230 : 1D;
  60231 : 1C;
  60232 : 1F;
  60233 : 1E;
  60234 : 1D;
  [60235..60236] : 1B;
  60237 : 1C;
  60238 : 1E;
  60239 : 1F;
  60240 : 20;
  60241 : 1E;
  60242 : 1F;
  60243 : 1E;
  [60244..60245] : 1C;
  60246 : 1D;
  60247 : 1B;
  60248 : 1A;
  60249 : 18;
  60250 : 1A;
  60251 : 1B;
  [60252..60253] : 19;
  [60254..60255] : 18;
  60256 : 1A;
  60257 : 1C;
  [60258..60259] : 1B;
  60260 : 1C;
  60261 : 1B;
  [60262..60263] : 1A;
  60264 : 1C;
  60265 : 1D;
  60266 : 1E;
  60267 : 1A;
  [60268..60269] : 18;
  [60270..60271] : 19;
  60272 : 18;
  60273 : 17;
  [60274..60275] : 18;
  60276 : 19;
  60277 : 16;
  [60278..60279] : 17;
  60280 : 16;
  60281 : 15;
  60282 : 19;
  60283 : 18;
  [60284..60286] : 16;
  60287 : 17;
  60288 : 19;
  [60289..60290] : 18;
  60291 : 16;
  60292 : 17;
  60293 : 18;
  [60294..60296] : 17;
  [60297..60298] : 15;
  60299 : 14;
  60300 : 13;
  60301 : 12;
  [60302..60305] : 13;
  [60306..60308] : 12;
  60309 : 13;
  60310 : 14;
  60311 : 13;
  60312 : 12;
  60313 : 13;
  [60314..60315] : 11;
  [60316..60317] : 10;
  [60318..60322] : 11;
  60323 : 10;
  [60324..60325] : 0F;
  [60326..60327] : 11;
  60328 : 10;
  60329 : 0F;
  [60330..60332] : 10;
  60333 : 12;
  60334 : 11;
  60335 : 10;
  60336 : 0F;
  [60337..60338] : 11;
  [60339..60340] : 12;
  [60341..60344] : 13;
  [60345..60347] : 12;
  60348 : 13;
  [60349..60350] : 14;
  [60351..60353] : 13;
  60354 : 14;
  60355 : 13;
  60356 : 12;
  60357 : 13;
  60358 : 14;
  60359 : 13;
  60360 : 14;
  [60361..60362] : 13;
  [60363..60364] : 14;
  [60365..60369] : 13;
  60370 : 14;
  60371 : 13;
  60372 : 12;
  60373 : 13;
  60374 : 12;
  60375 : 13;
  [60376..60378] : 12;
  [60379..60380] : 11;
  60381 : 10;
  60382 : 0F;
  60383 : 0E;
  60384 : 0F;
  60385 : 0E;
  [60386..60391] : 0F;
  [60392..60393] : 10;
  60394 : 0F;
  [60395..60398] : 10;
  [60399..60400] : 0F;
  60401 : 0E;
  60402 : 10;
  60403 : 11;
  [60404..60407] : 10;
  [60408..60411] : 12;
  60412 : 11;
  60413 : 12;
  60414 : 15;
  60415 : 14;
  [60416..60420] : 15;
  60421 : 12;
  [60422..60424] : 13;
  60425 : 15;
  [60426..60428] : 13;
  [60429..60430] : 14;
  [60431..60432] : 13;
  60433 : 15;
  60434 : 14;
  60435 : 15;
  [60436..60438] : 14;
  [60439..60441] : 13;
  [60442..60450] : 14;
  [60451..60460] : 15;
  60461 : 14;
  [60462..60463] : 15;
  60464 : 16;
  [60465..60470] : 15;
  [60471..60473] : 16;
  [60474..60476] : 17;
  60477 : 18;
  [60478..60479] : 17;
  [60480..60482] : 21;
  60483 : 20;
  [60484..60485] : 21;
  60486 : 22;
  60487 : 23;
  [60488..60489] : 22;
  [60490..60491] : 23;
  [60492..60493] : 25;
  60494 : 24;
  60495 : 23;
  60496 : 22;
  [60497..60498] : 21;
  [60499..60500] : 20;
  [60501..60504] : 21;
  [60505..60506] : 22;
  60507 : 23;
  60508 : 21;
  60509 : 1F;
  [60510..60511] : 1E;
  [60512..60513] : 20;
  [60514..60515] : 1F;
  60516 : 20;
  60517 : 21;
  [60518..60522] : 1F;
  60523 : 1D;
  60524 : 1E;
  60525 : 1F;
  60526 : 21;
  [60527..60528] : 1F;
  [60529..60531] : 1E;
  60532 : 1F;
  60533 : 1E;
  60534 : 1D;
  60535 : 1C;
  [60536..60537] : 1A;
  [60538..60539] : 1C;
  [60540..60541] : 1D;
  [60542..60543] : 1C;
  60544 : 1B;
  [60545..60547] : 1D;
  60548 : 1C;
  60549 : 1E;
  60550 : 1F;
  [60551..60552] : 20;
  60553 : 1F;
  60554 : 1C;
  60555 : 1D;
  60556 : 1F;
  60557 : 1C;
  [60558..60561] : 1A;
  [60562..60563] : 19;
  60564 : 18;
  [60565..60567] : 17;
  60568 : 18;
  60569 : 17;
  60570 : 18;
  [60571..60573] : 17;
  60574 : 19;
  60575 : 1A;
  60576 : 1C;
  60577 : 1B;
  [60578..60579] : 1A;
  60580 : 19;
  [60581..60582] : 1A;
  [60583..60584] : 1C;
  60585 : 1B;
  60586 : 1A;
  [60587..60588] : 19;
  [60589..60590] : 18;
  60591 : 1A;
  [60592..60593] : 19;
  [60594..60596] : 18;
  [60597..60599] : 16;
  60600 : 15;
  60601 : 16;
  60602 : 15;
  [60603..60605] : 16;
  [60606..60607] : 17;
  60608 : 16;
  60609 : 18;
  [60610..60611] : 16;
  60612 : 15;
  [60613..60614] : 16;
  60615 : 15;
  [60616..60617] : 16;
  60618 : 18;
  60619 : 16;
  [60620..60621] : 17;
  60622 : 15;
  60623 : 16;
  60624 : 15;
  60625 : 14;
  60626 : 13;
  60627 : 12;
  [60628..60630] : 13;
  60631 : 12;
  60632 : 11;
  60633 : 12;
  60634 : 10;
  60635 : 11;
  60636 : 10;
  60637 : 12;
  60638 : 13;
  [60639..60640] : 12;
  [60641..60642] : 13;
  60643 : 11;
  60644 : 12;
  60645 : 11;
  [60646..60650] : 12;
  [60651..60652] : 11;
  60653 : 12;
  60654 : 11;
  [60655..60656] : 10;
  60657 : 0F;
  60658 : 11;
  [60659..60660] : 10;
  60661 : 0F;
  60662 : 10;
  [60663..60668] : 12;
  [60669..60670] : 13;
  [60671..60672] : 12;
  [60673..60676] : 13;
  60677 : 12;
  60678 : 13;
  60679 : 14;
  60680 : 16;
  [60681..60682] : 14;
  60683 : 12;
  60684 : 13;
  60685 : 12;
  60686 : 13;
  60687 : 14;
  [60688..60691] : 13;
  [60692..60693] : 14;
  60694 : 13;
  [60695..60696] : 12;
  60697 : 13;
  [60698..60699] : 14;
  60700 : 13;
  60701 : 12;
  60702 : 14;
  60703 : 13;
  60704 : 12;
  60705 : 11;
  60706 : 10;
  [60707..60708] : 11;
  60709 : 10;
  60710 : 12;
  [60711..60713] : 11;
  60714 : 10;
  [60715..60718] : 0F;
  [60719..60721] : 10;
  [60722..60726] : 11;
  [60727..60731] : 12;
  [60732..60733] : 13;
  60734 : 15;
  60735 : 14;
  60736 : 16;
  60737 : 14;
  [60738..60739] : 15;
  60740 : 16;
  [60741..60742] : 14;
  60743 : 15;
  [60744..60745] : 16;
  60746 : 15;
  [60747..60750] : 14;
  60751 : 13;
  60752 : 12;
  60753 : 13;
  60754 : 14;
  60755 : 15;
  60756 : 14;
  [60757..60759] : 13;
  [60760..60761] : 14;
  60762 : 15;
  [60763..60764] : 16;
  [60765..60766] : 15;
  [60767..60769] : 17;
  60770 : 16;
  [60771..60772] : 15;
  [60773..60776] : 16;
  [60777..60779] : 17;
  60780 : 16;
  60781 : 17;
  60782 : 15;
  [60783..60786] : 16;
  [60787..60788] : 15;
  [60789..60790] : 14;
  60791 : 15;
  60792 : 14;
  [60793..60794] : 15;
  [60795..60797] : 16;
  [60798..60799] : 17;
  60800 : 21;
  60801 : 22;
  60802 : 21;
  60803 : 20;
  [60804..60805] : 1F;
  [60806..60807] : 20;
  60808 : 1F;
  [60809..60810] : 1E;
  [60811..60812] : 21;
  [60813..60814] : 20;
  [60815..60817] : 1E;
  60818 : 1D;
  [60819..60820] : 1C;
  60821 : 1B;
  60822 : 1C;
  60823 : 1E;
  [60824..60825] : 1D;
  [60826..60828] : 1C;
  60829 : 1A;
  [60830..60834] : 1B;
  60835 : 1A;
  60836 : 1C;
  60837 : 1B;
  [60838..60840] : 1A;
  [60841..60843] : 1B;
  60844 : 1C;
  [60845..60846] : 1A;
  60847 : 1B;
  [60848..60850] : 1C;
  60851 : 1B;
  [60852..60854] : 1A;
  60855 : 1B;
  [60856..60863] : 1A;
  60864 : 18;
  [60865..60866] : 19;
  60867 : 18;
  60868 : 19;
  [60869..60870] : 1B;
  60871 : 19;
  60872 : 17;
  60873 : 18;
  60874 : 19;
  [60875..60877] : 1A;
  60878 : 19;
  [60879..60882] : 18;
  [60883..60884] : 19;
  60885 : 1A;
  [60886..60889] : 19;
  [60890..60891] : 17;
  [60892..60895] : 15;
  [60896..60898] : 16;
  60899 : 15;
  60900 : 16;
  [60901..60902] : 17;
  60903 : 18;
  60904 : 16;
  [60905..60906] : 14;
  60907 : 15;
  60908 : 16;
  [60909..60910] : 15;
  60911 : 14;
  60912 : 15;
  [60913..60914] : 14;
  60915 : 15;
  60916 : 14;
  60917 : 13;
  [60918..60919] : 12;
  [60920..60921] : 13;
  [60922..60924] : 12;
  [60925..60926] : 13;
  60927 : 14;
  60928 : 13;
  60929 : 14;
  60930 : 17;
  [60931..60932] : 16;
  [60933..60935] : 15;
  [60936..60937] : 16;
  60938 : 18;
  [60939..60940] : 16;
  60941 : 15;
  60942 : 14;
  60943 : 15;
  60944 : 16;
  [60945..60948] : 15;
  60949 : 14;
  [60950..60951] : 15;
  60952 : 14;
  60953 : 13;
  60954 : 11;
  60955 : 12;
  [60956..60957] : 11;
  [60958..60961] : 12;
  60962 : 11;
  [60963..60965] : 12;
  [60966..60968] : 11;
  [60969..60971] : 10;
  60972 : 12;
  60973 : 11;
  60974 : 12;
  60975 : 13;
  60976 : 12;
  [60977..60980] : 11;
  [60981..60983] : 10;
  60984 : 0F;
  [60985..60988] : 10;
  60989 : 0F;
  60990 : 10;
  [60991..60993] : 0F;
  60994 : 11;
  60995 : 10;
  60996 : 11;
  60997 : 12;
  60998 : 11;
  60999 : 12;
  61000 : 10;
  [61001..61003] : 11;
  [61004..61005] : 12;
  61006 : 13;
  61007 : 12;
  [61008..61009] : 13;
  [61010..61021] : 12;
  [61022..61023] : 11;
  [61024..61025] : 0F;
  61026 : 10;
  61027 : 11;
  61028 : 12;
  61029 : 11;
  61030 : 10;
  61031 : 11;
  [61032..61033] : 10;
  [61034..61036] : 0F;
  [61037..61038] : 0E;
  61039 : 0F;
  [61040..61042] : 10;
  61043 : 0F;
  [61044..61045] : 0E;
  61046 : 0F;
  [61047..61051] : 10;
  [61052..61055] : 0F;
  [61056..61058] : 10;
  [61059..61060] : 11;
  61061 : 10;
  61062 : 11;
  61063 : 10;
  61064 : 11;
  61065 : 12;
  [61066..61069] : 13;
  61070 : 14;
  61071 : 13;
  61072 : 12;
  61073 : 13;
  61074 : 12;
  61075 : 13;
  [61076..61077] : 12;
  61078 : 13;
  61079 : 12;
  [61080..61081] : 13;
  61082 : 14;
  [61083..61084] : 15;
  61085 : 14;
  61086 : 13;
  61087 : 14;
  61088 : 15;
  [61089..61090] : 14;
  61091 : 13;
  [61092..61093] : 14;
  61094 : 15;
  [61095..61096] : 14;
  61097 : 15;
  [61098..61099] : 14;
  61100 : 13;
  61101 : 14;
  61102 : 15;
  [61103..61104] : 14;
  [61105..61109] : 15;
  [61110..61111] : 16;
  [61112..61113] : 15;
  [61114..61116] : 16;
  [61117..61119] : 17;
  [61120..61121] : 24;
  [61122..61126] : 22;
  [61127..61128] : 21;
  61129 : 20;
  61130 : 1F;
  [61131..61133] : 20;
  61134 : 21;
  61135 : 20;
  61136 : 1F;
  61137 : 1E;
  61138 : 1F;
  61139 : 1E;
  [61140..61141] : 1D;
  61142 : 1E;
  [61143..61144] : 1F;
  61145 : 20;
  [61146..61147] : 1E;
  61148 : 1D;
  [61149..61150] : 1E;
  61151 : 1F;
  [61152..61153] : 1D;
  61154 : 1E;
  61155 : 1F;
  [61156..61157] : 1E;
  [61158..61161] : 1D;
  61162 : 1C;
  [61163..61165] : 1D;
  [61166..61167] : 1B;
  61168 : 19;
  [61169..61170] : 1B;
  [61171..61176] : 1A;
  [61177..61178] : 19;
  [61179..61180] : 1A;
  61181 : 1B;
  61182 : 1A;
  [61183..61184] : 19;
  61185 : 18;
  61186 : 19;
  [61187..61188] : 1A;
  61189 : 19;
  61190 : 1A;
  [61191..61192] : 1B;
  61193 : 1C;
  61194 : 1A;
  61195 : 19;
  61196 : 18;
  61197 : 19;
  [61198..61200] : 18;
  61201 : 19;
  61202 : 17;
  61203 : 18;
  61204 : 19;
  [61205..61207] : 18;
  [61208..61209] : 17;
  61210 : 18;
  [61211..61214] : 17;
  61215 : 16;
  61216 : 17;
  61217 : 16;
  [61218..61220] : 17;
  61221 : 16;
  61222 : 17;
  61223 : 18;
  61224 : 17;
  [61225..61229] : 16;
  61230 : 17;
  61231 : 18;
  61232 : 17;
  61233 : 18;
  [61234..61235] : 17;
  [61236..61237] : 16;
  [61238..61239] : 15;
  61240 : 14;
  [61241..61242] : 16;
  61243 : 15;
  [61244..61245] : 16;
  61246 : 17;
  61247 : 15;
  61248 : 16;
  61249 : 15;
  [61250..61251] : 16;
  61252 : 15;
  [61253..61258] : 14;
  61259 : 13;
  [61260..61261] : 12;
  [61262..61268] : 13;
  61269 : 12;
  [61270..61272] : 11;
  61273 : 10;
  [61274..61277] : 12;
  61278 : 11;
  61279 : 10;
  61280 : 11;
  [61281..61283] : 10;
  61284 : 0F;
  61285 : 10;
  [61286..61289] : 0F;
  61290 : 10;
  [61291..61292] : 11;
  [61293..61294] : 12;
  61295 : 11;
  [61296..61297] : 12;
  [61298..61299] : 11;
  61300 : 12;
  61301 : 11;
  [61302..61304] : 12;
  61305 : 11;
  [61306..61308] : 10;
  [61309..61313] : 0F;
  61314 : 0E;
  [61315..61316] : 0F;
  [61317..61318] : 10;
  [61319..61321] : 0F;
  61322 : 0E;
  61323 : 0F;
  [61324..61327] : 0E;
  [61328..61331] : 0F;
  [61332..61333] : 0E;
  61334 : 0D;
  61335 : 0E;
  [61336..61338] : 0F;
  [61339..61340] : 0E;
  [61341..61343] : 0F;
  [61344..61346] : 0E;
  61347 : 0F;
  [61348..61349] : 10;
  61350 : 0F;
  61351 : 10;
  [61352..61354] : 0F;
  [61355..61356] : 10;
  [61357..61358] : 0F;
  61359 : 0E;
  [61360..61362] : 0F;
  [61363..61368] : 10;
  61369 : 0F;
  [61370..61372] : 10;
  [61373..61376] : 0F;
  61377 : 10;
  61378 : 11;
  [61379..61380] : 10;
  [61381..61382] : 11;
  61383 : 12;
  61384 : 13;
  61385 : 11;
  61386 : 12;
  61387 : 13;
  [61388..61389] : 14;
  [61390..61391] : 13;
  [61392..61395] : 14;
  [61396..61397] : 13;
  [61398..61399] : 14;
  [61400..61402] : 15;
  61403 : 13;
  61404 : 14;
  [61405..61411] : 13;
  61412 : 14;
  61413 : 13;
  [61414..61416] : 14;
  61417 : 15;
  [61418..61421] : 14;
  [61422..61423] : 15;
  [61424..61425] : 16;
  [61426..61427] : 15;
  61428 : 16;
  61429 : 15;
  61430 : 16;
  [61431..61433] : 17;
  [61434..61435] : 18;
  [61436..61438] : 19;
  61439 : 1B;
  [61440..61444] : 24;
  [61445..61446] : 23;
  61447 : 25;
  61448 : 24;
  61449 : 21;
  61450 : 20;
  61451 : 21;
  61452 : 22;
  [61453..61454] : 21;
  [61455..61456] : 20;
  [61457..61458] : 21;
  [61459..61461] : 20;
  [61462..61465] : 21;
  61466 : 1F;
  61467 : 20;
  [61468..61470] : 21;
  61471 : 1E;
  [61472..61473] : 1F;
  61474 : 1E;
  61475 : 1F;
  61476 : 1E;
  [61477..61478] : 1F;
  61479 : 1E;
  [61480..61481] : 1F;
  [61482..61483] : 1E;
  61484 : 1D;
  61485 : 1E;
  61486 : 1B;
  61487 : 1A;
  61488 : 1C;
  61489 : 1A;
  61490 : 19;
  61491 : 1B;
  [61492..61494] : 1C;
  [61495..61496] : 1B;
  61497 : 1A;
  61498 : 1B;
  61499 : 1C;
  [61500..61502] : 1B;
  61503 : 1A;
  [61504..61505] : 1B;
  61506 : 1C;
  [61507..61508] : 1B;
  61509 : 1C;
  61510 : 1E;
  61511 : 1C;
  61512 : 1D;
  [61513..61515] : 1B;
  [61516..61517] : 1A;
  [61518..61519] : 1B;
  61520 : 1D;
  61521 : 1E;
  [61522..61523] : 1D;
  61524 : 1C;
  [61525..61526] : 1A;
  61527 : 1B;
  61528 : 1D;
  [61529..61530] : 1C;
  [61531..61532] : 19;
  61533 : 17;
  61534 : 19;
  61535 : 18;
  61536 : 19;
  61537 : 1B;
  [61538..61539] : 1A;
  [61540..61541] : 17;
  [61542..61544] : 18;
  61545 : 17;
  61546 : 16;
  [61547..61549] : 15;
  61550 : 17;
  61551 : 18;
  61552 : 17;
  61553 : 18;
  [61554..61557] : 16;
  [61558..61559] : 15;
  61560 : 14;
  61561 : 15;
  61562 : 16;
  61563 : 15;
  61564 : 16;
  [61565..61567] : 15;
  [61568..61569] : 14;
  [61570..61573] : 13;
  61574 : 14;
  61575 : 15;
  61576 : 13;
  [61577..61579] : 12;
  61580 : 11;
  [61581..61583] : 12;
  61584 : 13;
  61585 : 12;
  61586 : 11;
  [61587..61590] : 12;
  61591 : 10;
  [61592..61594] : 0F;
  [61595..61596] : 10;
  61597 : 0F;
  61598 : 0E;
  61599 : 0F;
  [61600..61601] : 0E;
  61602 : 0F;
  [61603..61604] : 0E;
  61605 : 0D;
  [61606..61613] : 0E;
  61614 : 0F;
  [61615..61616] : 0E;
  [61617..61620] : 0D;
  61621 : 0E;
  61622 : 0F;
  [61623..61626] : 0E;
  61627 : 0D;
  [61628..61630] : 0E;
  [61631..61637] : 0F;
  61638 : 0E;
  [61639..61640] : 0F;
  [61641..61642] : 0E;
  [61643..61644] : 0F;
  61645 : 10;
  [61646..61647] : 0F;
  [61648..61653] : 0E;
  61654 : 0F;
  [61655..61656] : 11;
  61657 : 10;
  [61658..61659] : 0F;
  61660 : 10;
  61661 : 11;
  61662 : 12;
  61663 : 11;
  [61664..61665] : 10;
  61666 : 11;
  61667 : 0F;
  61668 : 10;
  61669 : 11;
  61670 : 12;
  61671 : 13;
  61672 : 12;
  [61673..61674] : 13;
  61675 : 12;
  [61676..61677] : 11;
  61678 : 10;
  61679 : 0F;
  [61680..61681] : 11;
  [61682..61684] : 12;
  [61685..61690] : 11;
  [61691..61692] : 10;
  61693 : 11;
  61694 : 12;
  61695 : 11;
  61696 : 12;
  61697 : 11;
  [61698..61699] : 12;
  61700 : 13;
  61701 : 16;
  61702 : 13;
  [61703..61704] : 15;
  61705 : 13;
  61706 : 14;
  61707 : 15;
  61708 : 14;
  [61709..61710] : 15;
  61711 : 14;
  61712 : 15;
  [61713..61715] : 16;
  61716 : 17;
  61717 : 16;
  61718 : 14;
  61719 : 15;
  61720 : 14;
  [61721..61722] : 15;
  61723 : 14;
  61724 : 15;
  61725 : 14;
  61726 : 15;
  [61727..61730] : 14;
  [61731..61735] : 15;
  61736 : 16;
  [61737..61739] : 15;
  61740 : 16;
  [61741..61743] : 17;
  [61744..61746] : 18;
  [61747..61748] : 17;
  [61749..61750] : 18;
  61751 : 17;
  61752 : 18;
  61753 : 19;
  [61754..61755] : 1A;
  61756 : 19;
  61757 : 18;
  [61758..61759] : 19;
  [61760..61761] : 23;
  [61762..61764] : 22;
  61765 : 23;
  [61766..61767] : 24;
  61768 : 21;
  61769 : 20;
  61770 : 21;
  [61771..61772] : 22;
  [61773..61774] : 21;
  61775 : 20;
  [61776..61777] : 21;
  61778 : 22;
  61779 : 23;
  61780 : 22;
  [61781..61782] : 21;
  61783 : 22;
  61784 : 21;
  61785 : 20;
  [61786..61787] : 21;
  61788 : 1F;
  [61789..61790] : 1D;
  61791 : 1C;
  61792 : 1B;
  [61793..61795] : 1C;
  [61796..61797] : 1D;
  61798 : 1C;
  61799 : 1D;
  [61800..61801] : 1C;
  61802 : 1B;
  61803 : 1A;
  61804 : 19;
  61805 : 1A;
  61806 : 18;
  61807 : 1A;
  [61808..61809] : 1C;
  61810 : 1A;
  [61811..61812] : 1B;
  61813 : 1C;
  [61814..61816] : 1B;
  61817 : 1D;
  [61818..61822] : 1C;
  61823 : 1B;
  61824 : 19;
  61825 : 1A;
  [61826..61828] : 19;
  [61829..61830] : 1A;
  61831 : 19;
  61832 : 18;
  [61833..61835] : 17;
  [61836..61838] : 18;
  61839 : 19;
  61840 : 1A;
  [61841..61843] : 19;
  61844 : 18;
  61845 : 17;
  61846 : 16;
  [61847..61848] : 17;
  [61849..61850] : 16;
  [61851..61854] : 15;
  [61855..61858] : 16;
  61859 : 15;
  61860 : 14;
  61861 : 15;
  61862 : 16;
  61863 : 15;
  61864 : 14;
  61865 : 13;
  61866 : 14;
  61867 : 15;
  61868 : 16;
  [61869..61870] : 15;
  61871 : 14;
  61872 : 13;
  61873 : 15;
  [61874..61875] : 14;
  [61876..61879] : 13;
  61880 : 14;
  [61881..61882] : 15;
  [61883..61885] : 14;
  61886 : 13;
  [61887..61889] : 14;
  [61890..61891] : 15;
  [61892..61893] : 14;
  61894 : 15;
  61895 : 13;
  [61896..61897] : 14;
  [61898..61901] : 15;
  [61902..61904] : 16;
  [61905..61906] : 15;
  61907 : 14;
  [61908..61909] : 12;
  61910 : 13;
  [61911..61912] : 12;
  [61913..61914] : 11;
  61915 : 12;
  61916 : 13;
  61917 : 12;
  [61918..61919] : 11;
  61920 : 10;
  [61921..61924] : 0F;
  [61925..61927] : 0E;
  61928 : 0F;
  61929 : 0E;
  [61930..61931] : 0D;
  61932 : 0E;
  [61933..61935] : 0F;
  61936 : 0E;
  61937 : 0D;
  [61938..61939] : 0E;
  61940 : 0F;
  [61941..61942] : 0E;
  [61943..61944] : 0F;
  [61945..61947] : 0E;
  61948 : 0D;
  [61949..61951] : 0E;
  61952 : 0F;
  61953 : 10;
  61954 : 11;
  [61955..61963] : 10;
  [61964..61965] : 0F;
  61966 : 0E;
  61967 : 0F;
  [61968..61970] : 0E;
  [61971..61974] : 0D;
  61975 : 0E;
  [61976..61977] : 0F;
  [61978..61979] : 10;
  [61980..61981] : 0F;
  [61982..61984] : 10;
  [61985..61986] : 11;
  [61987..61988] : 12;
  61989 : 11;
  61990 : 12;
  61991 : 13;
  [61992..61995] : 12;
  [61996..61997] : 11;
  [61998..62006] : 12;
  [62007..62011] : 13;
  62012 : 12;
  [62013..62014] : 11;
  [62015..62016] : 12;
  [62017..62018] : 13;
  62019 : 14;
  62020 : 13;
  62021 : 12;
  62022 : 11;
  62023 : 13;
  62024 : 14;
  62025 : 13;
  62026 : 15;
  62027 : 13;
  62028 : 14;
  62029 : 17;
  62030 : 15;
  62031 : 14;
  62032 : 15;
  62033 : 16;
  62034 : 15;
  62035 : 16;
  62036 : 14;
  62037 : 15;
  [62038..62040] : 16;
  [62041..62043] : 17;
  62044 : 16;
  62045 : 17;
  62046 : 16;
  62047 : 15;
  [62048..62051] : 14;
  [62052..62053] : 15;
  [62054..62056] : 16;
  62057 : 17;
  62058 : 16;
  62059 : 15;
  62060 : 14;
  62061 : 15;
  62062 : 17;
  [62063..62065] : 19;
  [62066..62068] : 18;
  [62069..62070] : 19;
  62071 : 18;
  [62072..62076] : 19;
  62077 : 1A;
  62078 : 1C;
  62079 : 1B;
  [62080..62081] : 21;
  [62082..62084] : 20;
  62085 : 21;
  [62086..62098] : 20;
  [62099..62102] : 1E;
  62103 : 1F;
  [62104..62105] : 1E;
  62106 : 1F;
  62107 : 20;
  62108 : 1F;
  62109 : 1E;
  62110 : 1D;
  [62111..62113] : 1C;
  62114 : 1E;
  [62115..62118] : 1F;
  [62119..62120] : 1E;
  [62121..62125] : 1D;
  [62126..62127] : 1B;
  62128 : 1C;
  [62129..62131] : 1B;
  [62132..62136] : 1A;
  [62137..62138] : 19;
  62139 : 1A;
  62140 : 1B;
  [62141..62148] : 1A;
  62149 : 1B;
  62150 : 19;
  [62151..62153] : 18;
  62154 : 17;
  [62155..62156] : 18;
  [62157..62160] : 19;
  [62161..62163] : 18;
  [62164..62166] : 19;
  62167 : 18;
  62168 : 19;
  [62169..62171] : 18;
  62172 : 17;
  62173 : 16;
  62174 : 15;
  [62175..62177] : 14;
  [62178..62181] : 15;
  62182 : 16;
  62183 : 17;
  [62184..62186] : 15;
  [62187..62188] : 16;
  [62189..62190] : 17;
  62191 : 16;
  62192 : 15;
  [62193..62194] : 14;
  [62195..62196] : 15;
  62197 : 16;
  [62198..62200] : 15;
  [62201..62202] : 13;
  [62203..62205] : 12;
  [62206..62207] : 13;
  [62208..62209] : 14;
  62210 : 13;
  [62211..62212] : 12;
  62213 : 13;
  62214 : 14;
  62215 : 12;
  62216 : 14;
  62217 : 13;
  62218 : 14;
  62219 : 13;
  62220 : 14;
  [62221..62222] : 15;
  62223 : 14;
  62224 : 13;
  [62225..62228] : 12;
  62229 : 13;
  [62230..62231] : 12;
  62232 : 14;
  62233 : 13;
  62234 : 12;
  [62235..62236] : 13;
  [62237..62239] : 12;
  [62240..62244] : 11;
  [62245..62247] : 12;
  [62248..62249] : 11;
  [62250..62251] : 10;
  62252 : 12;
  [62253..62257] : 11;
  [62258..62259] : 10;
  [62260..62261] : 11;
  62262 : 10;
  [62263..62265] : 0F;
  62266 : 0E;
  [62267..62271] : 0F;
  [62272..62274] : 0E;
  [62275..62276] : 0F;
  [62277..62279] : 10;
  62280 : 11;
  [62281..62283] : 10;
  [62284..62285] : 0F;
  [62286..62288] : 0E;
  62289 : 0F;
  62290 : 10;
  [62291..62292] : 0F;
  62293 : 10;
  62294 : 0F;
  [62295..62296] : 10;
  [62297..62298] : 11;
  [62299..62300] : 10;
  [62301..62303] : 11;
  [62304..62305] : 13;
  62306 : 12;
  62307 : 10;
  62308 : 0F;
  [62309..62311] : 10;
  [62312..62314] : 0F;
  62315 : 0E;
  [62316..62319] : 0F;
  [62320..62321] : 10;
  62322 : 11;
  [62323..62326] : 10;
  62327 : 12;
  62328 : 13;
  62329 : 11;
  62330 : 12;
  62331 : 14;
  62332 : 13;
  62333 : 12;
  62334 : 11;
  62335 : 12;
  62336 : 11;
  62337 : 10;
  [62338..62340] : 11;
  62341 : 12;
  [62342..62343] : 13;
  [62344..62347] : 12;
  62348 : 13;
  [62349..62350] : 14;
  [62351..62352] : 13;
  [62353..62356] : 14;
  62357 : 13;
  62358 : 14;
  62359 : 15;
  [62360..62361] : 14;
  [62362..62363] : 13;
  62364 : 15;
  62365 : 16;
  62366 : 17;
  62367 : 16;
  62368 : 15;
  [62369..62372] : 14;
  62373 : 15;
  62374 : 16;
  [62375..62377] : 15;
  [62378..62380] : 14;
  62381 : 15;
  [62382..62383] : 16;
  62384 : 15;
  [62385..62387] : 16;
  [62388..62391] : 17;
  [62392..62394] : 18;
  62395 : 19;
  62396 : 18;
  [62397..62398] : 19;
  62399 : 1A;
  62400 : 20;
  [62401..62404] : 1F;
  [62405..62408] : 20;
  [62409..62410] : 1E;
  62411 : 1F;
  62412 : 1E;
  62413 : 1F;
  [62414..62415] : 1E;
  62416 : 1D;
  [62417..62419] : 1F;
  [62420..62422] : 1E;
  62423 : 1F;
  62424 : 1D;
  62425 : 1C;
  62426 : 1D;
  62427 : 1C;
  62428 : 1D;
  62429 : 1B;
  62430 : 1D;
  62431 : 1E;
  62432 : 1F;
  [62433..62434] : 1E;
  [62435..62436] : 1D;
  [62437..62441] : 1E;
  62442 : 1F;
  62443 : 1E;
  [62444..62446] : 1F;
  [62447..62448] : 1D;
  [62449..62450] : 1C;
  [62451..62454] : 1D;
  [62455..62456] : 1B;
  62457 : 19;
  62458 : 1A;
  62459 : 1B;
  62460 : 1A;
  62461 : 1B;
  62462 : 1A;
  62463 : 1B;
  62464 : 1D;
  [62465..62467] : 1C;
  [62468..62471] : 1B;
  [62472..62473] : 1A;
  62474 : 19;
  62475 : 1A;
  [62476..62478] : 19;
  62479 : 18;
  [62480..62482] : 17;
  [62483..62485] : 18;
  62486 : 19;
  62487 : 1A;
  [62488..62489] : 1B;
  [62490..62491] : 19;
  62492 : 18;
  [62493..62494] : 16;
  62495 : 15;
  62496 : 16;
  62497 : 17;
  [62498..62500] : 16;
  62501 : 17;
  62502 : 18;
  62503 : 19;
  [62504..62506] : 1A;
  [62507..62509] : 18;
  [62510..62512] : 17;
  62513 : 18;
  62514 : 17;
  62515 : 18;
  [62516..62519] : 16;
  62520 : 15;
  [62521..62523] : 14;
  [62524..62527] : 15;
  62528 : 14;
  62529 : 15;
  62530 : 13;
  62531 : 12;
  62532 : 13;
  62533 : 14;
  62534 : 13;
  [62535..62540] : 11;
  [62541..62544] : 12;
  [62545..62548] : 11;
  62549 : 12;
  62550 : 13;
  62551 : 11;
  [62552..62553] : 12;
  [62554..62555] : 11;
  [62556..62559] : 10;
  62560 : 0F;
  62561 : 0E;
  62562 : 0F;
  [62563..62564] : 0E;
  62565 : 0D;
  62566 : 0E;
  [62567..62568] : 0F;
  62569 : 10;
  62570 : 0F;
  [62571..62572] : 10;
  [62573..62574] : 11;
  62575 : 10;
  62576 : 12;
  [62577..62578] : 11;
  62579 : 12;
  [62580..62582] : 11;
  [62583..62584] : 10;
  [62585..62587] : 0F;
  62588 : 10;
  [62589..62591] : 0F;
  62592 : 0E;
  62593 : 10;
  [62594..62595] : 0F;
  [62596..62597] : 10;
  [62598..62599] : 11;
  [62600..62602] : 10;
  62603 : 0F;
  [62604..62605] : 10;
  [62606..62607] : 0F;
  62608 : 0E;
  [62609..62610] : 0F;
  [62611..62612] : 10;
  62613 : 0F;
  [62614..62615] : 10;
  [62616..62617] : 0F;
  62618 : 0E;
  [62619..62620] : 0D;
  [62621..62623] : 0E;
  [62624..62626] : 0F;
  62627 : 10;
  [62628..62629] : 0F;
  [62630..62632] : 0E;
  [62633..62635] : 0D;
  [62636..62637] : 0E;
  62638 : 10;
  62639 : 11;
  [62640..62642] : 10;
  62643 : 11;
  62644 : 12;
  62645 : 13;
  [62646..62647] : 12;
  62648 : 13;
  [62649..62650] : 12;
  62651 : 13;
  [62652..62653] : 10;
  62654 : 11;
  62655 : 10;
  62656 : 11;
  62657 : 0F;
  62658 : 10;
  [62659..62663] : 12;
  62664 : 11;
  62665 : 10;
  62666 : 11;
  62667 : 10;
  [62668..62669] : 11;
  62670 : 12;
  62671 : 11;
  62672 : 12;
  [62673..62675] : 11;
  [62676..62677] : 12;
  62678 : 13;
  [62679..62680] : 14;
  62681 : 15;
  [62682..62683] : 14;
  [62684..62685] : 13;
  62686 : 14;
  62687 : 13;
  62688 : 14;
  [62689..62696] : 15;
  62697 : 16;
  62698 : 15;
  [62699..62700] : 14;
  62701 : 13;
  [62702..62703] : 14;
  62704 : 13;
  [62705..62706] : 14;
  [62707..62708] : 15;
  62709 : 14;
  [62710..62712] : 15;
  [62713..62715] : 16;
  62716 : 17;
  [62717..62719] : 18;
  62720 : 1F;
  62721 : 1E;
  [62722..62723] : 1F;
  [62724..62726] : 20;
  [62727..62728] : 1F;
  [62729..62731] : 1E;
  [62732..62736] : 1D;
  62737 : 1E;
  62738 : 1D;
  [62739..62742] : 1E;
  62743 : 1C;
  62744 : 1B;
  62745 : 1A;
  [62746..62752] : 1B;
  [62753..62757] : 1A;
  62758 : 19;
  [62759..62762] : 1A;
  62763 : 1B;
  [62764..62765] : 1A;
  62766 : 1B;
  62767 : 1A;
  62768 : 1B;
  [62769..62770] : 1A;
  [62771..62772] : 1B;
  62773 : 1A;
  [62774..62775] : 1B;
  62776 : 1C;
  [62777..62778] : 1D;
  62779 : 1F;
  62780 : 1E;
  62781 : 1D;
  [62782..62784] : 1B;
  [62785..62787] : 1A;
  [62788..62789] : 1B;
  62790 : 1C;
  [62791..62792] : 1D;
  62793 : 1E;
  62794 : 1C;
  62795 : 1B;
  62796 : 18;
  [62797..62798] : 19;
  62799 : 18;
  62800 : 19;
  [62801..62805] : 18;
  62806 : 17;
  [62807..62808] : 18;
  62809 : 19;
  [62810..62812] : 18;
  [62813..62814] : 17;
  [62815..62822] : 16;
  62823 : 17;
  62824 : 18;
  62825 : 17;
  62826 : 19;
  [62827..62828] : 17;
  62829 : 16;
  [62830..62831] : 15;
  [62832..62833] : 16;
  [62834..62835] : 17;
  [62836..62839] : 16;
  [62840..62843] : 15;
  62844 : 14;
  [62845..62847] : 13;
  [62848..62850] : 12;
  [62851..62853] : 13;
  62854 : 12;
  62855 : 11;
  [62856..62861] : 10;
  62862 : 11;
  [62863..62867] : 10;
  [62868..62871] : 0F;
  62872 : 0E;
  [62873..62875] : 0F;
  [62876..62879] : 0E;
  [62880..62881] : 0D;
  62882 : 0E;
  62883 : 0F;
  62884 : 10;
  [62885..62886] : 0F;
  62887 : 0E;
  [62888..62890] : 0D;
  62891 : 0E;
  [62892..62893] : 0F;
  62894 : 10;
  [62895..62898] : 0F;
  [62899..62906] : 10;
  [62907..62908] : 0F;
  62909 : 0D;
  [62910..62911] : 0E;
  62912 : 0D;
  [62913..62914] : 0E;
  62915 : 0D;
  [62916..62924] : 0E;
  62925 : 0F;
  [62926..62928] : 0E;
  62929 : 0D;
  [62930..62932] : 0E;
  [62933..62934] : 0F;
  [62935..62936] : 0E;
  [62937..62938] : 0D;
  62939 : 0C;
  [62940..62942] : 0D;
  [62943..62948] : 0E;
  62949 : 0F;
  62950 : 0E;
  [62951..62952] : 0D;
  [62953..62954] : 0C;
  [62955..62958] : 0D;
  [62959..62963] : 0E;
  [62964..62965] : 0F;
  [62966..62968] : 10;
  [62969..62975] : 0F;
  62976 : 10;
  [62977..62978] : 0F;
  [62979..62986] : 11;
  [62987..62988] : 12;
  [62989..62990] : 11;
  [62991..62994] : 12;
  62995 : 11;
  [62996..62997] : 12;
  62998 : 11;
  [62999..63001] : 12;
  63002 : 13;
  [63003..63005] : 12;
  63006 : 13;
  [63007..63009] : 12;
  63010 : 13;
  [63011..63012] : 12;
  [63013..63024] : 13;
  63025 : 14;
  [63026..63029] : 15;
  [63030..63031] : 14;
  [63032..63035] : 15;
  63036 : 16;
  63037 : 17;
  63038 : 16;
  63039 : 15;
  63040 : 1F;
  63041 : 20;
  63042 : 21;
  63043 : 20;
  63044 : 21;
  63045 : 20;
  [63046..63048] : 1F;
  63049 : 20;
  63050 : 1F;
  [63051..63052] : 1E;
  63053 : 1D;
  63054 : 1E;
  [63055..63061] : 1D;
  63062 : 1F;
  63063 : 1E;
  [63064..63069] : 1C;
  63070 : 1B;
  63071 : 1A;
  63072 : 1B;
  [63073..63074] : 1A;
  [63075..63076] : 1B;
  63077 : 1A;
  [63078..63080] : 1B;
  63081 : 1A;
  [63082..63083] : 1B;
  [63084..63085] : 19;
  63086 : 18;
  63087 : 17;
  [63088..63089] : 18;
  63090 : 19;
  63091 : 18;
  63092 : 17;
  63093 : 16;
  63094 : 17;
  [63095..63096] : 18;
  63097 : 19;
  63098 : 1C;
  63099 : 1B;
  [63100..63101] : 19;
  [63102..63104] : 18;
  63105 : 19;
  63106 : 1A;
  63107 : 1B;
  [63108..63109] : 1C;
  [63110..63112] : 1B;
  63113 : 1E;
  63114 : 1C;
  63115 : 1B;
  63116 : 19;
  63117 : 18;
  [63118..63119] : 19;
  63120 : 1B;
  63121 : 19;
  63122 : 1B;
  63123 : 18;
  63124 : 1A;
  63125 : 1B;
  63126 : 1C;
  63127 : 1A;
  [63128..63131] : 18;
  63132 : 17;
  [63133..63135] : 15;
  [63136..63138] : 14;
  [63139..63140] : 13;
  [63141..63150] : 14;
  63151 : 13;
  63152 : 14;
  63153 : 15;
  [63154..63155] : 14;
  63156 : 13;
  63157 : 12;
  [63158..63160] : 13;
  [63161..63164] : 12;
  63165 : 13;
  63166 : 12;
  [63167..63168] : 11;
  [63169..63170] : 12;
  63171 : 14;
  63172 : 12;
  63173 : 13;
  [63174..63175] : 12;
  [63176..63179] : 11;
  63180 : 10;
  [63181..63182] : 11;
  63183 : 10;
  63184 : 11;
  [63185..63187] : 10;
  [63188..63190] : 0F;
  63191 : 10;
  63192 : 0F;
  [63193..63196] : 0E;
  [63197..63198] : 0D;
  63199 : 0C;
  [63200..63202] : 0D;
  [63203..63205] : 0E;
  [63206..63209] : 0D;
  [63210..63211] : 0C;
  [63212..63214] : 0D;
  63215 : 0C;
  63216 : 0D;
  [63217..63223] : 0E;
  [63224..63225] : 0F;
  63226 : 10;
  63227 : 0F;
  63228 : 10;
  63229 : 0F;
  63230 : 0E;
  [63231..63233] : 0F;
  63234 : 0E;
  63235 : 0F;
  63236 : 0D;
  [63237..63240] : 0E;
  [63241..63242] : 0F;
  63243 : 10;
  63244 : 0F;
  [63245..63246] : 10;
  63247 : 0F;
  [63248..63249] : 0E;
  [63250..63253] : 0F;
  63254 : 10;
  [63255..63261] : 0F;
  63262 : 10;
  63263 : 0E;
  63264 : 0F;
  [63265..63266] : 0E;
  63267 : 0F;
  63268 : 10;
  63269 : 11;
  [63270..63271] : 10;
  63272 : 0F;
  63273 : 0E;
  63274 : 0D;
  [63275..63276] : 0E;
  63277 : 0D;
  63278 : 0E;
  63279 : 0D;
  63280 : 0E;
  [63281..63283] : 0F;
  [63284..63285] : 10;
  63286 : 0F;
  63287 : 10;
  [63288..63289] : 0F;
  [63290..63292] : 0E;
  63293 : 0F;
  [63294..63298] : 10;
  [63299..63301] : 11;
  [63302..63303] : 10;
  [63304..63305] : 13;
  63306 : 14;
  [63307..63308] : 16;
  [63309..63310] : 15;
  [63311..63312] : 17;
  63313 : 18;
  63314 : 15;
  63315 : 16;
  63316 : 15;
  63317 : 14;
  63318 : 13;
  [63319..63321] : 14;
  [63322..63323] : 15;
  [63324..63326] : 16;
  [63327..63330] : 14;
  63331 : 13;
  63332 : 14;
  63333 : 15;
  63334 : 14;
  [63335..63340] : 15;
  63341 : 16;
  [63342..63344] : 15;
  [63345..63346] : 16;
  [63347..63348] : 15;
  63349 : 14;
  63350 : 15;
  [63351..63352] : 16;
  63353 : 15;
  63354 : 17;
  63355 : 16;
  [63356..63359] : 18;
  63360 : 22;
  [63361..63362] : 21;
  63363 : 22;
  63364 : 23;
  63365 : 22;
  63366 : 21;
  [63367..63369] : 20;
  63370 : 21;
  [63371..63372] : 1F;
  [63373..63374] : 1E;
  63375 : 1C;
  63376 : 1D;
  63377 : 1E;
  [63378..63379] : 1F;
  63380 : 1E;
  63381 : 1F;
  63382 : 20;
  63383 : 1E;
  [63384..63385] : 1D;
  63386 : 1F;
  [63387..63388] : 21;
  63389 : 1F;
  63390 : 1E;
  63391 : 1F;
  63392 : 20;
  63393 : 1E;
  63394 : 1D;
  63395 : 1E;
  63396 : 1F;
  [63397..63398] : 1E;
  [63399..63403] : 1B;
  [63404..63405] : 1A;
  63406 : 19;
  [63407..63410] : 18;
  63411 : 19;
  [63412..63416] : 18;
  63417 : 19;
  63418 : 1A;
  63419 : 19;
  [63420..63421] : 18;
  [63422..63426] : 16;
  63427 : 17;
  63428 : 19;
  [63429..63430] : 18;
  63431 : 19;
  [63432..63438] : 18;
  63439 : 17;
  [63440..63443] : 18;
  [63444..63446] : 17;
  [63447..63451] : 16;
  63452 : 15;
  [63453..63455] : 16;
  63456 : 15;
  63457 : 14;
  63458 : 15;
  [63459..63460] : 16;
  [63461..63464] : 18;
  [63465..63467] : 17;
  63468 : 16;
  63469 : 15;
  63470 : 16;
  [63471..63472] : 15;
  63473 : 14;
  63474 : 15;
  63475 : 14;
  63476 : 13;
  63477 : 14;
  63478 : 13;
  63479 : 14;
  63480 : 15;
  [63481..63482] : 16;
  63483 : 15;
  63484 : 16;
  63485 : 14;
  63486 : 13;
  [63487..63488] : 15;
  [63489..63491] : 13;
  63492 : 12;
  63493 : 13;
  63494 : 14;
  63495 : 15;
  63496 : 14;
  63497 : 15;
  [63498..63501] : 14;
  63502 : 13;
  63503 : 12;
  63504 : 11;
  [63505..63511] : 10;
  63512 : 0F;
  63513 : 10;
  [63514..63515] : 11;
  63516 : 12;
  [63517..63518] : 10;
  [63519..63522] : 0F;
  63523 : 10;
  [63524..63525] : 0F;
  [63526..63527] : 10;
  [63528..63530] : 0E;
  63531 : 10;
  [63532..63534] : 0E;
  63535 : 10;
  63536 : 0E;
  63537 : 0D;
  63538 : 0E;
  63539 : 0D;
  [63540..63542] : 0C;
  [63543..63548] : 0D;
  63549 : 0C;
  [63550..63553] : 0D;
  [63554..63556] : 0E;
  63557 : 11;
  63558 : 12;
  [63559..63564] : 11;
  63565 : 12;
  [63566..63571] : 11;
  63572 : 10;
  63573 : 11;
  [63574..63575] : 10;
  [63576..63577] : 0F;
  [63578..63579] : 10;
  [63580..63581] : 0F;
  63582 : 11;
  [63583..63587] : 10;
  63588 : 11;
  [63589..63590] : 12;
  63591 : 13;
  63592 : 12;
  63593 : 10;
  [63594..63596] : 0F;
  63597 : 10;
  [63598..63599] : 0E;
  63600 : 0F;
  63601 : 10;
  [63602..63603] : 11;
  63604 : 10;
  [63605..63606] : 11;
  63607 : 10;
  [63608..63610] : 11;
  63611 : 10;
  63612 : 0F;
  63613 : 11;
  [63614..63616] : 12;
  [63617..63619] : 11;
  [63620..63621] : 10;
  [63622..63623] : 0F;
  63624 : 10;
  [63625..63628] : 11;
  63629 : 12;
  [63630..63634] : 13;
  63635 : 14;
  63636 : 13;
  [63637..63639] : 12;
  [63640..63641] : 13;
  63642 : 14;
  63643 : 15;
  [63644..63646] : 16;
  63647 : 17;
  [63648..63652] : 15;
  63653 : 16;
  63654 : 15;
  63655 : 16;
  [63656..63657] : 15;
  63658 : 16;
  63659 : 15;
  [63660..63662] : 16;
  [63663..63664] : 17;
  63665 : 18;
  63666 : 1A;
  63667 : 18;
  [63668..63669] : 16;
  63670 : 17;
  63671 : 16;
  63672 : 17;
  63673 : 16;
  [63674..63675] : 17;
  63676 : 18;
  [63677..63678] : 19;
  63679 : 1A;
  63680 : 1F;
  63681 : 1E;
  63682 : 20;
  63683 : 22;
  [63684..63685] : 20;
  [63686..63688] : 1E;
  63689 : 1F;
  63690 : 21;
  [63691..63692] : 1F;
  [63693..63695] : 1D;
  63696 : 1E;
  63697 : 1F;
  63698 : 1E;
  63699 : 1C;
  63700 : 1B;
  63701 : 1C;
  63702 : 1D;
  [63703..63704] : 1C;
  63705 : 1D;
  63706 : 1C;
  63707 : 1B;
  63708 : 1A;
  63709 : 19;
  63710 : 1A;
  63711 : 1C;
  [63712..63713] : 1B;
  63714 : 1A;
  63715 : 1B;
  63716 : 1A;
  [63717..63719] : 19;
  63720 : 18;
  63721 : 19;
  63722 : 1A;
  63723 : 1B;
  63724 : 19;
  63725 : 18;
  [63726..63729] : 17;
  63730 : 18;
  63731 : 17;
  63732 : 18;
  63733 : 17;
  63734 : 15;
  [63735..63739] : 16;
  [63740..63741] : 17;
  63742 : 16;
  63743 : 15;
  [63744..63745] : 14;
  63746 : 15;
  [63747..63750] : 17;
  [63751..63754] : 16;
  63755 : 17;
  [63756..63758] : 18;
  [63759..63760] : 17;
  63761 : 16;
  63762 : 18;
  63763 : 19;
  [63764..63767] : 16;
  63768 : 18;
  63769 : 17;
  63770 : 18;
  63771 : 17;
  63772 : 18;
  63773 : 19;
  63774 : 17;
  63775 : 18;
  63776 : 19;
  63777 : 1A;
  63778 : 18;
  63779 : 1A;
  [63780..63781] : 1B;
  63782 : 1A;
  63783 : 19;
  63784 : 18;
  63785 : 1A;
  [63786..63787] : 19;
  63788 : 18;
  63789 : 1A;
  63790 : 18;
  63791 : 17;
  63792 : 1A;
  63793 : 16;
  63794 : 17;
  [63795..63796] : 16;
  [63797..63798] : 15;
  [63799..63801] : 14;
  63802 : 13;
  [63803..63805] : 12;
  [63806..63808] : 13;
  63809 : 12;
  [63810..63813] : 11;
  [63814..63815] : 12;
  [63816..63817] : 10;
  63818 : 0F;
  63819 : 11;
  63820 : 12;
  63821 : 11;
  [63822..63824] : 12;
  63825 : 13;
  63826 : 11;
  63827 : 12;
  [63828..63829] : 11;
  63830 : 10;
  [63831..63834] : 11;
  63835 : 0F;
  63836 : 10;
  63837 : 0F;
  [63838..63843] : 0E;
  63844 : 10;
  63845 : 0E;
  [63846..63847] : 10;
  63848 : 0F;
  63849 : 10;
  63850 : 0F;
  [63851..63852] : 0E;
  [63853..63855] : 0F;
  63856 : 0E;
  [63857..63858] : 0F;
  63859 : 0E;
  63860 : 0D;
  [63861..63865] : 0C;
  [63866..63868] : 0D;
  63869 : 0C;
  [63870..63871] : 0D;
  63872 : 0E;
  [63873..63874] : 0D;
  63875 : 0F;
  [63876..63878] : 0E;
  [63879..63880] : 0F;
  63881 : 10;
  [63882..63884] : 0E;
  63885 : 10;
  63886 : 0F;
  63887 : 0E;
  [63888..63889] : 10;
  [63890..63891] : 11;
  63892 : 10;
  63893 : 11;
  [63894..63896] : 10;
  63897 : 0E;
  [63898..63899] : 0F;
  63900 : 0D;
  [63901..63902] : 10;
  [63903..63906] : 11;
  63907 : 10;
  [63908..63909] : 0F;
  [63910..63911] : 10;
  [63912..63915] : 11;
  [63916..63917] : 13;
  63918 : 11;
  63919 : 10;
  63920 : 11;
  63921 : 12;
  [63922..63923] : 14;
  63924 : 13;
  63925 : 14;
  [63926..63929] : 13;
  63930 : 12;
  [63931..63932] : 11;
  [63933..63936] : 12;
  [63937..63938] : 13;
  [63939..63940] : 12;
  63941 : 13;
  [63942..63944] : 12;
  [63945..63946] : 13;
  63947 : 12;
  63948 : 13;
  [63949..63957] : 12;
  63958 : 11;
  63959 : 10;
  63960 : 11;
  [63961..63963] : 12;
  [63964..63966] : 11;
  [63967..63970] : 12;
  [63971..63973] : 13;
  [63974..63977] : 14;
  [63978..63979] : 15;
  [63980..63981] : 17;
  63982 : 16;
  63983 : 15;
  63984 : 17;
  63985 : 16;
  [63986..63988] : 15;
  [63989..63990] : 16;
  [63991..63993] : 15;
  63994 : 16;
  63995 : 17;
  63996 : 18;
  63997 : 16;
  63998 : 17;
  63999 : 18;
  [64000..76799] : 80;
END;
